CASE_ID,ACCIDENT_YEAR,PROC_DATE,JURIS,COLLISION_DATE,COLLISION_TIME,OFFICER_ID,REPORTING_DISTRICT,DAY_OF_WEEK,CHP_SHIFT,POPULATION,CNTY_CITY_LOC,SPECIAL_COND,BEAT_TYPE,CHP_BEAT_TYPE,CITY_DIVISION_LAPD,CHP_BEAT_CLASS,BEAT_NUMBER,PRIMARY_RD,SECONDARY_RD,DISTANCE,DIRECTION,INTERSECTION,WEATHER_1,WEATHER_2,STATE_HWY_IND,CALTRANS_COUNTY,CALTRANS_DISTRICT,STATE_ROUTE,ROUTE_SUFFIX,POSTMILE_PREFIX,POSTMILE,LOCATION_TYPE,RAMP_INTERSECTION,SIDE_OF_HWY,TOW_AWAY,COLLISION_SEVERITY,NUMBER_KILLED,NUMBER_INJURED,PARTY_COUNT,PRIMARY_COLL_FACTOR,PCF_CODE_OF_VIOL,PCF_VIOL_CATEGORY,PCF_VIOLATION,PCF_VIOL_SUBSECTION,HIT_AND_RUN,TYPE_OF_COLLISION,MVIW,PED_ACTION,ROAD_SURFACE,ROAD_COND_1,ROAD_COND_2,LIGHTING,CONTROL_DEVICE,CHP_ROAD_TYPE,PEDESTRIAN_ACCIDENT,BICYCLE_ACCIDENT,MOTORCYCLE_ACCIDENT,TRUCK_ACCIDENT,NOT_PRIVATE_PROPERTY,ALCOHOL_INVOLVED,STWD_VEHTYPE_AT_FAULT,CHP_VEHTYPE_AT_FAULT,COUNT_SEVERE_INJ,COUNT_VISIBLE_INJ,COUNT_COMPLAINT_PAIN,COUNT_PED_KILLED,COUNT_PED_INJURED,COUNT_BICYCLIST_KILLED,COUNT_BICYCLIST_INJURED,COUNT_MC_KILLED,COUNT_MC_INJURED,PRIMARY_RAMP,SECONDARY_RAMP,LATITUDE,LONGITUDE,COUNTY,CITY,POINT_X,POINT_Y
8479309,2017,2017-10-30,5002,2017-10-06,0457,11413,296,5,5,6,5002,0,0,0,,0,071,"BRIGGSMORE AVE","OAKDALE RD",0.00,,Y,A,-,N,,,,,,,,,,Y,4,0,2,2,A,-,01,23152,A,N,D,C,A,A,H,-,C,A,0,,,,,Y,Y,A,,0,0,2,0,0,0,0,0,0,"- ","- ",,,STANISLAUS,MODESTO,-120.95755991,37.66717998
84800494,2025,2025-10-06,5002,2025-07-31,1249,13624,,4,5,6,5002,0,0,0,,0,061,"WOODLAND AVE","CARPENTER RD",171.00,E,N,A,-,N,,,,,,,,,,Y,3,0,4,2,A,-,09,21801,A,N,D,C,A,A,H,-,A,D,0,,,,,Y,,A,01,0,3,1,0,0,0,0,0,0,"- ","- ",37.6531982421875,-121.03115844726562,STANISLAUS,MODESTO,-121.03045654296875,37.653209686279297
84800531,2025,2025-08-13,5002,2025-08-05,1717,10751,,2,5,6,5002,0,0,0,,0,073,"COFFEE RD","FLOYD AVE",348.00,S,N,A,-,N,,,,,,,,,,Y,3,0,2,2,A,-,09,21804,A,N,D,C,A,A,H,-,A,D,0,,,,,Y,,A,01,0,1,1,0,0,0,0,0,0,"- ","- ",37.678009033203125,-120.95762634277344,STANISLAUS,MODESTO,-120.97580718994141,37.677055358886719
84810141,2025,2025-08-20,5002,2025-07-31,"739 ",13299,,4,5,6,5002,0,0,0,,0,063,"STANDIFORD AVE","CONANT AVE",0.00,,Y,A,-,N,,,,,,,,,,Y,4,0,1,2,A,-,12,21453,A,N,D,C,A,A,H,-,A,A,0,,,,,Y,,D,22,0,0,1,0,0,0,0,0,0,"- ","- ",37.685958862304688,-121.04080963134766,STANISLAUS,MODESTO,-121.0406494140625,37.685737609863281
8483543,2017,2017-11-07,5007,2017-10-02,0802,5777,,1,5,5,5007,0,0,0,,0,001,"GEER RD","CHRISTOFFERSEN PKWY",13.00,S,N,A,-,N,,,,,,,,,,N,4,0,1,2,D,-,00,,,N,D,G,A,A,H,-,A,A,0,,Y,,,Y,,-,"- ",0,0,1,0,0,0,1,0,0,"- ","- ",,,STANISLAUS,TURLOCK,-120.84908,37.529354300000001
8483547,2017,2017-11-07,5007,2017-10-10,0915,5736,,2,5,5,5007,0,0,0,,0,001,"EAST CANAL DR","EAST MAIN ST",0.00,,Y,A,-,N,,,,,,,,,,N,3,0,1,2,A,-,10,21950,A,N,G,B,B,A,H,-,A,A,0,Y,,,,Y,,A,01,0,1,0,0,1,0,0,0,0,"- ","- ",,,STANISLAUS,TURLOCK,-120.83808988,37.500259909999997
84850643,2025,2025-09-19,5001,2025-09-15,1040,890,,1,5,4,5001,0,0,0,,0,001,"CENTRAL AVE","CASWELL AVE",0.00,,Y,A,-,N,,,,,,,,,,N,3,0,1,2,A,-,10,21950,A,N,G,B,B,A,H,-,A,D,0,Y,,,,Y,,D,22,0,1,0,0,1,0,0,0,0,"- ","- ",,,STANISLAUS,CERES,-120.95695495605469,37.599895477294922
8485403,2017,2017-12-19,5002,2017-11-06,0829,11816,M495,1,5,6,5002,0,0,0,,0,032,"ROBERTSON RD","HAYS ST",0.00,,Y,A,-,N,,,,,,,,,,Y,4,0,5,3,A,-,03,22350,,N,C,C,A,A,H,-,A,D,0,,,,,Y,,A,,0,0,5,0,0,0,0,0,0,"- ","- ",,,STANISLAUS,MODESTO,-121.01633991999999,37.613299910000002
84877477,2025,2025-10-08,5002,2025-09-28,1426,13558,,7,5,6,5002,0,0,0,,0,031,"WHITMORE AVE","MALIK AVE",0.00,,Y,A,-,N,,,,,,,,,,Y,4,0,2,2,A,-,09,21801,A,N,D,C,A,A,H,-,A,A,0,,,,,Y,,A,01,0,0,2,0,0,0,0,0,0,"- ","- ",37.594799041748047,-120.98149108886719,STANISLAUS,MODESTO,-120.98133087158203,37.594898223876953
84877486,2025,2025-10-08,5002,2025-09-30,1921,13598,,2,5,6,5002,0,0,0,,0,062,"PRESCOTT RD","BRIGGSMORE AVE",0.00,,Y,B,-,N,,,,,,,,,,Y,4,0,1,2,A,-,08,22107,,N,D,C,A,A,H,-,C,D,0,,,,,Y,,A,07,0,0,1,0,0,0,0,0,0,"- ","- ",37.669929504394531,-121.03086853027344,STANISLAUS,MODESTO,-121.03063201904297,37.669960021972656
8490369,2017,2017-11-28,5002,2017-10-25,1201,11144,440,3,5,6,5002,0,0,0,,0,043,"EL VISTA AV","MORAN AV",100.00,S,N,A,-,N,,,,,,,,,,Y,4,0,3,3,A,-,03,22350,,N,C,C,A,A,H,-,A,D,0,,,,,Y,,A,,0,0,3,0,0,0,0,0,0,"- ","- ",,,STANISLAUS,MODESTO,-120.95726824,37.64652538
84905209,2025,2025-11-20,5002,2025-10-15,1334,13307,,3,5,6,5002,0,0,0,,0,041,"G ST","18TH ST",0.00,,Y,B,-,N,,,,,,,,,,Y,3,0,1,2,A,-,09,21802,A,N,D,C,A,A,H,-,A,A,0,,,,,Y,,A,01,0,1,0,0,0,0,0,0,0,"- ","- ",37.643211364746094,-120.98973083496094,STANISLAUS,MODESTO,-120.98925018310547,37.643337249755859
8491739,2017,2017-12-06,5002,2017-11-08,1725,11248,305,3,5,6,5002,0,0,0,,0,071,"EAST BRIGGSMORE AV","OAKDALE RD",10.00,E,N,A,-,N,,,,,,,,,,Y,4,0,1,1,C,-,18,,,N,E,I,A,A,H,-,C,A,0,,,,,Y,,-,"- ",0,0,1,0,0,0,0,0,0,"- ","- ",,,STANISLAUS,MODESTO,-120.95752545000001,37.667180000000002
84930400,2025,2025-11-14,5002,2025-11-08,1758,13451,,6,5,6,5002,0,0,0,,0,061,"ORANGEBURG AVE","MARTIN AVE",172.00,E,N,A,-,N,,,,,,,,,,Y,3,0,1,3,A,-,01,23152,A,N,C,E,A,A,H,-,C,D,0,,,,,Y,Y,A,01,0,1,0,0,0,0,0,0,0,"- ","- ",37.664081573486328,-121.02568817138672,STANISLAUS,MODESTO,-121.02505493164062,37.664169311523438
84943813,2025,2025-11-24,5006,2025-11-03,1156,S03077,,1,5,3,5006,0,0,0,,0,RPD,"CLAUS RD","DAVIS AVE",468.00,N,N,A,-,N,,,,,,,,,,N,2,0,1,2,A,-,06,21750,A,N,B,C,A,A,H,-,A,A,0,,,Y,,Y,,C,02,1,0,0,0,0,0,0,0,1,"- ","- ",37.713710784912109,-120.92189788818359,STANISLAUS,RIVERBANK,-120.92194366455078,37.714916229248047
84969452,2025,2025-12-12,5002,2025-11-29,2141,13520,,6,5,6,5002,0,0,0,,0,083,"TULLY RD","PELANDALE AVE",41.00,S,N,A,-,N,,,,,,,,,,Y,4,0,1,2,A,-,01,23152,A,F,B,C,A,A,H,-,C,A,0,,,,,Y,Y,D,22,0,0,1,0,0,0,0,0,0,"- ","- ",37.700649261474609,-121.01283264160156,STANISLAUS,MODESTO,-121.01277160644531,37.700569152832031
85010613,2025,2026-01-13,5002,2025-04-05,2059,13322,,6,5,6,5002,0,0,0,,0,062,"TULLY RD","BRIGGSMORE AVE",37.00,S,N,A,-,N,,,,,,,,,,N,4,0,1,2,A,-,21,22106,,N,C,C,A,A,H,-,C,A,0,,,,,Y,,A,07,0,0,1,0,0,0,0,0,0,"- ","- ",37.670341491699219,-121.01232147216797,STANISLAUS,MODESTO,-121.01224517822266,37.670219421386719
8503888,2017,2018-07-05,5002,2017-12-08,0635,11267,334,5,5,6,5002,0,0,0,,0,043,"RT 132","LINCOLN AV",15.00,E,N,A,-,Y,STA,10,132,-,-,18.160,H,-,W,Y,3,0,2,2,A,-,03,22350,,N,C,C,A,A,H,-,B,A,0,,,,,Y,,A,,0,1,1,0,0,0,0,0,0,"- ","- ",,,STANISLAUS,MODESTO,-120.93871894999999,37.638173160000001
8509823,2017,2017-12-19,5007,2017-11-18,1645,5764,,6,5,5,5007,0,0,0,,0,001,"GOLDEN STATE BL","WEST MONTE VISTA AV",0.00,,Y,A,-,N,,,,,,,,,,N,4,0,1,2,A,-,08,22107,,F,D,C,A,A,H,-,A,A,0,,,,,Y,,A,01,0,0,1,0,0,0,0,0,0,"- ","- ",,,STANISLAUS,TURLOCK,-120.87753987000001,37.521729909999998
8520625,2017,2018-07-05,5004,2017-12-08,0708,187,RD63,5,5,3,5004,0,0,0,,0,00W,"RT 120","RT 120 700 BLK",0.00,,-,A,-,Y,STA,10,120,-,-,4.360,H,-,E,Y,3,0,2,2,A,-,05,21650,,N,A,C,A,A,H,-,B,D,0,,,,,Y,,E,22,0,2,0,0,0,0,0,0,0,"- ","- ",37.776629999999997,-120.85297,STANISLAUS,OAKDALE,-120.85296080000001,37.776630699999998
8523287,2017,2018-01-08,5002,2017-12-14,1102,10249,M003,4,5,6,5002,0,0,0,,0,063,"NORTH POINTE  SHOPPING CENTER","PECANDALE AV",13.00,N,N,A,-,N,,,,,,,,,,N,3,0,1,2,A,-,08,22107,,F,B,-,A,A,H,-,A,A,0,,,Y,,Y,,A,,0,1,0,0,0,0,0,0,1,"- ","- ",,,STANISLAUS,MODESTO,,
8545165,2018,2018-02-08,5002,2018-01-25,1023,11531,M409,4,5,6,5002,0,0,0,,0,041,"B ST","11TH ST",0.00,,Y,A,-,N,,,,,,,,,,Y,4,0,1,2,A,-,09,21801,A,N,A,C,A,A,H,-,A,D,0,,,,,Y,,A,,0,0,1,0,0,0,0,0,0,"- ","- ",,,STANISLAUS,MODESTO,-120.99017333984375,37.633548736572266
8545185,2018,2018-02-09,5002,2018-01-17,1239,11773,005,3,5,6,5002,0,0,0,,0,063,"STANIFORD AV","DALE RD",15.00,E,N,A,-,N,,,,,,,,,,Y,3,0,2,3,A,-,03,22350,,N,C,C,A,A,H,-,A,A,0,,,,,Y,,-,,0,1,1,0,0,0,0,0,0,"- ","- ",,,STANISLAUS,MODESTO,-121.04975891113281,37.685317993164062
8567414,2018,2018-03-14,5002,2018-02-27,1723,13066,,2,5,6,5002,0,0,0,,0,082,"ORANGEBURG AV","CONCORD AV",0.00,,Y,A,-,N,,,,,,,,,,N,4,0,1,2,A,-,07,21658,,N,C,C,A,A,H,-,A,D,0,,,,,Y,,-,,0,0,1,0,0,0,0,0,0,"- ","- ",,,STANISLAUS,MODESTO,-121.00885009765625,37.663970947265625
8620472,2018,2018-06-04,5002,2018-05-10,1447,10249,M068,4,5,6,5002,0,0,0,,0,063,"TULLY RD","STANDIFORD AV",125.00,N,N,A,-,N,,,,,,,,,,Y,3,0,1,1,A,-,08,22107,,N,E,I,A,A,H,-,A,D,0,,,,,Y,,-,,0,1,0,0,0,0,0,0,0,"- ","- ",,,STANISLAUS,MODESTO,-121.01251983642578,37.689674377441406
8624544,2018,2018-08-22,5002,2018-05-14,1823,13043,65,1,5,6,5002,0,0,0,,0,082,"MCHENRY AV","JUDITH LN",120.00,N,N,A,-,Y,STA,10,108,-,-,24.700,H,-,E,Y,2,0,1,2,A,-,08,22107,,N,A,G,A,A,H,-,A,D,0,,Y,,,Y,,L,,1,0,0,0,0,0,1,0,0,"- ","- ",,,STANISLAUS,MODESTO,-120.99410247802734,37.668941497802734
8635096,2018,2018-06-21,5002,2018-06-05,1703,849,B204,2,5,6,5002,0,0,0,,0,003,"HATCH RD","ANGIE AV",0.00,,Y,A,-,N,,,,,,,,,,N,3,0,1,2,A,-,05,21650,,N,D,G,A,A,H,-,A,A,0,,Y,,,Y,,L,04,0,1,0,0,0,0,1,0,0,"- ","- ",37.609310150146484,-120.94013214111328,STANISLAUS,MODESTO,-120.94016265869141,37.609321594238281
8643697,2018,2018-06-28,5002,2018-05-15,1551,11478,M134,2,5,6,5002,0,0,0,,0,073,"OAKDALE RD","BRIGGSMORE AV",30.00,S,N,A,-,N,,,,,,,,,,N,4,0,1,2,A,-,08,22107,,N,B,C,A,A,H,-,A,D,0,,,,,Y,,A,,0,0,1,0,0,0,0,0,0,"- ","- ",,,STANISLAUS,MODESTO,-120.95755767822266,37.667098999023438
8647939,2018,2018-08-10,5002,2018-06-26,1432,13129,65,2,5,6,5002,0,0,0,,0,082,"MCHENRY AV","BRIGGSMORE AV",10.00,E,N,A,-,Y,STA,10,108,-,-,24.810,I,5,W,Y,3,0,2,3,A,-,12,21453,A,N,D,C,A,A,H,-,A,A,0,,,,,Y,,A,,0,2,0,0,0,0,0,0,0,"- ","- ",,,STANISLAUS,MODESTO,-120.99402618408203,37.670509338378906
8652748,2018,2018-07-09,5001,2018-06-22,1209,795,C309,5,5,4,5001,0,0,0,,0,004,"MORGAN RD","PARTEE LN",0.00,,Y,A,-,N,,,,,,,,,,N,4,0,1,2,A,-,09,21801,A,N,D,D,A,A,H,-,A,A,0,,,,,Y,,A,01,0,0,1,0,0,0,0,0,0,"- ","- ",37.57720947265625,-120.97528839111328,STANISLAUS,CERES,-120.97531890869141,37.577190399169922
8667323,2018,2018-10-25,5002,2018-07-17,1234,13129,319,2,5,6,5002,0,0,0,,0,043,"YOSEMITE BL","TRASK LN",100.00,E,N,A,-,Y,STA,10,132,-,-,17.420,H,-,W,Y,3,0,1,2,A,-,09,21804,A,N,D,C,A,A,H,-,A,D,0,,,,,Y,,A,,0,1,0,0,0,0,0,0,0,"- ","- ",,,STANISLAUS,MODESTO,-120.95221710205078,37.638168334960938
8689448,2018,2018-09-17,5002,2018-07-27,2143,11750,467,5,5,6,5002,0,0,0,,0,042,"TENAYA DR","EMPIRE AV",0.00,,Y,A,-,N,,,,,,,,,,N,4,0,1,2,A,-,11,21950,B,N,G,B,D,A,H,-,C,A,0,Y,,,,Y,,N,,0,0,1,0,1,0,0,0,0,"- ","- ",,,STANISLAUS,MODESTO,-120.96794128417969,37.634078979492188
8693494,2018,2018-10-09,5001,2018-08-17,1450,458,C307,5,5,4,5001,0,0,0,,0,004,"CENTRAL AV","SERVICE RD",1056.00,S,N,A,-,N,,,,,,,,,,Y,4,0,3,2,A,-,08,22107,,N,D,C,A,A,H,-,A,D,0,,,,,Y,,A,01,0,0,3,0,0,0,0,0,0,"- ","- ",37.580268859863281,-120.95697784423828,STANISLAUS,CERES,-120.956941,37.577376000000001
8698042,2018,2018-10-01,5002,2018-09-12,1825,13155,M199,3,5,6,5002,0,0,0,,0,033,"KANSAS AV","LOME PALM AV",366.00,W,N,A,-,N,,,,,,,,,,Y,4,0,1,2,A,-,08,22107,,N,D,C,A,A,H,-,B,D,0,,,,,Y,,A,,0,0,1,0,0,0,0,0,0,"- ","- ",,,STANISLAUS,MODESTO,-121.02464294433594,37.645999908447266
8699062,2018,2018-09-27,5002,2018-09-06,1329,11023,148,4,5,6,5002,0,0,0,,0,081,"EAST MORRIS AV","HIGH ST",0.00,E,N,A,-,N,,,,,,,,,,N,3,0,1,2,A,-,08,22107,,N,B,G,A,A,H,-,A,D,0,,Y,,,Y,,L,,0,1,0,0,0,0,1,0,0,"- ","- ",,,STANISLAUS,MODESTO,-120.98793792724609,37.65093994140625
8730824,2018,2018-11-02,5002,2018-10-05,1114,13086,M074,5,5,6,5002,0,0,0,,0,062,"CARVER RD","SHELDON DR",0.00,,Y,A,-,N,,,,,,,,,,N,4,0,1,2,A,-,10,21950,,N,G,B,B,A,H,-,A,A,0,Y,,,,Y,,D,,0,0,1,0,1,0,0,0,0,"- ","- ",,,STANISLAUS,MODESTO,-121.02236938476562,37.685428619384766
8734668,2018,2018-11-09,5002,2018-10-25,1301,10303,013,4,5,6,5002,0,0,0,,0,063,"STANDIFORD AV","SHAWNEE DR",20.00,W,N,A,-,N,,,,,,,,,,Y,4,0,1,3,A,-,04,21703,,N,C,C,A,A,D,-,A,A,0,,,,,Y,,A,,0,0,1,0,0,0,0,0,0,"- ","- ",,,STANISLAUS,MODESTO,-121.02665710449219,37.689521789550781
8751681,2018,2018-12-11,5007,2018-11-17,1734,5778,,6,5,5,5007,0,0,0,,0,002,"SOUTH GOLDEN STATE BL","EAST AV",33.00,S,N,A,-,N,,,,,,,,,,N,2,0,1,2,A,-,17,21451,A,N,G,B,B,A,H,-,C,A,0,Y,,,,Y,,A,01,1,0,0,0,1,0,0,0,0,"- ","- ",,,STANISLAUS,TURLOCK,-120.84363555908203,37.492572784423828
8770867,2019,2019-02-02,5001,2019-01-05,2006,610,M1,6,5,4,5001,0,0,0,,0,005,"4TH ST","EL CAMINO",0.00,,Y,C,-,N,,,,,,,,,,Y,3,0,2,1,A,-,03,22350,,N,E,I,A,B,H,-,C,D,0,,,,,Y,,A,01,0,2,0,0,0,0,0,0,0,"- ","- ",37.589321136474609,-120.9534912109375,STANISLAUS,CERES,-120.95346832275391,37.589298248291016
8773167,2018,2019-01-12,5002,2018-12-11,1736,13197,419,2,5,6,5002,0,0,0,,0,041,"6TH ST","H ST",0.00,,Y,A,-,N,,,,,,,,,,Y,2,0,1,2,A,-,11,21954,A,N,G,B,D,A,H,-,C,A,0,Y,,,,Y,,N,60,1,0,0,0,1,0,0,0,0,"- ","- ",,,STANISLAUS,MODESTO,-121.00183868408203,37.635658264160156
8773596,2018,2019-02-04,5002,2018-12-03,2014,13132,215,1,5,6,5002,0,0,0,,0,082,"MCHENRY AV","COOLIDGE AV",231.00,N,N,A,-,Y,STA,10,108,-,-,24.490,H,-,E,N,3,0,1,2,A,-,11,21954,A,N,G,B,D,A,H,-,C,D,0,Y,,,,Y,,N,60,0,1,0,0,1,0,0,0,0,"- ","- ",,,STANISLAUS,MODESTO,-120.99406433105469,37.665946960449219
8787232,2018,2019-02-26,5002,2018-12-02,0245,11026,415,7,5,6,5002,0,0,0,,0,041,"RT 132","I ST",0.00,,Y,A,-,Y,STA,10,132,-,L,15.240,I,5,W,Y,4,0,1,2,A,-,09,21801,A,N,D,C,A,B,H,-,C,A,0,,,,,Y,Y,A,,0,0,1,0,0,0,0,0,0,"- ","- ",,,STANISLAUS,MODESTO,-121.00101470947266,37.639568328857422
8791186,2019,2019-02-04,5002,2019-01-18,1928,11793,M409,5,5,6,5002,0,0,0,,0,041,"D ST","11TH ST",0.00,,Y,A,-,N,,,,,,,,,,N,2,0,1,2,A,-,12,21453,A,F,G,B,A,A,H,-,C,A,0,,Y,,,Y,,-,,1,0,0,0,0,0,1,0,0,"- ","- ",,,STANISLAUS,MODESTO,-120.99246978759766,37.635448455810547
8807807,2019,2019-03-21,5002,2019-02-10,0138,11026,024,7,5,6,5002,0,0,0,,0,061,"WEST BRIGGSMORE AV","SISK RD",0.00,,Y,C,-,N,,,,,,,,,,Y,3,0,2,2,A,-,12,21453,A,N,A,C,A,B,H,-,D,A,0,,,,,Y,,-,"- ",0,2,0,0,0,0,0,0,0,"- ","- ",,,STANISLAUS,MODESTO,-121.03137969970703,37.667789459228516
8836771,2019,2019-04-24,5002,2019-03-17,2018,13079,M873,7,5,6,5002,0,0,0,,0,073,"RUMBLE RD","COFFEE RD",100.00,W,N,A,-,N,,,,,,,,,,Y,3,0,1,3,A,-,01,23152,A,N,C,C,A,A,H,-,C,A,0,,,,,Y,Y,-,,0,1,0,0,0,0,0,0,0,"- ","- ",,,STANISLAUS,MODESTO,-120.97633361816406,37.681678771972656
8843819,2019,2019-05-10,5007,2019-04-02,1553,5765,STANI,2,5,5,5007,0,0,0,,0,002,"LANDER AV","VERMONT AV",21.00,S,N,C,-,N,,,,,,,,,,Y,4,0,1,2,A,-,09,21804,A,N,D,C,A,B,H,-,A,D,0,,,,,Y,,A,01,0,0,1,0,0,0,0,0,0,"- ","- ",,,STANISLAUS,TURLOCK,-120.84897613525391,37.487934112548828
8847467,2019,2019-12-03,5002,2019-05-08,0617,13252,M366,3,5,6,5002,0,0,0,,0,033,"RT 132","N EMERALD AV",0.00,,Y,A,-,Y,STA,10,132,-,-,13.940,I,5,W,Y,3,0,1,2,A,-,12,21453,A,N,D,C,A,A,H,-,A,A,0,,,,,Y,,-,"- ",0,1,0,0,0,0,0,0,0,"- ","- ",,,STANISLAUS,MODESTO,-121.02101898193359,37.638664245605469
8853558,2019,2019-05-15,5008,2019-03-30,1503,S01805,WPD,6,5,2,5008,0,0,0,,0,7L1,"DORSEY ST","G ST",0.00,,Y,A,-,N,,,,,,,,,,Y,3,0,1,2,A,-,09,21802,A,N,D,C,A,A,H,-,A,A,0,,,,,Y,,-,,0,1,0,0,0,0,0,0,0,"- ","- ",,,STANISLAUS,WATERFORD,-120.76476287841797,37.641941070556641
8875784,2019,2019-12-03,5002,2019-06-04,0942,11248,M460,2,5,6,5002,0,0,0,,0,042,"RT 132","SANTA CRUZ AV",0.00,,Y,A,-,Y,STA,10,132,-,-,16.230,I,5,W,Y,4,0,2,2,A,-,09,21801,A,N,D,C,A,A,H,-,A,A,0,,,,,Y,,A,,0,0,2,0,0,0,0,0,0,"- ","- ",,,STANISLAUS,MODESTO,-120.97368621826172,37.638206481933594
8881037,2019,2019-06-21,5001,2019-06-12,1554,528,M1,3,5,4,5001,0,0,0,,0,005,"NORTH ST","5TH ST",15.00,W,N,A,-,N,,,,,,,,,,Y,3,0,1,2,A,-,03,22350,,N,C,C,A,A,H,-,A,A,0,,,,,Y,,A,01,0,1,0,0,0,0,0,0,0,"- ","- ",37.591659545898438,-120.95216369628906,STANISLAUS,CERES,-120.95225524902344,37.591678619384766
8881407,2019,2019-06-26,5004,2019-06-13,1825,320,RD31,4,5,3,5004,0,0,0,,0,021,"S OAK AV","W H ST",0.00,,Y,A,-,N,,,,,,,,,,N,3,0,3,2,A,-,12,22450,,N,D,C,A,A,H,-,A,A,0,,,,,Y,,A,01,0,3,0,0,0,0,0,0,0,"- ","- ",37.758548736572266,-120.86067199707031,STANISLAUS,OAKDALE,-120.86067199707031,37.758579254150391
8886073,2019,2019-07-09,5002,2019-05-23,1720,13086,M237,4,5,6,5002,0,0,0,,0,081,"WEST MORRIS AV","SYCAMORE AV",0.00,,Y,B,-,N,,,,,,,,,,N,3,0,1,2,A,-,12,22450,,N,G,B,B,B,H,-,A,A,0,Y,,,,Y,,A,01,0,1,0,0,1,0,0,0,0,"- ","- ",,,STANISLAUS,MODESTO,-120.99767303466797,37.651050567626953
8887605,2019,2019-08-05,5002,2019-06-22,1308,13096,280,6,5,6,5002,0,0,0,,0,071,"BRIGGSMORE AV","ROSE AV",0.00,,Y,A,-,N,,,,,,,,,,N,3,0,1,2,A,-,05,21650,1,N,D,G,A,A,H,-,A,A,0,,Y,,,Y,,L,04,0,1,0,0,0,0,1,0,0,"- ","- ",,,STANISLAUS,MODESTO,-120.96665954589844,37.667469024658203
8891822,2019,2020-01-10,5002,2019-10-08,1248,839,A308,2,5,6,5002,0,0,0,,0,001,"HERNDON RD","JOYCE AV",125.00,E,N,A,-,N,,,,,,,,,,N,4,0,2,2,A,-,08,22107,,N,D,C,A,A,H,-,A,D,0,,,,,Y,,A,01,0,0,2,0,0,0,0,0,0,"- ","- ",37.609260559082031,-120.97422790527344,STANISLAUS,MODESTO,-120.97535705566406,37.610801696777344
8905994,2019,2019-08-07,5007,2019-07-16,2217,5787,5007,2,5,5,5007,0,0,0,,0,001,"GEER RD","E SPRINGER RD",0.00,,Y,A,-,N,,,,,,,,,,Y,4,0,1,2,A,-,17,21451,A,N,A,C,A,A,H,-,C,A,0,,,,,Y,,A,01,0,0,1,0,0,0,0,0,0,"- ","- ",,,STANISLAUS,TURLOCK,-120.84903717041016,37.532939910888672
8961885,2019,2019-10-30,5002,2019-10-03,1217,13154,M387,4,5,6,5002,0,0,0,,0,041,"J ST","13TH ST",29.00,E,N,A,-,N,,,,,,,,,,Y,4,0,1,2,A,-,04,21703,,N,C,C,A,A,H,-,A,A,0,,,,,Y,,-,,0,0,1,0,0,0,0,0,0,"- ","- ",,,STANISLAUS,MODESTO,-120.99740600585938,37.642723083496094
8961982,2019,2019-10-24,5007,2019-10-03,1112,5749,,4,5,5,5007,0,0,0,,0,003,"WEST MAIN ST","NORTH TULLY RD",0.00,,Y,A,-,N,,,,,,,,,,Y,4,0,2,2,A,-,12,21453,A,N,A,C,A,A,H,-,A,A,0,,,,,Y,,A,07,0,0,2,0,0,0,0,0,0,"- ","- ",,,STANISLAUS,TURLOCK,-120.86727905273438,37.492740631103516
8965022,2019,2019-10-24,5007,2019-09-24,1408,5787,5007,2,5,5,5007,0,0,0,,0,002,"N JOHNSON RD","EAST MARSHALL ST",0.00,,Y,A,-,N,,,,,,,,,,Y,4,0,2,2,A,-,12,22450,A,N,D,C,A,A,H,-,A,A,0,,,,,Y,,A,01,0,0,2,0,0,0,0,0,0,"- ","- ",,,STANISLAUS,TURLOCK,-120.82611846923828,37.496440887451172
8975576,2019,2019-11-25,5007,2019-10-30,1635,5785,5007,3,5,5,5007,0,0,0,,0,004,"MONTE VISTA AV","S MONTE VISTA",9.00,N,N,A,-,N,,,,,,,,,,N,3,0,2,2,A,-,03,22350,,N,C,C,A,A,H,-,A,D,0,,,,,Y,,-,"- ",0,2,0,0,0,0,0,0,0,"- ","- ",,,STANISLAUS,TURLOCK,-120.88993835449219,37.521839141845703
8978842,2019,2020-01-17,5002,2019-10-13,2140,11247,,7,5,6,5002,0,0,0,,0,061,"CARVER RD","BARBARA RD",52.00,S,N,A,-,N,,,,,,,,,,Y,4,0,2,2,A,-,08,22107,,N,B,E,A,A,H,-,C,D,0,,,,,Y,,A,,0,0,2,0,0,0,0,0,0,"- ","- ",,,STANISLAUS,MODESTO,-121.02198791503906,37.661216735839844
8985553,2019,2020-06-03,5006,2019-11-18,1805,S02582,RPD,1,5,3,5006,0,0,0,,0,2T8,"RT 108","JACKSON AV",107.00,W,N,A,-,Y,STA,10,108,-,-,31.530,H,-,E,N,4,0,1,3,A,-,03,22350,,N,C,C,A,A,H,-,C,A,0,,,,,Y,,A,01,0,0,1,0,0,0,0,0,0,"- ","- ",,,STANISLAUS,RIVERBANK,-120.95041656494141,37.732666015625
8998232,2019,2020-01-07,5007,2019-11-17,1510,5777,5007,7,5,5,5007,0,0,0,,0,004,"SANDSTONE ST","PERSIMMON RD",85.00,E,N,A,-,N,,,,,,,,,,Y,3,0,1,2,A,-,07,21658,A,N,F,E,A,A,H,-,A,D,0,,,,,Y,,A,07,0,1,0,0,0,0,0,0,0,"- ","- ",,,STANISLAUS,TURLOCK,-120.88245391845703,37.530986785888672
90011804,2015,2015-10-19,9465,2015-08-11,1930,014853,,2,2,9,5000,0,3,5,,2,010,"COFFEE ROAD","CLARIBEL ROAD",0.00,,Y,A,-,N,,,,,,,,,,Y,2,0,3,3,A,-,12,22450,A,N,D,C,A,A,D,-,A,A,0,,,,,Y,,A,07,2,1,0,0,0,0,0,0,0,"- ","- ",37.710970000000003,-120.97662,STANISLAUS,UNINCORPORATED,-120.9766399,37.711029959999998