CASE_ID,ACCIDENT_YEAR,PROC_DATE,JURIS,COLLISION_DATE,COLLISION_TIME,OFFICER_ID,REPORTING_DISTRICT,DAY_OF_WEEK,CHP_SHIFT,POPULATION,CNTY_CITY_LOC,SPECIAL_COND,BEAT_TYPE,CHP_BEAT_TYPE,CITY_DIVISION_LAPD,CHP_BEAT_CLASS,BEAT_NUMBER,PRIMARY_RD,SECONDARY_RD,DISTANCE,DIRECTION,INTERSECTION,WEATHER_1,WEATHER_2,STATE_HWY_IND,CALTRANS_COUNTY,CALTRANS_DISTRICT,STATE_ROUTE,ROUTE_SUFFIX,POSTMILE_PREFIX,POSTMILE,LOCATION_TYPE,RAMP_INTERSECTION,SIDE_OF_HWY,TOW_AWAY,COLLISION_SEVERITY,NUMBER_KILLED,NUMBER_INJURED,PARTY_COUNT,PRIMARY_COLL_FACTOR,PCF_CODE_OF_VIOL,PCF_VIOL_CATEGORY,PCF_VIOLATION,PCF_VIOL_SUBSECTION,HIT_AND_RUN,TYPE_OF_COLLISION,MVIW,PED_ACTION,ROAD_SURFACE,ROAD_COND_1,ROAD_COND_2,LIGHTING,CONTROL_DEVICE,CHP_ROAD_TYPE,PEDESTRIAN_ACCIDENT,BICYCLE_ACCIDENT,MOTORCYCLE_ACCIDENT,TRUCK_ACCIDENT,NOT_PRIVATE_PROPERTY,ALCOHOL_INVOLVED,STWD_VEHTYPE_AT_FAULT,CHP_VEHTYPE_AT_FAULT,COUNT_SEVERE_INJ,COUNT_VISIBLE_INJ,COUNT_COMPLAINT_PAIN,COUNT_PED_KILLED,COUNT_PED_INJURED,COUNT_BICYCLIST_KILLED,COUNT_BICYCLIST_INJURED,COUNT_MC_KILLED,COUNT_MC_INJURED,PRIMARY_RAMP,SECONDARY_RAMP,LATITUDE,LONGITUDE,COUNTY,CITY,POINT_X,POINT_Y
6765267,2014,2015-01-30,5002,2014-12-14,1736,11271,M009,7,5,6,5002,0,0,0,,0,065,"DALE RD","SNYDER AV",0.00,,Y,A,-,N,,,,,,,,,,Y,3,0,1,2,A,-,09,21801,A,N,D,C,A,A,H,-,C,A,0,,,,,Y,,A,,0,1,0,0,0,0,0,0,0,"- ","- ",,,STANISLAUS,MODESTO,-121.04998000000001,37.696659940000004
6766339,2015,2015-02-17,5002,2015-01-30,1641,11271,M067,5,5,6,5002,0,0,0,,0,064,"STANDIFORD AV","CARVER RD",175.00,E,N,A,-,N,,,,,,,,,,Y,4,0,1,3,A,-,04,21703,,N,C,C,A,A,H,-,A,A,0,,,,,Y,,D,,0,0,1,0,0,0,0,0,0,"- ","- ",,,STANISLAUS,MODESTO,-121.02182546,37.689426859999998
6778610,2014,2015-02-19,5007,2014-12-12,2105,5718,STANI,5,5,5,5007,0,0,0,,0,003,"W LINWOOD AV","S TEGNER RD",2640.00,W,N,B,-,N,,,,,,,,,,Y,2,0,2,1,A,-,03,22350,,N,E,I,A,B,F,-,D,D,0,,,,,Y,,A,01,1,0,1,0,0,0,0,0,0,"- ","- ",,,STANISLAUS,TURLOCK,-120.89450686000001,37.478122829999997
6787603,2015,2015-02-20,9465,2015-01-13,1700,15604,,2,2,6,5002,0,1,3,,1,032,"LAPHAM DR","DALY AV",0.00,,Y,A,-,N,,,,,,,,,,N,3,0,1,2,A,-,09,21802,B,N,D,C,A,A,H,-,A,A,0,,Y,,,Y,,L,04,0,1,0,0,0,0,1,0,0,"- ","- ",37.637839999999997,-121.96335000000001,STANISLAUS,MODESTO,-120.96325989,37.637839909999997
6787662,2015,2015-02-20,9465,2015-01-20,1130,16917,,2,1,9,5000,0,3,5,,2,030,"MAIN ST","SANTA FE AV",85.00,W,N,B,-,N,,,,,,,,,,N,4,0,1,2,A,-,03,22350,,N,C,C,A,B,H,-,A,A,0,,,,,Y,,D,22,0,0,1,0,0,0,0,0,0,"- ","- ",37.526000000000003,-120.7967,STANISLAUS,UNINCORPORATED,-120.79666288999999,37.526178440000002
6788176,2015,2015-02-24,9465,2015-01-10,1500,018382,,6,2,9,5000,0,2,4,,2,024,"ALBERS RD","DUSTY LN",1320.00,S,N,A,-,N,,,,,,,,,,Y,2,0,6,3,A,-,08,22107,,N,B,C,A,A,H,-,A,D,0,,,,,Y,,A,01,1,5,0,0,0,0,0,0,0,"- ","- ",37.655940000000001,-120.848,STANISLAUS,UNINCORPORATED,-120.84798759,37.656715429999998
6819676,2015,2015-03-10,5007,2015-01-23,1714,6912,5007,5,5,5,5007,0,0,0,,0,005,"NORTH GOLDEN STATE BL","EAST HAWKEYE AV",328.00,S,N,A,-,N,,,,,,,,,,N,4,0,2,3,A,-,03,22350,,N,C,C,A,A,H,-,B,A,0,,,,,Y,,D,22,0,0,2,0,0,0,0,0,0,"- ","- ",,,STANISLAUS,TURLOCK,,
6821080,2015,2016-04-18,5001,2015-02-05,2321,747,,4,5,4,5001,0,0,0,,0,003,"MITCHELL RD",FOWLER,0.00,,Y,A,-,N,,,,,,,,,,N,2,0,1,2,A,-,11,21955,,N,G,B,D,A,H,-,C,D,0,Y,,,,Y,,N,60,1,0,0,0,1,0,0,0,0,"- ","- ",,,STANISLAUS,CERES,-120.93871986000001,37.602009979999998
6826104,2015,2015-03-13,5007,2015-02-05,1040,5708,,4,5,5,5007,0,0,0,,0,004,"WEST MONTE VISTA AV","COUNTRYSIDE DR",0.00,,Y,A,-,N,,,,,,,,,,Y,3,0,2,2,D,-,00,,,N,D,C,A,A,H,-,A,A,0,,,,,Y,,-,"- ",0,1,1,0,0,0,0,0,0,"- ","- ",,,STANISLAUS,TURLOCK,-120.88137995,37.521819950000001
6835379,2015,2015-03-30,5001,2015-02-23,1752,796,,1,5,4,5001,0,0,0,,0,,"RAILROAD AV","CENTRAL AV",0.00,,Y,A,-,N,,,,,,,,,,N,4,0,1,2,A,-,09,21802,A,N,D,G,A,A,H,-,A,A,0,,Y,,,Y,,-,,0,0,1,0,0,0,1,0,0,"- ","- ",,,STANISLAUS,CERES,-120.95690994,37.590719970000002
6841725,2015,2016-09-12,9465,2015-03-03,1800,018274,,2,2,9,5000,0,1,3,,2,012,"RT 132","HART RD",2112.00,W,N,A,-,Y,STA,10,132,-,-,7.980,H,-,E,Y,4,0,1,2,A,-,03,22350,,N,C,C,A,A,H,-,A,D,0,,,,,Y,,D,22,0,0,1,0,0,0,0,0,0,"- ","- ",37.637810000000002,-121.12922,STANISLAUS,UNINCORPORATED,-121.12939710000001,37.63786331
6842287,2015,2015-03-26,5002,2015-03-01,1905,10518,134,7,5,6,5002,0,0,0,,0,075,"SYLVAN AV","KELLER ST",0.00,,Y,A,-,N,,,,,,,,,,Y,4,0,2,2,A,-,09,21801,A,N,D,C,A,A,H,-,C,A,0,,,,,Y,,A,,0,0,2,0,0,0,0,0,0,"- ","- ",,,STANISLAUS,MODESTO,-120.97030989,37.688909979999998
6843675,2015,2015-03-18,5007,2015-02-08,1438,5610,,7,5,5,5007,0,0,0,,0,001,"NORTH OLIVE AV","E MINNESOTA AV",0.00,,Y,B,-,N,,,,,,,,,,N,4,0,2,2,A,-,12,22450,A,N,-,C,A,B,H,-,A,A,0,,,,,Y,,A,08,0,0,2,0,0,0,0,0,0,"- ","- ",,,STANISLAUS,TURLOCK,-120.83983990999999,37.516409969999998
6851660,2015,2015-03-25,5002,2015-03-07,1218,10375,165,6,5,6,5002,0,0,0,,0,076,"ROSELLE AV","MERLE AV",0.00,,Y,A,-,N,,,,,,,,,,Y,3,0,4,4,A,-,17,21451,A,N,A,C,A,A,H,-,A,A,0,,,,,Y,,D,,0,1,3,0,0,0,0,0,0,"- ","- ",,,STANISLAUS,MODESTO,-120.93974996,37.670799979999998
6854003,2014,2015-12-17,5007,2014-11-08,0937,5711,,6,5,5,5007,0,0,0,,0,002,"S ROSE ST","F ST",0.00,,Y,A,-,N,,,,,,,,,,Y,1,1,2,2,A,-,03,22350,,N,D,C,A,A,H,-,A,A,0,,,Y,,Y,,C,02,1,0,1,0,0,0,0,1,1,"- ","- ",,,STANISLAUS,TURLOCK,-120.83687988,37.490869889999999
6856732,2015,2016-09-13,5002,2015-03-07,1833,10524,257,6,5,6,5002,0,0,0,,0,061,"RT 108-MCHENRY AV","FAIRMONT AV",85.00,S,N,A,-,Y,STA,10,108,-,-,23.870,H,-,W,N,4,0,1,2,A,-,11,21954,A,N,G,B,D,A,H,-,C,D,0,Y,,,,Y,,N,,0,0,1,0,1,0,0,0,0,"- ","- ",,,STANISLAUS,MODESTO,-120.99385037,37.657105029999997
6858036,2015,2015-04-08,5002,2015-03-24,2327,11778,803,2,5,6,5002,0,0,0,,0,043,"CLAUS RD","CREEKWOOD DR",620.00,S,N,A,-,N,,,,,,,,,,Y,3,0,1,1,C,-,18,,,N,E,I,A,A,H,-,C,D,0,,,,,Y,,-,"- ",0,1,0,0,0,0,0,0,0,"- ","- ",,,STANISLAUS,MODESTO,-120.92119189,37.64825982
6862388,2015,2015-03-27,5002,2015-03-15,1533,11269,M167,7,5,6,5002,0,0,0,,0,062,"CARPENTER RD","9TH ST",0.00,,Y,A,-,N,,,,,,,,,,Y,4,0,1,2,A,-,08,22107,,N,H,C,A,A,H,-,A,A,0,,,Y,,Y,,D,,0,0,1,0,0,0,0,0,0,"- ","- ",,,STANISLAUS,MODESTO,-121.03124997,37.66443992
6872266,2015,2016-09-14,9465,2015-03-19,1210,17436,,4,1,9,5000,0,1,3,,1,031,"RT 132","BLOSSOM RD",10.00,E,N,B,-,Y,STA,10,132,-,-,25.930,I,5,W,N,4,0,1,2,A,-,03,22350,,N,B,C,A,A,H,-,A,A,0,,,Y,,Y,,C,02,0,0,1,0,0,0,0,0,1,"- ","- ",37.638869999999997,-120.79701,STANISLAUS,UNINCORPORATED,-120.79702198,37.63846461
6878829,2015,2016-09-20,9465,2015-03-30,1118,018998,,1,1,4,5001,0,1,3,,2,041,"RT 99","4TH ST",500.00,S,N,A,-,Y,STA,10,99,-,R,11.210,H,-,N,Y,4,0,1,2,A,-,03,22350,,N,C,C,A,A,H,-,A,D,1,,,,,Y,,A,01,0,0,1,0,0,0,0,0,0,"- ","- ",37.58652,-120.95075,STANISLAUS,CERES,-120.95168858,37.587060880000003
6886879,2015,2015-05-07,5002,2015-04-16,2100,11773,M026,4,5,6,5002,0,0,0,,0,M63,PELANDALE,"TULLY RD",5.00,W,N,A,-,N,,,,,,,,,,Y,4,0,1,1,A,-,08,22107,,N,E,I,A,A,H,-,C,A,0,,,,,Y,,D,,0,0,1,0,0,0,0,0,0,"- ","- ",,,STANISLAUS,MODESTO,-121.01279726999999,37.700680480000003
6898221,2015,2015-05-04,5005,2015-04-16,0500,12345,5005,4,5,3,5005,0,0,0,,0,,"SPERRY AV","PARK CENTER DR",0.00,,Y,A,-,N,,,,,,,,,,Y,4,0,1,2,A,-,09,21453,C,N,D,C,A,A,H,-,B,A,0,,,,,Y,,-,,0,0,1,0,0,0,0,0,0,"- ","- ",,,STANISLAUS,PATTERSON,-121.16564992000001,37.464449989999999
6907614,2015,2016-11-29,9465,2015-04-17,0027,18410,,5,3,6,5002,0,1,3,,2,011,"RT 99","PELANDALE AV",1100.00,S,N,A,-,Y,STA,10,99,-,R,21.530,H,-,N,Y,4,0,1,2,A,-,08,22107,,N,E,I,A,A,D,-,D,D,1,,,,,Y,Y,A,01,0,0,1,0,0,0,0,0,0,"- ","- ",37.696829999999999,-121.06863,STANISLAUS,MODESTO,-121.06907789,37.697342450000001
6907622,2015,2016-11-29,9465,2015-04-11,0148,18410,,6,3,4,5001,0,1,3,,2,041,"RT 99","EL CAMINO AV",125.00,N,N,A,-,Y,STA,10,99,-,R,11.772,R,2,S,Y,3,0,2,1,A,-,01,23152,A,N,E,I,A,A,H,-,C,D,1,,,,,Y,Y,A,01,0,2,0,0,0,0,0,0,0,TO,"- ",37.591619999999999,-120.95697,STANISLAUS,CERES,-120.95878272,37.593160480000002
6907662,2015,2015-05-08,5002,2015-04-24,1016,11186,190,5,5,6,5002,0,0,0,,0,063,"CARVER RD","WEST ROSEBURG AV",40.00,N,N,A,-,N,,,,,,,,,,Y,2,0,2,3,A,-,04,21703,,N,C,C,A,A,H,-,A,D,0,,,Y,,Y,,C,02,1,0,1,0,0,0,0,0,2,"- ","- ",,,STANISLAUS,MODESTO,-121.02198131999999,37.660639850000003
6915756,2015,2015-05-27,5007,2015-04-16,1831,5729,5007,4,5,5,5007,0,0,0,,0,004,"SUNSHINE WY","PICCADILLY LN",102.00,E,N,A,-,N,,,,,,,,,,Y,4,0,1,2,A,-,08,22107,,N,C,E,A,A,H,-,A,D,0,,,,,Y,,A,01,0,0,1,0,0,0,0,0,0,"- ","- ",,,STANISLAUS,TURLOCK,-120.85329843,37.531801629999997
6923357,2015,2017-01-27,9465,2015-08-18,1335,16320,,2,1,9,5000,0,1,3,,2,011,"RT 219","RT 99",0.00,,Y,A,-,Y,STA,10,219,-,-,0.076,I,5,W,Y,4,0,1,2,A,-,12,21457,A,N,D,C,A,A,D,-,A,A,0,,,,Y,Y,,D,22,0,0,1,0,0,0,0,0,0,"- ","- ",37.708680000000001,-121.08184,STANISLAUS,UNINCORPORATED,-121.08152152,37.708598590000001
6927812,2015,2015-06-17,5002,2015-05-13,1511,11478,024,3,5,6,5002,0,0,0,,0,065,"BUDD ST","ST CHARLES PL",40.00,W,N,A,-,N,,,,,,,,,,N,4,0,2,2,A,-,03,22350,,N,C,G,A,A,H,-,A,D,0,,Y,,,Y,,L,,0,0,2,0,0,0,2,0,0,"- ","- ",,,STANISLAUS,MODESTO,-121.03962749999999,37.677868889999999
6936318,2015,2015-10-14,5001,2015-05-25,1025,565,,1,5,4,5001,0,0,0,,0,004,"S CENTRAL AV","SERVICE RD",0.00,,Y,A,-,N,,,,,,,,,,N,4,0,1,2,A,-,04,21703,,N,C,C,A,A,H,-,A,A,0,,,,,Y,,A,,0,0,1,0,0,0,0,0,0,"- ","- ",,,STANISLAUS,CERES,-120.95693,37.580280000000002
6938222,2015,2015-10-07,5009,2015-09-24,1707,501339,,4,5,2,5009,0,0,0,,0,,"7TH ST","HATCH RD",0.00,,Y,A,-,N,,,,,,,,,,Y,2,0,3,2,A,-,03,22350,,N,E,I,A,A,H,-,A,D,0,,,,,Y,,D,22,1,2,0,0,0,0,0,0,0,"- ","- ",,,STANISLAUS,HUGHSON,-120.86076989,37.609269930000004
6940672,2015,2016-11-19,9465,2015-04-26,0205,018945,,7,3,9,5000,0,3,5,,2,010,"PELANDALE AV","RT 108",50.00,W,N,A,-,Y,STA,10,108,-,-,26.810,I,6,W,Y,3,0,1,2,A,-,01,23152,A,N,A,C,A,A,H,-,C,A,0,,,,,Y,Y,A,07,0,1,0,0,0,0,0,0,0,"- ","- ",37.6999,-120.9949,STANISLAUS,UNINCORPORATED,-120.99454681,37.699825369999999
6940753,2015,2015-07-17,5002,2015-06-13,2249,11334,199,6,5,6,5002,0,0,0,,0,034,"WOODLAND AV",GRAPHICS,200.00,W,N,A,-,N,,,,,,,,,,N,4,0,1,2,A,-,11,21954,,N,B,-,-,A,H,-,C,D,0,Y,,,,Y,Y,N,,0,0,1,0,1,0,0,0,0,"- ","- ",,,STANISLAUS,MODESTO,-121.02243082,37.653210000000001
6960459,2015,2015-06-26,9465,2015-05-24,1645,014853,,7,2,9,5000,0,3,5,,2,020,"RODDEN RD","TIMMERMAN LN",150.00,E,N,A,-,N,,,,,,,,,,N,3,0,2,1,A,-,01,23152,A,N,E,I,A,A,H,-,A,D,0,,,,,Y,Y,A,07,0,2,0,0,0,0,0,0,0,"- ","- ",37.786709999999999,-120.84086000000001,STANISLAUS,UNINCORPORATED,-120.84108163000001,37.786595009999999
6970109,2015,2015-07-11,5002,2015-06-12,1847,10170,359,5,5,6,5002,0,0,0,,0,033,"S CARPENTER RD","CALIFORNIA AV",0.00,,Y,A,-,N,,,,,,,,,,Y,2,0,1,2,A,-,09,21801,A,N,D,C,A,A,H,-,A,D,0,,,Y,,Y,,D,,1,0,0,0,0,0,0,0,1,"- ","- ",,,STANISLAUS,MODESTO,-121.03054992,37.631399960000003
6970117,2015,2015-07-11,5002,2015-06-13,1050,11773,M152,6,5,6,5002,0,0,0,,0,076,"CLAUS RD","FLOYD AV",0.00,,Y,A,-,N,,,,,,,,,,Y,4,0,1,2,A,-,09,21802,A,N,D,C,A,A,H,-,A,D,0,,,,,Y,,D,,0,0,1,0,0,0,0,0,0,"- ","- ",,,STANISLAUS,MODESTO,-120.92143993000001,37.678249970000003
6998116,2015,2015-07-27,5002,2015-07-09,1325,11428,405,4,5,6,5002,0,0,0,,0,04D,"14TH ST","E ST",150.00,S,N,A,-,N,,,,,,,,,,Y,4,0,1,2,A,-,08,22107,,N,D,C,A,A,H,-,A,D,0,,,,,Y,,A,,0,0,1,0,0,0,0,0,0,"- ","- ",,,STANISLAUS,MODESTO,-120.99040599999999,37.638279259999997
7000891,2015,2015-08-04,9465,2015-07-08,1157,018251,,3,1,9,5000,0,3,5,,2,040,"WASHINGTON RD","LINWOOD AV",6.00,S,N,A,-,N,,,,,,,,,,Y,4,0,1,2,A,-,09,21802,A,N,D,C,A,A,H,-,A,A,0,,,,Y,Y,,F,26,0,0,1,0,0,0,0,0,0,"- ","- ",37.478070000000002,-120.90366,STANISLAUS,UNINCORPORATED,-120.90365998,37.478093520000002
7014413,2015,2017-01-27,9465,2015-07-25,1443,018259,,6,2,9,5000,0,1,3,,2,041,"RT 99","CROWS LANDING RD",230.00,S,N,A,-,Y,STA,10,99,-,R,14.430,H,-,N,Y,4,0,1,1,A,-,08,22107,,N,F,A,A,A,H,-,A,D,1,,,Y,,Y,,C,02,0,0,1,0,0,0,0,0,1,"- ","- ",,,STANISLAUS,UNINCORPORATED,-120.99302165,37.618485909999997
7030898,2015,2015-08-28,5002,2015-05-03,1546,10588,M146,7,5,6,5002,0,0,0,,0,074,"DAVID CT","COFFEE RD",0.00,,Y,A,-,N,,,,,,,,,,Y,3,0,1,2,A,-,12,21453,A,N,D,G,A,A,H,-,A,A,0,,Y,,,Y,,L,,0,1,0,0,0,0,1,0,0,"- ","- ",,,STANISLAUS,MODESTO,-120.97569991,37.6698199
7042917,2015,2015-09-01,5002,2015-08-19,1606,11714,M708,3,5,6,5002,0,0,0,,0,040,"G ST","6TH ST",0.00,,Y,A,-,N,,,,,,,,,,Y,3,0,3,2,A,-,12,21453,A,N,D,C,A,A,H,-,A,A,0,,,,,Y,,-,,0,2,1,0,0,0,0,0,0,"- ","- ",,,STANISLAUS,MODESTO,-121.00069996000001,37.634719920000002
7049325,2015,2015-09-15,5001,2015-08-28,1556,795,,5,5,4,5001,0,0,0,,0,,WHITMORE,MORGAN,0.00,,Y,A,-,N,,,,,,,,,,Y,4,0,1,3,A,-,12,21453,A,N,D,C,A,A,H,-,A,A,0,,,,,Y,Y,A,01,0,0,1,0,0,0,0,0,0,"- ","- ",,,STANISLAUS,CERES,-120.9752599,37.594829949999998
7082640,2015,2017-01-13,5004,2015-09-03,1126,236,"RD 15",4,5,3,5004,0,0,0,,0,00N,"N YOSEMITE AV","RT 108",0.00,S,N,A,-,Y,STA,10,120,-,-,5.060,H,-,E,Y,4,0,1,2,A,-,03,22350,,N,C,D,A,A,H,-,A,A,0,,,,Y,Y,,A,01,0,0,1,0,0,0,0,0,0,"- ","- ",37.767569999999999,-120.84733,STANISLAUS,OAKDALE,-120.84750543,37.767335430000003
7097742,2015,2015-10-20,5006,2015-05-04,1410,S987,MODES,1,5,3,5006,0,0,0,,0,,"PATTERSON RD","CALENDAR AV",145.00,E,N,A,-,N,,,,,,,,,,N,3,0,1,2,A,-,03,22350,,N,C,C,A,A,H,-,A,A,0,,,,,Y,,D,22,0,1,0,0,0,0,0,0,0,"- ","- ",,,STANISLAUS,RIVERBANK,,
7099701,2015,2015-10-27,5007,2015-10-13,1121,6623,,2,5,5,5007,0,0,0,,0,,"HEDSTROM RD","NORTH OLIVE AV",0.00,,Y,A,-,N,,,,,,,,,,N,3,0,3,2,A,-,09,21802,A,N,D,C,A,A,H,-,A,A,0,,,,,Y,,A,07,0,1,2,0,0,0,0,0,0,"- ","- ",,,STANISLAUS,TURLOCK,-120.83988986999999,37.520019990000002
7102141,2015,2016-01-26,5001,2015-10-14,1822,715,5001,3,5,4,5001,0,0,0,,0,003,"MITCHELL RD","MITCHELL PLAZA RD",0.00,,Y,A,-,N,,,,,,,,,,N,4,0,1,2,A,-,03,22350,,N,C,C,A,A,-,-,B,A,0,,,,,Y,Y,-,,0,0,1,0,0,0,0,0,0,"- ","- ",,,STANISLAUS,CERES,,
7111078,2015,2015-12-04,5002,2015-11-04,0910,11741,M99,3,5,6,5002,0,0,0,,0,032,"PARADISE RD","SUTTER AV",0.00,,Y,B,-,N,,,,,,,,,,N,3,0,3,2,A,-,08,22107,,N,B,C,A,A,H,-,A,A,0,,,,,Y,,A,,0,1,2,0,0,0,0,0,0,"- ","- ",,,STANISLAUS,MODESTO,-121.01184997,37.627819950000003
7122640,2015,2015-11-23,5002,2015-11-11,1300,11793,M027,3,5,6,5002,0,0,0,,0,053,"TULLY RD",STANDIFORD,180.00,N,N,A,-,N,,,,,,,,,,Y,3,0,1,2,A,-,09,21804,A,N,D,C,A,A,H,-,A,D,0,,,,,Y,,-,,0,1,0,0,0,0,0,0,0,"- ","- ",,,STANISLAUS,MODESTO,-121.01251981999999,37.689824260000002
7126096,2015,2017-02-02,5002,2015-11-22,1430,11675,110,7,5,6,5002,0,0,0,,0,052,"RT 108","SHEILA CT",0.00,,Y,A,-,Y,STA,10,108,-,-,25.250,I,5,E,Y,4,0,3,2,A,-,09,21804,A,N,B,C,A,A,H,-,A,D,0,,,,,Y,,A,,0,0,3,0,0,0,0,0,0,"- ","- ",,,STANISLAUS,MODESTO,-120.99421841,37.676987429999997
7126159,2015,2015-12-02,5002,2015-11-19,2343,11756,M089,4,5,6,5002,0,0,0,,0,062,"GENEVA DR","BOWEN AV",100.00,S,N,A,-,N,,,,,,,,,,N,4,0,1,2,A,-,08,22107,,F,A,E,A,A,H,-,C,D,0,,,,,Y,,A,,0,0,1,0,0,0,0,0,0,"- ","- ",,,STANISLAUS,MODESTO,-121.01649555,37.674697389999999
7129997,2015,2015-12-14,5007,2015-11-17,0420,5762,5007,2,5,5,5007,0,0,0,,0,004,"CHRISTOFFERSON PKWY","N KILROY AV",953.00,E,N,A,-,N,,,,,,,,,,Y,4,0,1,1,A,-,08,22107,,N,A,I,A,A,H,-,C,A,0,,,,,Y,,D,22,0,0,1,0,0,0,0,0,0,"- ","- ",,,STANISLAUS,TURLOCK,-120.87283632,37.529230130000002
7160264,2015,2016-02-01,5002,2015-12-30,1907,015290,,3,5,6,5002,0,0,0,,0,,"BANGS AV","TULLY RD",0.00,,Y,A,-,N,,,,,,,,,,Y,4,0,2,3,A,-,12,22450,A,N,D,C,A,A,H,-,D,A,0,,,,,Y,,A,01,0,0,2,0,0,0,0,0,0,"- ","- ",37.703980000000001,-121.01282999999999,STANISLAUS,MODESTO,-121.01285986000001,37.70382996
7160372,2016,2016-01-20,5002,2016-01-09,0710,11078,M99,6,5,6,5002,0,0,0,,0,052,"BRIGGSMORE AV","OPAL AV",350.00,E,N,C,-,N,,,,,,,,,,Y,4,0,1,1,A,-,03,22350,,N,F,-,A,B,H,-,C,A,0,,,,,Y,,D,,0,0,1,0,0,0,0,0,0,"- ","- ",,,STANISLAUS,MODESTO,-120.98199354,37.667800620000001
7188295,2015,2017-02-04,5004,2015-12-31,1533,268,15,4,5,3,5004,0,0,0,,0,00N,"EAST F ST","N 4TH AV",84.00,W,N,A,-,Y,STA,10,120,-,-,5.200,H,-,E,N,4,0,1,2,A,-,09,21801,A,N,B,C,A,A,H,-,A,D,0,,,,,Y,,A,01,0,0,1,0,0,0,0,0,0,"- ","- ",37.767310000000002,-120.84602,STANISLAUS,OAKDALE,-120.84560729,37.767253660000002
7190332,2016,2016-08-24,5009,2016-02-17,1840,,,3,5,2,5009,0,0,0,,0,901,"HATCH RD","EUCLID AV",1745.00,W,N,B,-,N,,,,,,,,,,Y,1,1,0,1,A,-,08,22107,,N,E,I,A,A,H,-,D,D,0,,,,,Y,,A,01,0,0,0,0,0,0,0,0,0,"- ","- ",37.609229999999997,-120.85557,STANISLAUS,HUGHSON,-120.85771,37.609237999999998
7195372,2016,2016-03-01,5002,2016-02-20,1556,11742,M025,6,5,6,5002,0,0,0,,0,062,"PLAZA PKWY","PRESCOTT RD",0.00,,Y,A,-,N,,,,,,,,,,Y,4,0,1,2,A,-,09,21804,A,N,D,C,A,A,H,-,A,D,0,,,,,Y,,A,01,0,0,1,0,0,0,0,0,0,"- ","- ",,,STANISLAUS,MODESTO,-121.03126996,37.671719969999998
7195409,2015,2016-03-04,5002,2015-02-16,1043,11773,M246,1,5,6,5002,0,0,0,,0,081,"NORTH 9TH ST","TULLY RD",12.00,N,N,A,-,N,,,,,,,,,,Y,4,0,1,2,A,-,04,21703,,N,C,C,A,A,H,-,A,A,0,,,,,Y,,-,,0,0,1,0,0,0,0,0,0,"- ","- ",,,STANISLAUS,MODESTO,-121.01207631,37.648185890000001
7199799,2015,2016-08-26,5002,2015-09-15,0433,11226,M419,2,5,6,5002,0,0,0,,0,040,"6TH ST","I ST",0.00,,Y,A,-,N,,,,,,,,,,N,1,1,0,2,A,-,11,21456,B,N,G,B,B,A,H,-,C,A,0,Y,,,,Y,,N,60,0,0,0,1,0,0,0,0,0,"- ","- ",,,STANISLAUS,MODESTO,-121.00297987,37.636649980000001
7201241,2016,2016-03-14,5002,2016-02-18,1846,10152,319,4,5,6,5002,0,0,0,,0,043,"GLENDALE AV","COLFAX AV",0.00,,Y,B,-,N,,,,,,,,,,N,3,0,1,2,A,-,12,22450,,N,D,G,A,A,H,-,C,A,0,,Y,,,Y,,A,,0,1,0,0,0,0,1,0,0,"- ","- ",,,STANISLAUS,MODESTO,-120.95492994,37.639269910000003
8001091,2016,2016-04-01,5002,2016-03-11,1210,11788,537,5,5,6,5002,0,0,0,,0,063,"SNYDER AV","HONEY CREEK",0.00,,Y,C,-,N,,,,,,,,,,N,4,0,1,2,A,-,09,21802,A,N,D,C,A,B,H,-,A,A,0,,,,,Y,,A,,0,0,1,0,0,0,0,0,0,"- ","- ",,,STANISLAUS,MODESTO,-121.05459992999999,37.696599990000003
8009511,2016,2016-04-05,5007,2016-03-16,1035,5708,,3,5,5,5007,0,0,0,,0,001,"YOSEMITE ST","COLORADO AV",0.00,,Y,A,-,N,,,,,,,,,,Y,4,0,1,2,A,-,09,21802,,N,D,C,A,A,H,-,A,A,0,,,,,Y,,A,01,0,0,1,0,0,0,0,0,0,"- ","- ",,,STANISLAUS,TURLOCK,-120.83360989000001,37.50075992
8026374,2016,2016-04-22,5002,2016-04-17,0447,11816,M308,7,5,6,5002,0,0,0,,0,071,"OAKDALE RD","WYLIE DR",225.00,S,N,A,-,N,,,,,,,,,,Y,3,0,1,1,A,-,01,23152,,N,E,I,A,A,H,-,C,A,0,,,,,Y,Y,-,,0,1,0,0,0,0,0,0,0,"- ","- ",,,STANISLAUS,MODESTO,-120.95750647,37.657502200000003
8026386,2016,2016-04-22,5002,2016-04-08,0957,11646,M224,5,5,6,5002,0,0,0,,0,081,ALLEY,"MCHENRY AV",500.00,W,N,C,-,N,,,,,,,,,,N,2,0,1,2,D,-,00,,,N,A,G,A,B,H,-,A,A,0,,Y,,,Y,,-,"- ",1,0,0,0,0,0,1,0,0,"- ","- ",,,STANISLAUS,MODESTO,,
8030046,2016,2016-04-29,5001,2016-04-21,1500,795,,4,5,4,5001,0,0,0,,0,001,HATCH,HERNDON,880.00,E,N,A,-,N,,,,,,,,,,Y,4,0,1,2,A,-,08,22107,,N,D,C,A,A,H,-,A,A,0,,,,,Y,,A,01,0,0,1,0,0,0,0,0,0,"- ","- ",37.610469999999999,-120.97029999999999,STANISLAUS,CERES,-120.97118711,37.609250000000003
8032906,2016,2016-05-06,5007,2016-04-13,1053,5765,5007,3,5,5,5007,0,0,0,,0,003,"FULKERTH RD","COUNTRY SIDE DR",0.00,,Y,A,-,N,,,,,,,,,,N,4,0,1,2,A,-,03,22350,,N,C,C,A,A,H,-,A,A,0,,,,,Y,,A,01,0,0,1,0,0,0,0,0,0,"- ","- ",,,STANISLAUS,TURLOCK,-120.87503996,37.50723996
8036502,2016,2016-05-05,5002,2016-04-29,1454,11280,M868,5,5,6,5002,0,0,0,,0,083,"E RUMBLE AV","WINDSOR LN",47.00,W,N,A,-,N,,,,,,,,,,N,3,0,1,2,A,-,11,21954,A,N,B,B,D,A,H,-,A,D,0,Y,,,,Y,,N,,0,1,0,0,1,0,0,0,0,"- ","- ",,,STANISLAUS,MODESTO,-120.9833424,37.681680780000001