CASE_ID,ACCIDENT_YEAR,PROC_DATE,JURIS,COLLISION_DATE,COLLISION_TIME,OFFICER_ID,REPORTING_DISTRICT,DAY_OF_WEEK,CHP_SHIFT,POPULATION,CNTY_CITY_LOC,SPECIAL_COND,BEAT_TYPE,CHP_BEAT_TYPE,CITY_DIVISION_LAPD,CHP_BEAT_CLASS,BEAT_NUMBER,PRIMARY_RD,SECONDARY_RD,DISTANCE,DIRECTION,INTERSECTION,WEATHER_1,WEATHER_2,STATE_HWY_IND,CALTRANS_COUNTY,CALTRANS_DISTRICT,STATE_ROUTE,ROUTE_SUFFIX,POSTMILE_PREFIX,POSTMILE,LOCATION_TYPE,RAMP_INTERSECTION,SIDE_OF_HWY,TOW_AWAY,COLLISION_SEVERITY,NUMBER_KILLED,NUMBER_INJURED,PARTY_COUNT,PRIMARY_COLL_FACTOR,PCF_CODE_OF_VIOL,PCF_VIOL_CATEGORY,PCF_VIOLATION,PCF_VIOL_SUBSECTION,HIT_AND_RUN,TYPE_OF_COLLISION,MVIW,PED_ACTION,ROAD_SURFACE,ROAD_COND_1,ROAD_COND_2,LIGHTING,CONTROL_DEVICE,CHP_ROAD_TYPE,PEDESTRIAN_ACCIDENT,BICYCLE_ACCIDENT,MOTORCYCLE_ACCIDENT,TRUCK_ACCIDENT,NOT_PRIVATE_PROPERTY,ALCOHOL_INVOLVED,STWD_VEHTYPE_AT_FAULT,CHP_VEHTYPE_AT_FAULT,COUNT_SEVERE_INJ,COUNT_VISIBLE_INJ,COUNT_COMPLAINT_PAIN,COUNT_PED_KILLED,COUNT_PED_INJURED,COUNT_BICYCLIST_KILLED,COUNT_BICYCLIST_INJURED,COUNT_MC_KILLED,COUNT_MC_INJURED,PRIMARY_RAMP,SECONDARY_RAMP,LATITUDE,LONGITUDE,COUNTY,CITY,POINT_X,POINT_Y
81684291,2021,2022-01-25,5002,2021-12-09,2007,13288,M123,4,5,6,5002,0,0,0,,0,MP72,"BRIGGSMORE AVE","COFFEE RD",900.00,E,N,A,-,N,,,,,,,,,,Y,4,0,1,2,A,-,07,21658,A,F,B,C,A,A,H,-,D,D,0,,,,,Y,,-,99,0,0,1,0,0,0,0,0,0,"- ","- ",,,STANISLAUS,MODESTO,-120.97262573242188,37.666934967041016
81685245,2021,2022-01-26,5002,2021-12-10,0737,10699,RD01,5,5,6,5002,0,0,0,,0,MP33,"MAZE BLVD","MARTIN LUTHER KING DR",200.00,W,N,A,-,Y,,,,,,,,,,N,4,0,1,2,A,-,08,22107,,N,H,E,A,A,H,-,A,D,0,,Y,,,Y,Y,L,04,0,0,1,0,0,0,1,0,0,"- ","- ",37.638580322265625,-121.01181793212891,STANISLAUS,MODESTO,-121.01252746582031,37.638660430908203
81699267,2021,2022-02-14,5002,2021-12-14,2105,13268,,2,5,6,5002,0,0,0,,0,MP71,"SCENIC DR","OAKDALE RD",0.00,,Y,A,-,N,,,,,,,,,,Y,4,0,1,3,A,-,12,21453,A,N,D,C,A,A,H,-,C,A,0,,,,,Y,,A,01,0,0,1,0,0,0,0,0,0,"- ","- ",37.653068542480469,-120.95741271972656,STANISLAUS,MODESTO,-120.95738983154297,37.653064727783203
81699283,2021,2022-02-14,5002,2021-12-29,1437,11812,,3,5,6,5002,0,0,0,,0,,"COLLEGE AVE","ORANGEBURG AVE",0.00,,Y,C,-,N,,,,,,,,,,Y,4,0,2,2,A,-,01,23152,A,N,D,C,A,B,H,-,A,A,0,,,,,Y,Y,D,22,0,0,2,0,0,0,0,0,0,"- ","- ",37.66387939453125,-121.00795745849609,STANISLAUS,MODESTO,-121.00760650634766,37.663936614990234
81704956,2021,2022-02-21,5002,2021-11-16,1431,11661,479,2,5,6,5002,0,0,0,,0,MP33,"PARADISE RD","ELLEN AVE",6.00,E,N,A,B,N,,,,,,,,,,N,4,0,3,4,A,-,10,21950,A,N,G,B,B,A,H,-,A,A,0,Y,,,,Y,,A,07,0,0,3,0,3,0,0,0,0,"- ","- ",37.626640319824219,-121.01354217529297,STANISLAUS,MODESTO,-121.01357269287109,37.626609802246094
81707389,2022,2022-02-24,5001,2022-02-01,0748,704,,2,5,4,5001,0,0,0,,0,001,"5TH ST","WHITMORE AVE",497.00,N,N,A,-,N,,,,,,,,,,N,4,0,1,2,A,-,11,21955,,N,G,B,D,A,H,-,A,D,0,Y,,,,Y,,N,60,0,0,1,0,1,0,0,0,0,"- ","- ",,,STANISLAUS,CERES,-120.95223999023438,37.596134185791016
81721569,2022,2022-03-14,5002,2022-02-13,0029,13077,M528,7,5,6,5002,0,0,0,,0,MP31,"WINMOORE WAY","CROWS LANDING RD",9.00,E,N,A,-,N,,,,,,,,,,Y,4,0,1,2,A,-,01,23152,A,N,D,C,A,A,H,-,C,A,0,,,,,Y,Y,A,01,0,0,1,0,0,0,0,0,0,"- ","- ",,,STANISLAUS,MODESTO,-120.9935302734375,37.605331420898438
81730496,2022,2022-03-24,5002,2022-03-18,1303,13409,M003,5,5,6,5002,0,0,0,,0,MP71,"PELANDALE AVE","CHAPMAN RD",0.00,,Y,A,-,N,,,,,,,,,,Y,4,0,3,3,A,-,12,21453,A,N,D,C,A,A,H,-,A,A,0,,,,,Y,,A,01,0,0,3,0,0,0,0,0,0,"- ","- ",37.700321197509766,-121.06374359130859,STANISLAUS,MODESTO,-121.06363677978516,37.700218200683594
81735703,2022,2022-03-29,5002,2022-02-24,2345,13301,M024,4,5,6,5002,0,0,0,,0,MP62,"ORANGEBURG AVE","BRIGGSMORE AVE",0.00,,Y,A,-,N,,,,,,,,,,Y,3,0,3,2,A,-,12,21453,A,N,D,C,A,A,H,-,C,A,0,,,,,Y,,-,"- ",0,1,2,0,0,0,0,0,0,"- ","- ",37.667758941650391,-121.03138732910156,STANISLAUS,MODESTO,-121.03137969970703,37.667789459228516
81738556,2022,2022-04-01,5002,2022-03-13,0022,13342,M024,7,5,6,5002,0,0,0,,0,MP62,"NANCY LN","PARK PL",189.00,W,N,A,-,N,,,,,,,,,,N,2,0,1,3,A,-,08,22107,,F,B,E,E,A,H,-,C,D,0,Y,,,,Y,,A,07,1,0,0,0,1,0,0,0,0,"- ","- ",37.678611755371094,-121.03813934326172,STANISLAUS,MODESTO,-121.03842926025391,37.678821563720703
81743857,2022,2022-04-08,5002,2022-03-22,1357,13411,M207,2,5,6,5002,0,0,0,,0,MP82,"SR 108 (MCHENRY AVE)","GRANGER AVE",116.00,S,N,A,-,Y,STA,,108,,,24.551,H,,L,Y,4,0,1,2,A,-,03,22350,,N,C,C,A,A,H,-,A,D,0,,,,,Y,,A,01,0,0,1,0,0,0,0,0,0,"- ","- ",37.667190551757812,-120.99432373046875,STANISLAUS,MODESTO,-120.99405670166016,37.667194366455078
81761518,2022,2022-05-02,5002,2022-04-18,0951,11661,RD01,1,5,6,5002,0,0,0,,0,MP71,"COFFEE RD","NORWEGIAN AVE",0.00,,Y,A,-,N,,,,,,,,,,Y,3,0,2,2,A,-,05,21650,,N,D,C,A,A,H,-,A,A,0,,,,,Y,,A,01,0,1,1,0,0,0,0,0,0,"- ","- ",37.671009063720703,-120.95757293701172,STANISLAUS,MODESTO,-120.97571563720703,37.671028137207031
81761525,2022,2022-05-02,5002,2022-04-20,2001,13028,,3,5,6,5002,0,0,0,,0,MP82,"ORANGEBURG AVE","ENSLEN AVE",0.00,,Y,A,-,N,,,,,,,,,,Y,4,0,1,2,A,-,12,21453,A,F,D,C,A,A,H,-,C,A,0,,,,,Y,Y,A,01,0,0,1,0,0,0,0,0,0,"- ","- ",37.663848876953125,-121.00089263916016,STANISLAUS,MODESTO,-121.00077819824219,37.663803100585938
81762828,2022,2023-05-22,5002,2022-03-29,1519,13126,RD04,2,5,6,5002,0,0,0,,0,MP41,"SR132 (9TH ST)","H ST",0.00,,Y,A,-,Y,STA,,132,,L,15.341,H,,L,Y,4,0,1,2,A,-,17,21451,A,N,D,C,A,A,H,-,A,A,0,,,,,Y,,D,22,0,0,1,0,0,0,0,0,0,"- ","- ",37.637840270996094,-120.99896240234375,STANISLAUS,MODESTO,-120.99893951416016,37.637859344482422
81770192,2022,2022-05-12,5001,2022-05-09,2014,747,,1,5,4,5001,0,0,0,,0,005,"9TH ST","WHITMORE AVE",30.00,S,N,B,-,N,,,,,,,,,,Y,3,0,1,1,A,-,08,22107,,N,E,I,A,A,H,-,D,A,0,,,,,Y,,A,01,0,1,0,0,0,0,0,0,0,"- ","- ",,,STANISLAUS,CERES,-120.94783020019531,37.594676971435547
81770264,2022,2022-05-12,5002,2022-04-12,1347,11754,M154,2,5,6,5002,0,0,0,,0,MP72,"BRIGGSMORE AVE","OAKDALE RD",884.00,E,N,A,-,N,,,,,,,,,,N,3,0,1,2,A,-,08,22107,,N,C,G,A,A,H,-,A,D,0,,Y,,,Y,,L,04,0,1,0,0,0,0,1,0,0,"- ","- ",37.667110443115234,-120.95755767822266,STANISLAUS,MODESTO,-120.95455932617188,37.667385101318359
8178777,2016,2016-12-06,5001,2016-11-29,1406,704,A1,2,5,4,5001,0,0,0,,0,00A,"CENTRAL AV","HOLLISTER ST",144.00,S,N,A,-,N,,,,,,,,,,Y,4,0,2,2,A,-,09,21804,A,N,A,C,A,A,C,-,A,A,0,,,,,Y,,A,01,0,0,2,0,0,0,0,0,0,"- ","- ",37.598959999999998,-120.95694,STANISLAUS,CERES,-120.95695000000001,37.598594650000003
81792314,2022,2022-06-10,5002,2022-05-03,0832,13398,,2,5,6,5002,0,0,0,,0,MP42,"PHOENIX AVE","ENCINA AVE",5.00,S,N,A,-,N,,,,,,,,,,N,4,0,1,2,A,-,10,21950,A,N,G,B,B,A,H,-,A,A,0,Y,,,,Y,,A,01,0,0,1,0,1,0,0,0,0,"- ","- ",37.645259857177734,-120.96237945556641,STANISLAUS,MODESTO,-120.96232604980469,37.645217895507812
81803201,2022,2022-06-27,5002,2022-05-02,1434,13343,,1,5,6,5002,0,0,0,,0,MP72,"WALNUT TREE DR","BURLWOOD DR",26.00,N,N,A,-,N,,,,,,,,,,N,3,0,2,2,A,-,08,22107,,N,B,E,A,A,H,-,A,D,0,,,,,Y,,A,01,0,1,1,0,0,0,0,0,0,"- ","- ",37.671539306640625,-120.95259857177734,STANISLAUS,MODESTO,-120.95264434814453,37.671558380126953
81803210,2022,2022-06-27,5002,2022-05-15,1811,11698,,7,5,6,5002,0,0,0,,0,,"14TH ST","E ST",0.00,,Y,A,-,N,,,,,,,,,,Y,4,0,1,2,A,-,08,22100,B,N,D,C,A,A,H,-,A,D,0,,,,,Y,,A,07,0,0,1,0,0,0,0,0,0,"- ","- ",37.638519287109375,-120.99070739746094,STANISLAUS,MODESTO,-120.99076080322266,37.638576507568359
81818604,2022,2022-07-18,5002,2022-07-10,2036,13342,M199,7,5,6,5002,0,0,0,,0,061,"9TH ST","NEEDHAM ST",106.00,N,N,A,-,N,,,,,,,,,,Y,4,0,1,1,A,-,08,22107,,N,E,I,A,A,H,-,C,D,0,,,,,Y,,A,01,0,0,1,0,0,0,0,0,0,"- ","- ",37.646018981933594,-121.00881195068359,STANISLAUS,MODESTO,-121.00907897949219,37.646060943603516
8181969,2016,2016-12-07,5002,2016-11-25,1722,11271,M012,5,5,6,5002,0,0,0,,0,063,"VIADER DR","DE LA PENA DR",30.00,N,N,A,-,N,,,,,,,,,,Y,4,0,1,2,A,-,08,22107,,N,C,E,A,A,H,-,C,A,0,,,,,Y,,A,,0,0,1,0,0,0,0,0,0,"- ","- ",,,STANISLAUS,MODESTO,-121.04455188999999,37.690632370000003
81820944,2022,2022-07-20,5002,2022-06-17,1715,13397,,5,5,6,5002,0,0,0,,0,,"WHITMORE AVE","DALLAS ST",0.00,,Y,A,-,N,,,,,,,,,,N,4,0,1,2,A,-,09,21802,A,N,B,C,A,A,H,-,A,A,0,,,,,Y,,A,07,0,0,1,0,0,0,0,0,0,"- ","- ",37.59490966796875,-121.0015869140625,STANISLAUS,MODESTO,-121.00138854980469,37.594997406005859
8182962,2016,2016-12-09,5002,2016-11-29,1354,11808,159,2,5,6,5002,0,0,0,,0,072,"EAST BRIGGSMORE AV","ROSELLE AV",1125.00,W,N,A,-,N,,,,,,,,,,Y,3,0,3,1,A,-,08,22107,,N,F,-,A,A,H,-,A,A,0,,,,,Y,,D,,0,2,1,0,0,0,0,0,0,"- ","- ",,,STANISLAUS,MODESTO,-120.94330647,37.666915629999998
8182998,2016,2016-12-09,5002,2016-11-30,1832,11084,M009,3,5,6,5002,0,0,0,,0,063,"DALE RD","PELANDALE AV",50.00,S,N,A,-,N,,,,,,,,,,N,4,0,2,2,A,-,01,23152,,N,C,C,A,A,H,-,C,A,0,,,,,Y,Y,A,,0,0,2,0,0,0,0,0,0,"- ","- ",,,STANISLAUS,MODESTO,-121.05005712000001,37.700152709999998
8183022,2016,2017-03-06,5002,2016-11-24,0013,13039,M096,4,5,6,5002,0,0,0,,0,083,"MCHENRY AV","PELANDALE AV",0.00,,Y,A,-,Y,STA,10,108,-,-,26.810,I,5,W,N,4,0,1,2,A,-,01,23152,A,F,D,C,A,A,H,-,C,A,0,,,,,Y,Y,A,,0,0,1,0,0,0,0,0,0,"- ","- ",,,STANISLAUS,MODESTO,-120.99454681,37.699825369999999
81832733,2022,2022-08-04,5002,2022-07-20,1707,13225,430,3,5,6,5002,0,0,0,,0,032,"TUOLUMNE BLVD","NEECE DR",0.00,,Y,A,-,N,,,,,,,,,,Y,3,0,1,2,A,-,09,21802,A,N,D,C,A,A,H,-,A,A,0,,,,,Y,,A,01,0,1,0,0,0,0,0,0,0,"- ","- ",37.627590179443359,-120.99989318847656,STANISLAUS,MODESTO,-120.99925994873047,37.627632141113281
8183360,2016,2016-12-12,5002,2016-12-02,1929,11765,567,5,5,6,5002,0,0,0,,0,031,"MARIN AV","DALLAS ST",360.00,W,N,A,-,N,,,,,,,,,,Y,4,0,1,2,A,-,08,22107,,N,C,E,A,A,H,-,C,D,0,,,,,Y,,A,,0,0,1,0,0,0,0,0,0,"- ","- ",,,STANISLAUS,MODESTO,-121.00260126000001,37.598246600000003
81835834,2022,2022-08-09,5002,2022-06-25,2320,13422,M065,6,5,6,5002,0,0,0,,0,MP82,"MCHENRY AV (SR-108)","BRIGGSMORE AVE",36.00,S,N,A,-,Y,STA,,108,,,24.805,H,,R,Y,4,0,1,3,A,-,03,22350,,N,C,C,A,A,H,-,C,A,0,,,,,Y,,A,01,0,0,1,0,0,0,0,0,0,"- ","- ",37.670448303222656,-120.99411010742188,STANISLAUS,MODESTO,-120.99397277832031,37.670452117919922
81842038,2022,2022-08-17,5002,2022-06-20,1439,13096,,1,5,6,5002,0,0,0,,0,MP32,"2ND ST","G ST (3)",0.00,,Y,A,-,N,,,,,,,,,,Y,3,0,1,3,A,-,09,21802,A,N,D,C,A,A,H,-,A,A,0,,,,,Y,,A,01,0,1,0,0,0,0,0,0,0,"- ","- ",37.665428161621094,-121.04161071777344,STANISLAUS,MODESTO,-121.04167175292969,37.665477752685547
81842046,2022,2022-08-17,5002,2022-07-28,1832,13392,RD01,4,5,6,5002,0,0,0,,0,031,"CYRUS HALL DR","SHAKER HEIGHTS WAY",0.00,,Y,A,-,N,,,,,,,,,,Y,4,0,2,2,A,-,09,21801,A,N,D,C,A,A,H,-,A,D,0,,,,,Y,,A,01,0,0,2,0,0,0,0,0,0,"- ","- ",37.596080780029297,-120.99658966064453,STANISLAUS,MODESTO,-120.99636840820312,37.596088409423828
81845127,2022,2022-08-22,5007,2022-08-10,0759,S03047,WATER,3,5,2,5008,0,0,0,,0,,"PECAN AVE","N BECKY WAY",0.00,S,Y,A,-,N,,,,,,,,,,Y,4,0,1,2,A,-,08,22107,,N,D,C,A,A,H,-,A,A,0,,,,,Y,,A,01,0,0,1,0,0,0,0,0,0,"- ","- ",,,STANISLAUS,WATERFORD,-120.76844024658203,37.640933990478516
81845158,2022,2022-08-22,5002,2022-08-16,0409,13268,,2,5,6,5002,0,0,0,,0,033,"5TH ST","J ST",0.00,,Y,A,-,N,,,,,,,,,,Y,3,0,1,1,A,-,01,23152,B,N,E,I,A,A,H,-,C,D,0,,,,,Y,Y,A,01,0,1,0,0,0,0,0,0,0,"- ","- ",37.636959075927734,-121.00505828857422,STANISLAUS,MODESTO,-121.00504302978516,37.636920928955078
81847227,2022,2022-08-24,5002,2022-08-04,0250,13300,RD01,4,5,6,5002,0,0,0,,0,083,"JOHN LEE LN","WOODROW AVE",35.00,N,N,A,-,N,,,,,,,,,,N,4,0,1,2,A,-,21,22106,,F,C,E,A,A,H,-,C,D,0,,,,,Y,,A,07,0,0,1,0,0,0,0,0,0,"- ","- ",37.685550689697266,-121.00511932373047,STANISLAUS,MODESTO,-121.00492858886719,37.685726165771484
81860506,2022,2022-09-09,5002,2022-08-17,1712,13300,RD01,3,5,6,5002,0,0,0,,0,061,"9TH ST","COLDWELL AVE",430.00,N,N,A,-,N,,,,,,,,,,Y,3,0,5,3,A,-,03,22350,,F,C,C,A,A,A,-,A,D,0,,,,,Y,,A,01,0,1,4,0,0,0,0,0,0,"- ","- ",37.653179168701172,-121.01841735839844,STANISLAUS,MODESTO,-121.01911926269531,37.654060363769531
81860507,2022,2022-09-09,5002,2022-08-20,1918,13225,M410,6,5,6,5002,0,0,0,,0,041,"7TH ST","G ST",0.00,,Y,A,-,Y,,,,,,,,,,Y,4,0,1,2,A,-,12,21453,A,N,D,C,A,A,H,-,B,A,0,,,,,Y,,A,01,0,0,1,0,0,0,0,0,0,"- ","- ",37.635379791259766,-121.00023651123047,STANISLAUS,MODESTO,-120.99971008300781,37.635452270507812
81861750,2022,2022-09-12,5006,2022-09-01,0737,S01836,,4,5,3,5006,0,0,0,,0,RPD,"ATCHISON ST","2ND ST (RIVERBANK)",0.00,,Y,A,-,Y,,,,,,,,,,Y,4,0,2,2,A,-,09,21802,A,N,D,C,A,A,H,-,A,A,0,,,,,Y,,A,01,0,0,2,0,0,0,0,0,0,"- ","- ",,,STANISLAUS,RIVERBANK,-120.9373779296875,37.737964630126953
81875114,2022,2022-09-28,5002,2022-08-17,2103,11331,RD03,3,5,6,5002,0,0,0,,0,063,"PELANDALE AVE","GAGOS DR",0.00,,Y,A,-,N,,,,,,,,,,Y,4,0,1,2,A,-,09,21801,A,N,D,C,A,A,H,-,C,A,0,,,,,Y,,A,01,0,0,1,0,0,0,0,0,0,"- ","- ",,,STANISLAUS,MODESTO,-121.06263732910156,37.700092315673828
81876257,2022,2022-09-29,5002,2022-09-09,1211,13244,M024,5,5,6,5002,0,0,0,,0,062,"BRIGGSMORE AVE","PRESCOTT RD",350.00,E,N,A,-,N,,,,,,,,,,Y,4,0,2,2,A,-,03,22350,,N,C,C,A,A,H,-,A,A,0,,,,,Y,,A,01,0,0,2,0,0,0,0,0,0,"- ","- ",37.669929504394531,-121.03086853027344,STANISLAUS,MODESTO,-121.02985382080078,37.670680999755859
81889007,2022,2022-10-13,5002,2022-08-26,1018,13191,M148,5,5,6,5002,0,0,0,,0,073,"OAKDALE RD","FLOYD AVE",0.00,,Y,A,-,N,,,,,,,,,,Y,4,0,2,4,A,-,12,21453,A,N,D,C,A,A,H,-,A,A,0,,,,Y,Y,,A,07,0,0,2,0,0,0,0,0,0,"- ","- ",37.67816162109375,-120.957763671875,STANISLAUS,MODESTO,-120.95775604248047,37.678077697753906
81895843,2022,2022-10-21,5002,2022-10-10,0123,13232,M004,1,5,6,5002,0,0,0,,0,063,"KIERNAN AVE (SR 219)","DALE RD",0.00,,Y,A,-,Y,,,,,,,,,,Y,4,0,2,2,A,-,01,23152,A,N,D,C,A,A,H,-,C,A,0,,,,,Y,Y,A,01,0,0,2,0,0,0,0,0,0,"- ","- ",,,STANISLAUS,MODESTO,-121.05012512207031,37.711315155029297
8190441,2016,2016-12-19,5002,2016-12-09,1119,13000,295,5,5,6,5002,0,0,0,,0,071,"ORANGEBURG AV","ROSE AV",0.00,,Y,A,-,N,,,,,,,,,,Y,4,0,1,2,A,-,12,22450,A,N,D,C,A,A,H,-,A,A,0,,,,,Y,,A,,0,0,1,0,0,0,0,0,0,"- ","- ",,,STANISLAUS,MODESTO,-120.9666299,37.66365991
81915473,2022,2022-11-11,5002,2022-10-12,1852,13017,,3,5,6,5002,0,0,0,,0,,"OAKDALE RD","SURREY AVE",95.00,N,N,A,-,N,,,,,,,,,,Y,4,0,2,3,A,-,03,22350,,N,C,C,A,A,H,-,B,A,0,,,,,Y,,A,01,0,0,2,0,0,0,0,0,0,"- ","- ",37.656490325927734,-120.95744323730469,STANISLAUS,MODESTO,-120.95748901367188,37.656742095947266
8193235,2016,2016-12-23,5002,2016-11-11,1438,11078,5002,5,5,6,5002,0,0,0,,0,041,"I ST","7TH ST",0.00,,Y,A,-,N,,,,,,,,,,N,4,0,1,2,A,-,04,21703,,N,C,C,A,A,H,-,A,A,0,,,,,Y,,D,,0,0,1,0,0,0,0,0,0,"- ","- ",,,STANISLAUS,MODESTO,-121.0019999,37.6374
81933083,2022,2022-12-05,5002,2022-11-04,0750,13213,,5,5,6,5002,0,0,0,,0,,"BRIGGSMORE AVE","HWY 99 (OFF RAMP)",0.00,,Y,A,-,Y,STA,,99,,M,18.554,H,,R,N,4,0,1,2,A,-,10,21950,A,F,G,B,B,A,H,-,A,A,0,Y,,,,Y,,A,01,0,0,1,0,1,0,0,0,0,"- ","- ",37.666728973388672,-121.03166961669922,STANISLAUS,MODESTO,-121.03179931640625,37.66656494140625
81941555,2022,2022-12-14,5001,2022-11-29,1230,811,,2,5,4,5001,0,0,0,,0,005,"WHITMORE AVE","MITCHELL RD",0.00,,Y,A,-,N,,,,,,,,,,N,2,0,1,2,A,-,10,21950,A,N,G,B,B,A,H,-,A,A,0,Y,,,,Y,,D,22,1,0,0,0,1,0,0,0,0,"- ","- ",,,STANISLAUS,CERES,-120.93869781494141,37.594745635986328
81950886,2022,2022-12-23,5002,2022-11-13,1246,13426,M054,7,5,6,5002,0,0,0,,0,083,"WARREN WAY","MC HENRY AVE",3.00,E,N,A,-,Y,STA,,108,,,26.208,H,,L,N,4,0,1,2,A,-,05,21650,1,N,D,G,A,A,H,-,A,A,0,,Y,,,Y,,L,04,0,0,1,0,0,0,1,0,0,"- ","- ",37.691139221191406,-120.99439239501953,STANISLAUS,MODESTO,-120.99442291259766,37.691139221191406
81950893,2022,2022-12-23,5002,2022-11-16,1235,13032,RD01,3,5,6,5002,0,0,0,,0,061,"TULLY RD","GRANGER AVE",75.00,N,N,A,-,N,,,,,,,,,,Y,4,0,1,2,A,-,07,21658,A,N,B,C,A,A,H,-,A,D,0,,,,,Y,,A,07,0,0,1,0,0,0,0,0,0,"- ","- ",37.667560577392578,-121.01254272460938,STANISLAUS,MODESTO,-121.01220703125,37.667827606201172
81953825,2022,2022-12-28,5002,2022-11-21,2345,13136,M427,1,5,6,5002,0,0,0,,0,033,"PARADISE AVE","ALTURAS AVE",120.00,W,N,A,-,N,,,,,,,,,,N,3,0,1,2,A,-,10,21954,B,N,G,B,E,A,H,-,C,A,0,Y,,,,Y,,N,60,0,1,0,0,1,0,0,0,0,"- ","- ",37.628780364990234,-121.01062774658203,STANISLAUS,MODESTO,-121.01094818115234,37.628532409667969
81980985,2022,2023-01-30,5002,2022-12-23,1921,13399,,5,5,6,5002,0,0,0,,0,063,"SISK RD","VINTAGE DR",1286.00,N,N,A,-,N,,,,,,,,,,Y,4,0,1,2,A,-,08,22101,D,N,D,C,A,A,H,-,C,A,0,,,,,Y,,A,01,0,0,1,0,0,0,0,0,0,"- ","- ",37.691299438476562,-121.06230163574219,STANISLAUS,MODESTO,-121.06527709960938,37.693763732910156
81985575,2022,2023-02-03,5002,2022-12-14,1430,13455,M023,3,5,6,5002,0,0,0,,0,062,"PLAZA PARKWAY","SISK RD",781.00,E,N,A,-,N,,,,,,,,,,N,4,0,1,2,A,-,12,22450,A,F,D,C,A,A,H,-,A,A,0,,,,,Y,Y,A,01,0,0,1,0,0,0,0,0,0,"- ","- ",37.671051025390625,-121.03830718994141,STANISLAUS,MODESTO,-121.03590393066406,37.6717529296875
81985596,2023,2023-02-03,5002,2023-01-14,1440,10751,M275,6,5,6,5002,0,0,0,,0,081,"COFFEE RD","SCENIC DR",19.00,N,N,B,-,N,,,,,,,,,,N,4,0,2,2,A,-,03,22350,,F,C,C,A,B,H,-,A,A,0,,,,,Y,,D,22,0,0,2,0,0,0,0,0,0,"- ","- ",37.648998260498047,-120.97554779052734,STANISLAUS,MODESTO,-120.97550964355469,37.649070739746094
81987086,2023,2023-02-06,5006,2023-01-18,1400,S01836,,3,5,3,5006,0,0,0,,0,,"ATCHISON ST","1ST ST (RIVERBANK)",175.00,E,N,A,-,Y,STA,,108," "," ",32.460,H,,R,Y,3,0,1,2,A,-,04,21703,,N,C,C,A,A,H,-,A,A,0,,,,,Y,,A,01,0,1,0,0,0,0,0,0,0,"- ","- ",37.738121032714844,-120.93882751464844,STANISLAUS,RIVERBANK,-120.93883514404297,37.737979888916016
81998467,2023,2023-02-21,5006,2023-02-02,1952,S03170,RIVER,4,5,3,5006,0,0,0,,0,2Q6,"PATTERSON RD","JACKSON AVE",0.00,,Y,A,-,Y,,,,,,,,,,N,4,0,1,2,A,-,01,23152,A,N,C,C,A,A,H,-,C,A,0,,,,Y,Y,Y,A,01,0,0,1,0,0,0,0,0,0,"- ","- ",37.731021881103516,-120.94819641113281,STANISLAUS,RIVERBANK,-120.94957733154297,37.732696533203125
82009789,2023,2023-03-06,5006,2023-02-21,1319,S01836,RIVER,2,5,3,5006,0,0,0,,0,2T12,"ANTIQUE ROSE WAY","BRACCO WAY",0.00,,Y,A,-,N,,,,,,,,,,Y,4,0,1,2,A,-,09,21801,A,N,D,C,A,A,H,-,A,A,0,,,,,Y,,A,01,0,0,1,0,0,0,0,0,0,"- ","- ",,,STANISLAUS,RIVERBANK,-120.95626831054688,37.717010498046875
82015377,2022,2024-02-15,5002,2022-03-13,1753,13053,M169,7,5,6,5002,0,0,0,,0,MP61,"WOODLAND AVE","YELLOWSTONE AVE",35.00,E,N,A,-,N,,,,,,,,,,Y,1,1,0,2,A,-,01,23152,A,N,H,G,A,A,H,-,A,A,0,,Y,,,Y,Y,A,01,0,0,0,0,0,1,0,0,0,"- ","- ",37.653129577636719,-121.03787231445312,STANISLAUS,MODESTO,-121.0377197265625,37.653133392333984
82035287,2023,2023-04-03,5002,2023-01-23,1930,13068,,1,5,6,5002,0,0,0,,0,072,"BRIGGSMORE AVE","COFFEE RD",0.00,,Y,A,-,N,,,,,,,,,,Y,4,0,1,2,A,-,09,21801,A,N,D,C,A,A,H,-,C,A,0,,,,,Y,,D,22,0,0,1,0,0,0,0,0,0,"- ","- ",37.667110443115234,-120.95755767822266,STANISLAUS,MODESTO,-120.9757080078125,37.667152404785156
82035304,2023,2023-04-03,5002,2023-03-27,1811,13300,RD01,1,5,6,5002,0,0,0,,0,032,"TUOLUMNE BLVD","ROSELAWN AVE",0.00,,Y,A,-,N,,,,,,,,,,N,4,0,1,2,A,-,12,21453,A,N,D,C,A,A,H,-,A,A,0,,,,,Y,,A,01,0,0,1,0,0,0,0,0,0,"- ","- ",37.627861022949219,-121.00501251220703,STANISLAUS,MODESTO,-121.00492858886719,37.627830505371094
82040489,2023,2023-04-11,5002,2023-03-24,2135,13300,RD01,5,5,6,5002,0,0,0,,0,032,"TUOLUMNE BLVD","ROSELAWN AVE",0.00,,Y,A,-,N,,,,,,,,,,Y,3,0,5,2,A,-,09,21801,A,N,D,C,A,A,H,-,C,A,0,,,,,Y,,A,01,0,2,3,0,0,0,0,0,0,"- ","- ",37.627861022949219,-121.00501251220703,STANISLAUS,MODESTO,-121.00492858886719,37.627830505371094