CASE_ID,ACCIDENT_YEAR,PROC_DATE,JURIS,COLLISION_DATE,COLLISION_TIME,OFFICER_ID,REPORTING_DISTRICT,DAY_OF_WEEK,CHP_SHIFT,POPULATION,CNTY_CITY_LOC,SPECIAL_COND,BEAT_TYPE,CHP_BEAT_TYPE,CITY_DIVISION_LAPD,CHP_BEAT_CLASS,BEAT_NUMBER,PRIMARY_RD,SECONDARY_RD,DISTANCE,DIRECTION,INTERSECTION,WEATHER_1,WEATHER_2,STATE_HWY_IND,CALTRANS_COUNTY,CALTRANS_DISTRICT,STATE_ROUTE,ROUTE_SUFFIX,POSTMILE_PREFIX,POSTMILE,LOCATION_TYPE,RAMP_INTERSECTION,SIDE_OF_HWY,TOW_AWAY,COLLISION_SEVERITY,NUMBER_KILLED,NUMBER_INJURED,PARTY_COUNT,PRIMARY_COLL_FACTOR,PCF_CODE_OF_VIOL,PCF_VIOL_CATEGORY,PCF_VIOLATION,PCF_VIOL_SUBSECTION,HIT_AND_RUN,TYPE_OF_COLLISION,MVIW,PED_ACTION,ROAD_SURFACE,ROAD_COND_1,ROAD_COND_2,LIGHTING,CONTROL_DEVICE,CHP_ROAD_TYPE,PEDESTRIAN_ACCIDENT,BICYCLE_ACCIDENT,MOTORCYCLE_ACCIDENT,TRUCK_ACCIDENT,NOT_PRIVATE_PROPERTY,ALCOHOL_INVOLVED,STWD_VEHTYPE_AT_FAULT,CHP_VEHTYPE_AT_FAULT,COUNT_SEVERE_INJ,COUNT_VISIBLE_INJ,COUNT_COMPLAINT_PAIN,COUNT_PED_KILLED,COUNT_PED_INJURED,COUNT_BICYCLIST_KILLED,COUNT_BICYCLIST_INJURED,COUNT_MC_KILLED,COUNT_MC_INJURED,PRIMARY_RAMP,SECONDARY_RAMP,LATITUDE,LONGITUDE,COUNTY,CITY,POINT_X,POINT_Y
82090696,2023,2023-06-12,5002,2023-05-08,"614 ",11826,275,1,5,6,5002,0,0,0,,0,081,"SCENIC DR","BRIGHTON AVE",141.00,W,N,A,-,N,,,,,,,,,,N,4,0,1,2,A,-,07,21658,A,N,B,G,A,A,H,-,A,D,0,,Y,,,Y,,L,04,0,0,1,0,0,0,1,0,0,"- ","- ",37.650348663330078,-120.97100067138672,STANISLAUS,MODESTO,-120.97142028808594,37.650234222412109
82090699,2023,2023-06-12,5002,2023-05-10,1737,13470,,3,5,6,5002,0,0,0,,0,041,"9TH ST","I ST",18.00,S,N,A,-,Y,,,,,,,,,,N,4,0,1,2,A,-,04,21703,,N,C,C,A,A,H,-,A,A,0,,,,,Y,,A,01,0,0,1,0,0,0,0,0,0,"- ","- ",37.638721466064453,-121.00064849853516,STANISLAUS,MODESTO,-121.00038146972656,37.639041900634766
82094407,2023,2023-06-15,5002,2023-05-07,1844,13307,,7,5,6,5002,0,0,0,,0,081,"MC HENRY AVE","MORRIS AVE",0.00,,Y,A,-,Y,,,,,,,,,,Y,3,0,4,2,A,-,17,21451,A,N,D,C,A,A,H,-,A,A,0,,,,,Y,,A,01,0,3,1,0,0,0,0,0,0,"- ","- ",37.650848388671875,-120.99423980712891,STANISLAUS,MODESTO,-120.99378204345703,37.650978088378906
82095435,2023,2023-06-19,5002,2023-05-21,1109,13411,M189,7,5,6,5002,0,0,0,,0,061,"ORANGEBURG AVE","TULLY RD",135.00,E,N,A,-,N,,,,,,,,,,Y,3,0,1,2,A,-,09,21801,A,N,D,C,A,A,H,-,A,D,0,,,Y,,Y,,A,01,0,1,0,0,0,0,0,0,1,"- ","- ",37.664028167724609,-121.01209259033203,STANISLAUS,MODESTO,-121.01173400878906,37.664039611816406
82100556,2023,2023-07-10,5002,2023-05-12,1041,13053,,5,5,6,5002,0,0,0,,0,083,"MCHENRY AV (SR-108)","CLARATINA AV",0.00,,Y,A,-,Y,,,,,,,,,,Y,2,0,2,3,A,-,12,21453,A,N,A,C,A,A,H,-,A,A,0,,,,,Y,,A,01,1,1,0,0,0,0,0,0,0,"- ","- ",,,STANISLAUS,MODESTO,-120.99452972412109,37.699947357177734
82100566,2023,2023-06-23,5002,2023-05-28,1518,13396,M065,7,5,6,5002,0,0,0,,0,082,"MCHENRY AVE (HWY 108)","TOKAY AVE",0.00,,Y,A,-,Y,STA,,108," "," ",24.943,H,,L,Y,4,0,1,3,A,-,12,21453,A,N,D,C,A,A,H,-,A,A,0,,,,,Y,,A,01,0,0,1,0,0,0,0,0,0,"- ","- ",37.672630310058594,-120.99434661865234,STANISLAUS,MODESTO,-120.994140625,37.672630310058594
82104873,2023,2023-06-29,5002,2023-05-23,"926 ",13424,M154,2,5,6,5002,0,0,0,,0,072,"BRIGGSMORE AVE","OAKDALE RD",0.00,,Y,A,-,N,,,,,,,,,,Y,4,0,1,2,A,-,17,21451,A,N,A,C,A,A,H,-,A,A,0,,,,,Y,,A,01,0,0,1,0,0,0,0,0,0,"- ","- ",37.666778564453125,-120.95790863037109,STANISLAUS,MODESTO,-120.95755767822266,37.66705322265625
82104883,2023,2023-08-18,5002,2023-06-08,1951,13262,M609,4,5,6,5002,0,0,0,,0,043,"HIGHMORE LN","REDFIELD AVE",200.00,E,N,A,-,N,,,,,,,,,,N,2,0,1,1,A,-,08,22107,,N,E,I,A,A,H,-,A,D,0,,,,,Y,,M,96,1,0,0,0,0,0,0,0,0,"- ","- ",37.648330688476562,-120.92932891845703,STANISLAUS,MODESTO,-120.92852783203125,37.648288726806641
82116704,2023,2023-07-14,5002,2023-06-29,"857 ",13191,M259,4,5,6,5002,0,0,0,,0,081,"MORRIS AVE","HIGH ST",160.00,W,N,A,-,N,,,,,,,,,,Y,4,0,2,2,A,-,09,21804,A,N,D,C,A,A,H,-,A,D,0,,,,,Y,,A,01,0,0,2,0,0,0,0,0,0,"- ","- ",37.650798797607422,-120.98838043212891,STANISLAUS,MODESTO,-120.98857116699219,37.650981903076172
82116711,2023,2023-07-14,5002,2023-07-01,1430,13364,M051,6,5,6,5002,0,0,0,,0,061,"STINSON CT","TEMPERATE AVE",190.00,S,N,A,-,N,,,,,,,,,,Y,2,0,1,2,C,-,18,,,N,A,E,A,A,H,-,A,D,0,,,,,Y,,-,"- ",1,0,0,0,0,0,0,0,0,"- ","- ",37.651348114013672,-121.03904724121094,STANISLAUS,MODESTO,-121.03860473632812,37.650737762451172
82119341,2023,2023-07-18,5001,2023-07-13,1552,755,,4,5,4,5001,0,0,0,,0,001,"SAM AVE","LEO AVE",0.00,,Y,A,-,N,,,,,,,,,,Y,4,0,1,1,A,-,03,22350,,N,E,J,A,A,H,-,A,D,0,,,,,Y,,A,01,0,0,1,0,0,0,0,0,0,"- ","- ",,,STANISLAUS,CERES,-120.97877502441406,37.614166259765625
82130490,2023,2023-07-28,5002,2023-07-20,1508,13426,,4,5,6,5002,0,0,0,,0,063,"PELANDALE AVE","BLUE BIRD DR",0.00,,Y,A,-,N,,,,,,,,,,Y,3,0,2,2,A,-,09,21802,A,N,D,C,A,A,H,-,A,A,0,,,,,Y,,A,01,0,1,1,0,0,0,0,0,0,"- ","- ",37.700351715087891,-121.05879211425781,STANISLAUS,MODESTO,-121.05870056152344,37.700180053710938
82134944,2023,2023-08-04,5002,2023-07-17,1737,13206,M144,1,5,6,5002,0,0,0,,0,073,"FLOYD AVE","ROSE AVE",0.00,,Y,A,-,N,,,,,,,,,,Y,4,0,2,2,A,-,12,22450,A,N,D,C,A,A,H,-,A,A,0,,,,,Y,,A,07,0,0,2,0,0,0,0,0,0,"- ","- ",37.678180694580078,-120.96682739257812,STANISLAUS,MODESTO,-120.96684265136719,37.678058624267578
82153884,2023,2023-08-25,5001,2023-08-21,1238,755,,1,5,4,5001,0,0,0,,0,005,"MITCHELL RD","DON PEDRO RD",55.00,S,N,A,-,N,,,,,,,,,,Y,4,0,1,2,C,-,18,,,N,C,C,A,A,H,-,A,A,0,,,,,Y,,-,"- ",0,0,1,0,0,0,0,0,0,"- ","- ",,,STANISLAUS,CERES,-120.93875122070312,37.583667755126953
82153888,2023,2023-08-25,5006,2023-08-02,1425,3974,RIVER,3,5,3,5006,0,0,0,,0,,"PATTERSON RD","JACKSON AVE",0.00,,Y,A,-,N,,,,,,,,,,N,4,0,1,3,A,-,04,21703,,N,C,C,A,A,H,-,A,A,0,,,,,Y,,A,01,0,0,1,0,0,0,0,0,0,"- ","- ",,,STANISLAUS,RIVERBANK,-120.94957733154297,37.732696533203125
82159226,2022,2023-09-01,5002,2022-01-30,1401,11606,M195,7,5,6,5002,0,0,0,,0,MP61,"DEL VALE AVE","DEL MONTE AVE",0.00,,Y,A,-,N,,,,,,,,,,Y,4,0,2,2,A,-,09,21803,A,F,D,C,A,A,H,-,A,A,0,,,,,Y,,A,01,0,0,2,0,0,0,0,0,0,"- ","- ",,,STANISLAUS,MODESTO,-121.01927947998047,37.659679412841797
82159302,2023,2023-08-31,5002,2023-06-07,2112,13364,M217,3,5,6,5002,0,0,0,,0,081,"COLLEGE AVE","ROSEBURG AVE",45.00,N,N,A,-,N,,,,,,,,,,Y,4,0,5,3,A,-,03,22350,,N,C,C,A,A,H,-,C,A,0,,,,,Y,,A,01,0,0,5,0,0,0,0,0,0,"- ","- ",37.660301208496094,-121.00750732421875,STANISLAUS,MODESTO,-121.00755310058594,37.660503387451172
82165384,2023,2023-09-08,5002,2023-08-08,1040,13303,M199,2,5,6,5002,0,0,0,,0,061,"WOODLAND AVE","GRAPHICS DR",0.00,,Y,A,-,N,,,,,,,,,,Y,4,0,2,3,A,-,03,22350,,N,C,C,A,A,H,-,A,A,0,,,,,Y,,A,01,0,0,2,0,0,0,0,0,0,"- ","- ",37.653240203857422,-121.02176666259766,STANISLAUS,MODESTO,-121.02174377441406,37.653209686279297
82165403,2023,2023-09-08,5002,2023-08-26,2122,13157,,6,5,6,5002,0,0,0,,0,061,"CARVER RD","BARBARA WAY",5.00,N,N,A,-,N,,,,,,,,,,N,4,0,1,2,A,-,10,21950,A,N,G,B,D,A,H,-,C,D,0,Y,,,,Y,,-,"- ",0,0,1,0,1,0,0,0,0,"- ","- ",37.661350250244141,-121.02236175537109,STANISLAUS,MODESTO,-121.02198791503906,37.661373138427734
82171720,2023,2023-09-20,5002,2023-09-03,2112,11789,,7,5,6,5002,0,0,0,,0,072,"COFFEE RD","BRIGGSMORE AVE",57.00,S,N,A,-,N,,,,,,,,,,N,4,0,2,2,A,-,03,22350,,F,C,C,A,A,H,-,C,A,0,,,,,Y,,A,01,0,0,2,0,0,0,0,0,0,"- ","- ",37.667110443115234,-120.95755767822266,STANISLAUS,MODESTO,-120.9757080078125,37.6669921875
82171748,2023,2023-09-18,5002,2023-09-11,2023,13206,M386,1,5,6,5002,0,0,0,,0,041,"9TH ST","L ST",0.00,,Y,A,-,Y,STA,,132," ",L,14.983,H,,R,N,4,0,2,2,A,-,12,21453,A,N,D,C,A,A,H,-,C,A,0,,,,,Y,,A,07,0,0,2,0,0,0,0,0,0,"- ","- ",37.641719818115234,-121.0035400390625,STANISLAUS,MODESTO,-121.00357055664062,37.641693115234375
82171763,2023,2023-09-18,5002,2023-09-14,1347,13372,M057,4,5,6,5002,0,0,0,,0,083,"MC HENRY AVE","RUMBLE RD",200.00,S,N,A,-,Y,STA,,108," "," ",25.551,H,,L,Y,4,0,3,4,A,-,05,21460,,N,B,C,A,A,H,-,A,D,0,,,,,Y,,A,01,0,0,3,0,0,0,0,0,0,"- ","- ",37.681648254394531,-120.99440765380859,STANISLAUS,MODESTO,-120.99427795410156,37.681652069091797
82174544,2023,2023-09-20,5002,2023-09-06,2015,13424,M198,3,5,6,5002,0,0,0,,0,061,"TULLY RD","COLDWELL AVE",0.00,S,Y,A,-,N,,,,,,,,,,Y,3,0,3,2,A,-,12,21452,A,N,D,C,A,A,H,-,C,A,0,,,,,Y,,A,01,0,1,2,0,0,0,0,0,0,"- ","- ",37.653171539306641,-121.01203155517578,STANISLAUS,MODESTO,-121.01203918457031,37.653202056884766
82185335,2022,2023-10-02,5002,2022-02-10,1630,13372,,4,5,6,5002,0,0,0,,0,MP62,"BRIGGSMORE AVE","TULLY RD",0.00,,Y,A,-,N,,,,,,,,,,N,4,0,1,2,A,-,10,21950,A,N,G,B,B,A,H,-,B,A,0,Y,,,,Y,,A,07,0,0,1,0,1,0,0,0,0,"- ","- ",37.670291900634766,-121.01255035400391,STANISLAUS,MODESTO,-121.01225280761719,37.670318603515625
82198252,2023,2023-10-13,5002,2023-10-04,1658,13300,,3,5,6,5002,0,0,0,,0,041,"H ST","16TH ST",0.00,,Y,A,-,N,,,,,,,,,,Y,3,0,2,2,A,-,12,22450,A,N,D,C,A,A,H,-,A,A,0,,,,,Y,,A,01,0,1,1,0,0,0,0,0,0,"- ","- ",37.642841339111328,-120.99224090576172,STANISLAUS,MODESTO,-120.99226379394531,37.642887115478516
82198273,2023,2023-10-13,5002,2023-10-10,1546,13300,RD01,2,5,6,5002,0,0,0,,0,041,"7TH ST","B ST",9.00,S,N,B,-,N,,,,,,,,,,N,4,0,1,2,A,-,03,22350,,N,C,C,A,A,H,-,A,A,0,,,,,Y,,A,08,0,0,1,0,0,0,0,0,0,"- ","- ",37.630180358886719,-120.99461364746094,STANISLAUS,MODESTO,-120.99462890625,37.630168914794922
82202043,2023,2023-10-18,5002,2023-09-11,1505,13421,,1,5,6,5002,0,0,0,,0,,"CLARATINA AVE","MC HENRY AVE SR108",175.00,E,N,-,-,Y,STA,,108," "," ",26.818,H,,R,Y,4,0,1,2,A,-,05,21651,A,N,C,C,A,A,H,-,A,D,0,,,,,Y,,D,22,0,0,1,0,0,0,0,0,0,"- ","- ",37.700000762939453,-120.99453735351562,STANISLAUS,MODESTO,-120.99446105957031,37.700000762939453
82202052,2023,2023-10-19,5002,2023-10-04,"111 ",13462,,3,5,6,5002,0,0,0,,0,041,"SR-132 (9TH ST)","H ST",0.00,,Y,A,-,Y,STA,,132," ",L,15.341,H,,R,Y,4,0,1,2,A,-,12,21453,A,N,D,C,A,A,H,-,C,A,0,,,,,Y,,A,01,0,0,1,0,0,0,0,0,0,"- ","- ",37.637840270996094,-120.99896240234375,STANISLAUS,MODESTO,-120.99901580810547,37.637794494628906
82202065,2023,2023-10-18,5002,2023-10-12,1514,13244,M151,4,5,6,5002,0,0,0,,0,073,"MILLBROOK AVE","FLOYD AVE",0.00,,Y,A,-,N,,,,,,,,,,Y,3,0,3,2,A,-,17,21451,A,N,D,C,A,A,H,-,A,A,0,,,,,Y,,A,01,0,2,1,0,0,0,0,0,0,"- ","- ",37.678089141845703,-120.93189239501953,STANISLAUS,MODESTO,-120.93190765380859,37.678085327148438
82207911,2022,2023-10-27,5002,2022-01-26,1535,11144,M123,3,5,6,5002,0,0,0,,0,MP72,"BRIGGSMORE AVE","COFFEE RD",0.00,,Y,A,-,N,,,,,,,,,,N,1,1,0,2,A,-,08,22107,,N,F,A,A,A,H,-,A,A,0,,,Y,,Y,,-,"- ",0,0,0,0,0,0,0,1,0,"- ","- ",37.667110443115234,-120.95755767822266,STANISLAUS,MODESTO,-120.9757080078125,37.667152404785156
82226197,2023,2023-11-02,5002,2023-10-24,"811 ",13225,M894,2,5,6,5002,0,0,0,,0,032,"SUTTER AVE","ELSIE ST (S)",246.00,N,N,A,-,N,,,,,,,,,,N,3,0,1,2,A,-,10,21954,B,N,G,B,D,A,H,-,A,D,0,Y,,,,Y,,N,60,0,1,0,0,1,0,0,0,0,"- ","- ",37.622348785400391,-121.01178741455078,STANISLAUS,MODESTO,-121.01177978515625,37.623004913330078
82228155,2023,2023-11-06,5002,2023-10-30,1644,13481,M045,1,5,6,5002,0,0,0,,0,082,"TULLY RD","WOODMAN WAY",50.00,N,N,A,-,N,,,,,,,,,,Y,4,0,1,4,A,-,04,21703,,N,C,C,A,A,H,-,A,D,0,,,,,Y,,A,08,0,0,1,0,0,0,0,0,0,"- ","- ",37.669708251953125,-121.01255035400391,STANISLAUS,MODESTO,-121.01223754882812,37.669898986816406
82229595,2023,2023-11-07,5001,2023-10-22,1352,811,,7,5,4,5001,0,0,0,,0,004,"WHITMORE AVE","LODI AVE",129.00,E,N,A,-,N,,,,,,,,,,Y,4,0,2,2,A,-,08,22100,B,N,D,C,A,A,H,-,A,D,0,,,,,Y,Y,A,01,0,0,2,0,0,0,0,0,0,"- ","- ",,,STANISLAUS,CERES,-120.98861694335938,37.594863891601562
82239789,2023,2023-11-20,5002,2023-11-01,1532,13481,M065,3,5,6,5002,0,0,0,,0,082,"BRIGGSMORE AVE","MC HENRY AVE",1929.00,W,N,A,-,Y,STA,,108," "," ",24.804,H,,L,Y,3,0,3,2,A,-,03,22350,,N,C,C,A,A,D,-,A,D,0,,,,,Y,,A,01,0,1,2,0,0,0,0,0,0,"- ","- ",37.670448303222656,-120.99411010742188,STANISLAUS,MODESTO,-120.99411010742188,37.670448303222656
82239792,2023,2023-11-20,5002,2023-11-15,1748,11331,,3,5,6,5002,0,0,0,,0,071,"ORANGEBURG AVE","EASTRIDGE DR",0.00,,Y,C,-,N,,,,,,,,,,Y,4,0,1,2,A,-,09,21802,A,N,D,C,A,B,H,-,C,A,0,,,,,Y,,I,19,0,0,1,0,0,0,0,0,0,"- ","- ",37.663570404052734,-120.94490814208984,STANISLAUS,MODESTO,-120.94492340087891,37.663558959960938
82257822,2023,2023-12-11,5002,2023-12-05,1448,13060,009,2,5,6,5002,0,0,0,,0,063,"PICKFORD WAY","SNYDER AVE",160.00,N,N,A,-,N,,,,,,,,,,N,4,0,1,2,A,-,11,21954,A,N,G,B,D,A,H,-,A,D,0,Y,,,,Y,,N,60,0,0,1,0,1,0,0,0,0,"- ","- ",37.696861267089844,-121.03620910644531,STANISLAUS,MODESTO,-121.03624725341797,37.697280883789062
82257823,2023,2023-12-11,5002,2023-12-05,1944,13035,M269,2,5,6,5002,0,0,0,,0,071,"ORANGEBURG AVE","COFFEE RD",110.00,E,N,A,-,N,,,,,,,,,,Y,4,0,1,2,A,-,09,21804,A,N,D,C,A,A,H,-,C,D,0,,,,,Y,,A,01,0,0,1,0,0,0,0,0,0,"- ","- ",37.663520812988281,-120.95757293701172,STANISLAUS,MODESTO,-120.97530364990234,37.663543701171875
82259328,2023,2023-12-12,5001,2023-12-09,1305,930,,6,5,4,5001,0,0,0,,0,001,"HATCH RD","HERNDON AVE",840.00,E,N,A,-,N,,,,,,,,,,Y,4,0,1,2,A,-,17,21451,A,N,A,C,A,A,H,-,A,A,0,,,,,Y,,A,01,0,0,1,0,0,0,0,0,0,"- ","- ",,,STANISLAUS,CERES,-120.97132873535156,37.609359741210938
82276191,2023,2024-01-02,5006,2023-12-01,1755,129,RIVER,5,5,3,5006,0,0,0,,0,RPD,"PATTERSON RD","ESTELLE AVE",346.00,E,N,A,-,Y,STA,,108," "," ",31.302,H,,R,N,3,0,4,3,A,-,03,22350,,N,C,C,A,A,H,-,C,D,0,,,,,Y,,A,07,0,4,0,0,0,0,0,0,0,"- ","- ",37.732891082763672,-120.95401763916016,STANISLAUS,RIVERBANK,-120.9541015625,37.732673645019531
82282307,2024,2024-01-09,5001,2024-01-07,1604,858,,7,5,4,5001,0,0,0,,0,001,"RICHLAND AVE","EVANS RD",22.00,S,N,A,-,N,,,,,,,,,,N,4,0,1,2,A,-,03,22350,,N,C,C,A,A,H,-,A,A,0,,,,,Y,,A,01,0,0,1,0,0,0,0,0,0,"- ","- ",,,STANISLAUS,CERES,-120.96607208251953,37.6026611328125
82296627,2023,2024-01-26,5002,2023-12-28,1836,13424,,4,5,6,5002,0,0,0,,0,073,"RUMBLE RD","BAY LN",269.00,E,N,A,-,N,,,,,,,,,,Y,4,0,1,2,A,-,08,22107,,N,B,E,A,A,H,-,C,D,0,,,,,Y,,A,01,0,0,1,0,0,0,0,0,0,"- ","- ",37.681720733642578,-120.97412109375,STANISLAUS,MODESTO,-120.97315216064453,37.681709289550781
82303479,2024,2024-02-02,5001,2024-01-29,1148,818,,1,5,4,5001,0,0,0,,0,003,"GARRISON ST","SHUSHAN DR",0.00,,Y,A,-,N,,,,,,,,,,Y,4,0,1,2,A,-,08,22103,,N,D,C,A,A,H,-,A,A,0,,,,,Y,,A,01,0,0,1,0,0,0,0,0,0,"- ","- ",,,STANISLAUS,CERES,-120.93993377685547,37.598346710205078
82309923,2024,2024-02-09,5002,2024-01-03,2200,13522,,3,5,6,5002,0,0,0,,0,083,"MC HENRY AVE","UNION AVE",282.00,S,N,-,-,Y,STA,,108," "," ",26.348,H,,L,Y,4,0,1,2,A,-,00,23153,F,N,D,C,A,A,H,-,C,D,0,,,,,Y,Y,A,01,0,0,1,0,0,0,0,0,0,"- ","- ",37.693168640136719,-120.99440765380859,STANISLAUS,MODESTO,-120.99444580078125,37.693168640136719
82309939,2024,2024-02-09,5002,2024-01-27,"32  ",13200,,6,5,6,5002,0,0,0,,0,041,"9TH ST (SR-132)","H ST",0.00,,Y,A,-,Y,,,,,,,,,,N,4,0,1,2,A,-,12,21453,A,N,D,C,A,A,H,-,C,A,0,,,,,Y,,A,01,0,0,1,0,0,0,0,0,0,"- ","- ",,,STANISLAUS,MODESTO,-120.99898529052734,37.637809753417969
82313509,2024,2024-02-14,5002,2024-02-12,"840 ",13225,,1,5,6,5002,0,0,0,,0,041,"I ST","16TH ST",0.00,,Y,A,-,N,,,,,,,,,,Y,4,0,1,2,A,-,12,22450,A,N,D,C,A,A,H,-,A,A,0,,,,,Y,,D,22,0,0,1,0,0,0,0,0,0,"- ","- ",37.643848419189453,-120.99342346191406,STANISLAUS,MODESTO,-120.99347686767578,37.643840789794922
82316754,2024,2024-02-19,5006,2024-01-24,"805 ",S03890,RIVER,3,5,3,5006,0,0,0,,0,RPD,"CLAUS RD","KENTUCKY AVE",150.00,S,N,C,-,N,,,,,,,,,,Y,3,0,2,3,A,-,21,22106,,N,D,E,A,B,H,-,A,D,0,,,,,Y,,A,01,0,2,0,0,0,0,0,0,0,"- ","- ",37.725490570068359,-120.92195129394531,STANISLAUS,RIVERBANK,-120.92201995849609,37.724998474121094
82320003,2023,2024-02-22,5002,2023-12-31,1912,11845,,7,5,6,5002,0,0,0,,0,032,"ROBERTSON RD","SUTTER AVE",0.00,,Y,A,-,N,,,,,,,,,,Y,4,0,2,2,A,-,01,23152,A,N,D,C,A,A,H,-,C,D,0,,,,,Y,Y,A,01,0,0,2,0,0,0,0,0,0,"- ","- ",37.613338470458984,-121.01187896728516,STANISLAUS,MODESTO,-121.01182556152344,37.613357543945312
82322219,2024,2024-02-26,5002,2024-02-12,1245,13355,M114,1,5,6,5002,0,0,0,,0,082,"SUNRISE AVE","NORWEGIAN AVE",0.00,,Y,A,-,N,,,,,,,,,,N,3,0,1,2,A,-,12,22450,A,F,D,G,A,A,H,-,A,A,0,,Y,,,Y,,A,01,0,1,0,0,0,0,1,0,0,"- ","- ",37.671119689941406,-120.96675109863281,STANISLAUS,MODESTO,-120.98488616943359,37.671092987060547
82324995,2024,2024-02-28,5002,2024-02-26,1626,13487,,1,5,6,5002,0,0,0,,0,,"SYLVAN AVE","CARSON OAK DR",0.00,,Y,A,-,N,,,,,,,,,,N,3,0,2,2,A,-,09,21802,A,N,D,D,A,A,H,-,A,A,0,,,,,Y,Y,A,01,0,1,1,0,0,0,0,0,0,"- ","- ",37.688961029052734,-120.96028900146484,STANISLAUS,MODESTO,-120.96027374267578,37.688968658447266
82335537,2024,2024-03-12,5006,2024-01-05,1630,129,RIVER,5,5,3,5006,0,0,0,,0,RPD,"ROSELLE AVE","SOARES PL",25.00,N,N,A,-,N,,,,,,,,,,N,3,0,1,2,C,-,18,,,F,D,C,A,A,H,-,A,D,0,,,,,Y,,-,"- ",0,1,0,0,0,0,0,0,0,"- ","- ",37.727081298828125,-120.94027709960938,STANISLAUS,RIVERBANK,-120.940673828125,37.7269287109375
82340245,2024,2024-03-18,5006,2024-02-21,1236,S01836,RIVER,3,5,3,5006,0,0,0,,0,RPD,"PATTERSON RD","ESTELLE AVE",428.00,E,N,A,-,Y,,,,,,,,,,Y,3,0,3,3,A,-,03,22350,,N,C,C,A,A,H,-,A,A,0,,,,,Y,,A,07,0,1,2,0,0,0,0,0,0,"- ","- ",,,STANISLAUS,RIVERBANK,-120.95269012451172,37.732688903808594
82345268,2022,2024-03-25,5002,2022-06-24,0932,11074,M154,5,5,6,5002,0,0,0,,0,MP62,"BRIGGSMORE AVE","OAKDALE RD",2.00,E,N,A,-,Y,,,,,,,,,,N,4,0,1,2,A,-,05,21650,1,N,D,G,A,A,H,-,A,A,0,,Y,,,Y,,L,04,0,0,1,0,0,0,1,0,0,"- ","- ",,,STANISLAUS,MODESTO,-120.95755004882812,37.667049407958984
82345302,2024,2024-03-25,5002,2024-02-05,1757,13402,M005,1,5,6,5002,0,0,0,,0,063,"STANDIFORD AVE","CONANT AVE",0.00,,Y,A,-,N,,,,,,,,,,Y,4,0,1,2,A,-,12,21453,A,N,D,C,A,A,H,-,C,A,0,,,,,Y,,A,07,0,0,1,0,0,0,0,0,0,"- ","- ",37.685958862304688,-121.04080963134766,STANISLAUS,MODESTO,-121.0406494140625,37.685737609863281
82345307,2024,2024-03-25,5002,2024-02-08,2153,13180,M060,4,5,6,5002,0,0,0,,0,082,"MC HENRY AVE (SR-108)","FLOYD AVE",100.00,S,N,C,-,Y,STA,,108," "," ",25.320,H,,R,Y,4,0,1,2,A,-,01,23152,A,N,B,C,A,B,H,-,C,A,0,,,,,Y,Y,A,01,0,0,1,0,0,0,0,0,0,"- ","- ",37.678188323974609,-120.99416351318359,STANISLAUS,MODESTO,-120.99404907226562,37.678188323974609
82349156,2024,2024-03-29,5002,2024-02-15,1624,13384,RD01,4,5,6,5002,0,0,0,,0,063,"PELANDALE AVE","PRESCOTT RD",3.00,W,N,A,-,N,,,,,,,,,,N,4,0,1,2,A,-,03,22350,,F,C,C,A,A,H,-,A,A,0,,,,,Y,,D,22,0,0,1,0,0,0,0,0,0,"- ","- ",37.700641632080078,-121.03167724609375,STANISLAUS,MODESTO,-121.03178405761719,37.700458526611328
82350259,2024,2024-04-01,5002,2024-03-24,2321,13481,M314,7,5,6,5002,0,0,0,,0,043,"EL VISTA AVE","ROBLE AVE (S)",92.00,N,N,C,-,N,,,,,,,,,,Y,3,0,2,2,A,-,01,23152,A,N,C,E,A,B,H,-,C,D,0,,,,,Y,Y,A,01,0,2,0,0,0,0,0,0,0,"- ","- ",37.643001556396484,-120.957763671875,STANISLAUS,MODESTO,-120.95723724365234,37.643814086914062
82353549,2024,2024-04-03,5002,2024-03-26,1456,13396,M554,2,5,6,5002,0,0,0,,0,031,"CARPENTER RD","ROBERTSON RD",800.00,S,N,A,-,N,,,,,,,,,,Y,3,0,1,3,A,-,04,21703,,N,C,C,A,A,H,-,A,D,0,,,,,Y,,A,01,0,1,0,0,0,0,0,0,0,"- ","- ",37.613208770751953,-121.03053283691406,STANISLAUS,MODESTO,-121.03046417236328,37.611034393310547
82366235,2024,2024-04-17,5002,2024-04-06,1650,13055,M045,6,5,6,5002,0,0,0,,0,082,"BRIGGSMORE AVE","TULLY RD",55.00,S,N,A,-,N,,,,,,,,,,N,4,0,1,2,A,-,03,22350,,F,C,C,A,A,H,-,A,A,0,,,,,Y,,A,01,0,0,1,0,0,0,0,0,0,"- ","- ",37.670341491699219,-121.01232147216797,STANISLAUS,MODESTO,-121.01225280761719,37.670318603515625