CASE_ID,ACCIDENT_YEAR,PROC_DATE,JURIS,COLLISION_DATE,COLLISION_TIME,OFFICER_ID,REPORTING_DISTRICT,DAY_OF_WEEK,CHP_SHIFT,POPULATION,CNTY_CITY_LOC,SPECIAL_COND,BEAT_TYPE,CHP_BEAT_TYPE,CITY_DIVISION_LAPD,CHP_BEAT_CLASS,BEAT_NUMBER,PRIMARY_RD,SECONDARY_RD,DISTANCE,DIRECTION,INTERSECTION,WEATHER_1,WEATHER_2,STATE_HWY_IND,CALTRANS_COUNTY,CALTRANS_DISTRICT,STATE_ROUTE,ROUTE_SUFFIX,POSTMILE_PREFIX,POSTMILE,LOCATION_TYPE,RAMP_INTERSECTION,SIDE_OF_HWY,TOW_AWAY,COLLISION_SEVERITY,NUMBER_KILLED,NUMBER_INJURED,PARTY_COUNT,PRIMARY_COLL_FACTOR,PCF_CODE_OF_VIOL,PCF_VIOL_CATEGORY,PCF_VIOLATION,PCF_VIOL_SUBSECTION,HIT_AND_RUN,TYPE_OF_COLLISION,MVIW,PED_ACTION,ROAD_SURFACE,ROAD_COND_1,ROAD_COND_2,LIGHTING,CONTROL_DEVICE,CHP_ROAD_TYPE,PEDESTRIAN_ACCIDENT,BICYCLE_ACCIDENT,MOTORCYCLE_ACCIDENT,TRUCK_ACCIDENT,NOT_PRIVATE_PROPERTY,ALCOHOL_INVOLVED,STWD_VEHTYPE_AT_FAULT,CHP_VEHTYPE_AT_FAULT,COUNT_SEVERE_INJ,COUNT_VISIBLE_INJ,COUNT_COMPLAINT_PAIN,COUNT_PED_KILLED,COUNT_PED_INJURED,COUNT_BICYCLIST_KILLED,COUNT_BICYCLIST_INJURED,COUNT_MC_KILLED,COUNT_MC_INJURED,PRIMARY_RAMP,SECONDARY_RAMP,LATITUDE,LONGITUDE,COUNTY,CITY,POINT_X,POINT_Y
8411332,2017,2017-08-18,5002,2017-07-12,1514,13058,,3,5,6,5002,0,0,0,,0,032,TUOLUMNE,ROSELAWN,10.00,E,N,A,-,N,,,,,,,,,,Y,4,0,1,2,A,-,21,22106,,M,C,C,A,A,H,-,A,A,0,,,,,Y,,A,,0,0,1,0,0,0,0,0,0,"- ","- ",,,STANISLAUS,MODESTO,-121.00489546999999,37.627830000000003
8413237,2017,2018-06-11,5006,2017-07-06,1434,S01836,RPS,4,5,3,5006,0,0,0,,0,RPD1,"RT 108","HOT SPRINGS",378.00,E,N,A,-,Y,STA,10,108,-,-,30.660,H,-,W,Y,4,0,1,2,A,-,09,21801,A,N,D,C,A,A,H,-,A,D,0,,,,,Y,,A,01,0,0,1,0,0,0,0,0,0,"- ","- ",,,STANISLAUS,RIVERBANK,-120.96581808000001,37.732708410000001
8421224,2017,2017-08-02,5007,2017-07-11,1505,5724,COUNT,2,5,5,5007,0,0,0,,0,003,"WEST MAIN ST","FARR ST",0.00,,Y,A,-,N,,,,,,,,,,Y,4,0,1,2,A,-,21,22106,,N,D,C,A,-,H,-,A,D,0,,,,,Y,,A,01,0,0,1,0,0,0,0,0,0,"- ","- ",,,STANISLAUS,TURLOCK,-120.85686996,37.492729930000003
8427247,2017,2017-08-15,5006,2017-07-12,1216,S987,MODES,3,5,3,5006,0,0,0,,0,,"MORRILL RD","CHANCELLOR WY",0.00,,Y,A,-,N,,,,,,,,,,Y,3,0,4,3,A,-,03,22350,,N,C,C,A,A,H,-,A,A,0,,,,,Y,,A,01,0,3,1,0,0,0,0,0,0,"- ","- ",,,STANISLAUS,RIVERBANK,-120.95442998999999,37.72542996
8431987,2017,2017-08-23,5002,2017-07-30,2029,11793,,7,5,6,5002,0,0,0,,0,061,"NORTH 9TH ST","COLDWELL AV",0.00,,Y,A,-,N,,,,,,,,,,N,4,0,1,2,A,-,09,21801,A,N,D,C,A,A,H,-,B,A,0,,,,,Y,,A,,0,0,1,0,0,0,0,0,0,"- ","- ",,,STANISLAUS,MODESTO,-121.01809986000001,37.653199979999997
8432025,2017,2017-08-21,5002,2017-08-02,1213,10899,151,3,5,6,5002,0,0,0,,0,073,"FLOYD AV","MILLBROOK AV",0.00,,Y,A,-,N,,,,,,,,,,Y,4,0,1,2,A,-,12,22450,A,N,D,C,A,A,H,-,A,A,0,,,,,Y,,A,,0,0,1,0,0,0,0,0,0,"- ","- ",,,STANISLAUS,MODESTO,-120.93190989,37.678199900000003
8433288,2017,2018-06-11,5007,2017-07-20,2210,5765,,4,5,5,5007,0,0,0,,0,003,"WEST MAIN ST","RT 99",0.00,,Y,A,-,Y,STA,10,99,-,R,3.627,R,4,N,N,3,0,1,2,A,-,12,21453,A,N,D,G,A,A,H,-,C,A,0,,Y,,,Y,,L,04,0,1,0,0,0,0,1,0,0,"- ",NO,,,STANISLAUS,TURLOCK,-120.87107085,37.494931960000002
8434065,2017,2018-04-23,5002,2017-06-21,1118,10545,334,3,5,6,5002,0,0,0,,0,043,"NORTH RIVERSIDE DR","RT 132",0.00,,Y,A,-,Y,STA,10,132,-,-,17.650,I,5,E,Y,3,0,4,2,A,-,09,21801,A,N,D,C,A,A,H,-,-,A,0,,,,,Y,,A,,0,1,3,0,0,0,0,0,0,"- ","- ",,,STANISLAUS,MODESTO,-120.94807197,37.638172040000001
8434322,2017,2018-03-24,5004,2017-06-06,1204,187,RD38,2,5,3,5004,0,0,0,,0,00E,"RT 120","JOHNSON AV",0.00,,Y,A,-,Y,STA,10,120,-,-,5.590,H,-,E,N,4,0,1,3,A,-,03,22350,,N,C,C,A,A,G,-,A,A,0,,,,,Y,,-,,0,0,1,0,0,0,0,0,0,"- ","- ",,,STANISLAUS,OAKDALE,-120.83895208,37.769593389999997
84356582,2024,2024-08-16,5002,2024-07-03,"755 ",13132,,3,5,6,5002,0,0,0,,0,041,"7TH ST","F ST",0.00,,Y,A,-,N,,,,,,,,,,Y,3,0,3,2,A,-,09,21802,A,N,D,C,A,A,H,-,A,B,0,,,,,Y,,A,07,0,2,1,0,0,0,0,0,0,"- ","- ",37.634498596191406,-120.99851989746094,STANISLAUS,MODESTO,-120.99855041503906,37.634498596191406
8435665,2017,2018-05-22,5002,2017-08-11,1159,11475,M465,5,5,6,5002,0,0,0,,0,042,"RT 132","S SANTA ROSA AV",0.00,,Y,A,-,Y,STA,10,132,-,-,15.880,H,-,E,Y,3,0,1,2,A,-,01,23152,A,N,C,C,A,A,H,-,A,A,0,,,,Y,Y,Y,A,,0,1,0,0,0,0,0,0,0,"- ","- ",,,STANISLAUS,MODESTO,-120.98007800000001,37.638217709999999
8435826,2017,2017-08-29,5002,2017-08-09,0943,13093,M165,3,5,6,5002,0,0,0,,0,072,"ROSELLE AV","FLOYD AV",0.00,,Y,A,-,N,,,,,,,,,,Y,3,0,1,1,A,-,08,22107,,N,F,A,A,A,H,-,A,A,0,,,Y,,Y,,C,,0,1,0,0,0,0,0,0,1,"- ","- ",,,STANISLAUS,MODESTO,-120.939775,37.678255
84361245,2024,2024-08-20,5002,2024-06-21,1934,13522,,5,5,6,5002,0,0,0,,0,042,"SR 132 (YOSEMITE BLVD)","S SANTA CRUZ AVE",0.00,,Y,A,-,Y,,,,,,,,,,N,3,0,2,2,A,-,12,22450,A,N,D,C,A,A,H,-,A,A,0,,,,,Y,Y,D,22,0,2,0,0,0,0,0,0,0,"- ","- ",,,STANISLAUS,MODESTO,-120.97483062744141,37.638187408447266
84361251,2024,2024-08-20,5002,2024-07-04,2028,13443,,4,5,6,5002,0,0,0,,0,083,"TULLY RD","RUMBLE RD",0.00,,Y,A,-,N,,,,,,,,,,N,4,0,2,2,A,-,12,21453,A,N,D,C,A,A,H,-,B,A,0,,,,,Y,,D,22,0,0,2,0,0,0,0,0,0,"- ","- ",37.682098388671875,-121.01239013671875,STANISLAUS,MODESTO,-121.01239013671875,37.682071685791016
84370597,2024,2024-08-27,5002,2024-06-30,2248,13206,,7,5,6,5002,0,0,0,,0,083,"STANDIFORD AVE","MC HENRY AVE",368.00,W,N,A,-,N,,,,,,,,,,Y,4,0,1,1,A,-,03,22350,,N,E,I,A,A,H,-,C,D,0,,,,,Y,,A,01,0,0,1,0,0,0,0,0,0,"- ","- ",37.689090728759766,-120.99437713623047,STANISLAUS,MODESTO,-120.99558258056641,37.689121246337891
84370605,2024,2024-08-27,5002,2024-07-18,"616 ",13444,,4,5,6,5002,0,0,0,,0,082,"MC HENRY AVE SR108","BRIGGSMORE AVE",220.00,S,N,A,-,Y,STA,,108," "," ",24.804,H,,L,N,3,0,1,2,A,-,05,21202,A,N,D,G,A,A,H,-,C,D,0,,Y,,,Y,,L,04,0,1,0,0,0,0,1,0,0,"- ","- ",37.670448303222656,-120.99411010742188,STANISLAUS,MODESTO,-120.99411010742188,37.670448303222656
84380591,2024,2024-09-04,5002,2024-07-29,1442,13541,,1,5,6,5002,0,0,0,,0,041,"6TH ST","I ST",0.00,,Y,A,-,N,,,,,,,,,,N,4,0,1,3,A,-,12,21453,A,N,D,C,A,A,H,-,A,A,0,,,,,Y,,A,01,0,0,1,0,0,0,0,0,0,"- ","- ",37.636608123779297,-121.00348663330078,STANISLAUS,MODESTO,-121.00298309326172,37.636650085449219
84380592,2024,2024-09-04,5002,2024-07-30,1220,13541,,2,5,6,5002,0,0,0,,0,041,"H ST","10TH ST",185.00,E,N,A,-,N,,,,,,,,,,N,4,0,1,2,A,-,04,21703,,N,C,C,A,A,H,-,A,A,0,,,,,Y,,A,01,0,0,1,0,0,0,0,0,0,"- ","- ",37.638561248779297,-120.99799346923828,STANISLAUS,MODESTO,-120.99753570556641,37.638908386230469
84387719,2024,2024-09-10,5002,2024-08-22,"329 ",11529,,4,5,6,5002,0,0,0,,0,062,"BRIGGSMORE AVE","CARVER RD",455.00,E,N,A,-,N,,,,,,,,,,N,3,0,1,2,A,-,08,22107,,F,H,G,A,A,H,-,D,D,0,,Y,,,Y,,A,07,0,1,0,0,0,0,1,0,0,"- ","- ",37.670978546142578,-121.02211761474609,STANISLAUS,MODESTO,-121.02058410644531,37.670841217041016
84389413,2024,2024-09-11,5001,2024-08-29,1335,755,,4,5,4,5001,0,0,0,,0,,"ROCKEFELLER DR","HIL-MOR DR",0.00,,Y,A,-,N,,,,,,,,,,N,3,0,1,2,A,-,12,22450,A,F,D,C,A,A,H,-,A,A,0,,,,,Y,,A,01,0,1,0,0,0,0,0,0,0,"- ","- ",,,STANISLAUS,CERES,-120.97035217285156,37.598434448242188
84389563,2024,2024-09-11,5002,2024-08-13,"809 ",13362,,2,5,6,5002,0,0,0,,0,043,"EL VISTA AVE","HADDON AVE",344.00,S,N,A,-,N,,,,,,,,,,Y,3,0,1,2,A,-,08,22107,,N,C,E,A,A,H,-,A,D,0,,,,,Y,,A,07,0,1,0,0,0,0,0,0,0,"- ","- ",37.641700744628906,-120.95732879638672,STANISLAUS,MODESTO,-120.95720672607422,37.640754699707031
8439008,2017,2017-08-31,5002,2017-08-12,2110,11812,094,6,5,6,5002,0,0,0,,0,062,"BRIGGSMORE AV","CARVER RD",1320.00,E,N,A,-,N,,,,,,,,,,Y,3,0,1,1,A,-,01,23152,A,N,E,-,A,A,H,-,C,D,0,,,,,Y,Y,-,"- ",0,1,0,0,0,0,0,0,0,"- ","- ",,,STANISLAUS,MODESTO,-121.01763584,37.670922249999997
84413874,2024,2024-10-01,5005,2024-08-16,1927,S04144,,5,5,3,5005,0,0,0,,0,PPD,"LAS PALMAS AVE","HARTLEY ST",5.00,W,N,A,-,N,,,,,,,,,,N,3,0,1,2,A,-,11,21950,B,N,G,B,B,A,H,-,B,A,0,Y,,,,Y,,A,01,0,1,0,0,1,0,0,0,0,"- ","- ",37.474628448486328,-121.12278747558594,STANISLAUS,PATTERSON,-121.12159729003906,37.475471496582031
84415809,2024,2024-10-02,5002,2024-07-25,2000,13035,,4,5,6,5002,0,0,0,,0,081,"ROSEBURG AVE","VIRGINIA AVE",6.00,W,N,A,-,N,,,,,,,,,,N,4,0,1,2,A,-,09,21802,A,F,D,G,A,A,H,-,A,D,0,,Y,,,Y,,-,"- ",0,0,1,0,0,0,1,0,0,"- ","- ",37.6602783203125,-121.00315093994141,STANISLAUS,MODESTO,-121.00308227539062,37.660228729248047
8441791,2017,2017-09-18,5002,2017-08-31,1752,11233,M151,4,5,6,5002,0,0,0,,0,073,"CLAUS RD","SYLVAN AV",50.00,S,N,A,-,N,,,,,,,,,,N,4,0,1,2,A,-,21,22106,,N,C,C,A,A,H,-,A,A,0,,,,,Y,,A,,0,0,1,0,0,0,0,0,0,"- ","- ",,,STANISLAUS,MODESTO,-120.92153069,37.688942689999998
84420410,2024,2024-10-07,5002,2024-08-21,"629 ",13439,,3,5,6,5002,0,0,0,,0,063,"STANDIFORD AVE","CARVER RD",0.00,,Y,A,-,N,,,,,,,,,,Y,4,0,2,2,A,-,12,21453,A,N,D,C,A,A,H,-,A,A,0,,,,,Y,,A,01,0,0,2,0,0,0,0,0,0,"- ","- ",37.689449310302734,-121.0225830078125,STANISLAUS,MODESTO,-121.02243041992188,37.689445495605469
84420421,2024,2024-10-07,5002,2024-08-27,"819 ",13399,,2,5,6,5002,0,0,0,,0,042,"SR-132 (YOSEMITE BLVD)","SANTA RITA AVE",0.00,,Y,A,-,N,,,,,,,,,,N,3,0,1,2,A,-,05,21650,1,N,D,G,A,A,H,-,A,D,0,,Y,,,Y,,L,04,0,1,0,0,0,0,1,0,0,"- ","- ",37.638050079345703,-120.97879028320312,STANISLAUS,MODESTO,-120.978271484375,37.638206481933594
8442762,2017,2017-08-31,5007,2017-08-16,1639,5773,,3,5,5,5007,0,0,0,,0,004,TAYLOR,"NORTH TULLY RD",36.00,E,N,A,-,N,,,,,,,,,,Y,3,0,2,2,A,-,03,22350,,N,C,C,A,A,H,-,A,A,0,,,,,Y,,A,01,0,2,0,0,0,0,0,0,0,"- ","- ",,,STANISLAUS,TURLOCK,-120.86986585,37.536679999999997
8443466,2017,2017-09-06,5002,2017-08-19,1415,11790,M269,6,5,6,5002,0,0,0,,0,071,"ORANGEBURG AV","COFFEE RD",0.00,,Y,A,-,N,,,,,,,,,,N,4,0,1,2,A,-,21,22106,,N,C,C,A,A,H,-,A,A,0,,,,,Y,,A,,0,0,1,0,0,0,0,0,0,"- ","- ",,,STANISLAUS,MODESTO,-120.97567998,37.663549959999997
8443501,2017,2017-09-07,5002,2017-08-24,0320,10111,,4,5,6,5002,0,0,0,,0,061,"RAVEL WY","POUST RD",27.00,W,N,A,-,N,,,,,,,,,,Y,3,0,1,2,A,-,01,23152,A,N,A,E,A,A,H,-,C,D,0,,,,,Y,Y,-,,0,1,0,0,0,0,0,0,0,"- ","- ",,,STANISLAUS,MODESTO,-121.04494326,37.661508920000003
8443513,2017,2017-09-08,5002,2017-08-24,2140,13053,309,4,5,6,5002,0,0,0,,0,071,"MCGUIRE DR","SCENIC DR",300.00,N,N,A,-,N,,,,,,,,,,N,3,0,1,2,A,-,03,22350,,F,G,B,-,A,H,-,A,D,0,Y,,,,Y,Y,-,"- ",0,1,0,0,1,0,0,0,0,"- ","- ",,,STANISLAUS,MODESTO,-120.95229435,37.653454500000002
84436053,2024,2024-10-18,5002,2024-08-20,"827 ",13421,,2,5,6,5002,0,0,0,,0,061,"9TH ST","TULLY RD",0.00,,Y,A,-,N,,,,,,,,,,Y,3,0,3,2,A,-,12,21453,A,N,D,C,A,A,H,-,A,A,0,,,,,Y,,A,01,0,1,2,0,0,0,0,0,0,"- ","- ",37.648170471191406,-121.01200103759766,STANISLAUS,MODESTO,-121.01203918457031,37.648170471191406
84436054,2024,2024-10-18,5002,2024-08-22,1406,13451,,4,5,6,5002,0,0,0,,0,041,"17TH ST","I ST",0.00,,Y,A,-,N,,,,,,,,,,N,3,0,2,3,A,-,12,21453,A,N,D,C,A,A,H,-,A,A,0,,,,,Y,,-,"- ",0,1,1,0,0,0,0,0,0,"- ","- ",37.644561767578125,-120.99246978759766,STANISLAUS,MODESTO,-120.99252319335938,37.644596099853516
84455711,2024,2024-11-04,5002,2024-09-18,1839,13574,,3,5,6,5002,0,0,0,,0,033,"CALIFORNIA AVE","MARTIN LUTHER KING DR",0.00,,Y,A,-,N,,,,,,,,,,N,4,0,1,2,A,-,12,22450,A,M,D,C,A,A,H,-,C,A,0,,,,,Y,,A,07,0,0,1,0,0,0,0,0,0,"- ","- ",37.631450653076172,-121.0118408203125,STANISLAUS,MODESTO,-121.01193237304688,37.631439208984375
84459638,2024,2024-11-06,5002,2024-09-15,1154,13572,,7,5,6,5002,0,0,0,,0,031,"CROWS LANDING RD","SCHOOL AVE",42.00,S,N,A,-,N,,,,,,,,,,N,4,0,2,3,A,-,04,21703,,N,C,C,A,A,H,-,A,A,0,,,,,Y,,A,01,0,0,2,0,0,0,0,0,0,"- ","- ",37.612140655517578,-120.99379730224609,STANISLAUS,MODESTO,-120.99368286132812,37.612052917480469
84467326,2024,2024-11-13,5002,2024-09-18,2137,13574,,3,5,6,5002,0,0,0,,0,071,"CLAUS RD","SCENIC DR",0.00,,Y,A,-,N,,,,,,,,,,Y,3,0,1,2,A,-,03,22350,,N,H,C,A,A,H,-,C,D,0,,,,,Y,,A,01,0,1,0,0,0,0,0,0,0,"- ","- ",37.657718658447266,-120.92124176025391,STANISLAUS,MODESTO,-120.92121887207031,37.657783508300781
84472107,2024,2024-11-18,5002,2024-09-17,2123,13028,,2,5,6,5002,0,0,0,,0,,"I ST","6TH ST",0.00,,Y,A,-,N,,,,,,,,,,Y,3,0,2,2,A,-,12,21453,A,N,D,C,A,A,H,-,C,A,0,,,,,Y,,A,01,0,1,1,0,0,0,0,0,0,"- ","- ",37.636608123779297,-121.00348663330078,STANISLAUS,MODESTO,-121.00298309326172,37.636650085449219
84476240,2024,2024-11-20,5001,2024-11-05,2221,895,,2,5,4,5001,0,0,0,,0,003,"HATCH RD","MITCHELL RD",300.00,W,N,A,-,N,,,,,,,,,,N,3,0,1,2,A,-,11,21954,A,N,G,B,D,A,H,-,C,D,0,Y,,,,Y,,N,60,0,1,0,0,1,0,0,0,0,"- ","- ",,,STANISLAUS,CERES,-120.93978881835938,37.609321594238281
84476450,2024,2024-11-20,5002,2024-09-29,1250,13478,,7,5,6,5002,0,0,0,,0,071,"ROSE AVE","ELIZABETH AVE",132.00,N,N,A,-,N,,,,,,,,,,N,3,0,2,2,A,-,05,21202,A,N,C,G,A,A,H,-,A,D,0,,Y,,,Y,,L,04,0,1,1,0,0,0,1,0,0,"- ","- ",37.653041839599609,-120.96646118164062,STANISLAUS,MODESTO,-120.96648406982422,37.653423309326172
84489761,2024,2024-12-03,5001,2024-11-29,1224,821,,5,5,4,5001,0,0,0,,0,003,"WHITMORE AVE","MOFFETT RD",0.00,,Y,A,-,N,,,,,,,,,,Y,4,0,1,2,A,-,09,21800,D,N,D,C,A,A,H,-,A,B,0,,,,,Y,,A,01,0,0,1,0,0,0,0,0,0,"- ","- ",,,STANISLAUS,CERES,-120.94783020019531,37.594764709472656
84504485,2024,2024-12-16,5002,2024-09-17,2101,13288,,2,5,6,5002,0,0,0,,0,032,"H ST","1ST ST (W)",0.00,,Y,A,-,N,,,,,,,,,,N,2,0,1,1,A,-,08,22107,,N,E,I,A,A,F,-,C,A,0,,Y,,,Y,,L,04,1,0,0,0,0,0,1,0,0,"- ","- ",,,STANISLAUS,MODESTO,-121.00656890869141,37.632114410400391
84504491,2024,2024-12-16,5002,2024-09-22,1629,13579,,7,5,6,5002,0,0,0,,0,083,"SYLVAN AVE","MC HENRY AVE",426.00,E,N,A,-,Y,STA,,108," "," ",26.051,H,,L,Y,3,0,2,2,A,-,09,21804,A,N,D,C,A,A,H,-,A,D,0,,,,,Y,,A,01,0,1,1,0,0,0,0,0,0,"- ","- ",37.688980102539062,-120.99446868896484,STANISLAUS,MODESTO,-120.99440765380859,37.688980102539062
84504497,2024,2024-12-16,5002,2024-10-04,1715,13574,,5,5,6,5002,0,0,0,,0,073,"COFFEE RD","GRAND PRIX DR",0.00,,Y,A,-,N,,,,,,,,,,N,4,0,1,2,A,-,09,21802,A,N,D,C,A,A,H,-,A,A,0,,,,,Y,,A,01,0,0,1,0,0,0,0,0,0,"- ","- ",37.694080352783203,-120.97627258300781,STANISLAUS,MODESTO,-120.97615814208984,37.694286346435547
84504500,2024,2024-12-16,5002,2024-10-07,"908 ",13520,,1,5,6,5002,0,0,0,,0,061,"CARPENTER RD","BLUE GUM AVE",0.00,,Y,A,-,N,,,,,,,,,,N,3,0,1,2,A,-,09,21800,A,N,D,G,A,A,H,-,A,A,0,,Y,,,Y,,L,04,0,1,0,0,0,0,1,0,0,"- ","- ",37.660568237304688,-121.03150939941406,STANISLAUS,MODESTO,-121.03115844726562,37.660526275634766
84504531,2024,2024-12-16,5002,2024-11-03,1358,13506,,7,5,6,5002,0,0,0,,0,033,"MADISON ST","PINE ST",0.00,,Y,A,-,N,,,,,,,,,,Y,3,0,2,2,A,-,09,21802,A,N,D,C,A,A,H,-,A,D,0,,,,,Y,,A,07,0,1,1,0,0,0,0,0,0,"- ","- ",37.635589599609375,-121.01039123535156,STANISLAUS,MODESTO,-121.01040649414062,37.635562896728516
84504570,2024,2024-12-16,5002,2024-11-20,1945,13307,,3,5,6,5002,0,0,0,,0,073,"ORANGEBURG AVE","MUIRSWOOD WAY",167.00,W,N,B,-,N,,,,,,,,,,N,4,0,1,2,A,-,06,21751,,N,B,C,A,A,H,-,C,D,0,,,,,Y,,A,01,0,0,1,0,0,0,0,0,0,"- ","- ",37.663681030273438,-120.96253204345703,STANISLAUS,MODESTO,-120.96308135986328,37.663658142089844
84504624,2024,2024-12-16,5002,2024-12-05,"718 ",13362,,4,5,6,5002,0,0,0,,0,043,"SR-132 (YOSEMITE BL)","CLAUS AVE",174.00,W,N,A,-,N,,,,,,,,,,Y,4,0,1,2,A,-,04,21703,,N,C,C,A,A,H,-,B,D,0,,,,Y,Y,,A,01,0,0,1,0,0,0,0,0,0,"- ","- ",,,STANISLAUS,MODESTO,-120.92391967773438,37.638259887695312
84504644,2024,2025-01-16,5002,2024-12-08,1834,11697,,7,5,6,5002,0,0,0,,0,062,"SISK RD","WHITCOMB WAY",99.00,N,N,A,-,N,,,,,,,,,,Y,2,0,2,3,A,-,07,21658,A,N,B,C,A,A,H,-,C,D,0,,,,,Y,,A,01,1,0,1,0,0,0,0,0,0,"- ","- ",37.674690246582031,-121.0426025390625,STANISLAUS,MODESTO,-121.04283142089844,37.674858093261719
8450672,2017,2017-10-06,5007,2017-08-18,2316,5743,5007,5,5,5,5007,0,0,0,,0,001,"COLORADO AV","TUOLUMNE RD",0.00,,N,A,-,N,,,,,,,,,,Y,2,0,1,1,C,-,18,,,N,E,I,A,A,H,-,C,D,0,,,,,Y,,-,"- ",1,0,0,0,0,0,0,0,0,"- ","- ",,,STANISLAUS,TURLOCK,-120.83525992,37.514629909999996
8452454,2017,2017-09-25,5002,2017-09-05,2219,11776,558,2,5,6,5002,0,0,0,,0,031,"IRONSIDE DR","CHESAPEAKE AV",15.00,E,N,A,-,N,,,,,,,,,,N,3,0,1,2,A,-,11,21954,A,F,G,B,D,A,H,-,C,D,0,Y,,,,Y,,N,,0,1,0,0,1,0,0,0,0,"- ","- ",,,STANISLAUS,MODESTO,-121.01461823,37.602659240000001
84529376,2024,2025-01-09,5002,2024-10-08,1901,13579,,2,5,6,5002,0,0,0,,0,073,"FLOYD AVE","OAKDALE RD",154.00,W,N,A,-,N,,,,,,,,,,N,3,0,1,2,A,-,17,21657,,N,D,C,A,A,H,-,C,D,0,,,Y,,Y,,C,03,0,1,0,0,0,0,0,0,1,"- ","- ",37.677818298339844,-120.9580078125,STANISLAUS,MODESTO,-120.95829010009766,37.678081512451172
84529588,2024,2025-01-08,5002,2024-12-24,1726,13300,,2,5,6,5002,0,0,0,,0,061,"9TH ST","COLDWELL AVE",8.00,N,N,A,-,N,,,,,,,,,,N,4,0,2,2,A,-,09,21453,B,N,B,C,A,B,H,-,C,A,0,,,,,Y,,A,07,0,0,2,0,0,0,0,0,0,"- ","- ",37.653179168701172,-121.01841735839844,STANISLAUS,MODESTO,-121.01811981201172,37.653217315673828
84539448,2025,2025-01-16,5002,2025-01-08,"916 ",13637,,3,5,6,5002,0,0,0,,0,082,"1524 MCHENRY AVE","COOLIDGE AVE",220.00,N,N,A,-,Y,,,,,,,,,,N,4,0,1,2,B,-,22,,,N,G,B,C,A,H,-,A,A,0,Y,,,,Y,,D,22,0,0,1,0,1,0,0,0,0,"- ","- ",,,STANISLAUS,MODESTO,-120.99395751953125,37.666103363037109
84560484,2024,2025-02-03,5006,2024-12-11,"805 ",S01836,,3,5,3,5006,0,0,0,,0,RPD,"CLARIBEL RD","MACHADO PKWY",20.00,E,N,E,-,N,,,,,,,,,,Y,4,0,1,2,A,-,03,22350,,N,C,C,A,A,H,-,A,A,0,,,,,Y,,A,07,0,0,1,0,0,0,0,0,0,"- ","- ",,,STANISLAUS,RIVERBANK,,
8456686,2017,2017-10-03,5007,2017-09-08,0916,5776,5007,5,5,5,5007,0,0,0,,0,005,"NORTH PALM ST","STARR AV",0.00,,Y,A,-,N,,,,,,,,,,Y,4,0,2,2,A,-,09,21802,A,N,D,C,A,A,H,-,A,D,0,,,,,Y,,D,22,0,0,2,0,0,0,0,0,0,"- ","- ",,,STANISLAUS,TURLOCK,-120.84654996,37.502409929999999
84567137,2025,2025-02-06,5002,2025-01-23,"945 ",13548,,4,5,6,5002,0,0,0,,0,041,"SR 132 (L ST)","SR 132 (9TH ST)",0.00,,Y,A,-,Y,STA,,132," ",L,14.983,H,,R,N,4,0,2,2,A,-,08,22107,,F,B,C,A,A,H,-,A,A,0,,,,,Y,,-,32,0,0,2,0,0,0,0,0,0,"- ","- ",37.641719818115234,-121.0035400390625,STANISLAUS,MODESTO,-121.00357055664062,37.641693115234375
84569531,2025,2025-02-07,5001,2025-02-05,1052,818,,3,5,4,5001,0,0,0,,0,005,"WHITMORE AVE","5TH ST",0.00,,Y,A,-,N,,,,,,,,,,N,4,0,1,2,A,-,12,21453,A,N,D,C,A,A,H,-,A,A,0,,,,,Y,,A,01,0,0,1,0,0,0,0,0,0,"- ","- ",,,STANISLAUS,CERES,-120.95223999023438,37.594772338867188
84602015,2025,2025-03-18,5001,2025-02-28,1107,946,,5,5,4,5001,0,0,0,,0,003,"MITCHELL RD","DALE AVE",0.00,,Y,A,-,N,,,,,,,,,,N,4,0,1,2,A,-,09,21802,A,N,D,C,A,A,H,-,A,D,0,,,,,Y,,A,01,0,0,1,0,0,0,0,0,0,"- ","- ",,,STANISLAUS,CERES,-120.93869018554688,37.597618103027344
8460570,2017,2018-07-09,5002,2017-09-07,1100,13085,,4,5,6,5002,0,0,0,,0,043,"YOSEMITE BL","MARIPOSA RD",0.00,,Y,B,-,Y,STA,10,132,-,-,18.380,I,5,E,Y,4,0,1,2,A,-,12,21453,A,N,D,C,A,A,H,-,A,A,0,,,,,Y,,-,"- ",0,0,1,0,0,0,0,0,0,"- ","- ",,,STANISLAUS,MODESTO,-120.9346839,37.638190510000001
84607169,2025,2025-04-02,5002,2025-03-01,"252 ",13439,,6,5,6,5002,0,0,0,,0,041,"G ST","12TH ST",50.00,W,N,A,-,N,,,,,,,,,,Y,3,0,2,2,A,-,01,23152,A,N,C,C,A,A,H,-,C,A,0,,,,,Y,Y,A,07,0,1,1,0,0,0,0,0,0,"- ","- ",37.639019012451172,-120.99494171142578,STANISLAUS,MODESTO,-120.99507904052734,37.638954162597656
84633618,2025,2025-04-02,5001,2025-03-30,"320 ",917,,7,5,4,5001,0,0,0,,0,003,"MITCHELL RD","HATCH RD",0.00,,Y,C,-,N,,,,,,,,,,Y,4,0,1,2,A,-,01,23152,A,N,D,C,A,B,H,-,C,A,0,,,,,Y,Y,D,22,0,0,1,0,0,0,0,0,0,"- ","- ",,,STANISLAUS,CERES,-120.93875122070312,37.609317779541016
84633834,2025,2025-04-02,5002,2025-01-24,1659,13574,,5,5,6,5002,0,0,0,,0,082,"COLLEGE AVE","GRANGER AVE",0.00,,Y,A,-,N,,,,,,,,,,Y,3,0,1,3,A,-,12,21453,A,N,D,C,A,A,H,-,A,A,0,,,,,Y,,A,07,0,1,0,0,0,0,0,0,0,"- ","- ",37.667499542236328,-121.00798034667969,STANISLAUS,MODESTO,-121.00765991210938,37.667537689208984