CASE_ID,ACCIDENT_YEAR,PROC_DATE,JURIS,COLLISION_DATE,COLLISION_TIME,OFFICER_ID,REPORTING_DISTRICT,DAY_OF_WEEK,CHP_SHIFT,POPULATION,CNTY_CITY_LOC,SPECIAL_COND,BEAT_TYPE,CHP_BEAT_TYPE,CITY_DIVISION_LAPD,CHP_BEAT_CLASS,BEAT_NUMBER,PRIMARY_RD,SECONDARY_RD,DISTANCE,DIRECTION,INTERSECTION,WEATHER_1,WEATHER_2,STATE_HWY_IND,CALTRANS_COUNTY,CALTRANS_DISTRICT,STATE_ROUTE,ROUTE_SUFFIX,POSTMILE_PREFIX,POSTMILE,LOCATION_TYPE,RAMP_INTERSECTION,SIDE_OF_HWY,TOW_AWAY,COLLISION_SEVERITY,NUMBER_KILLED,NUMBER_INJURED,PARTY_COUNT,PRIMARY_COLL_FACTOR,PCF_CODE_OF_VIOL,PCF_VIOL_CATEGORY,PCF_VIOLATION,PCF_VIOL_SUBSECTION,HIT_AND_RUN,TYPE_OF_COLLISION,MVIW,PED_ACTION,ROAD_SURFACE,ROAD_COND_1,ROAD_COND_2,LIGHTING,CONTROL_DEVICE,CHP_ROAD_TYPE,PEDESTRIAN_ACCIDENT,BICYCLE_ACCIDENT,MOTORCYCLE_ACCIDENT,TRUCK_ACCIDENT,NOT_PRIVATE_PROPERTY,ALCOHOL_INVOLVED,STWD_VEHTYPE_AT_FAULT,CHP_VEHTYPE_AT_FAULT,COUNT_SEVERE_INJ,COUNT_VISIBLE_INJ,COUNT_COMPLAINT_PAIN,COUNT_PED_KILLED,COUNT_PED_INJURED,COUNT_BICYCLIST_KILLED,COUNT_BICYCLIST_INJURED,COUNT_MC_KILLED,COUNT_MC_INJURED,PRIMARY_RAMP,SECONDARY_RAMP,LATITUDE,LONGITUDE,COUNTY,CITY,POINT_X,POINT_Y
84633847,2025,2025-04-03,5002,2025-02-01,1640,13600,,6,5,6,5002,0,0,0,,0,062,"BRIGGSMORE AVE","CARVER RD",48.00,E,N,A,-,N,,,,,,,,,,Y,4,0,1,4,A,-,03,22350,,N,C,C,A,A,H,-,A,A,0,,,,,Y,,A,01,0,0,1,0,0,0,0,0,0,"- ","- ",37.670978546142578,-121.02211761474609,STANISLAUS,MODESTO,-121.02197265625,37.671009063720703
84635541,2025,2025-04-04,5002,2025-03-14,2029,13398,,5,5,6,5002,0,0,0,,0,031,"CROWS LANDING RD","AMADOR AVE",0.00,,Y,B,-,N,,,,,,,,,,Y,4,0,1,3,A,-,00,23153,F,N,D,C,A,B,H,-,C,D,0,,,,,Y,Y,A,01,0,0,1,0,0,0,0,0,0,"- ","- ",37.607589721679688,-120.99369812011719,STANISLAUS,MODESTO,-120.99356842041016,37.607635498046875
84637240,2025,2025-04-04,5002,2025-02-07,"758 ",13060,,5,5,6,5002,0,0,0,,0,,"RUMBLE RD","NICKS WAY",233.00,E,N,A,-,N,,,,,,,,,,Y,4,0,1,2,A,-,09,21804,A,N,D,C,A,A,H,-,A,D,0,,,,,Y,,A,01,0,0,1,0,0,0,0,0,0,"- ","- ",37.681659698486328,-121.02085113525391,STANISLAUS,MODESTO,-121.02007293701172,37.681602478027344
84640681,2025,2025-04-21,5002,2025-02-09,2000,13478,,7,5,6,5002,0,0,0,,0,073,"SYLVAN AVE","COFFEE RD",0.00,,Y,A,-,N,,,,,,,,,,Y,4,0,2,2,A,-,12,21453,A,N,A,C,A,A,H,-,C,A,0,,,,,Y,,A,01,0,0,2,0,0,0,0,0,0,"- ","- ",37.688880920410156,-120.97605895996094,STANISLAUS,MODESTO,-120.97608947753906,37.68890380859375
84651044,2025,2025-04-16,5001,2025-04-14,1856,755,,1,5,4,5001,0,0,0,,0,001,"HERNDON RD","EUGENE AVE",0.00,,Y,A,-,N,,,,,,,,,,Y,4,0,1,2,A,-,08,22107,,N,D,C,A,A,H,-,A,A,0,,,,,Y,,A,01,0,0,1,0,0,0,0,0,0,"- ","- ",,,STANISLAUS,CERES,-120.97537231445312,37.611900329589844
8465221,2017,2017-11-27,5002,2017-09-26,1418,10069,,2,5,6,5002,0,0,0,,0,033,"ROSELAWN AV","SIERRA AV",15.00,S,N,A,-,N,,,,,,,,,,N,3,0,1,2,A,-,10,21950,A,N,G,B,B,A,H,-,A,D,0,Y,,,,Y,,A,,0,1,0,0,1,0,0,0,0,"- ","- ",,,STANISLAUS,MODESTO,-121.00496,37.631188809999998
84659437,2025,2025-04-23,5002,2025-02-27,1924,13478,,4,5,6,5002,0,0,0,,0,072,"BRIGGSMORE AVE","ROSE AVE",0.00,,Y,A,-,N,,,,,,,,,,Y,4,0,2,2,A,-,12,21453,A,N,D,C,A,A,H,-,C,A,0,,,,,Y,,-,"- ",0,0,2,0,0,0,0,0,0,"- ","- ",37.667030334472656,-120.96662139892578,STANISLAUS,MODESTO,-120.96665954589844,37.666915893554688
8466116,2017,2017-10-05,5002,2017-09-20,1935,11608,M729,3,5,6,5002,0,0,0,,0,032,"PARADISE RD","MARTIN LUTHER KING DR",0.00,,Y,A,-,N,,,,,,,,,,Y,4,0,1,2,A,-,09,21801,A,F,D,C,A,A,H,-,B,A,0,,,,,Y,,A,,0,0,1,0,0,0,0,0,0,"- ","- ",,,STANISLAUS,MODESTO,-121.01184997,37.627819950000003
8466154,2017,2017-10-05,5002,2017-09-13,1343,10507,387,3,5,6,5002,0,0,0,,0,041,"H ST","12TH ST",0.00,,Y,A,-,N,,,,,,,,,,Y,4,0,2,3,A,-,12,21453,A,N,D,C,A,A,C,-,A,A,0,,,,,Y,,-,,0,0,2,0,0,0,0,0,0,"- ","- ",,,STANISLAUS,MODESTO,-120.99607985999999,37.640009890000002
84667667,2025,2025-04-29,5002,2025-02-18,1721,13189,,2,5,6,5002,0,0,0,,0,073,"OAKDALE RD","FLOYD AVE",234.00,S,N,A,-,N,,,,,,,,,,N,4,0,3,2,A,-,08,22107,,N,D,C,A,A,H,-,A,D,0,,,,,Y,,A,01,0,0,3,0,0,0,0,0,0,"- ","- ",37.67816162109375,-120.957763671875,STANISLAUS,MODESTO,-120.957763671875,37.677436828613281
84671241,2025,2025-05-14,5002,2025-03-15,2018,13602,,6,5,6,5002,0,0,0,,0,043,"RIVERSIDE DR","SR-132 (YOSEMITE BLVD)",0.00,,Y,A,-,Y,STA,,132," "," ",17.645,H,,R,Y,4,0,3,2,A,-,17,21451,A,N,D,C,A,A,H,-,C,A,0,,,,,Y,,A,07,0,0,3,0,0,0,0,0,0,"- ","- ",37.638099670410156,-120.94817352294922,STANISLAUS,MODESTO,-120.94817352294922,37.638114929199219
84677972,2025,2025-05-08,5002,2025-02-05,1540,13650,,3,5,6,5002,0,0,0,,0,081,"BURNEY ST","19TH ST",0.00,,Y,A,-,N,,,,,,,,,,N,4,0,1,2,A,-,07,21658,A,N,B,C,A,A,H,-,A,A,0,,,,,Y,,A,01,0,0,1,0,0,0,0,0,0,"- ","- ",37.644401550292969,-120.98941040039062,STANISLAUS,MODESTO,-120.98894500732422,37.644561767578125
84679796,2025,2025-05-08,5002,2025-02-26,1831,13621,,3,5,6,5002,0,0,0,,0,071,"ROSE AVE","WYLIE DR",0.00,,Y,A,-,N,,,,,,,,,,N,4,0,1,3,A,-,09,21802,A,N,D,C,A,A,H,-,C,A,0,,,,,Y,,A,01,0,0,1,0,0,0,0,0,0,"- ","- ",37.6580810546875,-120.96649169921875,STANISLAUS,MODESTO,-120.96653747558594,37.658096313476562
84681079,2025,2025-05-09,5001,2025-05-07,1223,956,,3,5,4,5001,0,0,0,,0,001,"HERNDON RD","GRAND VIEW AVE",85.00,N,N,A,-,N,,,,,,,,,,N,4,0,3,2,A,-,03,22350,,N,C,C,A,A,H,-,A,D,0,,,,,Y,,D,22,0,0,3,0,0,0,0,0,0,"- ","- ",37.607151031494141,-120.97411346435547,STANISLAUS,CERES,-120.97402954101562,37.607086181640625
84686577,2025,2025-05-14,5002,2025-02-02,1832,13574,,7,5,6,5002,0,0,0,,0,061,"W. ORANGEBURG AVE","EVERGREEN AVE",338.00,E,N,A,-,N,,,,,,,,,,Y,4,0,1,2,A,-,09,21804,A,N,D,C,A,A,H,-,C,D,0,,,,,Y,,A,01,0,0,1,0,0,0,0,0,0,"- ","- ",37.667430877685547,-121.03040313720703,STANISLAUS,MODESTO,-121.03002166748047,37.666587829589844
84686614,2025,2025-06-13,5002,2025-02-27,1237,13444,,4,5,6,5002,0,0,0,,0,083,"SHERWOOD AVE","RUMBLE RD",0.00,,Y,A,-,N,,,,,,,,,,N,2,0,1,2,A,-,10,21950,A,N,G,B,B,A,H,-,A,A,0,Y,,,,Y,Y,A,01,1,0,0,0,1,0,0,0,0,"- ","- ",37.681838989257812,-120.99816131591797,STANISLAUS,MODESTO,-120.99817657470703,37.681892395019531
84686637,2025,2025-05-14,5002,2025-02-28,1525,13636,,5,5,6,5002,0,0,0,,0,,"EL VISTA AVE","GLENDALE AVE",0.00,,Y,A,-,Y,,,,,,,,,,N,4,0,2,2,A,-,09,21802,A,N,A,C,A,A,H,-,A,D,0,,,,,Y,,D,22,0,0,2,0,0,0,0,0,0,"- ","- ",37.639270782470703,-120.95732116699219,STANISLAUS,MODESTO,-120.95719909667969,37.639259338378906
84696753,2025,2025-05-22,5002,2025-03-18,1854,13423,,2,5,6,5002,0,0,0,,0,031,"WHITMORE AVE","DALLAS ST",38.00,E,N,A,-,N,,,,,,,,,,N,4,0,1,2,A,-,09,21801,A,N,D,C,A,A,H,-,A,A,0,,,,,Y,,A,01,0,0,1,0,0,0,0,0,0,"- ","- ",37.59490966796875,-121.0015869140625,STANISLAUS,MODESTO,-121.00125885009766,37.594997406005859
84702909,2025,2025-05-28,5002,2025-04-12,"530 ",13444,,6,5,6,5002,0,0,0,,0,081,"NEEDHAM ST","POPLAR AVE",99.00,W,N,A,-,N,,,,,,,,,,Y,4,0,1,2,A,-,07,21658,A,N,C,E,A,A,H,-,B,D,0,,,,,Y,,A,07,0,0,1,0,0,0,0,0,0,"- ","- ",37.645709991455078,-121.00067901611328,STANISLAUS,MODESTO,-121.00056457519531,37.645809173583984
84702919,2025,2025-05-28,5002,2025-05-22,1418,11661,,4,5,6,5002,0,0,0,,0,041,"8TH ST","I ST",0.00,,Y,A,-,N,,,,,,,,,,N,3,0,1,2,A,-,11,21954,A,N,G,B,D,A,H,-,A,A,0,Y,,,,Y,,N,60,0,1,0,0,1,0,0,0,0,"- ","- ",37.638130187988281,-121.00103759765625,STANISLAUS,MODESTO,-121.00104522705078,37.638107299804688
84706373,2025,2025-05-30,5001,2025-05-25,2250,947,,7,5,4,5001,0,0,0,,0,001,"EVANS RD","BROOKINGS CT",54.00,W,N,A,-,N,,,,,,,,,,N,3,0,1,2,A,-,03,22350,,F,C,G,A,A,H,-,C,D,0,,Y,,,Y,,D,22,0,1,0,0,0,0,1,0,0,"- ","- ",37.6026611328125,-120.96401977539062,STANISLAUS,CERES,-120.96390533447266,37.60272216796875
84714039,2025,2025-06-05,5002,2025-03-13,"320 ",13042,,4,5,6,5002,0,0,0,,0,043,"SR 132 (YOSEMITE BLVD)","LINCOLN AVE",325.00,E,N,A,-,Y,,,,,,,,,,Y,3,0,1,1,A,-,07,21658,A,N,E,I,A,A,H,-,C,D,0,,,,,Y,,A,01,0,1,0,0,0,0,0,0,0,"- ","- ",,,STANISLAUS,MODESTO,-120.93783569335938,37.638160705566406
84714063,2025,2025-06-05,5002,2025-04-10,1245,11053,,4,5,6,5002,0,0,0,,0,082,"MC HENRY AVE (HWY 108)","BOWEN AVE",32.00,N,N,A,-,Y,,,,,,,,,,N,4,0,1,2,A,-,21,22106,,N,C,C,A,A,H,-,A,A,0,,,,,Y,,A,01,0,0,1,0,0,0,0,0,0,"- ","- ",,,STANISLAUS,MODESTO,-120.99410247802734,37.674636840820312
84714068,2025,2025-06-09,5002,2025-04-14,1614,13518,,1,5,6,5002,0,0,0,,0,042,"YOSEMITE BLVD (SR 132)","KERR AVE",17.00,E,N,A,-,Y,STA,,132," "," ",16.356,H,,R,N,4,0,1,2,A,-,08,22107,,N,B,C,A,A,H,-,A,D,0,,,,Y,Y,,A,01,0,0,1,0,0,0,0,0,0,"- ","- ",37.638191223144531,-120.97148132324219,STANISLAUS,MODESTO,-120.97148132324219,37.638156890869141
84722911,2025,2025-06-12,5002,2025-04-15,1345,11144,,2,5,6,5002,0,0,0,,0,063,"SISK RD","VINTAGE DR",225.00,S,N,A,-,N,,,,,,,,,,N,4,0,1,2,A,-,03,22350,,N,C,C,A,A,H,-,A,A,0,,,,,Y,,A,01,0,0,1,0,0,0,0,0,0,"- ","- ",37.691341400146484,-121.06243133544922,STANISLAUS,MODESTO,-121.06175994873047,37.690711975097656
84722912,2025,2025-06-12,5002,2025-04-16,"809 ",13421,,3,5,6,5002,0,0,0,,0,081,"PRINCETON AVE","COLLEGE AVE",7.00,W,N,A,-,N,,,,,,,,,,N,3,0,1,2,A,-,05,21650,1,N,H,G,A,A,H,-,A,A,0,,Y,,,Y,,L,04,0,1,0,0,0,0,1,0,0,"- ","- ",37.655418395996094,-121.00747680664062,STANISLAUS,MODESTO,-121.00753021240234,37.655410766601562
8472735,2017,2017-11-03,5006,2017-09-29,1423,502649,,5,5,3,5006,0,0,0,,0,2L5,"3RD ST","STANISLAUS ST",0.00,,Y,A,-,N,,,,,,,,,,N,4,0,1,2,A,-,12,22450,A,N,G,G,A,A,H,-,A,D,0,,Y,,,Y,,L,04,0,0,1,0,0,0,1,0,0,"- ","- ",,,STANISLAUS,RIVERBANK,-120.93573994,37.735019919999999
84728371,2025,2025-06-17,5002,2025-04-13,1323,13462,,7,5,6,5002,0,0,0,,0,071,"WYLIE DR","GEMINI CT",318.00,E,N,A,-,N,,,,,,,,,,Y,4,0,1,3,A,-,09,21804,A,N,D,C,A,A,H,-,A,D,0,,,,,Y,,A,07,0,0,1,0,0,0,0,0,0,"- ","- ",37.658100128173828,-120.9615478515625,STANISLAUS,MODESTO,-120.96044921875,37.658103942871094
84728373,2025,2025-06-18,5002,2025-04-18,"947 ",11413,,5,5,6,5002,0,0,0,,0,072,"BRIGGSMORE AVE","ROSE AVE",1047.00,W,N,B,-,N,,,,,,,,,,Y,3,0,1,2,A,-,04,21703,,N,C,C,A,A,H,-,A,D,0,,,Y,,Y,,C,02,0,1,0,0,0,0,0,0,1,"- ","- ",37.667030334472656,-120.96662139892578,STANISLAUS,MODESTO,-120.97027587890625,37.66693115234375
84729918,2025,2025-06-18,5002,2025-05-05,1300,11053,,1,5,6,5002,0,0,0,,0,041,"16TH ST","I ST",0.00,,Y,A,-,N,,,,,,,,,,Y,4,0,1,3,A,-,12,22450,A,F,B,C,A,A,H,-,A,A,0,,,,,Y,,-,99,0,0,1,0,0,0,0,0,0,"- ","- ",37.643848419189453,-120.99342346191406,STANISLAUS,MODESTO,-120.99347686767578,37.643840789794922
84736901,2025,2025-06-24,5002,2025-06-09,1841,13580,,1,5,6,5002,0,0,0,,0,041,"6TH ST","SR(108) L ST",0.00,,Y,A,-,Y,STA,,132," "," ",14.773,H,,R,Y,4,0,4,2,D,-,00,,,N,D,C,A,A,H,-,A,A,0,,,,,Y,,-,"- ",0,0,4,0,0,0,0,0,0,"- ","- ",37.639610290527344,-121.00637817382812,STANISLAUS,MODESTO,-121.00636291503906,37.639595031738281
84738617,2025,2025-07-01,5002,2025-06-03,2140,13384,,2,5,6,5002,0,0,0,,0,072,"BRIGGSMORE AVE","OAKDALE RD",0.00,E,Y,A,-,N,,,,,,,,,,Y,4,0,2,2,A,-,12,21453,A,N,D,C,A,A,H,-,C,A,0,,,,,Y,,A,07,0,0,2,0,0,0,0,0,0,"- ","- ",37.667110443115234,-120.95755767822266,STANISLAUS,MODESTO,-120.95755767822266,37.66705322265625
84745306,2025,2025-07-01,5002,2025-01-14,1450,13571,,2,5,6,5002,0,0,0,,0,063,"PRESCOTT RD","STANDIFORD AVE",154.00,N,N,A,-,N,,,,,,,,,,Y,3,0,1,2,A,-,09,21801,A,N,D,C,A,A,H,-,A,D,0,,,,,Y,,A,07,0,1,0,0,0,0,0,0,0,"- ","- ",37.689689636230469,-121.03156280517578,STANISLAUS,MODESTO,-121.03156280517578,37.690113067626953
84745323,2025,2025-07-01,5002,2025-03-21,2157,13574,,5,5,6,5002,0,0,0,,0,073,"OAKDALE RD","FLOYD AVE",200.00,S,N,A,-,N,,,,,,,,,,Y,3,0,1,2,A,-,08,22102,,N,D,C,A,A,H,-,C,D,0,,,,,Y,,A,01,0,1,0,0,0,0,0,0,0,"- ","- ",37.677818298339844,-120.9580078125,STANISLAUS,MODESTO,-120.957763671875,37.677532196044922
84745414,2025,2025-07-08,5002,2025-05-26,1638,13518,,1,5,6,5002,0,0,0,,0,041,"L ST","12TH ST",0.00,,Y,A,-,Y,STA,,108," ",R,22.651,H,,L,Y,3,0,2,2,A,-,12,21453,A,N,A,C,A,A,H,-,A,A,0,,,,,Y,,A,07,0,2,0,0,0,0,0,0,0,"- ","- ",37.643901824951172,-121.00067901611328,STANISLAUS,MODESTO,-121.00067901611328,37.643894195556641
84745424,2025,2025-07-01,5002,2025-05-29,1023,11053,,4,5,6,5002,0,0,0,,0,073,"OAKDALE RD","MABLE AVE",463.00,S,N,A,-,N,,,,,,,,,,Y,3,0,2,2,A,-,03,22350,,N,C,C,A,A,H,-,A,A,0,,,,,Y,,B,07,0,1,1,0,0,0,0,0,0,"- ","- ",37.696220397949219,-120.95806884765625,STANISLAUS,MODESTO,-120.95807647705078,37.694976806640625
84753000,2025,2025-07-08,5002,2025-05-21,1356,13444,,3,5,6,5002,0,0,0,,0,082,"SUNRISE AVE","COOLIDGE AVE",0.00,,Y,A,-,N,,,,,,,,,,Y,4,0,1,2,A,-,09,21802,A,N,D,C,A,A,H,-,A,A,0,,,,,Y,,A,01,0,0,1,0,0,0,0,0,0,"- ","- ",37.665271759033203,-120.98516845703125,STANISLAUS,MODESTO,-120.98483276367188,37.665431976318359
84753028,2025,2025-07-08,5002,2025-06-08,1820,13558,,7,5,6,5002,0,0,0,,0,073,"SAN FELIPE WAY","SAN CARLOS LN",0.00,,Y,A,-,N,,,,,,,,,,Y,4,0,1,2,A,-,08,22107,,N,D,E,A,A,H,-,A,D,0,,,,,Y,Y,A,01,0,0,1,0,0,0,0,0,0,"- ","- ",37.676689147949219,-120.95272064208984,STANISLAUS,MODESTO,-120.97088623046875,37.676708221435547
84753087,2025,2025-07-08,5002,2025-07-05,1520,13060,,6,5,6,5002,0,0,0,,0,063,"PELANDALE AVE","NORTH POINT SHOPPING CENTER",32.00,W,N,A,-,N,,,,,,,,,,N,4,0,1,2,A,-,21,22106,,N,C,C,A,A,H,-,A,A,0,,,,,Y,,A,07,0,0,1,0,0,0,0,0,0,"- ","- ",,,STANISLAUS,MODESTO,,
84757814,2025,2025-07-11,5002,2025-06-10,1400,13596,,2,5,6,5002,0,0,0,,0,031,"PARK BRAE WAY","PARK MEADOW DR",66.00,N,N,A,-,N,,,,,,,,,,Y,3,0,1,4,A,-,01,23152,A,N,B,E,A,A,H,-,A,D,0,,,,,Y,Y,A,01,0,1,0,0,0,0,0,0,0,"- ","- ",37.596000671386719,-121.00359344482422,STANISLAUS,MODESTO,-121.00337982177734,37.596221923828125
84763186,2025,2025-07-16,5002,2025-06-09,1426,13671,,1,5,6,5002,0,0,0,,0,061,"CARPENTER RD","KANSAS AVE",73.00,N,N,A,-,N,,,,,,,,,,N,4,0,1,2,A,-,03,22350,,N,H,G,A,A,H,-,A,A,0,,Y,,,Y,,M,91,0,0,1,0,0,0,1,0,0,"- ","- ",37.646060943603516,-121.03077697753906,STANISLAUS,MODESTO,-121.03029632568359,37.646190643310547
84763204,2025,2025-07-16,5002,2025-06-17,1507,13597,,2,5,6,5002,0,0,0,,0,081,"COLLEGE AVE","PRINCETON AVE",0.00,,Y,A,-,N,,,,,,,,,,Y,4,0,1,2,A,-,09,21802,A,N,D,C,A,A,H,-,A,D,0,,,,,Y,,A,01,0,0,1,0,0,0,0,0,0,"- ","- ",37.655418395996094,-121.00747680664062,STANISLAUS,MODESTO,-121.00750732421875,37.6553955078125
84763209,2025,2025-07-17,5002,2025-06-21,1241,11754,,6,5,6,5002,0,0,0,,0,043,"EL VISTA AVE","MILLER AVE",0.00,,Y,A,-,N,,,,,,,,,,Y,3,0,2,2,A,-,12,21453,A,N,D,C,A,A,H,-,A,A,0,,,,,Y,,A,07,0,1,1,0,0,0,0,0,0,"- ","- ",37.640060424804688,-120.95732116699219,STANISLAUS,MODESTO,-120.95720672607422,37.640071868896484
84766028,2025,2025-07-17,5002,2025-04-30,1609,13671,,3,5,6,5002,0,0,0,,0,083,"MC HENRY AVE (SR108)","SYLVAN AVE",642.00,S,N,A,-,Y,STA,,108," "," ",26.051,H,,L,Y,4,0,2,2,A,-,09,21801,A,N,D,C,A,A,H,-,A,D,0,,,,,Y,,A,01,0,0,2,0,0,0,0,0,0,"- ","- ",37.688980102539062,-120.99446868896484,STANISLAUS,MODESTO,-120.99440765380859,37.688980102539062
84775241,2025,2025-07-25,5002,2025-05-03,1442,11331,,6,5,6,5002,0,0,0,,0,083,"UNION AVE","COLUMBINE DR",65.00,W,N,A,-,N,,,,,,,,,,N,3,0,1,2,A,-,08,22107,,F,G,B,E,A,H,-,A,D,0,Y,,,,Y,,A,07,0,1,0,0,1,0,0,0,0,"- ","- ",37.693161010742188,-120.99999237060547,STANISLAUS,MODESTO,-121.00005340576172,37.693218231201172
84775283,2025,2025-07-24,5002,2025-07-11,"449 ",13055,,5,5,6,5002,0,0,0,,0,072,"BRIGGSMORE AVE","LAKEWOOD AVE",25.00,W,N,A,-,N,,,,,,,,,,Y,4,0,1,2,A,-,03,22350,,F,C,C,A,A,H,-,B,A,0,,,,,Y,,A,01,0,0,1,0,0,0,0,0,0,"- ","- ",37.666839599609375,-120.93940734863281,STANISLAUS,MODESTO,-120.93950653076172,37.666908264160156
84776629,2025,2025-07-25,5002,2025-05-10,"423 ",13439,,6,5,6,5002,0,0,0,,0,081,"BODEM ST","SCENIC DR",25.00,N,N,A,-,N,,,,,,,,,,Y,3,0,1,2,A,-,12,21453,A,N,D,C,A,A,H,-,C,A,0,,,,,Y,,A,01,0,1,0,0,0,0,0,0,0,"- ","- ",37.646831512451172,-120.98535919189453,STANISLAUS,MODESTO,-120.98535919189453,37.646888732910156
84782277,2024,2025-07-30,5002,2024-04-20,2357,13439,,6,5,6,5002,0,0,0,,0,061,"CARPENTER RD","W ORANGEBURG AVE",22.00,N,N,A,-,N,,,,,,,,,,Y,4,0,1,2,A,-,03,22350,,N,C,C,A,A,H,-,C,A,0,,,,,Y,,A,01,0,0,1,0,0,0,0,0,0,"- ","- ",37.667758941650391,-121.03138732910156,STANISLAUS,MODESTO,-121.03137969970703,37.667789459228516
84782301,2025,2025-07-30,5002,2025-04-27,2029,13253,,7,5,6,5002,0,0,0,,0,033,"PARADISE RD","SUTTER AVE",328.00,W,N,A,-,N,,,,,,,,,,N,4,0,1,2,A,-,10,21954,B,N,G,B,D,A,H,-,C,D,0,Y,,,,Y,,A,08,0,0,1,0,1,0,0,0,0,"- ","- ",37.627811431884766,-121.01180267333984,STANISLAUS,MODESTO,-121.01270294189453,37.627223968505859
84782334,2025,2025-07-30,5002,2025-06-12,2202,13439,,4,5,6,5002,0,0,0,,0,081,"ROSEBURG AVE","ENSLEN AVE",200.00,E,N,A,-,N,,,,,,,,,,Y,4,0,1,2,A,-,08,22107,,N,C,E,A,A,H,-,C,D,0,,,,,Y,,A,01,0,0,1,0,0,0,0,0,0,"- ","- ",37.660228729248047,-121.00086975097656,STANISLAUS,MODESTO,-121.00006103515625,37.660160064697266
84783602,2025,2025-07-31,5001,2025-07-27,"713 ",946,,7,5,4,5001,0,0,0,,0,005,"9TH ST","EL CAMINO",791.00,N,N,A,-,N,,,,,,,,,,Y,4,0,1,2,A,-,01,23152,A,N,C,E,A,A,H,-,A,D,0,,,,,Y,Y,A,07,0,0,1,0,0,0,0,0,0,"- ","- ",,,STANISLAUS,CERES,-120.94781494140625,37.586223602294922
84791139,2025,2025-08-06,5002,2025-03-24,1425,13343,,1,5,6,5002,0,0,0,,0,071,"SCENIC DR","OAKDALE RD",20.00,E,N,-,-,N,,,,,,,,,,Y,3,0,1,3,A,-,08,22107,,N,D,C,A,A,H,-,A,A,0,,,,,Y,,A,01,0,1,0,0,0,0,0,0,0,"- ","- ",37.653068542480469,-120.95741271972656,STANISLAUS,MODESTO,-120.95732116699219,37.653079986572266
84791168,2025,2025-08-06,5002,2025-06-01,1217,13343,,7,5,6,5002,0,0,0,,0,082,"SR 108 MCHENRY AVE","ORANGEBURG AVE",8.00,N,N,A,-,Y,,,,,,,,,,N,4,0,1,2,A,-,05,21202,A,N,B,G,A,A,H,-,A,A,0,,Y,,,Y,,L,04,0,0,1,0,0,0,1,0,0,"- ","- ",,,STANISLAUS,MODESTO,-120.99392700195312,37.663711547851562
84791270,2025,2025-08-07,5002,2025-07-28,1523,11331,,1,5,6,5002,0,0,0,,0,081,"MORRIS AVE","MELROSE ST",0.00,,Y,A,-,N,,,,,,,,,,Y,4,0,2,2,A,-,12,22450,A,N,D,C,A,A,H,-,A,A,0,,,,,Y,,A,07,0,0,2,0,0,0,0,0,0,"- ","- ",37.650791168212891,-120.98713684082031,STANISLAUS,MODESTO,-120.98670196533203,37.650978088378906
8479248,2017,2017-12-07,5002,2017-10-11,0045,13080,5002,3,5,6,5002,0,0,0,,0,063,"PELANDALE AV","TULLY RD",525.00,W,N,A,-,N,,,,,,,,,,Y,2,0,2,1,A,-,01,23152,A,N,F,A,A,A,H,-,D,D,0,,,,,Y,Y,-,,1,1,0,0,0,0,0,0,0,"- ","- ",,,STANISLAUS,MODESTO,-121.01459386000001,37.700716470000003
84808240,2025,2025-09-02,5002,2025-03-05,1350,13518,,3,5,6,5002,0,0,0,,0,082,"SR-108 (MCHENRY AVE)","ROSEBURG AVE",673.00,N,N,C,-,Y,,,,,,,,,,Y,4,0,3,3,A,-,03,22350,,N,C,C,A,B,H,-,A,A,0,,,,,Y,,A,01,0,0,3,0,0,0,0,0,0,"- ","- ",,,STANISLAUS,MODESTO,-120.993896484375,37.661907196044922
84829473,2025,2025-09-04,5002,2025-08-12,2156,13391,,2,5,6,5002,0,0,0,,0,072,"CLAUS RD","MERLE AVE",0.00,,Y,A,-,N,,,,,,,,,,Y,3,0,1,2,A,-,09,21801,A,F,D,C,A,A,H,-,C,D,0,,,,,Y,,D,22,0,1,0,0,0,0,0,0,0,"- ","- ",37.670921325683594,-120.92131805419922,STANISLAUS,MODESTO,-120.92134857177734,37.670932769775391
84829506,2025,2025-09-04,5002,2025-08-25,1846,13042,,1,5,6,5002,0,0,0,,0,043,"EL VISTA AVE","YOSEMITE BLVD (SR-132)",59.00,N,N,A,-,Y,,,,,,,,,,N,4,0,1,2,A,-,03,22350,,N,C,C,A,A,H,-,A,A,0,,,,,Y,,E,22,0,0,1,0,0,0,0,0,0,"- ","- ",,,STANISLAUS,MODESTO,-120.95720672607422,37.638332366943359
84829508,2025,2025-11-20,5002,2025-08-25,1430,13648,,1,5,6,5002,0,0,0,,0,081,"MORRIS AVE","JOHNSON ST",0.00,,Y,A,-,N,,,,,,,,,,N,4,0,3,2,A,-,09,21800,A,N,D,C,A,A,H,-,A,D,0,,,,,Y,,A,01,0,0,3,0,0,0,0,0,0,"- ","- ",,,STANISLAUS,MODESTO,-120.99149322509766,37.650959014892578