CASE_ID,ACCIDENT_YEAR,PROC_DATE,JURIS,COLLISION_DATE,COLLISION_TIME,OFFICER_ID,REPORTING_DISTRICT,DAY_OF_WEEK,CHP_SHIFT,POPULATION,CNTY_CITY_LOC,SPECIAL_COND,BEAT_TYPE,CHP_BEAT_TYPE,CITY_DIVISION_LAPD,CHP_BEAT_CLASS,BEAT_NUMBER,PRIMARY_RD,SECONDARY_RD,DISTANCE,DIRECTION,INTERSECTION,WEATHER_1,WEATHER_2,STATE_HWY_IND,CALTRANS_COUNTY,CALTRANS_DISTRICT,STATE_ROUTE,ROUTE_SUFFIX,POSTMILE_PREFIX,POSTMILE,LOCATION_TYPE,RAMP_INTERSECTION,SIDE_OF_HWY,TOW_AWAY,COLLISION_SEVERITY,NUMBER_KILLED,NUMBER_INJURED,PARTY_COUNT,PRIMARY_COLL_FACTOR,PCF_CODE_OF_VIOL,PCF_VIOL_CATEGORY,PCF_VIOLATION,PCF_VIOL_SUBSECTION,HIT_AND_RUN,TYPE_OF_COLLISION,MVIW,PED_ACTION,ROAD_SURFACE,ROAD_COND_1,ROAD_COND_2,LIGHTING,CONTROL_DEVICE,CHP_ROAD_TYPE,PEDESTRIAN_ACCIDENT,BICYCLE_ACCIDENT,MOTORCYCLE_ACCIDENT,TRUCK_ACCIDENT,NOT_PRIVATE_PROPERTY,ALCOHOL_INVOLVED,STWD_VEHTYPE_AT_FAULT,CHP_VEHTYPE_AT_FAULT,COUNT_SEVERE_INJ,COUNT_VISIBLE_INJ,COUNT_COMPLAINT_PAIN,COUNT_PED_KILLED,COUNT_PED_INJURED,COUNT_BICYCLIST_KILLED,COUNT_BICYCLIST_INJURED,COUNT_MC_KILLED,COUNT_MC_INJURED,PRIMARY_RAMP,SECONDARY_RAMP,LATITUDE,LONGITUDE,COUNTY,CITY,POINT_X,POINT_Y
91280833,2020,2020-11-13,9465,2020-07-18,2130,021368,,6,2,9,5000,0,3,5,,2,050,"RIVER ROAD","GAFFERY ROAD",27.00,S,N,A,-,N,,,,,,,,,,Y,2,0,1,3,A,-,01,23152,A,N,E,I,A,A,H,-,D,D,0,,,,,Y,Y,A,01,1,0,0,0,0,0,0,0,0,"- ","- ",37.600028991699219,-121.22512054443359,STANISLAUS,UNINCORPORATED,,
9128349,2020,2020-11-18,5002,2020-07-08,1035,10043,M400,3,5,6,5002,0,0,0,,0,041,"RT 132","SOUTH MORTON BL",18.00,E,N,A,-,Y,STA,10,132,-,-,15.630,H,-,E,N,3,0,2,2,A,-,06,21760,B,F,C,G,A,A,H,-,A,A,0,,Y,,,Y,,-,99,0,2,0,0,0,0,2,0,0,"- ","- ",,,STANISLAUS,MODESTO,-120.98458862304688,37.637615203857422
91284619,2020,2020-08-12,9465,2020-08-06,1539,020885,,4,2,9,5000,0,3,5,,2,030,SR-132,"GOODWIN RD",898.00,E,N,A,-,Y,,,132,,,,,,,Y,3,0,1,1,A,-,08,22107,,N,E,I,A,A,H,-,A,D,0,,,,,Y,,A,01,0,1,0,0,0,0,0,0,0,"- ","- ",37.638648986816406,-120.85819244384766,STANISLAUS,UNINCORPORATED,-120.85819244384766,37.638717651367188
91284865,2020,2020-08-12,9465,2020-08-04,1145,017391,,2,1,9,5000,0,1,3,,2,041,"SR-99 NORTHBOUND","E. HATCH ROAD",1584.00,S,N,A,-,Y,,,99,,,,,,N,Y,3,0,1,1,C,-,18,,,N,E,I,A,A,H,-,A,D,0,,,,,Y,,-,"- ",0,1,0,0,0,0,0,0,0,"- ","- ",37.604881286621094,-120.97189331054688,STANISLAUS,UNINCORPORATED,-120.97190093994141,37.604869842529297
9128883,2020,2020-09-12,5002,2020-06-01,1840,10096,M355,1,5,6,5002,0,0,0,,0,033,"N EMERALD AV","MAZE BL",70.00,N,N,A,-,N,,,,,,,,,,N,4,0,4,2,A,-,03,22350,,N,C,A,A,A,H,-,A,A,0,,,,,Y,,A,,0,0,4,0,0,0,0,0,0,"- ","- ",,,STANISLAUS,MODESTO,-121.02107238769531,37.638851165771484
9128932,2020,2020-10-01,5002,2020-07-08,1404,11744,079,3,5,6,5002,0,0,0,,0,062,"CARVER RD","BRIGGSMORE AV",15.00,N,N,A,-,N,,,,,,,,,,Y,4,0,1,2,A,-,12,21453,A,N,D,C,A,A,H,-,A,A,0,,,,,Y,,-,"- ",0,0,1,0,0,0,0,0,0,"- ","- ",,,STANISLAUS,MODESTO,-121.02214050292969,37.671531677246094
91290322,2020,2020-08-21,9465,2020-08-11,1245,017966,,2,1,9,5000,0,1,3,,2,015,"CLARIBEL ROAD","COFFEE ROAD",100.00,E,N,A,-,N,,,,,,,,,,N,4,0,1,2,A,-,21,22106,,N,C,C,A,A,H,-,A,D,0,,,,,Y,,A,01,0,0,1,0,0,0,0,0,0,"- ","- ",37.710971832275391,-120.97679138183594,STANISLAUS,UNINCORPORATED,-120.97629547119141,37.711032867431641
91297679,2020,2020-09-02,9465,2020-08-29,1912,020609,,6,2,9,5000,0,3,5,,2,030,"7TH STREET","BLANKENBURG AVENUE",403.00,S,N,A,-,N,,,,,,,,,,Y,4,0,1,1,A,-,01,23152,A,N,E,I,A,A,H,-,A,D,0,,,,,Y,Y,A,07,0,0,1,0,0,0,0,0,0,"- ","- ",37.620021820068359,-120.99008941650391,STANISLAUS,UNINCORPORATED,-120.99016571044922,37.620086669921875
9129808,2020,2020-10-07,5002,2020-07-19,2202,13154,M024,7,5,6,5002,0,0,0,,0,062,"BRIGGSMORE AV","PRESCOTT RD",0.00,,Y,A,-,N,,,,,,,,,,N,3,0,1,2,A,-,11,21456,B,N,G,B,B,A,H,-,C,A,0,Y,,,,Y,,N,60,0,1,0,0,1,0,0,0,0,"- ","- ",,,STANISLAUS,MODESTO,-121.03063201904297,37.669960021972656
91300084,2020,2020-09-15,9465,2020-08-29,1900,019730,,6,2,9,5000,0,1,3,,1,032,"STATE ROUTE 132","CRABTREE ROAD",11774.00,E,N,A,-,Y,,,132,,,,,,,Y,3,0,2,2,A,-,08,22107,,N,A,C,A,A,H,-,B,D,0,,,,,Y,,A,01,0,2,0,0,0,0,0,0,0,"- ","- ",37.640228271484375,-120.57247161865234,STANISLAUS,UNINCORPORATED,-120.57247161865234,37.640232086181641
9130728,2020,2020-10-05,5002,2020-07-26,1317,875,A208,7,5,6,5002,0,0,0,,0,001,"RICHLAND AV","E HATCHER RD",138.00,S,N,A,-,N,,,,,,,,,,N,3,0,1,2,A,-,05,21460,A,N,D,C,A,A,H,-,A,A,0,,,Y,,Y,,C,02,0,1,0,0,0,0,0,0,1,"- ","- ",37.609310150146484,-120.9661865234375,STANISLAUS,MODESTO,-120.96621,37.608823999999998
91308897,2020,2020-09-22,9465,2020-09-07,1954,020833,,1,2,9,5000,0,3,5,,2,010,"CARPENTER ROAD","ELM AVENUE",0.00,,Y,A,-,N,,,,,,,,,,Y,2,0,3,2,A,-,09,21802,A,F,D,C,A,A,H,-,C,A,0,,,,,Y,,A,07,1,2,0,0,0,0,0,0,0,"- ","- ",37.643199920654297,-121.03019714355469,STANISLAUS,UNINCORPORATED,-121.03024291992188,37.64324951171875
9130970,2020,2020-10-27,5007,2020-07-02,2107,5745,TURLO,4,5,5,5007,0,0,0,,0,004,"WEST MONTE VISTA AV","COUNTRYSIDE DR",234.00,E,N,A,-,N,,,,,,,,,,Y,4,0,1,2,A,-,03,22350,,N,C,C,A,A,H,-,D,A,0,,,,,Y,,A,01,0,0,1,0,0,0,0,0,0,"- ","- ",,,STANISLAUS,TURLOCK,-120.88057708740234,37.52178955078125
91314138,2020,2020-09-29,9465,2020-09-26,1043,018324,,6,1,9,5000,0,3,5,,2,010,"CARPENTER ROAD","PARADISE ROAD",500.00,S,N,A,-,N,,,,,,,,,,N,4,0,1,2,A,-,05,21460,A,N,B,C,A,A,H,-,A,D,0,,,,,Y,,A,01,0,0,1,0,0,0,0,0,0,"- ","- ",37.615528106689453,-121.03038024902344,STANISLAUS,UNINCORPORATED,-121.03037261962891,37.615108489990234
91314632,2020,2020-09-30,9465,2020-09-18,0702,017558,,5,1,9,5000,0,1,3,,2,021,"STATE ROUTE 120","RODDEN ROAD",0.00,,Y,A,-,N,,,,,,,,,,Y,4,0,1,2,A,-,12,21453,A,N,D,C,A,A,H,-,A,A,0,,,,Y,Y,,G,27,0,0,1,0,0,0,0,0,0,"- ","- ",37.787528991699219,-120.85798645019531,STANISLAUS,UNINCORPORATED,-120.85807037353516,37.783771514892578
91326712,2020,2020-10-19,9465,2020-10-13,1540,020985,,2,2,9,5000,0,3,5,,2,030,"LAKE ROAD","HAWKINS ROAD",15.00,E,N,A,-,N,,,,,,,,,,Y,4,0,2,2,A,-,03,22350,,N,C,C,A,A,H,-,A,D,0,,,,,Y,,A,01,0,0,2,0,0,0,0,0,0,"- ","- ",37.615261077880859,-120.64556121826172,STANISLAUS,UNINCORPORATED,-120.64560699462891,37.615272521972656
9132870,2020,2020-10-20,5002,2020-07-20,1119,13172,M060,1,5,6,5002,0,0,0,,0,MP82,"FLOYD AV","RT 108",264.00,E,N,A,-,N,,,,,,,,,,Y,4,0,1,2,D,-,00,,,N,B,C,A,A,H,-,A,D,0,,,,,Y,,-,"- ",0,0,1,0,0,0,0,0,0,"- ","- ",,,STANISLAUS,MODESTO,-120.99320400000001,37.678159000000001
9133104,2020,2020-11-18,5002,2020-07-02,1806,13126,M057,4,5,6,5002,0,0,0,,0,083,"RT 108","RUMBLE RD",438.00,N,N,A,-,Y,STA,10,108,-,-,25.640,H,-,W,Y,3,0,1,3,A,-,03,22350,,N,C,C,A,A,H,-,A,A,0,,,,,Y,,A,01,0,1,0,0,0,0,0,0,0,"- ","- ",,,STANISLAUS,MODESTO,-120.99420928955078,37.682731628417969
91339256,2020,2020-11-04,9465,2020-10-24,1300,019376,,6,1,9,5000,0,2,4,,2,026,"CLARIBEL ROAD","MCGEE AVENUE",33.00,W,N,A,-,N,,,,,,,,,,Y,3,0,4,3,A,-,03,22350,,N,C,C,A,A,H,-,A,D,0,,,,,Y,,A,07,0,1,3,0,0,0,0,0,0,"- ","- ",37.710941314697266,-120.90778350830078,STANISLAUS,UNINCORPORATED,-120.90780639648438,37.710968017578125
91348218,2020,2020-11-19,9465,2020-09-18,1155,019376,,5,1,5,5007,0,1,3,,2,041,"STATE ROUTE 99 (NORTHBOUND)","LINWOOD AVENUE",750.00,S,N,A,-,Y,,,99,,,,,,,Y,4,0,1,2,A,-,07,21658,A,F,D,C,A,A,H,-,A,D,0,,,,,Y,,A,01,0,0,1,0,0,0,0,0,0,"- ","- ",37.476970672607422,-120.85669708251953,STANISLAUS,TURLOCK,-120.85668182373047,37.477016448974609
9134844,2020,2020-10-21,5002,2020-08-13,1401,13244,M045,4,5,6,5002,0,0,0,,0,MP82,"TULLY RD","BOWEN AVE",10.00,S,N,A,-,N,,,,,,,,,,Y,3,0,1,2,A,-,08,22107,,N,B,C,A,A,H,-,A,A,0,,,,,Y,,D,22,0,1,0,0,0,0,0,0,0,"- ","- ",,,STANISLAUS,MODESTO,-121.01230621337891,37.674831390380859
91350431,2020,2020-11-20,9465,2020-11-10,0820,017966,,2,1,9,5000,0,1,3,,2,011,"SR-99 NORTHBOUND","HAMMETT ROAD",2112.00,N,N,A,-,Y,,,99,,,,,,N,Y,4,0,1,3,A,-,03,22350,,N,C,C,A,A,H,-,A,D,0,,,,,Y,,A,01,0,0,1,0,0,0,0,0,0,"- ","- ",37.730010986328125,-121.10945892333984,STANISLAUS,UNINCORPORATED,-121.10945129394531,37.730018615722656
91351415,2020,2020-11-23,9465,2020-11-14,0920,019155,,6,1,9,5000,0,2,4,,2,024,"ALBERS RD","RICE ROAD",1775.00,N,N,A,-,N,,,,,,,,,,Y,4,0,1,2,A,-,09,21801,A,N,D,C,A,A,H,-,A,D,0,,,,,Y,,A,07,0,0,1,0,0,0,0,0,0,"- ","- ",37.701469421386719,-120.84835815429688,STANISLAUS,UNINCORPORATED,-120.84835815429688,37.701442718505859
91358827,2020,2020-12-04,9465,2020-11-24,1725,019517,,2,2,9,5000,0,1,3,,2,041,"SR-99 S/B TO MITCHELL ROAD","MITCHELL ROAD",65.00,N,N,A,-,Y,,,99,,,,R,,S,N,4,0,1,3,A,-,03,22350,,M,C,C,A,A,H,-,D,D,0,,,,,Y,,-,99,0,0,1,0,0,0,0,0,0,"- ","- ",37.575771331787109,-120.93905639648438,STANISLAUS,UNINCORPORATED,-120.93905639648438,37.575771331787109
91368152,2020,2020-12-16,9465,2020-12-06,1544,020833,,7,2,9,5000,0,2,4,,2,024,"ALBERS ROAD","RICE ROAD",0.00,,Y,A,-,N,,,,,,,,,,Y,2,0,4,2,A,-,05,21752,D,N,A,C,A,A,H,-,A,D,0,,,,,Y,,A,01,1,1,2,0,0,0,0,0,0,"- ","- ",37.696559906005859,-120.84831237792969,STANISLAUS,UNINCORPORATED,-120.84832000732422,37.696571350097656
91368455,2020,2020-12-16,9465,2020-11-30,1550,021022,,1,2,9,5000,0,3,5,,2,030,"H STREET","SOUTH 1ST STREET",3.00,W,N,A,-,N,,,,,,,,,,Y,1,1,0,1,A,-,01,23152,G,N,E,I,A,A,H,-,A,D,0,,,Y,,Y,Y,C,06,0,0,0,0,0,0,0,1,0,"- ","- ",37.4869384765625,-120.83881378173828,STANISLAUS,UNINCORPORATED,-120.83876037597656,37.486934661865234
91374929,2020,2020-12-24,9465,2020-12-18,0615,019730,,5,1,9,5000,0,1,3,,1,032,"STATE ROUTE 132","ROBERTS FERRY ROAD",250.00,W,N,E,-,Y,,,132,,,,,,,Y,4,0,1,1,A,-,08,22107,,N,E,I,A,A,H,-,B,D,0,,,,,Y,,A,01,0,0,1,0,0,0,0,0,0,"- ","- ",37.638740539550781,-120.61958312988281,STANISLAUS,UNINCORPORATED,-120.61956024169922,37.6387939453125
91374937,2020,2020-12-24,9465,2020-12-11,0410,021239,,5,3,9,5000,0,3,5,,2,050,"GRAYSON ROAD","LAIRD STREET",5280.00,E,N,A,-,N,,,,,,,,,,Y,3,0,1,1,A,-,01,23152,F,N,E,I,A,A,H,-,D,D,0,,,,,Y,,D,22,0,1,0,0,0,0,0,0,0,"- ","- ",37.564918518066406,-121.16078948974609,STANISLAUS,UNINCORPORATED,-121.16177368164062,37.564960479736328
91377226,2020,2020-12-29,9465,2020-12-19,0913,019155,,6,1,9,5000,0,3,5,,2,040,"MORGAN ROAD","NELSON WAY",630.00,N,N,B,-,N,,,,,,,,,,N,4,0,1,1,A,-,08,22107,,N,F,A,A,B,H,-,A,D,0,,Y,,,Y,,L,04,0,0,1,0,0,0,1,0,0,"- ","- ",37.606880187988281,-120.97543334960938,STANISLAUS,UNINCORPORATED,-120.97541809082031,37.606788635253906
91385756,2020,2021-01-12,9465,2020-12-27,0000,021549,,7,3,9,5000,0,1,3,,2,011,"STATE ROUTE 99 (NORTHBOUND)","G STREET",100.00,S,N,A,-,Y,,,,,,,,,,Y,4,0,1,1,A,-,01,23152,A,M,E,I,A,A,H,-,D,D,0,,,,,Y,Y,A,07,0,0,1,0,0,0,0,0,0,"- ","- ",37.634330749511719,-121.00080108642578,STANISLAUS,UNINCORPORATED,-121.00099182128906,37.634120941162109
91390658,2021,2021-01-19,9465,2021-01-18,1345,020842,,1,1,9,5000,0,3,5,,2,030,"BYSTRUM ROAD","NADINE AVENUE",0.00,,Y,A,-,N,,,,,,,,,,Y,4,0,1,2,A,-,09,21801,A,N,A,C,A,A,H,-,A,D,0,,,,,Y,,D,22,0,0,1,0,0,0,0,0,0,"- ","- ",37.613090515136719,-120.97946166992188,STANISLAUS,UNINCORPORATED,-120.97940826416016,37.612979888916016
91392045,2021,2021-01-21,9465,2021-01-18,0920,018324,,1,1,9,5000,0,1,1,,2,055,"I-5 S/B","INGRAM CREEK ROAD",6758.00,S,N,A,-,Y,,,5,,,,,,S,N,4,0,1,1,A,-,01,23152,A,N,E,I,A,A,H,-,A,D,0,,,,,Y,Y,A,01,0,0,1,0,0,0,0,0,0,"- ","- ",37.526809692382812,-121.25096130371094,STANISLAUS,UNINCORPORATED,-121.25121307373047,37.526508331298828
91404917,2021,2021-02-09,9465,2021-01-28,2350,021783,,4,3,9,5000,0,1,3,,2,041,"STATE ROUTE 99 (NORTHBOUND)","MONTE VISTA AVENUE",100.00,S,N,A,-,Y,,,,,,,,,,Y,3,0,1,2,A,-,08,22107,,N,E,I,A,B,H,-,D,D,0,,,,,Y,,A,01,0,1,0,0,0,0,0,0,0,"- ","- ",37.521228790283203,-120.88510131835938,STANISLAUS,UNINCORPORATED,,
91407381,2021,2021-02-12,9465,2021-02-06,1340,020833,,6,1,9,5000,0,3,5,,2,010,"PARADISE ROAD","PAULINE AVENUE",100.00,E,N,A,-,N,,,,,,,,,,Y,4,0,1,1,A,-,03,22350,,N,E,I,A,A,H,-,A,D,0,,,,,Y,,A,01,0,0,1,0,0,0,0,0,0,"- ","- ",37.609340667724609,-121.05297088623047,STANISLAUS,UNINCORPORATED,-121.05287170410156,37.609279632568359
9140796,2020,2020-11-02,5006,2020-05-09,1815,503115,RPD,6,5,3,5006,0,0,0,,0,RP1,"1ST ST","RIVERSIDE  DR",0.00,,Y,A,-,N,,,,,,,,,,Y,2,0,3,2,A,-,09,21801,,N,A,C,A,A,H,-,A,D,0,,,,,Y,,A,01,3,0,0,0,0,0,0,0,0,"- ","- ",,,STANISLAUS,RIVERBANK,-120.93898010253906,37.739879608154297
91409275,2021,2021-02-16,9465,2021-02-12,1510,020457,,5,2,9,5000,0,1,3,,2,013,"STATE ROUTE 108 (MCHENRY AVENUE)","ST FRANCIS AVENUE",634.00,E,N,A,-,Y,,,108,,,,,,,Y,4,0,2,2,A,-,03,22350,,N,C,C,A,A,H,-,A,D,0,,,,,Y,,A,01,0,0,2,0,0,0,0,0,0,"- ","- ",37.723819732666016,-120.99504089355469,STANISLAUS,UNINCORPORATED,-120.99510192871094,37.723819732666016
91411684,2021,2021-02-19,9465,2021-02-18,0844,018324,,4,1,6,5002,0,2,4,,2,042,"CROWS LANDING ROAD","WINMOORE WAY",34.00,N,N,A,-,N,,,,,,,,,,Y,3,0,2,2,A,-,03,22350,,N,C,C,A,A,H,-,A,A,0,,,,,Y,,A,01,0,1,1,0,0,0,0,0,0,"- ","- ",37.60546875,-120.99359130859375,STANISLAUS,MODESTO,-120.99356079101562,37.605422973632812
9141275,2020,2020-11-18,5006,2020-08-03,1701,S02324,RP1,1,5,3,5006,0,0,0,,0,RP1,"ATCHISON ST","4TH ST",0.00,,Y,A,-,Y,STA,10,108,-,-,32.720,I,5,W,Y,4,0,1,2,A,-,08,22107,,N,C,C,A,A,H,-,A,D,0,,,,,Y,,A,01,0,0,1,0,0,0,0,0,0,"- ","- ",,,STANISLAUS,RIVERBANK,-120.93438720703125,37.737960815429688
9142016,2020,2020-11-18,5006,2020-08-03,1050,S02582,MODES,1,5,3,5006,0,0,0,,0,RP1,"RT 108","HOWARD AV",0.00,,Y,A,-,Y,STA,10,108,-,-,31.650,I,5,W,N,4,0,1,3,A,-,03,22350,,N,C,D,A,A,H,-,A,A,0,,,,,Y,,D,22,0,0,1,0,0,0,0,0,0,"- ","- ",,,STANISLAUS,RIVERBANK,-120.94834899902344,37.732704162597656
91433984,2021,2021-03-24,9465,2021-03-19,0640,021062,,5,1,9,5000,0,3,5,,2,040,"CENTRAL AVENUE","KEYES ROAD",2635.00,S,N,B,-,N,,,,,,,,,,Y,2,0,1,1,A,-,08,22107,,N,E,I,A,B,H,-,B,D,0,,,,,Y,,A,01,1,0,0,0,0,0,0,0,0,"- ","- ",37.543949127197266,-120.95697021484375,STANISLAUS,UNINCORPORATED,-120.95700073242188,37.544063568115234
91437926,2021,2021-03-29,9465,2021-03-18,0120,021235,,4,3,9,5000,0,3,5,,2,030,"KEYES ROAD","HICKMAN ROAD",2300.00,E,N,A,-,N,,,,,,,,,,Y,2,0,1,1,A,-,01,23152,F,N,E,I,A,A,H,-,D,D,0,,,,,Y,,A,01,1,0,0,0,0,0,0,0,0,"- ","- ",37.551109313964844,-120.74775695800781,STANISLAUS,UNINCORPORATED,-120.74765777587891,37.551143646240234
91443246,2021,2021-04-05,9465,2021-03-28,1545,020833,,7,2,9,5000,0,3,5,,2,010,"SISK ROAD","BANGS AVENUE",0.00,,Y,A,-,N,,,,,,,,,,N,4,0,1,2,A,-,08,22101,D,N,D,C,A,A,H,-,A,A,0,,,,,Y,,A,01,0,0,1,0,0,0,0,0,0,"- ","- ",37.703910827636719,-121.07456207275391,STANISLAUS,UNINCORPORATED,-121.07463073730469,37.703960418701172
91444419,2021,2021-04-06,9465,2021-04-03,1127,018324,,6,1,6,5002,0,1,3,,2,011,"STATE ROUTE 99 (SOUTHBOUND)","BECKWITH ROAD",200.00,N,N,A,-,Y,,,99,,,,,,,N,3,0,1,2,A,-,03,22350,,N,C,C,A,A,H,-,A,D,0,,,,,Y,,A,01,0,1,0,0,0,0,0,0,0,"- ","- ",37.684070587158203,-121.05397033691406,STANISLAUS,MODESTO,-121.05397796630859,37.684062957763672
91446012,2021,2021-04-08,9465,2021-04-07,1850,020245,,3,2,9,5000,0,3,5,,2,030,"HATCH ROAD","HERNDON ROAD",100.00,W,N,A,-,N,,,,,,,,,,N,4,0,1,2,A,-,03,22350,,N,C,C,A,A,H,-,A,D,0,,,,,Y,,D,22,0,0,1,0,0,0,0,0,0,"- ","- ",37.609539031982422,-120.9765625,STANISLAUS,UNINCORPORATED,-120.97456359863281,37.609294891357422
9145644,2020,2020-11-13,5002,2020-08-02,1554,13080,M271,7,5,6,5002,0,0,0,,0,MP81,"MORRIS AV","COFFEE RD",0.00,,Y,A,-,N,,,,,,,,,,N,4,0,1,2,A,-,05,21650,1,N,H,G,A,A,H,-,A,D,0,,Y,,,Y,,L,04,0,0,1,0,0,0,1,0,0,"- ","- ",,,STANISLAUS,MODESTO,-120.97556304931641,37.650871276855469
9145645,2020,2020-10-31,5002,2020-08-01,0959,13110,M134,6,5,6,5002,0,0,0,,0,MP73,"CLARATINA AV","OAKDALE RD",554.00,W,N,A,-,N,,,,,,,,,,Y,3,0,2,2,A,-,01,23152,F,N,B,C,A,A,H,-,A,D,0,,,,,Y,Y,A,,0,1,1,0,0,0,0,0,0,"- ","- ",,,STANISLAUS,MODESTO,-120.9600830078125,37.699806213378906
9145649,2020,2020-11-13,5002,2020-08-17,0112,11857,M609,1,5,6,5002,0,0,0,,0,MP43,"CLAUS RD","YOSEMITE BL",2904.00,N,N,A,-,N,,,,,,,,,,N,4,0,1,1,A,-,01,23152,A,N,E,I,A,A,H,-,C,D,0,,,,,Y,Y,A,01,0,0,1,0,0,0,0,0,0,"- ","- ",,,STANISLAUS,MODESTO,-120.92116546630859,37.645759582519531
91464351,2021,2021-05-03,9465,2021-04-21,2245,020985,,3,3,9,5000,0,1,1,,2,055,"INTERSTATE 5 (NORTHBOUND)","DAVIS ROAD",1606.00,N,N,A,-,Y,,,5,,,,,,,Y,2,0,4,2,A,-,07,21658,A,N,B,C,A,A,H,-,D,D,0,,,,,Y,,A,01,2,2,0,0,0,0,0,0,0,"- ","- ",37.385311126708984,-121.12969970703125,STANISLAUS,UNINCORPORATED,-121.12971496582031,37.385299682617188
91465251,2021,2021-05-04,9465,2021-04-26,0830,018222,,1,1,9,5000,0,3,5,,2,010,"CURTIS STREET","SHEARER AVENUE",0.00,,Y,A,-,N,,,,,,,,,,N,3,0,2,2,A,-,09,21802,A,N,D,C,A,A,H,-,A,A,0,,,,,Y,,A,01,0,2,0,0,0,0,0,0,0,"- ","- ",37.705371856689453,-121.08249664306641,STANISLAUS,UNINCORPORATED,-121.08252716064453,37.705390930175781
91474407,2021,2021-05-17,9465,2021-05-08,2225,020914,,6,3,9,5000,0,3,5,,2,030,"MCCLURE ROAD","FINCH ROAD",70.00,N,N,A,-,N,,,,,,,,,,Y,3,0,1,1,A,-,01,23152,A,N,F,A,A,A,H,-,D,D,0,,,,,Y,Y,D,22,0,1,0,0,0,0,0,0,0,"- ","- ",37.624500274658203,-120.92958831787109,STANISLAUS,UNINCORPORATED,-120.92964172363281,37.624191284179688
91477627,2021,2021-05-20,9465,2021-05-06,1412,018274,,4,2,9,5000,0,3,5,,2,030,"SOUTH 9TH STREET","LOMBARDO AVENUE",46.00,S,N,A,-,N,,,,,,,,,,N,3,0,1,2,A,-,03,22350,,N,D,G,A,A,H,-,A,D,0,,,Y,,Y,,D,22,0,1,0,0,0,0,0,0,1,"- ","- ",37.62152099609375,-120.98593139648438,STANISLAUS,UNINCORPORATED,-120.98575592041016,37.621486663818359
91479061,2021,2021-05-21,9465,2021-05-07,1645,020833,,5,2,9,5000,0,1,3,,1,031,"STATE ROUTE 132 (YOSEMITE BLVD)","CODONI AVENUE",950.00,W,N,A,-,Y,,,132,,,,,,,N,4,0,1,2,A,-,03,22350,,M,C,C,A,A,H,-,A,D,0,,,,,Y,,A,01,0,0,1,0,0,0,0,0,0,"- ","- ",37.638229370117188,-120.91487121582031,STANISLAUS,UNINCORPORATED,-120.91487121582031,37.638217926025391
91479466,2021,2021-05-24,9465,2021-05-02,1207,019155,,7,1,9,5000,0,3,5,,2,030,"NADINE AVENUE","MUSICK AVENUE",120.00,W,N,A,-,N,,,,,,,,,,Y,1,1,0,2,A,-,08,22103,,N,D,C,A,A,H,-,A,D,0,,,,,Y,,A,01,0,0,0,0,0,0,0,0,0,"- ","- ",37.613021850585938,-120.97122955322266,STANISLAUS,UNINCORPORATED,-120.97107696533203,37.613014221191406
91479468,2021,2021-05-24,9465,2021-04-30,0609,018998,,5,1,9,5000,0,1,3,,2,023,"STATE ROUTE 108","KENNEDY ROAD",12672.00,W,N,A,-,Y,,,,,,,,,,Y,1,1,1,2,A,-,05,21460,A,N,A,C,A,A,H,-,B,D,0,,,,Y,Y,Y,A,01,0,0,1,0,0,0,0,0,0,"- ","- ",37.804489135742188,-120.70462036132812,STANISLAUS,UNINCORPORATED,-120.70475006103516,37.804508209228516
91481767,2021,2021-05-27,9465,2021-05-12,1333,018274,,3,1,9,5000,0,3,5,,2,020,"SNEDIGAR ROAD","MESA DRIVE",0.00,,Y,A,-,N,,,,,,,,,,Y,3,0,1,2,A,-,12,22450,A,N,D,C,A,A,H,-,A,A,0,,,,,Y,,D,22,0,1,0,0,0,0,0,0,0,"- ","- ",37.739639282226562,-120.91352081298828,STANISLAUS,UNINCORPORATED,-120.91348266601562,37.739635467529297
91490275,2021,2021-06-07,9465,2021-04-19,1231,019376,,1,1,9,5000,0,3,5,,2,030,"CHURCH STREET","DRY CREEK",885.00,S,N,A,-,N,,,,,,,,,,Y,3,0,1,1,A,-,08,22107,,N,E,J,A,A,H,-,A,A,0,,,,,Y,,A,01,0,1,0,0,0,0,0,0,0,"- ","- ",37.663631439208984,-120.89845275878906,STANISLAUS,UNINCORPORATED,,
91491164,2021,2021-06-07,9465,2021-04-16,2056,018274,,5,2,9,5000,0,1,3,,2,011,"STATE ROUTE 99 (SOUTHBOUND)","N. 9TH STREET",800.00,S,N,A,-,Y,,,99,,,,,,,N,2,0,1,3,A,-,11,21954,A,N,G,B,E,A,H,-,D,D,0,Y,,,Y,Y,,N,60,1,0,0,0,1,0,0,0,0,"- ","- ",37.657428741455078,-121.02606201171875,STANISLAUS,UNINCORPORATED,-121.02610015869141,37.657428741455078
91495149,2021,2021-06-11,9465,2021-05-28,0510,021368,,5,3,9,5000,0,3,5,,2,050,"ZACHARIAS ROAD","STATE ROUTE 33",1927.00,W,N,A,-,N,,,,,,,,,,Y,3,0,1,1,A,-,08,22107,,N,E,I,A,A,H,-,D,D,0,,,,,Y,,A,01,0,1,0,0,0,0,0,0,0,"- ","- ",37.493289947509766,-121.150146484375,STANISLAUS,UNINCORPORATED,-121.15003204345703,37.493343353271484