CASE_ID,ACCIDENT_YEAR,PROC_DATE,JURIS,COLLISION_DATE,COLLISION_TIME,OFFICER_ID,REPORTING_DISTRICT,DAY_OF_WEEK,CHP_SHIFT,POPULATION,CNTY_CITY_LOC,SPECIAL_COND,BEAT_TYPE,CHP_BEAT_TYPE,CITY_DIVISION_LAPD,CHP_BEAT_CLASS,BEAT_NUMBER,PRIMARY_RD,SECONDARY_RD,DISTANCE,DIRECTION,INTERSECTION,WEATHER_1,WEATHER_2,STATE_HWY_IND,CALTRANS_COUNTY,CALTRANS_DISTRICT,STATE_ROUTE,ROUTE_SUFFIX,POSTMILE_PREFIX,POSTMILE,LOCATION_TYPE,RAMP_INTERSECTION,SIDE_OF_HWY,TOW_AWAY,COLLISION_SEVERITY,NUMBER_KILLED,NUMBER_INJURED,PARTY_COUNT,PRIMARY_COLL_FACTOR,PCF_CODE_OF_VIOL,PCF_VIOL_CATEGORY,PCF_VIOLATION,PCF_VIOL_SUBSECTION,HIT_AND_RUN,TYPE_OF_COLLISION,MVIW,PED_ACTION,ROAD_SURFACE,ROAD_COND_1,ROAD_COND_2,LIGHTING,CONTROL_DEVICE,CHP_ROAD_TYPE,PEDESTRIAN_ACCIDENT,BICYCLE_ACCIDENT,MOTORCYCLE_ACCIDENT,TRUCK_ACCIDENT,NOT_PRIVATE_PROPERTY,ALCOHOL_INVOLVED,STWD_VEHTYPE_AT_FAULT,CHP_VEHTYPE_AT_FAULT,COUNT_SEVERE_INJ,COUNT_VISIBLE_INJ,COUNT_COMPLAINT_PAIN,COUNT_PED_KILLED,COUNT_PED_INJURED,COUNT_BICYCLIST_KILLED,COUNT_BICYCLIST_INJURED,COUNT_MC_KILLED,COUNT_MC_INJURED,PRIMARY_RAMP,SECONDARY_RAMP,LATITUDE,LONGITUDE,COUNTY,CITY,POINT_X,POINT_Y
92002653,2023,2023-02-24,9465,2023-01-10,1515,019713,,2,2,9,5000,0,3,5,,2,050,"ALMOND AVENUE","ELM AVENUE",860.00,W,N,B,-,N,,,,,,,,,,N,1,1,0,2,A,-,17,21200,,N,G,G,A,B,H,-,A,D,0,,Y,,,Y,,L,04,0,0,0,0,0,1,0,0,0,"- ","- ",37.466880798339844,-121.08566284179688,STANISLAUS,UNINCORPORATED,-121.08574676513672,37.466831207275391
92007743,2023,2023-03-02,9465,2023-02-23,1255,015761,,4,1,9,5000,0,2,4,,2,016,"CLARIBEL ROAD","BENTLEY ROAD",1320.00,E,N,B,-,N,,,,,,,,,,Y,3,0,2,3,A,-,08,22107,,N,B,C,A,A,H,-,A,D,0,,,,,Y,,A,01,0,1,1,0,0,0,0,0,0,"- ","- ",37.7110595703125,-120.86280822753906,STANISLAUS,UNINCORPORATED,-120.86204528808594,37.711032867431641
92017773,2023,2023-03-14,9465,2023-02-07,2019,019182,,2,2,9,5000,0,1,3,,2,015,"SR-219 (KIERNAN AVE)","CARVER ROAD",365.00,E,N,A,-,N,,,,,,,,,,N,2,0,1,2,A,-,11,21956,A,N,G,B,E,A,H,-,D,D,0,Y,,,,Y,,N,60,1,0,0,0,1,0,0,0,0,"- ","- ",37.711048126220703,-121.02079010009766,STANISLAUS,UNINCORPORATED,-121.02079010009766,37.711223602294922
92021883,2023,2023-03-20,9465,2023-03-09,1342,020475,,4,1,4,5001,0,1,3,,2,041,"SR-99 NORTHBOUND","WHITMORE AVENUE",830.00,N,N,B,C,Y,STA,,99," ",R,12.078,H,,R,Y,4,0,1,3,A,-,07,21658,A,F,B,C,A,B,H,-,A,D,0,,,,,Y,,A,01,0,0,1,0,0,0,0,0,0,"- ","- ",37.596431732177734,-120.96235656738281,STANISLAUS,CERES,-120.96233367919922,37.596446990966797
92026707,2023,2023-03-23,9465,2023-03-11,1332,020914,,6,1,9,5000,0,1,3,,2,041,"STATE ROUTE 99 (NORTHBOUND)","CANAL DRIVE",300.00,S,N,A,-,Y,STA,,99," ",R,3.952,H,,R,N,4,0,1,2,A,-,08,22107,,N,D,C,A,A,H,-,A,D,0,,,,Y,Y,,A,01,0,0,1,0,0,0,0,0,0,"- ","- ",37.499271392822266,-120.87335968017578,STANISLAUS,UNINCORPORATED,-120.87337493896484,37.499263763427734
92041905,2023,2023-05-11,9465,2023-04-02,"820 ",018363,,7,1,9,5000,0,3,5,,2,020,"ORANGE BLOSSOM ROAD","ORANGE BLOSSOM COURT",0.00,,Y,A,-,N,,,,,,,,,,Y,4,0,2,2,A,-,05,21460,A,N,D,C,A,A,H,-,A,D,0,,,,,Y,,A,01,0,0,2,0,0,0,0,0,0,"- ","- ",37.79840087890625,-120.72796630859375,STANISLAUS,UNINCORPORATED,-120.72792816162109,37.7984619140625
92056516,2023,2023-04-28,9465,2023-04-14,"718 ",018259,,5,1,9,5000,0,3,5,,2,030,"SERVICE ROAD","N. WASHINGTON ROAD",0.00,,Y,A,-,N,,,,,,,,,,N,4,0,1,3,A,-,12,22450,A,N,D,C,A,A,H,-,A,A,0,,,,,Y,,A,07,0,0,1,0,0,0,0,0,0,"- ","- ",37.580238342285156,-120.90177917480469,STANISLAUS,UNINCORPORATED,-120.90174102783203,37.580257415771484
92063339,2023,2023-05-08,9465,2023-04-28,1830,023200,,5,2,9,5000,0,3,5,,2,010,"PARADISE ROAD","HUNTINGTON ROAD",942.00,N,N,A,-,N,,,,,,,,,,Y,2,0,3,2,A,-,05,21460,A,N,A,D,A,A,H,-,A,D,0,,,,,Y,,A,01,3,0,0,0,0,0,0,0,0,"- ","- ",37.629100799560547,-121.1590576171875,STANISLAUS,UNINCORPORATED,-121.15904998779297,37.628963470458984
92067477,2023,2023-05-12,9465,2023-05-04,1955,020475,,4,2,9,5000,0,3,5,,2,010,"N. HART RD","WOODLAND AVENUE",1820.00,S,N,B,C,N,,,,,,,,,,N,2,0,1,2,A,-,11,21954,A,N,A,B,E,B,H,-,D,D,0,Y,,,,Y,Y,N,60,1,0,0,0,1,0,0,0,0,"- ","- ",37.64739990234375,-121.12230682373047,STANISLAUS,UNINCORPORATED,-121.122314453125,37.647441864013672
92071378,2023,2023-05-17,9465,2023-05-14,1210,018955,,7,1,9,5000,0,3,5,,2,050,"STUHR ROAD","MCCLINTOCK ROAD",700.00,W,N,A,-,N,,,,,,,,,,N,2,0,2,1,A,-,03,22350,,N,E,I,A,A,H,-,A,D,0,,,Y,,Y,,C,06,1,1,0,0,0,0,0,0,2,"- ","- ",37.332748413085938,-121.00659942626953,STANISLAUS,UNINCORPORATED,-121.00654602050781,37.332767486572266
92074233,2023,2023-05-22,9465,2023-05-18,"723 ",018259,,4,1,9,5000,0,1,3,,1,032,SR-132,"MISSOURI AVENUE",150.00,E,N,A,-,Y,STA,,132," "," ",26.475,H,,R,N,4,0,1,2,A,-,03,22350,,M,C,C,A,A,H,-,A,D,0,,,,,Y,,D,22,0,0,1,0,0,0,0,0,0,"- ","- ",37.638309478759766,-120.78710174560547,STANISLAUS,UNINCORPORATED,-120.78710174560547,37.638328552246094
92074947,2023,2023-05-23,9465,2023-05-18,"20  ",021770,,4,3,9,5000,0,1,3,,2,012,SR-132,"PAULINE AVE.",1263.00,W,N,A,-,N,,,,,,,,,,Y,3,0,1,1,A,-,08,22107,,N,E,I,A,A,H,-,D,D,0,,,,,Y,,D,22,0,1,0,0,0,0,0,0,0,"- ","- ",37.638259887695312,-121.05805969238281,STANISLAUS,UNINCORPORATED,-121.05805969238281,37.638355255126953
92084479,2023,2023-06-02,9465,2023-05-31,1028,018259,,3,1,9,5000,0,2,4,,2,034,"GEER ROAD","ALDERSON ROAD",500.00,S,N,A,-,N,,,,,,,,,,Y,3,0,2,3,A,-,03,22350,,N,C,D,A,A,H,-,A,D,0,,,,,Y,,A,08,0,2,0,0,0,0,0,0,0,"- ","- ",37.553558349609375,-120.84710693359375,STANISLAUS,UNINCORPORATED,-120.84707641601562,37.553455352783203
92086710,2023,2023-06-06,9465,2023-05-27,"40  ",021368,,6,3,9,5000,0,3,5,,2,040,"CROWS LANDING ROAD","W MAIN STREET",0.00,,Y,A,-,N,,,,,,,,,,Y,3,0,1,2,A,-,01,23152,A,N,D,C,A,A,H,-,C,A,0,,,,,Y,Y,A,01,0,1,0,0,0,0,0,0,0,"- ","- ",37.492988586425781,-120.99478149414062,STANISLAUS,UNINCORPORATED,-120.99456024169922,37.492992401123047
92099542,2023,2023-06-22,9465,2023-06-16,2104,020475,,5,2,9,5000,0,3,5,,2,010,"PARADISE ROAD","IOWA AVENUE",0.00,,Y,A,-,N,,,,,,,,,,Y,4,0,1,3,A,-,09,21801,A,N,D,C,A,A,H,-,D,A,0,,,,,Y,,A,01,0,0,1,0,0,0,0,0,0,"- ","- ",37.609180450439453,-121.07614898681641,STANISLAUS,UNINCORPORATED,-121.07610321044922,37.609165191650391
92099553,2023,2023-06-22,9465,2023-06-20,2120,020475,,2,2,9,5000,0,1,3,,2,011,"SR-99 NORTHBOUND","HAMMETT RD",3000.00,S,N,A,-,Y,STA,,99," ",R,23.700,H,,R,N,4,0,1,2,A,-,03,22350,,N,C,C,A,A,H,-,D,D,0,,,,,Y,,A,01,0,0,1,0,0,0,0,0,0,"- ","- ",37.719589233398438,-121.09683990478516,STANISLAUS,UNINCORPORATED,-121.09683990478516,37.719593048095703
92103307,2023,2023-06-27,9465,2023-06-26,1226,018274,,1,1,9,5000,0,3,5,,2,030,"PIONEER ROAD","GRAYSON ROAD",20.00,S,N,A,-,N,,,,,,,,,,Y,3,0,1,1,A,-,08,22107,,N,E,I,A,A,H,-,A,D,0,,,,,Y,,A,07,0,1,0,0,0,0,0,0,0,"- ","- ",37.565670013427734,-120.89277648925781,STANISLAUS,UNINCORPORATED,-120.8927001953125,37.565536499023438
9210331,2020,2021-01-14,5006,2020-11-26,0819,S01836,MODES,4,5,3,5006,0,0,0,,0,RPD1,"CLARIBEL RD","ROSELLE AV",0.00,,Y,A,-,N,,,,,,,,,,Y,3,0,2,2,A,-,09,21453,C,N,D,C,A,A,H,-,A,A,0,,,,,Y,,A,01,0,1,1,0,0,0,0,0,0,"- ","- ",,,STANISLAUS,RIVERBANK,-120.94007873535156,37.710941314697266
92111234,2023,2023-07-06,9465,2023-02-20,2007,019413,,1,2,9,5000,0,3,5,,2,020,"RIVER ROAD","SAWYER AVENUE",1795.00,E,N,A,-,N,,,,,,,,,,Y,1,1,0,1,A,-,03,22350,,F,E,I,A,A,H,-,D,D,0,,,,,Y,,A,08,0,0,0,0,0,0,0,0,0,"- ","- ",37.770988464355469,-120.89865875244141,STANISLAUS,UNINCORPORATED,-120.89881134033203,37.770851135253906
92111590,2023,2023-07-07,9465,2023-07-02,"345 ",020985,,7,3,9,5000,0,1,3,,2,011,"STATE ROUTE 99 (SOUTHBOUND)","WOODLAND AVENUE",301.00,N,N,A,-,Y,STA,,99," ",R,17.579,H,,R,N,2,0,1,2,A,-,07,21658,A,F,E,I,A,A,H,-,D,D,0,,,Y,,Y,,-,99,1,0,0,0,0,0,0,0,1,"- ","- ",37.654029846191406,-121.02565002441406,STANISLAUS,UNINCORPORATED,-121.025390625,37.654121398925781
92112103,2023,2023-07-25,9465,2023-07-03,1915,019182,,1,2,9,5000,0,3,5,,2,010,"ELLEN AVENUE","CHICAGO AVENUE",0.00,,Y,A,-,N,,,,,,,,,,N,1,1,0,2,A,-,03,22350,,N,G,B,E,A,H,-,A,D,0,Y,,,,Y,,A,07,0,0,0,1,0,0,0,0,0,"- ","- ",37.626079559326172,-121.01484680175781,STANISLAUS,UNINCORPORATED,-121.01483917236328,37.6259765625
92113744,2023,2023-07-11,9465,2023-07-03,"320 ",021783,,1,3,9,5000,0,3,5,,2,010,"BECKWITH ROAD","DAKOTA AVENUE",320.00,E,N,A,-,N,,,,,,,,,,Y,3,0,1,2,A,-,01,23152,A,N,C,C,A,A,H,-,C,D,0,,,,,Y,Y,A,07,0,1,0,0,0,0,0,0,0,"- ","- ",37.681728363037109,-121.06694793701172,STANISLAUS,UNINCORPORATED,-121.06702423095703,37.681751251220703
9211494,2020,2022-06-13,5005,2020-12-23,0545,SQ95,PSS,3,5,3,5005,0,0,0,,0,3T4,"RT 33","EUCALYPTUS AV",196.00,S,N,E,-,Y,STA,10,33,-,-,14.660,H,-,N,Y,1,1,0,1,A,-,03,22350,,N,F,J,A,B,H,-,D,D,0,,,,,Y,,A,07,0,0,0,0,0,0,0,0,0,"- ","- ",37.491001129150391,-121.14099884033203,STANISLAUS,PATTERSON,-121.14170074462891,37.490898132324219
92117818,2023,2023-07-17,9465,2023-07-05,"450 ",021783,,3,3,9,5000,0,3,5,,2,020,"CLARIBEL ROAD","BENTLEY ROAD",0.00,,Y,A,-,N,,,,,,,,,,Y,3,0,2,2,A,-,12,22450,A,N,D,C,A,A,H,-,D,A,0,,,,,Y,,A,01,0,2,0,0,0,0,0,0,0,"- ","- ",37.711048126220703,-120.86656951904297,STANISLAUS,UNINCORPORATED,-120.86661529541016,37.711044311523438
92118336,2023,2023-07-17,9465,2023-07-13,2200,020985,,4,3,9,5000,0,3,5,,2,010,"EMERALD AVENUE","KANSAS AVENUE",0.00,,Y,A,-,N,,,,,,,,,,Y,3,0,4,2,A,-,09,21801,A,N,A,C,A,A,H,-,C,A,0,,,,,Y,,A,01,0,1,3,0,0,0,0,0,0,"- ","- ",37.646018981933594,-121.02101898193359,STANISLAUS,UNINCORPORATED,-121.02105712890625,37.645992279052734
92119645,2023,2023-07-18,9465,2023-07-17,"225 ",021549,,1,3,9,5000,0,3,5,,2,040,"CARPENTER ROAD","CROWS LANDING ROAD",210.00,N,N,A,-,N,,,,,,,,,,Y,4,0,1,1,A,-,01,23152,A,N,B,I,A,A,H,-,D,D,0,,,,,Y,Y,A,01,0,0,1,0,0,0,0,0,0,"- ","- ",37.433109283447266,-121.01289367675781,STANISLAUS,UNINCORPORATED,-121.01268005371094,37.433040618896484
92125443,2023,2023-07-25,9465,2023-07-22,2105,021022,,6,2,9,5000,0,3,5,,2,030,"ROHDE ROAD","MOTSINGER ROAD",0.00,,Y,A,-,N,,,,,,,,,,N,4,0,1,2,A,-,10,21950,A,N,G,B,B,A,H,-,D,D,0,Y,,,,Y,,D,22,0,0,1,0,1,0,0,0,0,"- ","- ",37.5606689453125,-120.92059326171875,STANISLAUS,UNINCORPORATED,-120.92074584960938,37.560722351074219
92127896,2023,2023-07-27,9465,2023-07-21,1626,020885,,5,2,9,5000,0,3,5,,2,030,"GEER ROAD","SANTA FE AVENUE",220.00,N,N,A,-,N,,,,,,,,,,Y,4,0,1,2,A,-,07,21658,A,N,B,C,A,A,H,-,A,D,0,,,,,Y,,D,22,0,0,1,0,0,0,0,0,0,"- ","- ",37.576148986816406,-120.84712982177734,STANISLAUS,UNINCORPORATED,-120.84707641601562,37.575992584228516
92136211,2023,2023-08-04,9465,2023-08-02,1120,018623,,3,1,9,5000,0,3,5,,2,030,"WHITMORE AVENUE","EUCLID AVENUE",0.00,,Y,A,-,N,,,,,,,,,,N,4,0,1,2,A,-,03,22350,,N,D,D,A,A,H,-,A,D,0,,,,,Y,,A,07,0,0,1,0,0,0,0,0,0,"- ","- ",37.594718933105469,-120.85175323486328,STANISLAUS,UNINCORPORATED,-120.85179901123047,37.5947265625
92137891,2023,2023-08-07,9465,2023-07-02,1655,020475,,7,2,9,5000,0,1,3,,2,012,"STATE ROUTE 132 EASTBOUND","NORTH GATES ROAD",13675.00,W,N,A,-,Y,STA,,132," "," ",3.795,H,,R,Y,1,1,0,1,A,-,01,23152,A,N,E,I,A,A,H,-,A,D,0,,,,,Y,Y,D,22,0,0,0,0,0,0,0,0,0,"- ","- ",37.637668609619141,-121.20549011230469,STANISLAUS,UNINCORPORATED,-121.20550537109375,37.637733459472656
9214127,2020,2021-02-22,5007,2020-12-22,0751,5708,TPD,2,5,5,5007,0,0,0,,0,PD5,"EAST CANAL DR","N MITCHELL AV",0.00,,Y,E,-,N,,,,,,,,,,Y,3,0,1,2,A,-,09,21804,A,N,D,C,A,A,H,-,A,D,0,,,,,Y,,D,22,0,1,0,0,0,0,0,0,0,"- ","- ",37.500320434570312,-120.84211730957031,STANISLAUS,TURLOCK,-120.84219360351562,37.500461578369141
92144233,2023,2023-08-15,9465,2023-08-06,1555,020833,,7,2,9,5000,0,3,5,,2,010,"BECKWITH ROAD","DUNN ROAD",0.00,,Y,A,-,N,,,,,,,,,,Y,4,0,1,2,A,-,09,21802,A,N,D,C,A,A,H,-,A,A,0,,,,,Y,,A,01,0,0,1,0,0,0,0,0,0,"- ","- ",37.681240081787109,-121.14118194580078,STANISLAUS,UNINCORPORATED,-121.14122772216797,37.681228637695312
9214892,2020,2021-02-01,5007,2020-11-27,1641,5780,TPD,5,5,5,5007,0,0,0,,0,PD5,"EAST CANAL DR","EAST OLIVE AV",0.00,,Y,A,-,N,,,,,,,,,,Y,4,0,1,2,A,-,09,21453,C,N,D,D,A,A,H,-,B,A,0,,,,,Y,,A,01,0,0,1,0,0,0,0,0,0,"- ","- ",37.500019073486328,-120.86978149414062,STANISLAUS,TURLOCK,-120.84014129638672,37.500289916992188
92176180,2023,2023-09-21,9465,2023-09-13,1157,018274,,3,1,9,5000,0,3,5,,2,030,"GARST ROAD","ROOT ROAD",13.00,E,N,A,-,N,,,,,,,,,,N,2,0,1,1,A,-,08,22107,,N,E,I,A,A,H,-,A,D,0,,,,,Y,,D,22,1,0,0,0,0,0,0,0,0,"- ","- ",37.652961730957031,-120.89356231689453,STANISLAUS,UNINCORPORATED,-120.89359283447266,37.653011322021484
92176847,2023,2023-09-22,9465,2023-09-16,"130 ",020833,,6,3,9,5000,0,2,4,,2,034,"GEER ROAD","HATCH ROAD",50.00,N,N,A,-,N,,,,,,,,,,Y,4,0,1,1,A,-,03,22350,,N,F,C,A,A,H,-,C,D,0,,,,,Y,Y,A,01,0,0,1,0,0,0,0,0,0,"- ","- ",37.609371185302734,-120.84754943847656,STANISLAUS,UNINCORPORATED,-120.84742736816406,37.609298706054688
92178586,2023,2023-09-25,9465,2023-09-22,1815,020985,,5,2,9,5000,0,3,5,,2,040,"GRAYSON ROAD","VIVIAN ROAD",0.00,,Y,A,-,N,,,,,,,,,,Y,4,0,2,2,A,-,12,22450,A,N,D,C,A,A,H,-,B,A,0,,,,,Y,,A,01,0,0,2,0,0,0,0,0,0,"- ","- ",37.565990447998047,-121.04844665527344,STANISLAUS,UNINCORPORATED,-121.0484619140625,37.565963745117188
92197668,2023,2023-10-12,9465,2023-10-02,1915,020833,,1,2,9,5000,0,3,5,,2,050,"RIVER ROAD","VILLA MANUCHA ROAD",25.00,S,N,A,-,N,,,,,,,,,,N,4,0,3,2,A,-,09,21802,A,N,D,C,A,A,H,-,C,A,0,,,,,Y,,A,01,0,0,3,0,0,0,0,0,0,"- ","- ",37.387168884277344,-121.00128936767578,STANISLAUS,UNINCORPORATED,-121.00121307373047,37.387004852294922
92202385,2023,2023-10-18,9465,2023-10-11,1545,020833,,3,2,9,5000,0,3,5,,2,040,"KEYES ROAD","VIVIAN ROAD",750.00,W,N,A,-,N,,,,,,,,,,Y,4,0,1,1,A,-,08,22107,,N,E,I,A,A,B,D,A,D,0,,,,,Y,,A,01,0,0,1,0,0,0,0,0,0,"- ","- ",37.551490783691406,-121.05106353759766,STANISLAUS,UNINCORPORATED,-121.05108642578125,37.551448822021484
9220369,2020,2021-02-11,5007,2020-12-19,1308,5694,,6,5,5,5007,0,0,0,,0,004,"W TAYLOR RD","NORTH WALNUT RD",1265.00,E,N,A,-,N,,,,,,,,,,Y,3,0,1,1,A,-,01,23152,A,N,E,I,A,A,H,-,A,D,0,,,,,Y,Y,A,01,0,1,0,0,0,0,0,0,0,"- ","- ",,,STANISLAUS,TURLOCK,-120.86236572265625,37.536708831787109
92204156,2023,2023-10-19,9465,2023-10-08,2045,021066,,7,2,9,5000,0,1,3,,2,041,"SR-99 (S/B) TO HATCH ROAD","HATCH ROAD",410.00,N,N,A,-,Y,STA,,99," ",R,13.361,H,,L,N,4,0,1,2,A,-,11,21954,A,M,G,B,E,A,H,-,D,D,0,Y,,,,Y,,N,60,0,0,1,0,1,0,0,0,0,"- ","- ",37.6102294921875,-120.97805786132812,STANISLAUS,UNINCORPORATED,-120.97786712646484,37.610359191894531
92204782,2023,2023-10-20,9465,2023-10-07,1255,019152,,6,1,9,5000,0,1,3,,2,041,"STATE ROUTE 99 SOUTHBOUND","MITCHELL RD.",150.00,S,N,A,-,Y,STA,,99," ",R,10.095,H,,L,N,3,0,1,1,A,-,03,22350,,N,F,A,A,A,H,-,A,D,0,,,Y,,Y,,C,02,0,1,0,0,0,0,0,0,1,"- ","- ",37.575229644775391,-120.93785095214844,STANISLAUS,UNINCORPORATED,-120.93791198730469,37.575191497802734
92204785,2023,2023-10-20,9465,2023-10-10,1825,019517,,2,2,9,5000,0,3,5,,2,010,"KEYES ROAD","CENTRAL AVENUE",35.00,E,N,A,-,N,,,,,,,,,,N,4,0,2,2,A,-,21,22106,,N,C,C,A,A,H,-,A,A,0,,,,,Y,,A,08,0,0,2,0,0,0,0,0,0,"- ","- ",37.55133056640625,-120.95686340332031,STANISLAUS,UNINCORPORATED,-120.95694732666016,37.551300048828125
9221889,2021,2021-03-22,5004,2021-02-24,1631,320,RD36,3,5,3,5004,0,0,0,,0,031,"SOUTH YOSEMITE AV","RT 108",0.00,,Y,A,-,Y,STA,10,108,-,-,38.235,I,5,E,N,3,0,1,2,A,-,08,22107,,N,C,C,A,A,H,-,A,A,0,,,,,Y,,D,22,0,1,0,0,0,0,0,0,0,"- ","- ",,,STANISLAUS,OAKDALE,-120.84707641601562,37.76666259765625
9222192,2021,2021-03-22,5006,2021-02-28,1722,S02646,RPS,7,5,3,5006,0,0,0,,0,RPD1,"ATCHISON ST","1ST ST",125.00,E,N,A,-,Y,STA,10,108,-,-,32.480,H,-,W,Y,4,0,2,2,A,-,21,22106,,N,C,C,A,A,H,-,A,A,0,,,,,Y,,A,01,0,0,2,0,0,0,0,0,0,"- ","- ",,,STANISLAUS,RIVERBANK,-120.93852233886719,37.737991333007812
92227241,2023,2023-11-03,9465,2023-10-24,"245 ",021930,,2,3,9,5000,0,3,5,,2,010,"CHICAGO AVENUE","CARPENTER ROAD",640.00,W,N,A,-,N,,,,,,,,,,Y,3,0,1,1,A,-,01,23152,A,M,E,I,A,A,H,-,D,D,0,,,,,Y,Y,A,01,0,1,0,0,0,0,0,0,0,"- ","- ",37.623851776123047,-121.03263092041016,STANISLAUS,UNINCORPORATED,-121.03250122070312,37.623844146728516
92230200,2023,2023-11-07,9465,2023-10-28,"638 ",018274,,6,1,9,5000,0,3,5,,2,030,"HICKMAN ROAD","KEYES ROAD",5280.00,N,N,A,-,N,,,,,,,,,,Y,2,0,2,2,A,-,01,23152,G,N,A,C,A,A,H,-,D,D,0,,,,,Y,,A,01,1,0,1,0,0,0,0,0,0,"- ","- ",37.566768646240234,-120.75559997558594,STANISLAUS,UNINCORPORATED,-120.75559234619141,37.551139831542969
92234182,2023,2023-11-13,9465,2023-10-25,1525,019155,,3,2,9,5000,0,1,3,,2,011,"STATE ROUTE 99 (NORTHBOUND)","KANSAS AVENUE",440.00,S,N,A,-,Y,STA,,99," ",R,16.622,H,,R,N,4,0,1,3,A,-,03,22350,,N,C,C,A,A,H,-,A,D,0,,,,,Y,,A,01,0,0,1,0,0,0,0,0,0,"- ","- ",37.643989562988281,-121.01360321044922,STANISLAUS,UNINCORPORATED,-121.0135498046875,37.64404296875
92235569,2023,2023-11-14,9465,2023-11-07,1500,018363,,2,2,9,5000,0,3,5,,2,020,"ROSELLE AVENUE","CLARIBEL AVENUE",456.00,S,N,A,-,N,,,,,,,,,,Y,4,0,1,2,A,-,09,21802,A,N,D,C,A,A,H,-,A,D,0,,,,,Y,,E,22,0,0,1,0,0,0,0,0,0,"- ","- ",37.709648132324219,-120.94010162353516,STANISLAUS,UNINCORPORATED,-120.9400634765625,37.709686279296875
92235582,2023,2023-11-14,9465,2023-11-07,1216,018274,,2,1,9,5000,0,1,3,,2,041,"STATE ROUTE 99 (SOUTHBOUND)","KEYES ROAD",2112.00,S,N,B,-,Y,STA,,99," ",R,7.339,H,,L,N,4,0,2,2,A,-,08,22107,,N,C,2,A,A,H,-,A,D,0,,,,,Y,,A,07,0,0,2,0,0,0,0,0,0,"- ","- ",37.543098449707031,-120.89959716796875,STANISLAUS,UNINCORPORATED,-120.8995361328125,37.543148040771484
92241423,2023,2023-11-21,9465,2023-10-30,1900,019982,,1,2,9,5000,0,1,3,,2,021,"STATE ROUTE 120","PIONEER AVENUE",0.00,,Y,A,-,Y,STA,,120," "," ",0.516,H,,R,Y,3,0,2,2,A,-,12,22450,A,N,D,C,A,A,H,-,D,A,0,,,,,Y,,A,07,0,2,0,0,0,0,0,0,0,"- ","- ",37.793258666992188,-120.91393280029297,STANISLAUS,UNINCORPORATED,-120.91392517089844,37.793304443359375
92244339,2023,2023-11-27,9465,2023-11-17,1730,022938,,5,2,9,5000,0,3,5,,2,040,"GRAYSON ROAD","MORGAN ROAD",1034.00,W,N,C,-,N,,,,,,,,,,Y,2,0,1,2,A,-,08,22107,,N,A,C,A,B,H,-,D,D,0,,,,,Y,,D,22,1,0,0,0,0,0,0,0,0,"- ","- ",37.565849304199219,-120.97901916503906,STANISLAUS,UNINCORPORATED,-120.97898101806641,37.565826416015625
92251675,2023,2023-12-04,9465,2023-11-26,"735 ",019730,,7,1,9,5000,0,1,3,,2,011,"STATE ROUTE 99 (SOUTHBOUND)","HAMMETT ROAD",20.00,S,N,A,-,Y,STA,,99," ",R,24.265,H,,R,N,4,0,3,2,A,-,08,22107,,N,B,E,A,A,H,-,B,D,0,,,,,Y,,A,01,0,0,3,0,0,0,0,0,0,"- ","- ",37.725780487060547,-121.10346984863281,STANISLAUS,UNINCORPORATED,-121.10323333740234,37.725955963134766
92252681,2023,2023-12-05,9465,2023-11-10,1315,017966,,5,1,9,5000,0,1,3,,2,011,"STATE ROUTE 99 (SOUTHBOUND)","PELANDALE AVENUE",2640.00,S,N,A,-,Y,STA,,99," ",R,20.974,H,,L,N,4,0,1,2,A,-,07,21658,A,N,B,2,A,A,H,-,A,D,0,,,,,Y,,-,"- ",0,0,1,0,0,0,0,0,0,"- ","- ",37.691020965576172,-121.06311798095703,STANISLAUS,UNINCORPORATED,-121.06310272216797,37.691028594970703
92256006,2023,2023-12-07,9465,2023-11-08,1450,019182,,3,2,9,5000,0,1,3,,2,041,"SR-99 S/B","SERVICE RD",2112.00,N,N,A,-,Y,STA,,99," ",R,11.023,H,,L,Y,4,0,1,1,A,-,08,22107,,N,E,I,A,A,H,-,A,D,0,,,,,Y,,A,01,0,0,1,0,0,0,0,0,0,"- ","- ",37.584941864013672,-120.94967651367188,STANISLAUS,UNINCORPORATED,-120.94959259033203,37.585002899169922
92256008,2023,2023-12-07,9465,2023-11-08,1555,019182,,3,2,6,5002,0,1,3,,2,011,"SR-99 S/B","KANSAS AVE",2112.00,N,N,A,-,Y,STA,,99," ",R,17.148,H,,L,N,4,0,2,2,A,-,07,21658,A,N,B,C,A,A,H,-,A,D,0,,,,,Y,,A,01,0,0,2,0,0,0,0,0,0,"- ","- ",37.649368286132812,-121.02062225341797,STANISLAUS,MODESTO,-121.02059936523438,37.649383544921875