CASE_ID,ACCIDENT_YEAR,PROC_DATE,JURIS,COLLISION_DATE,COLLISION_TIME,OFFICER_ID,REPORTING_DISTRICT,DAY_OF_WEEK,CHP_SHIFT,POPULATION,CNTY_CITY_LOC,SPECIAL_COND,BEAT_TYPE,CHP_BEAT_TYPE,CITY_DIVISION_LAPD,CHP_BEAT_CLASS,BEAT_NUMBER,PRIMARY_RD,SECONDARY_RD,DISTANCE,DIRECTION,INTERSECTION,WEATHER_1,WEATHER_2,STATE_HWY_IND,CALTRANS_COUNTY,CALTRANS_DISTRICT,STATE_ROUTE,ROUTE_SUFFIX,POSTMILE_PREFIX,POSTMILE,LOCATION_TYPE,RAMP_INTERSECTION,SIDE_OF_HWY,TOW_AWAY,COLLISION_SEVERITY,NUMBER_KILLED,NUMBER_INJURED,PARTY_COUNT,PRIMARY_COLL_FACTOR,PCF_CODE_OF_VIOL,PCF_VIOL_CATEGORY,PCF_VIOLATION,PCF_VIOL_SUBSECTION,HIT_AND_RUN,TYPE_OF_COLLISION,MVIW,PED_ACTION,ROAD_SURFACE,ROAD_COND_1,ROAD_COND_2,LIGHTING,CONTROL_DEVICE,CHP_ROAD_TYPE,PEDESTRIAN_ACCIDENT,BICYCLE_ACCIDENT,MOTORCYCLE_ACCIDENT,TRUCK_ACCIDENT,NOT_PRIVATE_PROPERTY,ALCOHOL_INVOLVED,STWD_VEHTYPE_AT_FAULT,CHP_VEHTYPE_AT_FAULT,COUNT_SEVERE_INJ,COUNT_VISIBLE_INJ,COUNT_COMPLAINT_PAIN,COUNT_PED_KILLED,COUNT_PED_INJURED,COUNT_BICYCLIST_KILLED,COUNT_BICYCLIST_INJURED,COUNT_MC_KILLED,COUNT_MC_INJURED,PRIMARY_RAMP,SECONDARY_RAMP,LATITUDE,LONGITUDE,COUNTY,CITY,POINT_X,POINT_Y
8129769,2016,2017-02-18,5002,2016-09-13,0731,13018,MPD,2,5,6,5002,0,0,0,,0,033,"MAZE BL","EMERALD AV",0.00,,Y,A,-,Y,STA,10,132,-,-,13.940,I,5,E,Y,4,0,2,2,A,-,03,22350,,N,D,C,A,A,H,-,A,A,0,,,,,Y,,A,,0,0,2,0,0,0,0,0,0,"- ","- ",,,STANISLAUS,MODESTO,-121.02102216999999,37.638664849999998
81303182,2020,2020-09-11,5002,2020-08-28,2233,13012,M409,5,5,6,5002,0,0,0,,0,MP41,"9TH ST","B ST",0.00,,Y,A,-,N,,,,,,,,,,Y,4,0,2,2,A,-,09,21801,A,N,A,C,A,A,H,-,C,A,0,,,,,Y,,A,01,0,0,2,0,0,0,0,0,0,"- ","- ",,,STANISLAUS,MODESTO,-120.99201965332031,37.632118225097656
81303218,2020,2020-09-11,5002,2020-09-04,1220,13232,M455,5,5,6,5002,0,0,0,,0,MP42,"LA LOMA AVE","SANTA CRUZ AVE",12.00,W,N,A,-,N,,,,,,,,,,N,4,0,1,2,A,-,03,22350,,N,C,C,A,A,H,-,A,A,0,,,,,Y,,A,01,0,0,1,0,0,0,0,0,0,"- ","- ",,,STANISLAUS,MODESTO,-120.97431182861328,37.640121459960938
81303233,2020,2020-09-11,5002,2020-09-09,1939,11813,404,3,5,6,5002,0,0,0,,0,MP41,"G ST","14TH ST",0.00,,Y,A,-,N,,,,,,,,,,Y,3,0,1,2,A,-,12,21453,A,N,D,C,A,A,H,-,C,A,0,,,,,Y,,A,07,0,1,0,0,0,0,0,0,0,"- ","- ",,,STANISLAUS,MODESTO,-120.9930419921875,37.640491485595703
81313221,2020,2020-09-28,5002,2020-09-16,1040,10043,M123,3,5,6,5002,0,0,0,,0,MP72,"COFFEE RD","NORWEGIAN AVE",100.00,N,N,A,-,N,,,,,,,,,,N,4,0,1,2,A,-,21,22106,,N,C,C,A,A,D,-,A,A,0,,,,,Y,,A,07,0,0,1,0,0,0,0,0,0,"- ","- ",,,STANISLAUS,MODESTO,-120.97572326660156,37.671302795410156
81313230,2020,2020-09-28,5002,2020-09-19,1718,13257,,6,5,6,5002,0,0,0,,0,MP62,"SHARON WAY","AULSTON AVE",0.00,,Y,A,-,N,,,,,,,,,,Y,3,0,2,1,A,-,03,22350,,N,E,J,A,A,H,-,A,D,0,,,,,Y,,A,01,0,2,0,0,0,0,0,0,0,"- ","- ",,,STANISLAUS,MODESTO,-121.03428649902344,37.674770355224609
81313240,2020,2020-09-28,5002,2020-09-19,2005,13307,,6,5,6,5002,0,0,0,,0,MP73,"COFFEE RD","RUMBLE RD",0.00,,Y,A,-,N,,,,,,,,,,N,4,0,1,2,A,-,09,21801,A,F,D,C,A,A,H,-,B,A,0,,,,,Y,,A,01,0,0,1,0,0,0,0,0,0,"- ","- ",,,STANISLAUS,MODESTO,-120.97599029541016,37.681678771972656
81314567,2020,2020-09-30,5002,2020-09-13,1829,13096,,7,5,6,5002,0,0,0,,0,MP72,"ALEXIA WAY","WOODCREST WAY",113.00,E,N,A,-,N,,,,,,,,,,Y,4,0,1,3,A,-,08,22107,,N,D,E,A,A,H,-,B,D,0,,,,,Y,,A,01,0,0,1,0,0,0,0,0,0,"- ","- ",,,STANISLAUS,MODESTO,-120.94985198974609,37.67010498046875
81316149,2020,2020-10-02,5002,2020-09-18,2324,13106,M065,5,5,6,5002,0,0,0,,0,MP82,"BRIGGSMORE AVE","MC HENRY AVE",600.00,E,N,A,-,Y,,,,,,,,,,Y,4,0,3,2,A,-,05,21650,,N,A,C,A,A,H,-,C,D,0,,,,,Y,,A,01,0,0,3,0,0,0,0,0,0,"- ","- ",,,STANISLAUS,MODESTO,-120.99196624755859,37.670356750488281
81318892,2020,2020-10-07,5002,2020-09-28,1622,13307,,1,5,6,5002,0,0,0,,0,MP73,"CLAUS RD","SYLVAN AVE",640.00,N,N,A,-,N,,,,,,,,,,Y,3,0,2,3,A,-,03,22350,,N,C,C,A,A,H,-,A,A,0,,,,,Y,,A,01,0,1,1,0,0,0,0,0,0,"- ","- ",,,STANISLAUS,MODESTO,-120.92156219482422,37.690837860107422
81323229,2020,2020-10-14,5002,2020-10-01,1532,13326,275,4,5,6,5002,0,0,0,,0,081,"SCENIC DR","COFFEE RD",10.00,W,N,A,-,N,,,,,,,,,,Y,3,0,1,2,A,-,12,21453,A,N,B,C,A,A,H,-,A,A,0,,,Y,,Y,,A,01,0,1,0,0,0,0,0,0,1,"- ","- ",,,STANISLAUS,MODESTO,-120.97554016113281,37.649009704589844
81323238,2020,2020-10-14,5002,2020-10-05,2214,13055,,1,5,6,5002,0,0,0,,0,MP81,"SCENIC DR","COFFEE RD",1371.00,W,N,A,-,N,,,,,,,,,,Y,2,0,1,2,A,-,03,22350,,N,G,B,F,A,H,-,C,D,0,Y,,,,Y,,A,01,1,0,0,0,1,0,0,0,0,"- ","- ",,,STANISLAUS,MODESTO,-120.97976684570312,37.647422790527344
81323248,2020,2020-10-14,5002,2020-10-07,1625,11046,,3,5,6,5002,0,0,0,,0,MP31,"WHITMORE AVE","DALLAS ST",0.00,,Y,A,-,N,,,,,,,,,,N,4,0,1,2,A,-,09,21804,A,N,D,C,A,A,H,-,A,D,0,,,,,Y,,A,01,0,0,1,0,0,0,0,0,0,"- ","- ",,,STANISLAUS,MODESTO,-121.00138854980469,37.595001220703125
81335284,2020,2020-10-30,5002,2020-09-25,1206,13201,,5,5,6,5002,0,0,0,,0,MP82,"MC HENRY AVE","COOLIDGE AVE",50.00,N,N,A,-,Y,,,,,,,,,,Y,4,0,1,2,A,-,09,21804,A,N,D,C,A,A,H,-,A,D,0,,,Y,,Y,,A,01,0,0,1,0,0,0,0,0,0,"- ","- ",,,STANISLAUS,MODESTO,-120.99394989013672,37.665637969970703
8134006,2016,2016-10-04,5002,2016-09-19,0613,13018,MPD,1,5,6,5002,0,0,0,,0,041,"9TH ST","K ST",140.00,S,N,A,-,N,,,,,,,,,,Y,4,0,1,3,A,-,08,22107,,N,C,E,A,A,H,-,B,D,0,,,,,Y,,A,,0,0,1,0,0,0,0,0,0,"- ","- ",,,STANISLAUS,MODESTO,-121.0021117,37.640435320000002
8134034,2016,2016-10-04,5002,2016-09-22,0900,11854,414,4,5,6,5002,0,0,0,,0,041,"H ST","10TH ST",0.00,,Y,A,-,N,,,,,,,,,,Y,4,0,1,2,A,-,12,21453,A,N,D,C,A,A,H,-,A,A,0,,,,,Y,,A,,0,0,1,0,0,0,0,0,0,"- ","- ",,,STANISLAUS,MODESTO,-120.99799992,37.63855993
8134053,2016,2016-10-04,5007,2016-09-23,0427,5736,,5,5,5,5007,0,0,0,,0,001,"W CHRISTOFFERSEN PKWY","GEER RD",0.00,,Y,A,-,N,,,,,,,,,,Y,4,0,1,1,A,-,01,23152,A,N,A,I,A,A,H,-,C,A,0,,,,,Y,Y,A,01,0,0,1,0,0,0,0,0,0,"- ","- ",,,STANISLAUS,TURLOCK,-120.84908,37.529389979999998
8134058,2016,2016-11-23,5002,2016-09-17,1301,11750,146,6,5,6,5002,0,0,0,,0,072,"COFFEE RD","BRIGGSMORE AV",0.00,,Y,A,-,N,,,,,,,,,,N,3,0,3,2,A,-,12,21453,A,N,C,C,A,A,H,-,A,A,0,,,,,Y,,A,,0,1,2,0,0,0,0,0,0,"- ","- ",,,STANISLAUS,MODESTO,-120.97570991000001,37.667149999999999
8134123,2016,2016-10-04,5002,2016-09-24,0835,10588,026,6,5,6,5002,0,0,0,,0,083,"SNYDER AV","TULLY RD",194.00,W,N,A,-,N,,,,,,,,,,Y,3,0,3,2,A,-,08,22107,,N,A,C,A,A,H,-,A,D,0,,,,,Y,,A,,0,2,1,0,0,0,0,0,0,"- ","- ",,,STANISLAUS,MODESTO,-121.01337048000001,37.698485589999997
81362520,2020,2020-12-10,5002,2020-10-11,1504,11740,M312,7,5,6,5002,0,0,0,,0,MP41,"NEEDHAM ST","SYCAMORE AVE",44.00,E,N,A,-,Y,,,,,,,,,,N,4,0,2,2,A,-,08,22102,,N,B,C,A,A,H,-,A,D,0,,,,,Y,,A,01,0,0,2,0,0,0,0,0,0,"- ","- ",,,STANISLAUS,MODESTO,-120.99748992919922,37.645740509033203
81362572,2020,2020-12-10,5002,2020-10-23,1456,13303,,5,5,6,5002,0,0,0,,0,MP32,"G ST","5TH ST",10.00,W,N,A,-,Y,,,,,,,,,,Y,3,0,1,2,A,-,10,21950,A,N,G,B,B,A,H,-,A,A,0,Y,,,,Y,,A,01,0,1,0,0,1,0,0,0,0,"- ","- ",,,STANISLAUS,MODESTO,-121.03660583496094,37.665500640869141
81362662,2020,2020-12-10,5002,2020-11-09,1544,11754,M609,1,5,6,5002,0,0,0,,0,MP43,"YOSEMITE BLVD","CLAUS RD",3.00,W,N,A,-,Y,,,,,,,,,,N,4,0,1,2,D,-,00,,,N,D,G,A,A,H,-,A,A,0,,Y,,,Y,,-,"- ",0,0,1,0,0,0,1,0,0,"- ","- ",,,STANISLAUS,MODESTO,-120.92333221435547,37.638259887695312
81362686,2020,2020-12-10,5002,2020-11-11,1704,13312,M275,3,5,6,5002,0,0,0,,0,MP71,"COFFEE RD","SCENIC DR",31.00,S,N,A,-,N,,,,,,,,,,N,3,0,1,2,A,-,10,21950,A,N,G,B,B,A,H,-,C,A,0,Y,,,,Y,,A,01,0,1,0,0,1,0,0,0,0,"- ","- ",,,STANISLAUS,MODESTO,-120.97550964355469,37.649021148681641
81362710,2020,2020-12-10,5002,2020-11-17,2212,11697,M199,2,5,6,5002,0,0,0,,0,MP61,"GRAPHICS DR","WOODLAND AVE",1200.00,S,N,A,-,Y,,,,,,,,,,Y,3,0,1,1,A,-,01,23152,B,N,E,J,A,B,H,-,D,D,0,,,,Y,Y,Y,F,26,0,1,0,0,0,0,0,0,0,"- ","- ",,,STANISLAUS,MODESTO,-121.02085876464844,37.650100708007812
81362716,2020,2020-12-10,5002,2020-11-18,1648,11531,M609,3,5,6,5002,0,0,0,,0,MP43,"CLAUS RD","CREEKWOOD DR",6.00,N,N,B,-,N,,,,,,,,,,Y,4,0,1,3,A,-,08,22100,A,N,B,C,A,A,H,-,B,A,0,,,,,Y,,A,01,0,0,1,0,0,0,0,0,0,"- ","- ",,,STANISLAUS,MODESTO,-120.92112731933594,37.649967193603516
81362745,2020,2020-12-10,5002,2020-11-24,1243,13213,M259,2,5,6,5002,0,0,0,,0,MP81,"MORRIS AVE","KIMBLE ST",0.00,,Y,A,-,N,,,,,,,,,,N,4,0,2,2,A,-,04,21703,,F,C,C,A,A,H,-,A,D,0,,,,,Y,,A,01,0,0,2,0,0,0,0,0,0,"- ","- ",,,STANISLAUS,MODESTO,-120.98918151855469,37.650959014892578
81362773,2020,2020-12-10,5002,2020-11-30,1742,11209,M065,1,5,6,5002,0,0,0,,0,MP82,"TOKAY AVE","MC HENRY AVE",24.00,W,N,A,-,Y,,,,,,,,,,N,4,0,1,2,A,-,10,21950,A,N,G,B,B,A,H,-,C,A,0,Y,,,,Y,,A,01,0,0,1,0,1,0,0,0,0,"- ","- ",,,STANISLAUS,MODESTO,-120.99407196044922,37.672760009765625
81362782,2020,2020-12-10,5002,2020-12-03,2039,13257,,4,5,6,5002,0,0,0,,0,MP82,"BRIGGSMORE AVE","TULLY RD",0.00,,Y,A,-,N,,,,,,,,,,Y,4,0,2,2,A,-,12,21453,A,N,D,C,A,A,H,-,C,A,0,,,,,Y,,A,01,0,0,2,0,0,0,0,0,0,"- ","- ",,,STANISLAUS,MODESTO,-121.01225280761719,37.67047119140625
81362793,2020,2020-12-10,5002,2020-12-07,1734,10467,M407,1,5,6,5002,0,0,0,,0,MP41,"D ST","12TH ST",24.00,E,N,A,-,N,,,,,,,,,,Y,4,0,1,2,A,-,08,22107,,N,B,E,A,A,H,-,C,D,0,,,,,Y,,A,01,0,0,1,0,0,0,0,0,0,"- ","- ",,,STANISLAUS,MODESTO,-120.99144744873047,37.636215209960938
81363973,2020,2020-12-11,5002,2020-10-23,1700,11740,M317,5,5,6,5002,0,0,0,,0,MP43,"ENCINA AVE","TRASK LN",160.00,W,N,A,-,N,,,,,,,,,,Y,3,0,2,2,A,-,08,22107,,N,A,E,A,A,H,-,A,D,0,,,,,Y,Y,A,07,0,1,1,0,0,0,0,0,0,"- ","- ",,,STANISLAUS,MODESTO,-120.95330047607422,37.645221710205078
81363978,2020,2020-12-11,5002,2020-10-30,2238,13133,M334,5,5,6,5002,0,0,0,,0,MP43,"YOSEMITE BLVD","RIVERSIDE DR",1241.00,E,N,A,-,Y,,,,,,,,,,N,2,0,1,2,A,-,03,22350,,F,G,B,D,A,H,-,C,A,0,Y,,,,Y,,A,01,1,0,0,0,1,0,0,0,0,"- ","- ",,,STANISLAUS,MODESTO,-120.94379425048828,37.63812255859375
81363979,2020,2020-12-11,5002,2020-10-31,0100,11854,M704,6,5,6,5002,0,0,0,,0,MP42,"YOSEMITE BLVD","DALY AVE",15.00,E,N,A,-,Y,,,,,,,,,,Y,4,0,1,1,A,-,03,22350,,F,E,I,A,A,H,-,C,A,0,,,,,Y,,A,01,0,0,1,0,0,0,0,0,0,"- ","- ",,,STANISLAUS,MODESTO,-120.96319580078125,37.638168334960938
81363999,2020,2020-12-11,5002,2020-11-27,1957,13290,M215,5,5,6,5002,0,0,0,,0,MP82,"MC HENRY AVE","COOLIDGE AVE",0.00,,Y,A,-,Y,,,,,,,,,,N,4,0,1,1,C,-,18,,,N,H,A,A,A,H,-,C,D,0,,,Y,,Y,,-,"- ",0,0,1,0,0,0,0,0,1,"- ","- ",,,STANISLAUS,MODESTO,-120.99394989013672,37.665500640869141
8136684,2016,2016-10-07,5002,2016-09-26,0350,11819,286,1,5,6,5002,0,0,0,,0,071,"ROSE AV","KRUGER DR",150.00,S,N,A,-,N,,,,,,,,,,Y,4,0,1,2,A,-,01,23152,A,N,C,E,A,A,H,-,C,D,0,,,,,Y,Y,A,,0,0,1,0,0,0,0,0,0,"- ","- ",,,STANISLAUS,MODESTO,-120.96657,37.660868069999999
81368026,2020,2020-12-16,5002,2020-12-14,0715,10043,M054,1,5,6,5002,0,0,0,,0,MP83,"MC HENRY AVE","SYLVAN AVE",60.00,S,N,A,-,Y,,,,,,,,,,Y,4,0,1,2,A,-,03,22350,,N,C,C,A,B,H,-,A,A,0,,,,,Y,,A,01,0,0,1,0,0,0,0,0,0,"- ","- ",,,STANISLAUS,MODESTO,-120.99430847167969,37.688934326171875
81368945,2020,2020-12-17,5002,2020-12-15,1540,11754,M280,2,5,6,5002,0,0,0,,0,MP71,"ORANGEBURG AVE","KRISTI WAY",202.00,W,N,A,-,N,,,,,,,,,,Y,3,0,2,2,C,-,18,,,N,C,E,A,A,H,-,A,A,0,,,,,Y,,-,"- ",0,1,1,0,0,0,0,0,0,"- ","- ",,,STANISLAUS,MODESTO,-120.96814727783203,37.663658142089844
81374445,2020,2020-12-24,5002,2020-12-13,0832,11248,M515,7,5,6,5002,0,0,0,,0,MP31,"DALLAS ST","WEST HATCH RD",0.00,,Y,C,-,N,,,,,,,,,,Y,4,0,1,1,A,-,01,23152,G,N,E,I,A,B,H,-,A,A,0,,,,,Y,Y,A,01,0,0,1,0,0,0,0,0,0,"- ","- ",,,STANISLAUS,MODESTO,-121.00151062011719,37.609218597412109
81374448,2020,2020-12-24,5002,2020-12-14,0505,13066,,1,5,6,5002,0,0,0,,0,MP63,"BRADEN AVE","DALE RD",685.00,E,N,A,-,N,,,,,,,,,,N,2,0,1,2,A,-,11,21954,A,N,G,B,D,B,H,-,C,D,0,Y,,,,Y,,N,60,1,0,0,0,1,0,0,0,0,"- ","- ",,,STANISLAUS,MODESTO,-121.04749298095703,37.688163757324219
81374457,2020,2020-12-24,5002,2020-12-18,1728,13132,M610,5,5,6,5002,0,0,0,,0,MP43,"YOSEMITE BLVD","MARIPOSA RD",242.00,W,N,A,-,Y,,,,,,,,,,Y,4,0,1,2,A,-,03,22350,,N,C,C,A,A,H,-,C,A,0,,,,,Y,,A,01,0,0,1,0,0,0,0,0,0,"- ","- ",,,STANISLAUS,MODESTO,-120.93538665771484,37.638179779052734
81376510,2020,2020-12-29,5002,2020-11-02,1836,11267,,1,5,6,5002,0,0,0,,0,MP32,"WINMOORE WAY","GOBEL WAY",128.00,E,N,A,-,N,,,,,,,,,,Y,2,0,1,2,A,-,05,21650,,N,A,C,A,A,H,-,C,D,0,,,,,Y,,A,01,1,0,0,0,0,0,0,0,0,"- ","- ",,,STANISLAUS,MODESTO,-120.9910888671875,37.605339050292969
81379079,2020,2021-01-01,5002,2020-11-24,1250,13191,M237,2,5,6,5002,0,0,0,,0,MP81,"MC HENRY AVE","MORRIS AVE",18.00,E,N,A,-,Y,,,,,,,,,,N,4,0,1,2,A,-,10,21950,A,N,G,B,B,A,H,-,A,A,0,Y,,,,Y,,-,"- ",0,0,1,0,1,0,0,0,0,"- ","- ",,,STANISLAUS,MODESTO,-120.99378204345703,37.650981903076172
81387174,2021,2021-01-14,5002,2021-01-07,2159,11529,,4,5,6,5002,0,0,0,,0,,"TULLY RD","MOUNT VERNON DR",0.00,,Y,E,-,N,,,,,,,,,,Y,4,0,2,2,A,-,12,21453,A,N,D,C,A,A,H,-,C,A,0,,,,,Y,,A,01,0,0,2,0,0,0,0,0,0,"- ","- ",,,STANISLAUS,MODESTO,-121.01233673095703,37.677177429199219
81387880,2020,2021-01-15,5002,2020-12-15,2004,13053,M175,2,5,6,5002,0,0,0,,0,MP61,"RANDAZZO AVE","EVERGREEN AVE",20.00,N,N,A,-,N,,,,,,,,,,N,4,0,1,2,A,-,11,21954,A,N,G,B,E,A,H,-,C,D,0,Y,,,,Y,,N,60,0,0,1,0,1,0,0,0,0,"- ","- ",,,STANISLAUS,MODESTO,-121.0272216796875,37.667804718017578
81387884,2021,2021-01-15,5002,2021-01-01,1358,13096,,5,5,6,5002,0,0,0,,0,MP61,"EVERGREEN AVE","TIMBER WAY",0.00,,Y,A,-,N,,,,,,,,,,N,3,0,1,2,A,-,09,21802,A,N,D,G,A,A,H,-,A,A,0,,Y,,,Y,,L,04,0,1,0,0,0,0,1,0,0,"- ","- ",,,STANISLAUS,MODESTO,-121.02660369873047,37.667762756347656
81387901,2021,2021-01-15,5002,2021-01-13,1552,11813,107,3,5,6,5002,0,0,0,,0,MP82,"DANA LN","FLOYD AVE",6.00,S,N,A,-,N,,,,,,,,,,N,3,0,1,2,A,-,09,21801,B,N,D,G,A,A,H,-,C,D,0,,Y,,,Y,,L,04,0,1,0,0,0,0,1,0,0,"- ","- ",,,STANISLAUS,MODESTO,-120.98593139648438,37.678104400634766
81391086,2021,2021-01-20,5002,2021-01-15,0810,13304,320,5,5,6,5002,0,0,0,,0,MP43,"YOSEMITE BLVD","RIVERSIDE DR",0.00,,Y,E,-,Y,,,,,,,,,,N,4,0,1,2,A,-,12,21453,A,N,D,C,A,A,H,-,A,A,0,,,,,Y,,-,"- ",0,0,1,0,0,0,0,0,0,"- ","- ",,,STANISLAUS,MODESTO,-120.94808197021484,37.638145446777344
81391858,2021,2021-01-21,5002,2021-01-04,1635,11209,M095,1,5,6,5002,0,0,0,,0,MP83,"MCHENRY AVENUE","MEILY WAY",100.00,N,N,A,-,Y,,,,,,,,,,N,4,0,1,2,A,-,09,21801,A,N,D,C,A,A,H,-,A,D,0,,,,,Y,,A,08,0,0,1,0,0,0,0,0,0,"- ","- ",,,STANISLAUS,MODESTO,-120.99437713623047,37.694385528564453
81400268,2021,2021-02-02,5002,2021-01-25,0611,13066,M013,1,5,6,5002,0,0,0,,0,MP63,"STANDIFORD AVE","SAN CLEMENTE AVE",23.00,W,N,C,-,N,,,,,,,,,,Y,2,0,1,1,A,-,08,22107,,N,E,I,A,B,H,-,C,D,0,,,,,Y,,A,07,1,0,0,0,0,0,0,0,0,"- ","- ",,,STANISLAUS,MODESTO,-121.02900695800781,37.689540863037109
81400274,2021,2021-02-02,5002,2021-01-27,1807,13262,M198,3,5,6,5002,0,0,0,,0,MP61,"COLDWELL AVE","TULLY RD",0.00,,Y,C,G,N,,,,,,,,,,N,4,0,1,2,A,-,10,21950,A,N,G,B,B,B,F,-,C,A,0,Y,,,,Y,,A,01,0,0,1,0,1,0,0,0,0,"- ","- ",,,STANISLAUS,MODESTO,-121.01203918457031,37.653202056884766
81401256,2021,2021-02-03,5002,2021-01-23,2023,13039,M215,6,5,6,5002,0,0,0,,0,MP82,"MC HENRY AVE","ORANGEBURG AVE",0.00,,Y,-,-,Y,,,,,,,,,,Y,4,0,1,2,A,-,17,21451,A,N,D,C,A,A,H,-,C,A,0,,,,,Y,,A,01,0,0,1,0,0,0,0,0,0,"- ","- ",,,STANISLAUS,MODESTO,-120.99392700195312,37.663684844970703
81401272,2021,2021-02-03,5002,2021-01-30,0750,13191,M400,6,5,6,5002,0,0,0,,0,MP41,"YOSEMITE BLVD (SR132)","MORTON BLVD",75.00,E,N,A,-,Y,,,,,,,,,,Y,4,0,2,3,A,-,08,22107,,N,C,C,A,A,H,-,A,A,0,,,,,Y,,A,01,0,0,2,0,0,0,0,0,0,"- ","- ",,,STANISLAUS,MODESTO,-120.98441314697266,37.637657165527344
81402153,2021,2021-02-04,5002,2021-01-20,1549,11046,,3,5,6,5002,0,0,0,,0,MP31,"WHITMORE AVE","DALLAS ST",0.00,,Y,A,-,N,,,,,,,,,,Y,4,0,2,2,A,-,09,21802,A,N,D,C,A,A,H,-,A,D,0,,,,,Y,Y,A,01,0,0,2,0,0,0,0,0,0,"- ","- ",,,STANISLAUS,MODESTO,-121.00138854980469,37.594997406005859
81407310,2021,2021-02-12,5002,2021-02-03,1808,11046,,3,5,6,5002,0,0,0,,0,MP32,"SIERRA DR","ROSEMONT AVE",0.00,,Y,A,-,N,,,,,,,,,,Y,4,0,1,2,A,-,05,21650,1,N,D,G,A,A,H,-,C,D,0,,Y,,,Y,,L,04,0,0,1,0,0,0,1,0,0,"- ","- ",37.631198883056641,-121.00386810302734,STANISLAUS,MODESTO,-121.00383758544922,37.631187438964844
8141281,2016,2016-10-11,5007,2016-09-17,0957,5764,,6,5,5,5007,0,0,0,,0,004,"TAMPA ST","NIAGRA ST",162.00,W,N,A,-,N,,,,,,,,,,N,3,0,1,2,A,-,11,21954,A,N,G,B,D,A,H,-,A,D,0,Y,,,,Y,,N,60,0,1,0,0,1,0,0,0,0,"- ","- ",,,STANISLAUS,TURLOCK,-120.85141852,37.52023294
81413186,2021,2021-02-23,5002,2021-02-13,1850,11740,,6,5,6,5002,0,0,0,,0,,"DALE RD","BRADEN AVE",286.00,S,N,A,-,N,,,,,,,,,,N,4,0,1,2,A,-,09,21804,A,N,D,C,A,A,H,-,C,A,0,,,,,Y,,A,01,0,0,1,0,0,0,0,0,0,"- ","- ",37.688270568847656,-121.04989624023438,STANISLAUS,MODESTO,-121.04986572265625,37.687385559082031
81413189,2021,2021-02-23,5002,2021-02-17,1440,13367,151,3,5,6,5002,0,0,0,,0,073,"KODIAK DR","ROSELLE AVE",70.00,W,N,A,-,N,,,,,,,,,,Y,3,0,1,1,A,-,08,22107,,N,E,I,A,A,H,-,A,D,0,,,,,Y,,A,01,0,1,0,0,0,0,0,0,0,"- ","- ",37.681591033935547,-120.93962860107422,STANISLAUS,MODESTO,-120.94013214111328,37.68157958984375
81413190,2021,2021-02-23,5002,2021-02-16,1831,13262,M169,2,5,6,5002,0,0,0,,0,MP61,"CARPENTER RD","BLUE GUM AVE",0.00,,Y,A,-,N,,,,,,,,,,N,4,0,1,2,A,-,12,21453,A,N,D,C,A,A,H,-,C,A,0,,,,,Y,,A,01,0,0,1,0,0,0,0,0,0,"- ","- ",37.660499572753906,-121.03119659423828,STANISLAUS,MODESTO,-121.03115844726562,37.660526275634766
81414849,2021,2021-02-25,5002,2021-02-12,1103,13116,M239,5,5,6,5002,0,0,0,,0,MP81,"STODDARD AVE","COLLEGE AVE",0.00,,Y,A,-,N,,,,,,,,,,N,4,0,3,2,A,-,09,21800,D,N,D,C,A,A,H,-,C,B,0,,,,,Y,,A,01,0,0,3,0,0,0,0,0,0,"- ","- ",37.649391174316406,-121.00788879394531,STANISLAUS,MODESTO,-121.00746917724609,37.649421691894531
81414853,2021,2021-02-25,5002,2021-02-21,2133,11209,M045,7,5,6,5002,0,0,0,,0,MP82,"COLLEGE AVE","BRIGGSMORE AVE",3.00,N,N,A,-,N,,,,,,,,,,Y,3,0,2,3,A,-,12,21453,A,F,D,C,A,A,H,-,C,A,0,,,,,Y,,A,01,0,2,0,0,0,0,0,0,0,"- ","- ",37.670368194580078,-121.00775909423828,STANISLAUS,MODESTO,-121.00768280029297,37.670497894287109
81420336,2021,2021-03-04,5002,2021-02-28,1814,11712,377,7,5,6,5002,0,0,0,,0,033,"MADISON ST","MAPLE ST",0.00,,Y,A,-,N,,,,,,,,,,Y,4,0,2,2,A,-,09,21803,A,N,D,C,A,A,H,-,D,D,0,,,,,Y,,A,01,0,0,2,0,0,0,0,0,0,"- ","- ",37.637660980224609,-121.01036071777344,STANISLAUS,MODESTO,-121.01033020019531,37.637622833251953
8142128,2016,2017-02-28,5002,2016-09-30,1956,11110,097,5,5,6,5002,0,0,0,,0,083,"STANDIFORD AV","RT 108",0.00,,Y,A,-,Y,STA,10,108,-,-,26.060,I,5,W,Y,4,0,1,2,A,-,12,21453,A,M,D,C,A,A,A,-,B,-,0,,,,,Y,,-,,0,0,1,0,0,0,0,0,0,"- ","- ",,,STANISLAUS,MODESTO,-120.99429999,37.688912999999999
81423866,2021,2021-03-10,5002,2021-03-05,1715,11023,,5,5,6,5002,0,0,0,,0,MP81,"STANDIFORD AVE","TULLY RD",461.00,E,N,A,-,N,,,,,,,,,,N,3,0,1,2,A,-,09,21804,A,N,D,C,A,A,H,-,A,D,0,,,,,Y,,A,01,0,1,0,0,0,0,0,0,0,"- ","- ",,,STANISLAUS,MODESTO,-121.01091766357422,37.689327239990234
8142556,2016,2017-02-28,5002,2016-10-04,1317,11778,M009,2,5,6,5002,0,0,0,,0,063,"DALE RD","PELANDALE AV",250.00,S,N,A,-,N,,,,,,,,,,N,4,0,1,2,A,-,09,21804,A,N,D,C,A,-,H,-,A,D,0,,,,,Y,,A,,0,0,1,0,0,0,0,0,0,"- ","- ",,,STANISLAUS,MODESTO,-121.05004562000001,37.699603529999997
81429743,2021,2021-03-18,5002,2021-03-15,1814,11698,M169,1,5,6,5002,0,0,0,,0,MP61,"CARPENTER RD","BLUE GUM AVE",56.00,S,N,C,-,N,,,,,,,,,,N,4,0,1,2,A,-,03,22350,,N,C,C,A,B,H,-,B,A,0,,,,,Y,,A,01,0,0,1,0,0,0,0,0,0,"- ","- ",37.660499572753906,-121.03119659423828,STANISLAUS,MODESTO,-121.03108215332031,37.660392761230469