CASE_ID,ACCIDENT_YEAR,PROC_DATE,JURIS,COLLISION_DATE,COLLISION_TIME,OFFICER_ID,REPORTING_DISTRICT,DAY_OF_WEEK,CHP_SHIFT,POPULATION,CNTY_CITY_LOC,SPECIAL_COND,BEAT_TYPE,CHP_BEAT_TYPE,CITY_DIVISION_LAPD,CHP_BEAT_CLASS,BEAT_NUMBER,PRIMARY_RD,SECONDARY_RD,DISTANCE,DIRECTION,INTERSECTION,WEATHER_1,WEATHER_2,STATE_HWY_IND,CALTRANS_COUNTY,CALTRANS_DISTRICT,STATE_ROUTE,ROUTE_SUFFIX,POSTMILE_PREFIX,POSTMILE,LOCATION_TYPE,RAMP_INTERSECTION,SIDE_OF_HWY,TOW_AWAY,COLLISION_SEVERITY,NUMBER_KILLED,NUMBER_INJURED,PARTY_COUNT,PRIMARY_COLL_FACTOR,PCF_CODE_OF_VIOL,PCF_VIOL_CATEGORY,PCF_VIOLATION,PCF_VIOL_SUBSECTION,HIT_AND_RUN,TYPE_OF_COLLISION,MVIW,PED_ACTION,ROAD_SURFACE,ROAD_COND_1,ROAD_COND_2,LIGHTING,CONTROL_DEVICE,CHP_ROAD_TYPE,PEDESTRIAN_ACCIDENT,BICYCLE_ACCIDENT,MOTORCYCLE_ACCIDENT,TRUCK_ACCIDENT,NOT_PRIVATE_PROPERTY,ALCOHOL_INVOLVED,STWD_VEHTYPE_AT_FAULT,CHP_VEHTYPE_AT_FAULT,COUNT_SEVERE_INJ,COUNT_VISIBLE_INJ,COUNT_COMPLAINT_PAIN,COUNT_PED_KILLED,COUNT_PED_INJURED,COUNT_BICYCLIST_KILLED,COUNT_BICYCLIST_INJURED,COUNT_MC_KILLED,COUNT_MC_INJURED,PRIMARY_RAMP,SECONDARY_RAMP,LATITUDE,LONGITUDE,COUNTY,CITY,POINT_X,POINT_Y
8441826,2017,2017-09-18,5002,2017-08-25,1553,11136,M725,5,5,6,5002,0,0,0,,0,081,"COLDWELL AV","TULLY RD",0.00,,Y,A,-,N,,,,,,,,,,Y,4,0,1,2,A,-,09,21801,A,N,D,C,A,A,H,-,A,A,0,,,,,Y,,A,,0,0,1,0,0,0,0,0,0,"- ","- ",,,STANISLAUS,MODESTO,-121.01203989,37.653199979999997
84425715,2024,2024-10-10,5002,2024-07-19,1440,13000,,5,5,6,5002,0,0,0,,0,033,"CARPENTER RD","MAZE BLVD",77.00,S,N,A,-,N,,,,,,,,,,N,4,0,1,3,A,-,21,22106,,N,C,C,A,A,H,-,A,A,0,,,,,Y,,I,11,0,0,1,0,0,0,0,0,0,"- ","- ",37.638671875,-121.03037261962891,STANISLAUS,MODESTO,-121.03041839599609,37.638507843017578
84425745,2024,2024-10-10,5002,2024-09-14,1345,13571,,6,5,6,5002,0,0,0,,0,043,"CLOGSTON WAY","GOLD RUN DR",0.00,,Y,A,-,N,,,,,,,,,,N,4,0,1,2,A,-,09,21803,A,F,D,C,A,A,H,-,A,A,0,,,,,Y,,-,99,0,0,1,0,0,0,0,0,0,"- ","- ",37.63970947265625,-120.93274688720703,STANISLAUS,MODESTO,-120.93264770507812,37.639816284179688
8442669,2017,2017-09-01,5007,2017-08-09,2039,5755,,3,5,5,5007,0,0,0,,0,004,"NORTH TULLY RD","SHETLAND  WY",48.00,S,N,A,-,N,,,,,,,,,,Y,4,0,1,2,A,-,03,22350,,N,C,C,A,A,H,-,E,D,0,,,,,Y,,D,22,0,0,1,0,0,0,0,0,0,"- ","- ",,,STANISLAUS,TURLOCK,-120.87177,37.510678179999999
8442738,2017,2017-08-31,5007,2017-08-07,0935,5710,5007,1,5,5,5007,0,0,0,,0,001,"EAST HAWKEYE AV","NORTH BERKELEY AV",0.00,,Y,A,-,N,,,,,,,,,,Y,4,0,3,2,A,-,12,22450,A,N,D,C,A,A,H,-,A,A,0,,,,,Y,,A,01,0,0,3,0,0,0,0,0,0,"- ","- ",,,STANISLAUS,TURLOCK,-120.83078986,37.507249969999997
8442758,2017,2017-09-28,5007,2017-08-13,1313,5724,,7,5,5,5007,0,0,0,,0,003,"COLUMBIA ST","LOCUST ST",0.00,,Y,A,-,N,,,,,,,,,,N,4,0,1,2,A,-,09,21802,A,N,D,D,A,A,H,-,A,A,0,,,,,Y,,A,01,0,0,1,0,0,0,0,0,0,"- ","- ",,,STANISLAUS,TURLOCK,-120.85017986,37.491759940000001
8443034,2017,2017-09-06,5006,2017-08-15,1452,S987,MODES,2,5,3,5006,0,0,0,,0,,"CLAUS RD","TOWNSEND AV",0.00,,Y,-,-,N,,,,,,,,,,Y,4,0,2,2,A,-,09,21801,A,N,D,C,A,A,H,-,A,A,0,,,,,Y,,A,01,0,0,2,0,0,0,0,0,0,"- ","- ",,,STANISLAUS,RIVERBANK,-120.92199993,37.722669930000002
84430911,2024,2024-10-15,5002,2024-10-03,1914,13424,,4,5,6,5002,0,0,0,,0,042,"SR-132 YOSEMITE BLVD","SANTA BARBARA AVE",129.00,W,N,A,-,Y,STA,,132," "," ",16.156,H,,R,Y,2,0,3,2,A,-,01,23152,A,N,C,C,A,A,H,-,A,A,0,,,,Y,Y,Y,A,01,1,0,2,0,0,0,0,0,0,"- ","- ",37.638099670410156,-120.97537231445312,STANISLAUS,MODESTO,-120.97537231445312,37.638164520263672
84432592,2024,2024-10-16,5002,2024-09-02,1344,13396,,1,5,6,5002,0,0,0,,0,032,"PARADISE RD","ELLEN AVE",0.00,,Y,A,-,N,,,,,,,,,,N,4,0,1,2,A,-,04,21703,,N,C,C,A,A,H,-,A,D,0,,,,,Y,,A,01,0,0,1,0,0,0,0,0,0,"- ","- ",37.626640319824219,-121.01354217529297,STANISLAUS,MODESTO,-121.01358795166016,37.626598358154297
84434264,2024,2024-10-17,5002,2024-09-08,1605,13571,,7,5,6,5002,0,0,0,,0,032,"ROBERTSON RD","HAMMOND ST",0.00,,Y,A,-,N,,,,,,,,,,N,4,0,1,2,A,-,09,21800,A,N,D,C,A,A,H,-,A,A,0,,,,,Y,,A,07,0,0,1,0,0,0,0,0,0,"- ","- ",37.613330841064453,-121.01870727539062,STANISLAUS,MODESTO,-121.01863098144531,37.613285064697266
8443485,2017,2017-09-07,5002,2017-08-09,1534,13084,2,3,5,6,5002,0,0,0,,0,041,"G ST","13TH ST",0.00,,Y,A,-,N,,,,,,,,,,Y,4,0,4,2,A,-,09,21802,A,N,D,C,A,A,H,-,A,A,0,,,,,Y,,-,,0,0,4,0,0,0,0,0,0,"- ","- ",,,STANISLAUS,MODESTO,-120.99399990000001,37.63974992
84448536,2024,2024-10-29,5002,2024-10-21,"838 ",13191,,1,5,6,5002,0,0,0,,0,082,"MC HENRY AVE","ORANGEBURG AVE",0.00,,Y,A,-,Y,STA,,108," "," ",24.320,H,,L,N,4,0,2,2,A,-,17,21451,A,N,A,C,A,A,H,-,A,A,0,,,,,Y,,A,07,0,0,2,0,0,0,0,0,0,"- ","- ",37.663688659667969,-120.99405670166016,STANISLAUS,MODESTO,-120.99400329589844,37.663688659667969
84450210,2024,2024-10-30,5002,2024-09-02,1055,13191,,1,5,6,5002,0,0,0,,0,082,"SR-108 (MC HENRY AVE)","BOWEN AVE",95.00,S,N,A,-,Y,STA,,108," "," ",25.062,H,,R,Y,3,0,4,1,A,-,08,22107,,N,E,I,A,A,H,-,A,D,0,,,,,Y,,A,07,0,1,3,0,0,0,0,0,0,"- ","- ",37.674568176269531,-120.99413299560547,STANISLAUS,MODESTO,-120.99401092529297,37.674571990966797
84450238,2024,2024-10-30,5002,2024-09-17,1637,13443,,2,5,6,5002,0,0,0,,0,041,"J ST","15TH ST",0.00,,Y,A,-,N,,,,,,,,,,N,4,0,1,2,A,-,07,21658,A,N,B,C,A,A,H,-,A,A,0,,,,,Y,,A,07,0,0,1,0,0,0,0,0,0,"- ","- ",37.644119262695312,-120.99553680419922,STANISLAUS,MODESTO,-120.99559783935547,37.644100189208984
84455701,2024,2024-11-04,5002,2024-09-03,1924,13451,,2,5,6,5002,0,0,0,,0,081,"ORANGEBURG AVE","YARMOUTH DR",27.00,E,N,A,-,N,,,,,,,,,,Y,3,0,1,1,A,-,03,22350,,N,F,A,A,A,H,-,A,D,0,,,Y,,Y,,C,02,0,1,0,0,0,0,0,0,1,"- ","- ",37.663581848144531,-120.96254730224609,STANISLAUS,MODESTO,-120.98053741455078,37.663589477539062
84459635,2024,2024-11-06,5002,2024-08-28,1253,13042,,3,5,6,5002,0,0,0,,0,043,"YOSEMITE BLVD (SR-132)","CREEKWOOD DR",0.00,,Y,A,-,Y,,,,,,,,,,N,4,0,1,2,A,-,03,22350,,N,C,C,A,A,H,-,A,A,0,,,,,Y,,D,22,0,0,1,0,0,0,0,0,0,"- ","- ",,,STANISLAUS,MODESTO,-120.92656707763672,37.638252258300781
84462838,2024,2024-11-08,5001,2024-11-06,1430,755,,3,5,4,5001,0,0,0,,0,005,"ROHDE RD","MITCHELL RD",232.00,E,N,A,-,N,,,,,,,,,,Y,4,0,2,2,A,-,08,22107,,N,D,C,A,A,H,-,A,D,0,,,,,Y,,A,01,0,0,2,0,0,0,0,0,0,"- ","- ",,,STANISLAUS,CERES,-120.93791961669922,37.578445434570312
84463057,2024,2024-11-08,5002,2024-08-04,1541,13513,,7,5,6,5002,0,0,0,,0,072,"SYLVAN AVE","COFFEE RD",0.00,,Y,A,-,N,,,,,,,,,,Y,4,0,1,2,A,-,09,21453,C,N,D,C,A,A,H,-,A,A,0,,,,,Y,,A,01,0,0,1,0,0,0,0,0,0,"- ","- ",,,STANISLAUS,MODESTO,-120.97608947753906,37.68890380859375
84464349,2024,2024-11-11,5006,2024-10-19,1700,S01019,,6,5,3,5006,0,0,0,,0,RPD,"PATTERSON RD","JACKSON AVE",400.00,W,N,A,-,Y,STA,,108," "," ",31.557,H,,R,N,3,0,3,3,A,-,03,22350,,N,C,C,A,A,H,-,A,A,0,,,,,Y,,A,01,0,3,0,0,0,0,0,0,0,"- ","- ",37.732879638671875,-120.94947052001953,STANISLAUS,RIVERBANK,-120.949462890625,37.732646942138672
84464530,2024,2024-11-11,5006,2024-10-30,1514,S01836,,3,5,3,5006,0,0,0,,0,RPD,"PATTERSON RD","ROSELLE AVE",0.00,,Y,A,-,N,,,,,,,,,,Y,3,0,4,2,A,-,09,21802,A,N,D,C,A,A,H,-,A,A,0,,,,,Y,,A,01,0,1,3,0,0,0,0,0,0,"- ","- ",37.732868194580078,-120.94035339355469,STANISLAUS,RIVERBANK,-120.94046020507812,37.732715606689453
8446818,2017,2017-09-13,5002,2017-08-26,0650,13104,723,6,5,6,5002,0,0,0,,0,071,"LAKEWOOD AV","SCENIC DR",3.00,N,N,A,-,N,,,,,,,,,,N,4,0,1,2,A,-,12,22450,A,N,D,G,A,A,H,-,A,A,0,,Y,,,Y,,A,,0,0,1,0,0,0,1,0,0,"- ","- ",,,STANISLAUS,MODESTO,-120.93922019,37.655038240000003
84474482,2024,2024-11-21,5006,2024-10-25,"233 ",S04208,,5,5,3,5006,0,0,0,,0,RPD,"ATCHISON ST","4TH ST (RIVERBANK)",0.00,,Y,A,-,N,,,,,,,,,,N,3,0,1,2,A,-,11,21950,B,N,G,B,D,A,H,-,C,D,0,Y,,,,Y,Y,N,60,0,1,0,0,1,0,0,0,0,"- ","- ",37.73809814453125,-120.93392181396484,STANISLAUS,RIVERBANK,-120.93407440185547,37.737964630126953
84474484,2024,2024-11-19,5006,2024-10-26,1153,S04092,,6,5,3,5006,0,0,0,,0,RPD,"PATTERSON RD","HOWARD AVE",280.00,E,N,A,-,Y,,,,,,,,,,N,3,0,1,2,A,-,06,21755,A,N,D,G,A,A,H,-,A,A,0,,Y,,,Y,,L,04,0,1,0,0,0,0,1,0,0,"- ","- ",,,STANISLAUS,RIVERBANK,-120.94637298583984,37.732700347900391
84476449,2024,2024-11-20,5002,2024-09-28,1504,13525,,6,5,6,5002,0,0,0,,0,033,"CARPENTER RD","MAZE BLVD",50.00,S,N,A,-,N,,,,,,,,,,N,4,0,2,2,A,-,03,22350,,F,C,C,A,A,H,-,A,A,0,,,,,Y,,-,99,0,0,2,0,0,0,0,0,0,"- ","- ",37.638671875,-121.03037261962891,STANISLAUS,MODESTO,-121.03041839599609,37.638584136962891
84476463,2024,2024-11-25,5002,2024-10-10,1813,13195,,4,5,6,5002,0,0,0,,0,071,"CLAUS RD","ORANGEBURG AVE",0.00,,Y,A,-,N,,,,,,,,,,Y,3,0,4,4,A,-,05,21651,B,N,B,C,A,A,H,-,A,A,0,,,,,Y,,A,01,0,2,2,0,0,0,0,0,0,"- ","- ",37.663658142089844,-120.92131042480469,STANISLAUS,MODESTO,-120.92131805419922,37.663642883300781
84476479,2024,2024-11-20,5002,2024-10-21,"820 ",13191,,1,5,6,5002,0,0,0,,0,082,"SR-108 (MC HENRY AVE)","BOWEN AVE",0.00,,Y,A,-,N,,,,,,,,,,N,4,0,1,2,A,-,10,21952,,F,G,B,B,A,H,-,A,A,0,Y,,,,Y,,A,01,0,0,1,0,1,0,0,0,0,"- ","- ",,,STANISLAUS,MODESTO,-120.99411010742188,37.674549102783203
8447975,2017,2018-05-04,5002,2017-08-31,1841,13035,705,4,5,6,5002,0,0,0,,0,071,"WYLIE DR","OAKDALE RD",255.00,,N,A,-,N,,,,,,,,,,Y,4,0,1,2,A,-,09,21801,A,N,D,C,A,A,H,-,A,D,0,,,,,Y,,A,,0,0,1,0,0,0,0,0,0,"- ","- ",,,STANISLAUS,MODESTO,-120.95751997000001,37.658119960000001
84481277,2024,2024-11-25,5005,2024-10-21,2035,96,,1,5,3,5005,0,0,0,,0,PPD,"SPERRY AVE","LAS PALMAS AVE",0.00,,Y,A,-,N,,,,,,,,,,Y,4,0,1,2,A,-,12,21453,A,N,D,C,A,A,H,-,C,A,0,,,,,Y,,A,01,0,0,1,0,0,0,0,0,0,"- ","- ",37.464111328125,-121.14418029785156,STANISLAUS,PATTERSON,-121.14458465576172,37.464336395263672
84485286,2024,2024-11-27,5002,2024-09-18,"851 ",13520,,3,5,6,5002,0,0,0,,0,083,"STANDIFORD AVE","TULLY RD",0.00,,Y,A,-,N,,,,,,,,,,N,4,0,1,2,A,-,03,22350,,N,C,C,A,A,H,-,A,A,0,,,,,Y,,A,01,0,0,1,0,0,0,0,0,0,"- ","- ",37.689361572265625,-121.012451171875,STANISLAUS,MODESTO,-121.01251220703125,37.689327239990234
84485287,2024,2024-11-27,5002,2024-09-21,1140,13520,,6,5,6,5002,0,0,0,,0,,"SCENIC DR","FONTANA CT",0.00,,Y,A,-,N,,,,,,,,,,N,3,0,1,2,A,-,08,22103,,F,D,C,A,A,H,-,A,D,0,,,,,Y,Y,A,01,0,1,0,0,0,0,0,0,0,"- ","- ",37.654880523681641,-120.93990325927734,STANISLAUS,MODESTO,-120.93984222412109,37.654930114746094
84485311,2024,2024-12-16,5002,2024-10-12,"846 ",13520,,6,5,6,5002,0,0,0,,0,,"9TH ST","COLDWELL AVE",0.00,,Y,A,-,N,,,,,,,,,,Y,4,0,1,2,A,-,01,23152,A,F,D,C,A,A,H,-,A,A,0,,,,,Y,Y,A,01,0,0,1,0,0,0,0,0,0,"- ","- ",37.653209686279297,-121.01798248291016,STANISLAUS,MODESTO,-121.01809692382812,37.653202056884766
84485332,2024,2024-11-29,5002,2024-10-26,"933 ",13060,,6,5,6,5002,0,0,0,,0,061,"CARPENTER RD","TORRID AVE",200.00,S,N,A,-,N,,,,,,,,,,Y,3,0,1,2,A,-,09,21804,A,F,D,C,A,A,H,-,A,D,0,,,,,Y,,A,01,0,1,0,0,0,0,0,0,0,"- ","- ",37.649551391601562,-121.03092956542969,STANISLAUS,MODESTO,-121.03084564208984,37.648971557617188
84485334,2024,2024-11-27,5002,2024-10-27,2125,13628,,7,5,6,5002,0,0,0,,0,071,"WYLIE DR","ROSE AVE",0.00,,Y,A,-,N,,,,,,,,,,Y,4,0,1,2,A,-,09,21802,A,N,D,C,A,A,H,-,C,A,0,,,,,Y,,A,01,0,0,1,0,0,0,0,0,0,"- ","- ",37.657878875732422,-120.96692657470703,STANISLAUS,MODESTO,-120.96653747558594,37.658096313476562
84485341,2024,2024-11-29,5002,2024-10-29,1830,11697,,2,5,6,5002,0,0,0,,0,082,"TULLY RD","PEARL ST",5.00,S,N,A,-,N,,,,,,,,,,N,3,0,1,2,A,-,10,21950,A,N,G,B,B,A,H,-,B,D,0,Y,,,,Y,,A,01,0,1,0,0,1,0,0,0,0,"- ","- ",37.665840148925781,-121.01210021972656,STANISLAUS,MODESTO,-121.01222229003906,37.665805816650391
84485355,2024,2024-11-27,5002,2024-11-02,"836 ",13581,,6,5,6,5002,0,0,0,,0,083,"UNION AVE","ALSAB CT",12.00,W,N,C,-,N,,,,,,,,,,Y,2,0,1,2,A,-,01,23152,A,N,A,E,A,B,H,-,A,D,0,,,,,Y,Y,A,01,1,0,0,0,0,0,0,0,0,"- ","- ",37.692359924316406,-121.010986328125,STANISLAUS,MODESTO,-121.01109313964844,37.692352294921875
84485356,2024,2024-11-27,5002,2024-11-02,1242,11053,,6,5,6,5002,0,0,0,,0,041,"G ST","7TH ST",0.00,,Y,A,-,N,,,,,,,,,,Y,4,0,2,2,A,-,12,21453,A,N,D,C,A,A,H,-,A,A,0,,,,,Y,,-,"- ",0,0,2,0,0,0,0,0,0,"- ","- ",37.635379791259766,-121.00023651123047,STANISLAUS,MODESTO,-120.99971008300781,37.635452270507812
84485375,2024,2024-11-27,5002,2024-11-09,1611,13581,,6,5,6,5002,0,0,0,,0,031,"BOWIE AVE","SCHOOL AVE",0.00,,Y,A,-,N,,,,,,,,,,N,4,0,1,2,A,-,21,22106,,F,D,C,A,A,H,-,B,A,0,,,,,Y,,A,01,0,0,1,0,0,0,0,0,0,"- ","- ",37.61212158203125,-120.99144744873047,STANISLAUS,MODESTO,-120.99134063720703,37.612152099609375
84485376,2024,2024-11-27,5002,2024-11-09,1840,11053,,6,5,6,5002,0,0,0,,0,041,"10TH ST","D ST",0.00,,Y,A,-,N,,,,,,,,,,Y,4,0,2,2,A,-,12,21453,A,F,D,C,A,A,H,-,C,A,0,,,,,Y,,A,01,0,0,2,0,0,0,0,0,0,"- ","- ",37.634620666503906,-120.99398803710938,STANISLAUS,MODESTO,-120.99346923828125,37.63470458984375
84485395,2024,2024-11-27,5002,2024-11-21,1335,13541,,4,5,6,5002,0,0,0,,0,062,"CARVER RD","MOUNT VERNON DR",0.00,,Y,B,-,N,,,,,,,,,,N,4,0,1,2,A,-,09,21802,A,F,H,G,A,A,H,-,A,A,0,,Y,,,Y,,-,99,0,0,1,0,0,0,1,0,0,"- ","- ",37.676780700683594,-121.02224731445312,STANISLAUS,MODESTO,-121.02222442626953,37.676734924316406
8449559,2017,2017-09-20,5002,2017-08-16,1215,13025,269,3,5,6,5002,0,0,0,,0,071,"EAST ORANGEBURG AV","COFFEE RD",158.00,E,N,A,-,N,,,,,,,,,,Y,4,0,2,2,A,-,09,21801,A,N,D,C,A,A,H,-,A,A,0,,,,,Y,,A,,0,0,2,0,0,0,0,0,0,"- ","- ",,,STANISLAUS,MODESTO,-120.97513422,37.663544649999999
84497742,2024,2024-12-13,5001,2024-11-24,1852,939,,7,5,4,5001,0,0,0,,0,003,"MITCHELL RD","FOWLER RD",39.00,S,N,A,-,N,,,,,,,,,,N,4,0,1,2,A,-,17,21451,A,N,D,C,A,A,H,-,C,A,0,,,,,Y,,A,01,0,0,1,0,0,0,0,0,0,"- ","- ",,,STANISLAUS,CERES,-120.938720703125,37.601902008056641
84502654,2024,2024-12-13,5006,2024-11-01,1907,S02800,,5,5,3,5006,0,0,0,,0,RPD,"CLAUS RD","CALIFORNIA AVE",5.00,N,N,A,-,N,,,,,,,,,,N,3,0,1,2,A,-,10,21950,A,N,G,B,B,A,H,-,C,A,0,Y,,,,Y,,A,01,0,1,0,0,1,0,0,0,0,"- ","- ",37.729118347167969,-120.92198944091797,STANISLAUS,RIVERBANK,-120.92208099365234,37.729072570800781
84504478,2024,2024-12-16,5002,2024-09-16,1426,13262,,1,5,6,5002,0,0,0,,0,081,"COFFEE RD","LUCERN AVE",35.00,N,N,A,-,N,,,,,,,,,,Y,3,0,1,2,A,-,12,21453,A,N,A,C,A,A,H,-,A,A,0,,,,,Y,,A,01,0,1,0,0,0,0,0,0,0,"- ","- ",37.652690887451172,-120.97557067871094,STANISLAUS,MODESTO,-120.97557067871094,37.652797698974609
84504505,2024,2024-12-16,5002,2024-10-11,1847,13039,,5,5,6,5002,0,0,0,,0,073,"SYLVAN MEADOWS DR","FOREST GLENN DR",0.00,,Y,A,-,N,,,,,,,,,,N,3,0,1,2,A,-,11,21954,A,N,G,B,D,A,H,-,C,D,0,Y,,,,Y,,N,60,0,1,0,0,1,0,0,0,0,"- ","- ",37.691551208496094,-120.97431945800781,STANISLAUS,MODESTO,-120.97432708740234,37.691566467285156
84504510,2024,2024-12-16,5002,2024-10-18,"200 ",13490,,5,5,6,5002,0,0,0,,0,073,"FLOYD AVE","BAHIA WAY",90.00,W,N,A,-,N,,,,,,,,,,Y,3,0,1,2,A,-,01,23152,A,N,C,E,A,A,H,-,C,D,0,,,,,Y,Y,A,01,0,1,0,0,0,0,0,0,0,"- ","- ",37.677841186523438,-120.97171020507812,STANISLAUS,MODESTO,-120.97177886962891,37.678050994873047
84504558,2024,2024-12-16,5002,2024-11-18,1351,13506,,1,5,6,5002,0,0,0,,0,041,"11TH ST","H ST",0.00,,Y,A,-,N,,,,,,,,,,N,4,0,1,2,A,-,03,22350,,N,A,C,A,A,H,-,A,A,0,,,,,Y,,D,22,0,0,1,0,0,0,0,0,0,"- ","- ",37.639179229736328,-120.99756622314453,STANISLAUS,MODESTO,-120.9970703125,37.639259338378906
84504579,2024,2024-12-16,5002,2024-11-23,1248,10751,,6,5,6,5002,0,0,0,,0,033,"CARPENTER RD","CALIFORNIA AVE",0.00,,Y,B,-,N,,,,,,,,,,N,4,0,1,2,A,-,12,22450,A,F,D,C,A,A,H,-,A,A,0,,,,,Y,,A,07,0,0,1,0,0,0,0,0,0,"- ","- ",37.631389617919922,-121.03054809570312,STANISLAUS,MODESTO,-121.03054809570312,37.631404876708984
84504585,2024,2024-12-16,5002,2024-11-24,"132 ",13401,,7,5,6,5002,0,0,0,,0,041,"9TH ST","NEEDHAM ST",200.00,N,N,A,-,N,,,,,,,,,,Y,4,0,1,2,A,-,01,23152,A,M,B,C,A,A,H,-,C,D,0,,,,,Y,Y,A,01,0,0,1,0,0,0,0,0,0,"- ","- ",37.646018981933594,-121.00881195068359,STANISLAUS,MODESTO,-121.00938415527344,37.646163940429688
84504601,2024,2024-12-16,5002,2024-12-01,1214,13191,,7,5,6,5002,0,0,0,,0,082,"MC HENRY AVE (SR-108)","RUMBLE RD",421.00,N,N,A,-,Y,STA,,108," "," ",25.555,H,,R,N,4,0,2,2,A,-,04,21703,,N,C,C,A,A,H,-,A,D,0,,,,,Y,,A,01,0,0,2,0,0,0,0,0,0,"- ","- ",37.68170166015625,-120.99417877197266,STANISLAUS,MODESTO,-120.99412536621094,37.68170166015625
84504611,2024,2024-12-16,5002,2024-12-02,1140,13035,,1,5,6,5002,0,0,0,,0,073,"COFFEE RD","MABLE AVE",0.00,,Y,A,-,N,,,,,,,,,,N,3,0,1,2,A,-,10,21950,A,F,G,B,B,A,H,-,A,A,0,Y,,,,Y,Y,-,99,0,1,0,0,1,0,0,0,0,"- ","- ",37.696121215820312,-120.97611999511719,STANISLAUS,MODESTO,-120.9761962890625,37.696102142333984
84504625,2024,2024-12-16,5002,2024-12-05,"810 ",13621,,4,5,6,5002,0,0,0,,0,041,"CREEKWOOD DR","CLAUS RD",150.00,E,N,A,-,N,,,,,,,,,,Y,3,0,1,2,A,-,02,22400,A,N,C,C,A,A,H,-,A,A,0,,,,,Y,Y,A,01,0,1,0,0,0,0,0,0,0,"- ","- ",37.649559020996094,-120.92156219482422,STANISLAUS,MODESTO,-120.92060852050781,37.649959564208984
84504633,2024,2024-12-16,5002,2024-12-06,1603,11661,,5,5,6,5002,0,0,0,,0,081,"COFFEE RD","LUCERN AVE",0.00,,Y,A,-,N,,,,,,,,,,Y,3,0,1,2,A,-,17,21451,A,N,D,C,A,A,H,-,B,A,0,,,,,Y,,A,07,0,1,0,0,0,0,0,0,0,"- ","- ",37.652690887451172,-120.97557067871094,STANISLAUS,MODESTO,-120.97557067871094,37.652698516845703
84504640,2024,2024-12-16,5002,2024-12-07,1909,13300,,6,5,6,5002,0,0,0,,0,063,"DALE RD","BRADEN AVE",0.00,,Y,A,-,N,,,,,,,,,,Y,4,0,2,2,A,-,09,21804,A,N,D,D,A,A,H,-,C,A,0,,,,,Y,,A,01,0,0,2,0,0,0,0,0,0,"- ","- ",37.688308715820312,-121.05004119873047,STANISLAUS,MODESTO,-121.04985809326172,37.688167572021484
84516039,2024,2024-12-26,5001,2024-12-24,1222,755,,2,5,4,5001,0,0,0,,0,003,"MITCHELL RD","GARRISON ST",300.00,N,N,B,-,N,,,,,,,,,,Y,4,0,1,2,A,-,03,22350,,N,A,C,A,B,H,-,A,D,0,,,,,Y,,A,01,0,0,1,0,0,0,0,0,0,"- ","- ",,,STANISLAUS,CERES,-120.93869781494141,37.599163055419922
8452402,2017,2017-09-25,5002,2017-09-09,1949,11855,158,6,5,6,5002,0,0,0,,0,072,"OAKDALE RD",CELESTE,0.00,S,-,A,-,N,,,,,,,,,,Y,3,0,4,3,A,-,03,22350,,N,C,C,A,A,H,-,C,D,0,,,,,Y,,-,,0,1,3,0,0,0,0,0,0,"- ","- ",,,STANISLAUS,MODESTO,-120.95769,37.672279969999998
8452422,2017,2017-09-29,5002,2017-09-01,1235,10791,,5,5,6,5002,0,0,0,,0,032,"G ST","4TH ST",0.00,,Y,A,-,N,,,,,,,,,,N,4,0,1,2,A,-,09,21802,A,N,D,C,A,A,H,-,A,A,0,,,,,Y,,D,,0,0,1,0,0,0,0,0,0,"- ","- ",,,STANISLAUS,MODESTO,-121.00254993,37.633330000000001
8452441,2017,2017-09-21,5002,2017-09-05,1032,11751,M308,2,5,6,5002,0,0,0,,0,071,"EAST ORANGEBURG AV","OAKDALE RD",0.00,,N,A,-,N,,,,,,,,,,Y,4,0,2,2,A,-,12,21453,A,N,D,C,A,A,H,-,A,A,0,,,,,Y,,-,"- ",0,0,2,0,0,0,0,0,0,"- ","- ",,,STANISLAUS,MODESTO,-120.95757999,37.663569940000002
8452465,2017,2017-09-21,5002,2017-09-07,1711,11765,M276,4,5,6,5002,0,0,0,,0,081,"COFFEE RD","BRIGHTON AV",0.00,,Y,A,-,N,,,,,,,,,,Y,4,0,1,3,A,-,09,21801,A,N,D,C,A,A,H,-,A,D,0,,,,,Y,,A,,0,0,1,0,0,0,0,0,0,"- ","- ",,,STANISLAUS,MODESTO,-120.97563993999999,37.661269930000003
8452469,2017,2017-09-21,5002,2017-09-08,2032,11857,409,5,5,6,5002,0,0,0,,0,041,"TUOLUMNE BL","7TH ST",78.00,,N,A,-,N,,,,,,,,,,Y,4,0,1,3,A,-,03,22350,,N,C,C,A,A,H,-,C,A,0,,,,,Y,,-,"- ",0,0,1,0,0,0,0,0,0,"- ","- ",,,STANISLAUS,MODESTO,-120.99465992,37.630149899999999
8452704,2017,2017-09-28,5008,2017-08-18,2100,501824,,5,5,2,5008,0,0,0,,0,WP1,"BONNIE BRAE AV","CINNABAR WY",387.00,W,N,A,-,N,,,,,,,,,,N,2,0,1,2,A,-,03,22350,,N,C,E,A,A,H,-,C,D,0,,,,,Y,Y,-,"- ",1,0,0,0,0,0,0,0,0,"- ","- ",,,STANISLAUS,WATERFORD,-120.76462411,37.646744329999997