CASE_ID,ACCIDENT_YEAR,PROC_DATE,JURIS,COLLISION_DATE,COLLISION_TIME,OFFICER_ID,REPORTING_DISTRICT,DAY_OF_WEEK,CHP_SHIFT,POPULATION,CNTY_CITY_LOC,SPECIAL_COND,BEAT_TYPE,CHP_BEAT_TYPE,CITY_DIVISION_LAPD,CHP_BEAT_CLASS,BEAT_NUMBER,PRIMARY_RD,SECONDARY_RD,DISTANCE,DIRECTION,INTERSECTION,WEATHER_1,WEATHER_2,STATE_HWY_IND,CALTRANS_COUNTY,CALTRANS_DISTRICT,STATE_ROUTE,ROUTE_SUFFIX,POSTMILE_PREFIX,POSTMILE,LOCATION_TYPE,RAMP_INTERSECTION,SIDE_OF_HWY,TOW_AWAY,COLLISION_SEVERITY,NUMBER_KILLED,NUMBER_INJURED,PARTY_COUNT,PRIMARY_COLL_FACTOR,PCF_CODE_OF_VIOL,PCF_VIOL_CATEGORY,PCF_VIOLATION,PCF_VIOL_SUBSECTION,HIT_AND_RUN,TYPE_OF_COLLISION,MVIW,PED_ACTION,ROAD_SURFACE,ROAD_COND_1,ROAD_COND_2,LIGHTING,CONTROL_DEVICE,CHP_ROAD_TYPE,PEDESTRIAN_ACCIDENT,BICYCLE_ACCIDENT,MOTORCYCLE_ACCIDENT,TRUCK_ACCIDENT,NOT_PRIVATE_PROPERTY,ALCOHOL_INVOLVED,STWD_VEHTYPE_AT_FAULT,CHP_VEHTYPE_AT_FAULT,COUNT_SEVERE_INJ,COUNT_VISIBLE_INJ,COUNT_COMPLAINT_PAIN,COUNT_PED_KILLED,COUNT_PED_INJURED,COUNT_BICYCLIST_KILLED,COUNT_BICYCLIST_INJURED,COUNT_MC_KILLED,COUNT_MC_INJURED,PRIMARY_RAMP,SECONDARY_RAMP,LATITUDE,LONGITUDE,COUNTY,CITY,POINT_X,POINT_Y
90019458,2015,2015-10-19,9465,2015-09-12,1310,018778,,6,1,9,5000,0,3,5,,2,040,"HATCH ROAD","CROWS LANDING ROAD",470.00,E,N,A,-,N,,,,,,,,,,Y,4,0,1,2,A,-,09,21804,A,N,D,C,A,A,H,-,A,D,0,,,,,Y,,A,07,0,0,1,0,0,0,0,0,0,"- ","- ",37.609459999999999,-120.99200999999999,STANISLAUS,UNINCORPORATED,-120.99366000000001,37.609470000000002
90020992,2015,2015-10-19,9465,2015-09-23,0815,014658,,3,1,9,5000,0,2,S,,2,001,"MCHENRY AVENUE","HOGUE ROAD",220.00,S,N,A,-,N,,,,,,,,,,Y,4,0,1,1,A,-,08,22107,,N,E,I,A,A,H,-,A,D,0,,,,,Y,,A,01,0,0,1,0,0,0,0,0,0,"- ","- ",37.747219999999999,-120.99548,STANISLAUS,UNINCORPORATED,-120.99553834,37.747555910000003
90023828,2015,2015-10-19,9465,2015-09-24,1155,015398,,4,1,9,5000,0,3,5,,2,030,"SANTA FE AVE.","ELM ST.",45.00,S,N,A,-,N,,,,,,,,,,Y,4,0,2,2,A,-,03,22350,,N,C,C,A,A,H,-,A,D,0,,,,,Y,,D,22,0,0,2,0,0,0,0,0,0,"- ","- ",37.527369999999998,-120.79754,STANISLAUS,UNINCORPORATED,-120.86742417000001,37.595677010000003
90026944,2015,2015-10-19,9465,2015-06-03,1329,020362,,3,1,9,5000,0,1,3,,1,031,"STATE ROUTE 132 (YOSEMITE BOULEVARD)","MCEWEN ROAD",280.00,W,N,A,-,Y,,,132,,,,,,,Y,1,1,1,1,A,-,05,21460,A,N,E,I,A,A,H,-,A,D,0,,,,,Y,,A,01,0,1,0,0,0,0,0,0,0,"- ","- ",37.6387,-120.8122,STANISLAUS,UNINCORPORATED,-120.81220003,37.63874637
90027458,2015,2015-10-19,9465,2015-10-01,1120,018778,,4,1,9,5000,0,3,5,,2,030,"WHITMORE AVENUE","WARING ROAD",175.00,W,N,C,-,N,,,,,,,,,,Y,4,0,4,1,A,-,03,22350,,N,E,I,A,B,H,-,A,D,0,,,,,Y,,A,01,0,0,4,0,0,0,0,0,0,"- ","- ",37.594709999999999,-120.81225000000001,STANISLAUS,UNINCORPORATED,-120.81139392999999,37.59468313
90027911,2015,2015-10-19,9465,2015-09-26,0200,012351,,6,3,6,5002,0,1,3,,2,011,"STATE ROUTE 99 N/B FROM BECKWITH ROAD","BECKWITH ROAD",510.00,N,N,A,-,Y,,,99,,,,R,,N,Y,4,0,1,1,A,-,01,23152,A,N,E,I,A,A,H,-,D,D,0,,,,,Y,Y,A,01,0,0,1,0,0,0,0,0,0,"- ","- ",37.684950000000001,-121.05347,STANISLAUS,MODESTO,-121.05347,37.684950000000001
90028592,2015,2015-10-19,9465,2015-10-05,2035,012351,,1,2,9,5000,0,1,3,,2,011,"STATE ROUTE 99 (SOUTHBOUND)","HAMMETT ROAD O/C",1584.00,N,N,A,-,Y,,,99,,,,,,,N,4,0,1,2,A,-,03,22350,,N,C,C,A,A,H,-,D,D,0,,,,,Y,,A,01,0,0,1,0,0,0,0,0,0,"- ","- ",37.7288,-121.10836999999999,STANISLAUS,UNINCORPORATED,-121.10830002,37.72889807
90031500,2015,2015-10-19,9465,2015-10-09,0035,018216,,5,3,5,5007,0,1,3,,2,041,"SR-99 NB","TAYLOR ROAD",2000.00,S,N,A,-,Y,,,99,,,,,,N,Y,3,0,3,1,A,-,08,22107,,N,E,I,A,A,H,-,D,D,0,,,,,Y,,A,01,0,1,2,0,0,0,0,0,0,"- ","- ",37.529539999999997,-120.88932,STANISLAUS,TURLOCK,-120.88936793000001,37.529521240000001
90037235,2015,2015-10-23,9465,2015-10-18,2315,018998,,7,3,9,5000,0,1,3,,2,041,"SR-99 (S/B) FROM MITCHELL ROAD","MITCHELL ROAD",3168.00,S,N,A,-,Y,,,99,,,,R,,,Y,3,0,1,1,A,-,08,22107,,N,E,I,A,A,H,-,D,D,0,,,,,Y,,A,01,0,1,0,0,0,0,0,0,0,"- ","- ",37.568129999999996,-120.93012,STANISLAUS,UNINCORPORATED,-120.93012,37.568129999999996
9004259,2018,2019-12-14,5004,2018-11-09,0750,149,RD26,5,5,3,5004,0,0,0,,0,022,LEE,"PONTIAC ST",0.00,,Y,A,-,N,,,,,,,,,,N,4,0,2,3,A,-,10,21950,A,N,G,B,B,A,H,-,B,A,0,Y,,,,Y,,A,01,0,0,2,0,2,0,0,0,0,"- ","- ",37.761829376220703,-120.86564636230469,STANISLAUS,OAKDALE,-120.86567687988281,37.7618408203125
90042976,2015,2015-12-09,9465,2015-10-22,1325,018671,,4,1,9,5000,0,2,4,,2,042,"CROWS LANDING ROAD","BUTTE AVENUE",6.00,N,N,A,-,N,,,,,,,,,,N,4,0,1,2,A,-,10,21950,A,N,G,B,B,A,H,-,A,A,0,Y,,,,Y,,D,22,0,0,1,0,1,0,0,0,0,"- ","- ",37.606200000000001,-120.99347,STANISLAUS,UNINCORPORATED,-120.99356009,37.605756479999997
90044856,2015,2015-11-04,9465,2015-10-23,1825,018363,,5,2,9,5000,0,1,3,,2,011,"STATE ROUTE 99 (NORTHBOUND)","BRIGGSMORE AVENUE",937.00,N,N,A,-,Y,,,99,,,,,,,Y,4,0,1,2,A,-,03,22350,,N,C,C,A,A,H,-,B,D,0,,,,,Y,,A,01,0,0,1,0,0,0,0,0,0,"- ","- ",37.667879999999997,-121.03501,STANISLAUS,UNINCORPORATED,-121.03507743,37.667765109999998
90044867,2015,2015-11-04,9465,2015-10-23,1835,018945,,5,2,6,5002,0,1,3,,2,011,"SR-99 (S/B) TO BECKWITH ROAD","BECKWITH ROAD",535.00,N,N,A,-,Y,,,,,,,,,,Y,4,0,1,3,A,-,03,22350,,N,C,C,A,A,H,-,B,D,0,,,,,Y,,A,01,0,0,1,0,0,0,0,0,0,"- ","- ",37.415320000000001,-121.3198,STANISLAUS,MODESTO,-121.05452305999999,37.684483669999999
90046124,2015,2015-11-06,9465,2015-10-27,2500,015290,,2,4,9,5000,0,3,5,,2,050,"DEL PUERTO CANYON ROAD","DIABLO GRANDE PARKWAY",10560.00,W,N,B,-,N,,,,,,,,,,Y,4,0,1,1,A,-,08,22107,,M,E,I,A,A,H,-,B,D,0,,,,,Y,Y,A,01,0,0,1,0,0,0,0,0,0,"- ","- ",37.479979999999998,-121.2106,STANISLAUS,UNINCORPORATED,-121.21110366000001,37.480097929999999
90046967,2015,2015-11-09,9465,2015-10-26,1425,018251,,1,2,9,5000,0,1,3,,2,041,"STATE ROUTE 99 (NORTHBOUND)","TAYLOR ROAD",1245.00,N,N,A,-,Y,,,99,,,,,,,Y,4,0,3,3,A,-,07,21658,A,N,B,C,A,A,H,-,A,D,0,,,,Y,Y,,G,25,0,0,3,0,0,0,0,0,0,"- ","- ",37.540300000000002,-120.89541,STANISLAUS,UNINCORPORATED,-120.89536923999999,37.540353099999997
90047528,2015,2015-11-10,9465,2015-10-25,2045,012351,,7,2,6,5002,0,1,3,,2,011,"SR-99 (N/B) FROM CARPENTER ROAD","CARPENTER ROAD",269.00,N,N,A,-,Y,,,99,,,,R,,,N,3,0,1,1,A,-,08,22107,,N,H,A,A,A,H,-,D,D,0,,,,,Y,,D,22,0,1,0,0,0,0,0,0,0,"- ","- ",37.667050000000003,-121.03249,STANISLAUS,MODESTO,-121.03249,37.667050000000003
90047653,2015,2015-11-10,9465,2015-10-29,1655,015290,,4,2,9,5000,0,1,3,,2,053,"STATE ROUTE 33","D STREET",112.00,N,N,A,G,Y,,,33,,,,,,,N,4,0,2,2,A,-,09,21801,A,N,D,C,A,A,H,-,A,D,0,,,,,Y,,A,01,0,0,2,0,0,0,0,0,0,"- ","- ",37.549370000000003,-121.19974000000001,STANISLAUS,UNINCORPORATED,-121.19969301,37.549421549999998
90047702,2015,2015-11-10,9465,2015-10-30,2240,018382,,5,3,6,5002,0,1,3,,2,011,"STATE ROUTE 99 (SOUTHBOUND)","BECKWITH ROAD",1584.00,N,N,A,-,Y,,,,,,,,,,Y,3,0,1,3,A,-,03,22350,,N,C,C,A,A,D,-,C,D,0,,,Y,Y,Y,,C,02,0,1,0,0,0,0,0,0,1,"- ","- ",37.685389999999998,-121.05735,STANISLAUS,MODESTO,-121.05722405,37.686403509999998
90047763,2015,2015-11-10,9465,2015-10-31,0651,018318,,6,1,9,5000,0,1,3,,2,011,"SR-99 N/B","HAMMETT ROAD",1984.00,N,N,A,-,Y,,,99,,,,,,N,Y,4,0,1,1,A,-,08,22107,,N,E,I,A,A,H,-,B,D,0,,,,,Y,,A,01,0,0,1,0,0,0,0,0,0,"- ","- ",37.728340000000003,-121.10741,STANISLAUS,UNINCORPORATED,-121.10733601,37.728465040000003
90048168,2015,2015-11-10,9465,2015-10-30,1830,018671,,5,2,6,5002,0,1,3,,2,011,"STATE ROUTE 99 (NORTHBOUND)","TUOLUMNE BLVD",5.00,N,N,A,-,Y,,,,,,,,,,N,4,0,3,2,A,-,03,22350,,N,C,C,A,A,H,-,C,D,0,,,,,Y,,A,01,0,0,3,0,0,0,0,0,0,"- ","- ",37.602620000000002,-120.96941,STANISLAUS,MODESTO,-120.99705328,37.627483480000002
90048267,2015,2015-11-10,9465,2015-10-31,1148,018251,,6,1,9,5000,0,3,5,,2,020,"ORANGE BLOSSOM ROAD","STATE ROUTE 108/120",85.00,N,N,A,-,N,,,,,,,,,,N,4,0,1,2,A,-,09,21801,A,N,D,C,A,A,H,-,A,D,0,,,,,Y,,D,22,0,0,1,0,0,0,0,0,0,"- ","- ",37.776769999999999,-120.78157,STANISLAUS,UNINCORPORATED,,
90048300,2015,2015-11-10,9465,2015-10-31,1943,018274,,6,2,9,5000,0,3,5,,2,030,"RIVER ROAD","BYSTRUM ROAD",30.00,W,N,A,-,N,,,,,,,,,,N,3,0,1,2,C,-,18,,,N,G,B,E,A,H,-,D,D,0,Y,,,,Y,,-,"- ",0,1,0,0,1,0,0,0,0,"- ","- ",37.626080000000002,-120.98466999999999,STANISLAUS,UNINCORPORATED,-120.98456346,37.626084059999997
90048344,2015,2015-11-10,9465,2015-11-01,1118,018318,,7,1,9,5000,0,3,5,,2,040,"HATCH RD.","SR-99 (S/B) TO HATCH ROAD",20.00,E,N,A,-,N,,,,,,,,,,N,4,0,1,2,A,-,03,22350,,N,C,C,A,A,H,-,A,A,0,,,,,Y,,A,08,0,0,1,0,0,0,0,0,0,"- ","- ",37.609299999999998,-120.97620000000001,STANISLAUS,UNINCORPORATED,,
90051830,2015,2015-11-16,9465,2015-11-05,1004,018457,,4,1,9,5000,0,2,4,,2,016,"CLARIBEL ROAD","COFFEE ROAD",0.00,,Y,A,-,N,,,,,,,,,,Y,4,0,1,2,A,-,12,21457,A,N,D,C,A,A,D,-,A,A,0,,,,,Y,,A,01,0,0,1,0,0,0,0,0,0,"- ","- ",37.711019999999998,-120.9766,STANISLAUS,UNINCORPORATED,-120.9766399,37.711029959999998
90052808,2015,2015-11-17,9465,2015-11-05,1535,018778,,4,2,9,5000,0,2,4,,2,034,"GEER ROAD","E. GRAYSON ROAD",50.00,S,N,A,-,N,,,,,,,,,,Y,2,0,5,4,A,-,03,22350,,N,C,C,A,A,H,-,A,A,0,,,,,Y,,A,07,2,1,2,0,0,0,0,0,0,"- ","- ",37.565800000000003,-120.84706,STANISLAUS,UNINCORPORATED,-120.84702077,37.565532699999999
9005347,2019,2020-01-14,5006,2019-11-08,1702,5028,STANI,5,5,3,5006,0,0,0,,0,,"JACKSON RD","STANISLAUS ST",102.00,N,N,A,-,N,,,,,,,,,,N,4,0,2,2,A,-,08,22107,,M,-,C,A,A,H,-,A,D,0,,,,,Y,,A,07,0,0,2,0,0,0,0,0,0,"- ","- ",,,STANISLAUS,RIVERBANK,-120.94965362548828,37.735301971435547
90053831,2015,2015-11-18,9465,2015-11-06,1111,014588,,5,1,9,5000,0,3,5,,2,050,"HILLS FERRY ROAD","STUHR ROAD",1056.00,N,N,B,-,N,,,,,,,,,,N,3,0,3,3,A,-,03,22350,,N,C,C,A,A,H,-,A,D,0,,,,,Y,,A,01,0,1,2,0,0,0,0,0,0,"- ","- ",37.3371,-120.98685999999999,STANISLAUS,UNINCORPORATED,-120.98932795,37.334859889999997
9005454,2019,2020-02-28,5004,2019-12-08,0138,236,RD21,7,5,3,5004,0,0,0,,0,022,"RAPUNZEL CT","WILLOWOOD DR",0.00,,Y,B,-,N,,,,,,,,,,Y,2,0,1,1,A,-,03,22350,,M,H,E,A,B,H,-,C,D,0,,,,,Y,,-,,1,0,0,0,0,0,0,0,0,"- ","- ",37.762680053710938,-120.87126922607422,STANISLAUS,OAKDALE,-120.87123870849609,37.762428283691406
90054560,2015,2015-11-19,9465,2015-11-12,1535,019713,,4,2,9,5000,0,3,5,,2,040,"KEYES ROAD","CENTRAL AVENUE",0.00,,Y,A,-,N,,,,,,,,,,Y,4,0,2,2,A,-,12,22450,A,N,D,C,A,A,H,-,A,A,0,,,,,Y,,A,07,0,0,2,0,0,0,0,0,0,"- ","- ",37.551259999999999,-120.95753999999999,STANISLAUS,UNINCORPORATED,-120.95706989,37.551299980000003
90057040,2015,2015-11-23,9465,2015-11-11,0520,015596,,3,3,9,5000,0,1,3,,2,041,"SR-99 S/B","KEYES ROAD",900.00,N,N,A,-,Y,,,99,,,,,,S,Y,4,0,1,1,A,-,08,22107,,N,E,I,A,A,H,-,D,D,0,,,,,Y,,A,01,0,0,1,0,0,0,0,0,0,"- ","- ",37.551119999999997,-120.91052999999999,STANISLAUS,UNINCORPORATED,-120.91060103,37.551029
90058325,2015,2015-11-24,9465,2015-11-14,1830,018825,,6,2,9,5000,0,3,5,,2,030,"LA GRANGE RD","OLD LA GRANGE ROAD",2467.00,S,N,A,-,N,,,,,,,,,,Y,2,0,1,1,A,-,08,22107,,N,F,A,A,A,H,-,D,D,0,,,Y,,Y,Y,C,02,1,0,0,0,0,0,0,0,1,"- ","- ",37.622999999999998,-120.461,STANISLAUS,UNINCORPORATED,-120.47150619,37.666639109999998
90063613,2015,2015-12-02,9465,2015-11-24,1300,016320,,2,1,6,5002,0,1,3,,2,041,"STATE ROUTE 99 (NORTHBOUND)","CROWS LANDING ROAD",1584.00,S,N,B,C,Y,,,99,,,,,,,N,4,0,1,3,A,-,03,22350,,N,C,C,A,B,H,-,A,D,0,,,,,Y,,A,01,0,0,1,0,0,0,0,0,0,"- ","- ",37.61712,-120.9884,STANISLAUS,MODESTO,-120.98839058999999,37.617197390000001
90064130,2015,2015-12-02,9465,2015-11-25,1706,016799,,3,2,9,5000,0,3,5,,2,010,"STATE ROUTE 99 (NORTHBOUND)","WOODLAND AVENUE",100.00,N,N,A,-,Y,,,99,,,,,,,N,4,0,2,2,A,-,03,22350,,N,C,C,A,A,H,-,B,D,0,,,,,Y,,D,22,0,0,2,0,0,0,0,0,0,"- ","- ",37.653280000000002,-121.02485,STANISLAUS,UNINCORPORATED,-121.02482313,37.653302199999999
90072269,2015,2015-12-14,9465,2015-11-30,0745,017787,,1,1,9,5000,0,1,3,,2,041,"STATE ROUTE 99 (NORTHBOUND)","TAYLOR ROAD",1320.00,S,N,A,-,Y,,,99,,,,,,,Y,4,0,3,2,A,-,03,22350,,N,C,C,A,A,H,-,A,D,0,,,,,Y,,A,01,0,0,3,0,0,0,0,0,0,"- ","- ",37.53387,-120.89055,STANISLAUS,UNINCORPORATED,-120.8904936,37.533890169999999
90074968,2015,2015-12-16,9465,2015-11-30,1515,018800,,1,2,9,5000,0,1,3,,2,015,"STATE ROUTE 219 (KIERNAN AVENUE)","TULLY ROAD",0.00,,Y,A,-,Y,,,219,,,,,,,Y,4,0,1,2,A,-,09,21453,C,N,D,C,A,A,H,-,A,A,0,,,,,Y,,A,01,0,0,1,0,0,0,0,0,0,"- ","- ",37.711489999999998,-121.01303,STANISLAUS,UNINCORPORATED,-121.01303,37.71114704
90079534,2015,2015-12-21,9465,2015-12-07,0912,015398,,1,1,9,5000,0,1,3,,2,041,"STATE ROUTE 99 (NORTHBOUND)","SERVICE ROAD",500.00,S,N,B,-,Y,,,99,,,,,,,Y,4,0,1,2,A,-,03,22350,,N,C,E,A,A,H,-,A,D,0,,,,,Y,,A,01,0,0,1,0,0,0,0,0,0,"- ","- ",37.579189999999997,-120.94262000000001,STANISLAUS,UNINCORPORATED,-120.94264535000001,37.579157930000001
90079856,2015,2015-12-22,9465,2015-12-11,0755,019517,,5,1,4,5001,0,3,5,,2,040,"CROWSLANDING RD.","WINMOORE WAY.",30.00,S,N,B,-,Y,,,,,,,,,,N,4,0,1,2,A,-,03,22350,,N,C,C,A,A,H,-,A,A,0,,,,,Y,Y,D,22,0,0,1,0,0,0,0,0,0,"- ","- ",37.606560000000002,-120.99343,STANISLAUS,CERES,-120.99355555,37.605247689999999
90080347,2015,2015-12-22,9465,2015-12-13,0625,016917,,7,1,9,5000,0,1,1,,2,055,"INTERSTATE 5 (SOUTHBOUND)","HAMILTON ROAD",100.00,N,N,B,-,Y,,,5,,,,,,,Y,3,0,1,3,A,-,01,23152,A,N,C,C,A,A,H,-,D,D,0,,,,Y,Y,Y,A,07,0,1,0,0,0,0,0,0,0,"- ","- ",37.565800000000003,-121.3013,STANISLAUS,UNINCORPORATED,-121.30128104000001,37.565824839999998
90085074,2015,2015-12-30,9465,2015-12-15,1720,014853,,2,2,9,5000,0,3,5,,2,020,"STATE ROUTE 99 (SOUTHBOUND)","CARPENTER ROAD",100.00,S,N,A,-,Y,,,,,,,,,,N,4,0,1,2,A,-,04,21703,,N,C,C,A,A,H,-,C,D,0,,,,,Y,,A,01,0,0,1,0,0,0,0,0,0,"- ","- ",37.665730000000003,-121.03095999999999,STANISLAUS,UNINCORPORATED,-121.0310719,37.665757450000001
90087048,2015,2016-01-04,9465,2015-12-14,2340,018778,,1,3,5,5007,0,1,3,,2,041,"STATE ROUTE 99 (NORTHBOUND)","FULKERTH ROAD",20.00,N,N,A,-,Y,,,99,,,,,,,Y,3,0,1,2,A,-,01,23152,A,M,C,C,A,A,H,-,D,D,0,,,,Y,Y,Y,D,22,0,1,0,0,0,0,0,0,0,"- ","- ",37.507530000000003,-120.8779,STANISLAUS,TURLOCK,-120.87780804000001,37.507579049999997
90089071,2015,2016-01-06,9465,2015-12-21,1736,018274,,1,2,9,5000,0,1,3,,2,012,"STATE ROUTE 132","PARADISE ROAD",14256.00,W,N,B,C,Y,,,132,,,,,,,Y,3,0,1,2,A,-,05,21460,A,N,A,C,A,B,H,-,D,D,0,,,,Y,Y,,A,01,0,1,0,0,0,0,0,0,0,"- ","- ",37.637549999999997,-121.20828,STANISLAUS,UNINCORPORATED,-121.20827899,37.637636329999999
90090442,2015,2016-01-07,9465,2015-12-29,1830,015596,,2,2,9,5000,0,3,5,,2,030,"S. 9TH STREET","HOSMER AVENUE",152.00,S,N,A,-,N,,,,,,,,,,N,3,0,1,2,A,-,09,21804,A,N,C,C,A,A,H,-,A,D,0,,,Y,,Y,,D,22,0,1,0,0,0,0,0,0,1,"- ","- ",37.622210000000003,-120.90581,STANISLAUS,UNINCORPORATED,-120.98600197,37.622411509999999
90093065,2016,2016-01-12,9465,2016-01-03,1046,018274,,7,1,9,5000,0,1,1,,2,056,"INTERSTATE 5 (SOUTHBOUND)","PETE MILLER ROAD",2112.00,N,N,B,-,Y,,,5,,,,,,,Y,4,0,1,2,A,-,03,22350,,N,C,C,A,A,H,-,A,D,0,,,,,Y,,D,22,0,0,1,0,0,0,0,0,0,"- ","- ",37.265520000000002,-121.09412,STANISLAUS,UNINCORPORATED,-121.09405146,37.26553766
90100680,2016,2016-01-22,9465,2016-01-21,1710,16320,,4,2,9,5000,0,3,5,,2,010,"BECKWITH ROAD","TOOMES ROAD",528.00,E,N,B,-,N,,,,,,,,,,Y,4,0,4,2,A,-,08,22107,,N,A,C,A,A,H,-,D,D,0,,,,,Y,,A,07,0,0,4,0,0,0,0,0,0,"- ","- ",37.681950000000001,-121.0909,STANISLAUS,UNINCORPORATED,-121.09356547,37.681750059999999
90101432,2016,2016-01-25,9465,2016-01-15,1132,014588,,5,1,9,5000,0,1,3,,1,054,"MARSHALL ROAD",SR-33,0.00,,Y,B,-,Y,,,,,,,,,,N,4,0,1,2,A,-,12,22450,A,N,D,C,A,A,H,-,A,A,0,,,,,Y,,A,01,0,0,1,0,0,0,0,0,0,"- ","- ",37.435160000000003,-121.10194,STANISLAUS,UNINCORPORATED,-121.10195985999999,37.43515996
90101732,2016,2016-01-25,9465,2016-01-01,0030,019155,,5,3,9,5000,0,3,5,,2,040,"GRAYSON ROAD","COX ROAD",3168.00,E,N,A,-,Y,,,,,,,,,,Y,3,0,1,1,A,-,01,23152,A,N,E,J,A,A,H,-,D,D,0,,,,,Y,Y,A,01,0,1,0,0,0,0,0,0,0,"- ","- ",37.565420000000003,-121.16884,STANISLAUS,UNINCORPORATED,-121.16902708000001,37.565454029999998
90101854,2016,2016-01-25,9465,2016-01-09,0305,019155,,6,3,9,5000,0,3,5,,2,010,"MCHENRY AVENUE","HOGUE ROAD",104.00,S,N,A,-,Y,,,,,,,,,,Y,2,0,1,1,A,-,08,22107,,N,E,I,A,A,H,-,D,D,0,,,,,Y,,D,22,1,0,0,0,0,0,0,0,0,"- ","- ",37.747480000000003,-120.99547,STANISLAUS,UNINCORPORATED,-120.99554449,37.747874430000003
90102211,2016,2016-01-26,9465,2016-01-16,2222,019155,,6,3,9,5000,0,1,3,,2,041,"SR-99 (S/B) TO HATCH ROAD","HATCH ROAD",4.00,S,N,A,-,Y,,,99,,,,R,,,N,4,0,1,2,A,-,11,21456,B,N,G,B,B,A,H,-,C,A,0,Y,,,,Y,,N,60,0,0,1,0,1,0,0,0,0,"- ","- ",37.609369999999998,-120.9772,STANISLAUS,UNINCORPORATED,-120.9772,37.609369999999998
90103433,2016,2016-01-27,9465,2016-01-11,1425,017787,,1,2,9,5000,0,3,5,,2,030,"CHRISTINE AVENUE","DORA AVENUE",38.00,S,N,A,-,N,,,,,,,,,,N,4,0,1,1,A,-,08,22107,,N,E,I,A,A,H,-,A,A,0,,,,,Y,,A,01,0,0,1,0,0,0,0,0,0,"- ","- ",37.557859999999998,-120.91115000000001,STANISLAUS,UNINCORPORATED,-120.91126998,37.557632509999998
9010811,2019,2020-02-14,5002,2019-12-09,1545,11046,M390,1,5,6,5002,0,0,0,,0,041,"I ST","16TH ST",0.00,,Y,A,-,N,,,,,,,,,,N,4,0,1,2,A,-,09,21802,A,N,D,C,A,A,H,-,A,A,0,,,,,Y,,A,,0,0,1,0,0,0,0,0,0,"- ","- ",,,STANISLAUS,MODESTO,-120.99352264404297,37.643878936767578
90108214,2016,2016-02-03,9465,2016-01-22,1545,019517,,5,2,5,5007,0,1,3,,2,041,"STATE ROUTE 99 (NORTHBOUND)","FULKERTH ROAD",1480.00,N,N,B,-,Y,,,99,,,,,,,N,4,0,1,2,A,-,07,21658,A,N,E,I,A,A,H,-,A,D,0,,,,,Y,,-,99,0,0,1,0,0,0,0,0,0,"- ","- ",37.512390000000003,-120.88026000000001,STANISLAUS,TURLOCK,-120.8803489,37.512342580000002
9010827,2019,2020-02-14,5002,2019-12-09,1716,11236,158,1,5,6,5002,0,0,0,,0,072,"ROSELLE AV","FLOYD AV",228.00,S,N,A,-,N,,,,,,,,,,Y,2,0,2,2,A,-,03,22350,,N,C,C,A,A,H,-,C,D,0,,,,,Y,,-,,1,1,0,0,0,0,0,0,0,"- ","- ",,,STANISLAUS,MODESTO,,
90108949,2016,2016-02-04,9465,2016-01-22,0648,018767,,5,1,9,5000,0,1,1,,2,055,"INTERSTATE 5 (N/B)","SPERRY AVENUE",7392.00,N,N,B,C,Y,,,,,,,,,,Y,3,0,2,2,A,-,05,21651,A,N,B,C,A,B,H,-,D,D,0,,,,Y,Y,,A,01,0,1,1,0,0,0,0,0,0,"- ","- ",37.494779999999999,-121.16604,STANISLAUS,UNINCORPORATED,,
9011266,2019,2020-02-18,5007,2019-12-07,1936,5789,5007,6,5,5,5007,0,0,0,,0,004,"NORTH WALNUT RD","WEST TUOLUMNE RD",468.00,S,N,C,-,N,,,,,,,,,,N,3,0,2,1,A,-,04,21703,,N,E,I,A,B,H,-,C,D,0,,,,,Y,,A,01,0,1,1,0,0,0,0,0,0,"- ","- ",,,STANISLAUS,TURLOCK,-120.86729431152344,37.513313293457031
90115431,2016,2016-02-16,9465,2016-02-13,0545,015398,,6,3,9,5000,0,2,4,,2,044,"CARPENTER RD.","MONTE VISTA AVE.",438.00,N,N,E,-,N,,,,,,,,,,Y,4,0,1,1,A,-,08,22107,,N,F,A,A,A,H,-,D,D,0,,,,,Y,,A,01,0,0,1,0,0,0,0,0,0,"- ","- ",37.522390000000001,-121.03060000000001,STANISLAUS,UNINCORPORATED,-121.03081,37.523612890000003
90120287,2016,2016-02-22,9465,2016-02-09,1700,014853,,2,2,6,5002,0,1,3,,2,011,"STATE ROUTE 99 NORTHBOUND FROM 6TH ST","M STREET",150.00,N,N,A,-,Y,,,99,,,,R,,N,Y,4,0,1,3,A,-,04,21703,,N,C,C,A,A,H,-,A,D,0,,,,,Y,,D,22,0,0,1,0,0,0,0,0,0,"- ","- ",37.64067,-121.00816,STANISLAUS,MODESTO,-121.00816,37.64067
90123062,2016,2016-02-24,9465,2016-02-14,1700,014853,,7,2,9,5000,0,3,5,,2,020,"ORANGE BLOSSOM ROAD","LANCASTER ROAD",120.00,W,N,A,-,N,,,,,,,,,,N,3,0,1,1,A,-,08,22107,,N,F,A,A,A,H,-,A,A,0,,,Y,,Y,,C,02,0,1,0,0,0,0,0,0,1,"- ","- ",37.782409999999999,-120.76703000000001,STANISLAUS,UNINCORPORATED,-120.76680725999999,37.782522149999998
90123120,2016,2016-02-24,9465,2016-02-14,1405,018363,,7,2,5,5007,0,1,3,,2,041,"STATE ROUTE 99 (SOUTHBOUND)","MONTE VISTA AVENUE",2640.00,N,N,A,-,Y,,,99,,,,,,,Y,4,0,1,3,A,-,07,21658,A,M,B,C,A,A,H,-,A,D,0,,,,,Y,,A,07,0,0,1,0,0,0,0,0,0,"- ","- ",37.529350000000001,-120.88957000000001,STANISLAUS,TURLOCK,-120.88962395999999,37.529326099999999