CASE_ID,ACCIDENT_YEAR,PROC_DATE,JURIS,COLLISION_DATE,COLLISION_TIME,OFFICER_ID,REPORTING_DISTRICT,DAY_OF_WEEK,CHP_SHIFT,POPULATION,CNTY_CITY_LOC,SPECIAL_COND,BEAT_TYPE,CHP_BEAT_TYPE,CITY_DIVISION_LAPD,CHP_BEAT_CLASS,BEAT_NUMBER,PRIMARY_RD,SECONDARY_RD,DISTANCE,DIRECTION,INTERSECTION,WEATHER_1,WEATHER_2,STATE_HWY_IND,CALTRANS_COUNTY,CALTRANS_DISTRICT,STATE_ROUTE,ROUTE_SUFFIX,POSTMILE_PREFIX,POSTMILE,LOCATION_TYPE,RAMP_INTERSECTION,SIDE_OF_HWY,TOW_AWAY,COLLISION_SEVERITY,NUMBER_KILLED,NUMBER_INJURED,PARTY_COUNT,PRIMARY_COLL_FACTOR,PCF_CODE_OF_VIOL,PCF_VIOL_CATEGORY,PCF_VIOLATION,PCF_VIOL_SUBSECTION,HIT_AND_RUN,TYPE_OF_COLLISION,MVIW,PED_ACTION,ROAD_SURFACE,ROAD_COND_1,ROAD_COND_2,LIGHTING,CONTROL_DEVICE,CHP_ROAD_TYPE,PEDESTRIAN_ACCIDENT,BICYCLE_ACCIDENT,MOTORCYCLE_ACCIDENT,TRUCK_ACCIDENT,NOT_PRIVATE_PROPERTY,ALCOHOL_INVOLVED,STWD_VEHTYPE_AT_FAULT,CHP_VEHTYPE_AT_FAULT,COUNT_SEVERE_INJ,COUNT_VISIBLE_INJ,COUNT_COMPLAINT_PAIN,COUNT_PED_KILLED,COUNT_PED_INJURED,COUNT_BICYCLIST_KILLED,COUNT_BICYCLIST_INJURED,COUNT_MC_KILLED,COUNT_MC_INJURED,PRIMARY_RAMP,SECONDARY_RAMP,LATITUDE,LONGITUDE,COUNTY,CITY,POINT_X,POINT_Y
9366176,2021,2022-01-11,5003,2021-11-03,0737,N212,RDNM,3,5,2,5003,0,0,0,,0,NPD,"MERCED ST","POWER POLE 1460",10.00,E,N,A,-,N,,,,,,,,,,N,3,0,1,2,A,-,"- ",,,N,D,C,A,A,H,-,A,D,0,,,Y,,Y,,C,03,0,1,0,0,0,0,0,0,1,"- ","- ",37.313381195068359,-121.02191925048828,STANISLAUS,NEWMAN,,
9367605,2021,2021-12-24,5007,2021-11-08,1248,5806,TPD,1,5,5,5007,0,0,0,,0,PD3,"FULKERTH RD","EDGEWATER DR",266.00,E,N,A,-,N,,,,,,,,,,N,4,0,1,2,A,-,09,21804,A,N,D,D,A,A,H,-,A,A,0,,,,,Y,,A,01,0,0,1,0,0,0,0,0,0,"- ","- ",,,STANISLAUS,TURLOCK,-120.86631011962891,37.507289886474609
9369007,2021,2022-01-10,5001,2021-11-12,1238,801,C002,5,5,4,5001,0,0,0,,0,005,"2ND ST","NORTH ST",0.00,,Y,A,-,N,,,,,,,,,,Y,3,0,2,2,A,-,03,22350,,F,B,C,A,A,H,-,A,A,0,,,,,Y,,A,01,0,2,0,0,0,0,0,0,0,"- ","- ",37.598331451416016,-120.94785308837891,STANISLAUS,CERES,-120.95572662353516,37.591678619384766
9369008,2021,2022-01-10,5001,2021-11-08,1732,849,C008,1,5,4,5001,0,0,0,,0,004,"EAST WHITMORE AV","FIESTA WY",33.00,E,N,C,-,N,,,,,,,,,,Y,3,0,3,2,A,-,03,22350,,N,C,C,A,B,H,-,C,D,0,,,,,Y,,A,01,0,2,1,0,0,0,0,0,0,"- ","- ",37.594409942626953,-120.97522735595703,STANISLAUS,CERES,-120.97357940673828,37.594841003417969
9372597,2021,2021-12-20,5002,2021-11-04,1928,895,B206,4,5,6,5002,0,0,0,,0,003,"EAST HATCH RD","MITCHELL RD",445.00,E,N,A,-,N,,,,,,,,,,Y,3,0,2,2,A,-,09,21804,A,N,D,C,A,A,H,-,C,A,0,,,,,Y,,A,01,0,1,1,0,0,0,0,0,0,"- ","- ",37.609298706054688,-120.93879699707031,STANISLAUS,MODESTO,-120.93721771240234,37.609298706054688
9372741,2021,2022-02-18,5002,2021-11-03,1646,895,B206,3,5,6,5002,0,0,0,,0,003,"MITCHELL RD","HATCH RD",55.00,S,N,A,-,N,,,,,,,,,,N,3,0,1,2,A,-,08,22107,,M,B,C,A,A,H,-,A,D,0,,,,,Y,,A,01,0,1,0,0,0,0,0,0,0,"- ","- ",37.609298706054688,-120.93879699707031,STANISLAUS,MODESTO,-120.93875122070312,37.609169006347656
9373350,2021,2021-12-16,5007,2021-11-17,1512,5505,TPD,3,5,5,5007,0,0,0,,0,PD3,"WEST MAIN","NORTH TULLY",0.00,,Y,B,-,N,,,,,,,,,,N,4,0,1,2,A,-,03,22350,,N,C,C,A,A,H,-,A,A,0,,,,,Y,,A,01,0,0,1,0,0,0,0,0,0,"- ","- ",37.492740631103516,-120.86727905273438,STANISLAUS,TURLOCK,-120.86727905273438,37.492740631103516
93768600,2024,2024-08-07,9465,2024-08-01,1450,019730,,4,2,9,5000,0,3,5,,2,020,"PLAINVIEW ROAD","TERMINAL AVENUE",0.00,,Y,A,-,N,,,,,,,,,,N,4,0,2,2,A,-,09,21802,A,N,D,C,A,A,H,-,A,A,0,,,,,Y,,A,07,0,0,2,0,0,0,0,0,0,"- ","- ",37.703609466552734,-120.92626953125,STANISLAUS,UNINCORPORATED,-120.92628479003906,37.703582763671875
9382127,2022,2022-02-03,5007,2022-01-10,1043,5714,TPD,1,5,5,5007,0,0,0,,0,PD3,"WEST MAIN ST","RADIO ST",0.00,,Y,A,-,N,,,,,,,,,,Y,4,0,1,2,A,-,08,22101,,N,D,C,A,A,H,-,A,D,0,,,,,Y,,D,22,0,0,1,0,0,0,0,0,0,"- ","- ",37.492740631103516,-120.8603515625,STANISLAUS,TURLOCK,-120.86035919189453,37.492713928222656
9382205,2021,2021-12-29,5007,2021-11-27,0024,5745,TPD,6,5,5,5007,0,0,0,,0,PD5,"EAST HAWKEYE AV","OLIVE AV",0.00,,Y,A,-,N,,,,,,,,,,Y,3,0,3,2,A,-,"- ",,,N,D,C,A,A,H,-,C,A,0,,,,,Y,Y,D,22,0,1,2,0,0,0,0,0,0,"- ","- ",37.507278442382812,-120.83985900878906,STANISLAUS,TURLOCK,-120.83985137939453,37.507293701171875
9384118,2021,2022-01-21,5004,2021-12-17,1428,314,RD64,5,5,3,5004,0,0,0,,0,041,"EAST F ST","S MAAG AV",0.00,,Y,A,-,N,,,120,,,,,,,N,4,0,1,2,A,-,03,22350,,F,C,C,A,A,H,-,A,D,0,,,,,Y,,D,22,0,0,1,0,0,0,0,0,0,"- ","- ",37.772621154785156,-120.83045196533203,STANISLAUS,OAKDALE,-120.83055877685547,37.772911071777344
9389353,2021,2022-01-26,5007,2021-12-10,0719,5807,TPD,5,5,5,5007,0,0,0,,0,PD4,"W CHRISTOFFERSEN PKWY","MCKENNA DR",27.00,S,N,A,-,N,,,,,,,,,,Y,3,0,5,2,A,-,09,21801,,N,A,C,A,A,H,-,A,D,0,,,,,Y,,A,01,0,3,2,0,0,0,0,0,0,"- ","- ",37.529449462890625,-120.85784912109375,STANISLAUS,TURLOCK,-120.85787963867188,37.529460906982422
9389358,2021,2022-01-26,5007,2021-12-27,2203,5800,TPD,1,5,5,5007,0,0,0,,0,,"LANDER AV","EAST LINWOOD AV",20.00,N,N,A,-,N,,,,,,,,,,N,2,0,1,2,A,-,11,21950,B,F,G,B,D,A,H,-,C,A,0,Y,,,,Y,Y,N,60,1,0,0,0,1,0,0,0,0,"- ","- ",,,STANISLAUS,TURLOCK,-120.84899139404297,37.478233337402344
9389484,2021,2022-01-26,5007,2021-12-14,1903,5800,TPD,2,5,5,5007,0,0,0,,0,PD4,"COUNTRYSIDE DR","WEST MONTE VISTA AV",928.00,N,N,A,-,N,,,,,,,,,,N,4,0,1,2,A,-,03,22350,A,F,C,C,A,A,H,-,C,A,0,,,,,Y,,A,01,0,0,1,0,0,0,0,0,0,"- ","- ",37.519371032714844,-120.88130187988281,STANISLAUS,TURLOCK,-120.88085174560547,37.519657135009766
9391355,2021,2022-01-19,5001,2021-12-29,1041,900,D202,3,5,4,5001,0,0,0,,0,005,"MITCHELL RD","RHODE RD",1.00,S,N,C,-,N,,,,,,,,,,N,3,0,1,2,A,-,03,22350,,N,C,C,A,B,H,-,A,A,0,,,,,Y,,A,01,0,1,0,0,0,0,0,0,0,"- ","- ",37.578140258789062,-120.93872833251953,STANISLAUS,CERES,-120.938720703125,37.578487396240234
9396018,2022,2022-02-04,5006,2022-01-06,0441,503494,5006,4,5,3,5006,0,0,0,,0,RD1,"CALLANDER AV","TOPEKA ST",9.00,W,N,A,-,N,,,,,,,,,,Y,4,0,1,1,A,-,07,21658,A,N,E,I,A,A,H,-,C,A,0,,,,,Y,,A,01,0,0,1,0,0,0,0,0,0,"- ","- ",,,STANISLAUS,RIVERBANK,-120.94497680664062,37.73699951171875
93995991,2024,2024-08-09,9465,2024-07-28,"230 ",022229,,7,3,9,5000,0,2,4,,2,043,"W. MAIN STREET","JENNINGS ROAD",4000.00,E,N,A,-,N,,,,,,,,,,Y,3,0,1,1,A,-,01,23152,A,N,E,I,A,A,H,-,D,D,0,,,,,Y,Y,A,01,0,1,0,0,0,0,0,0,0,"- ","- ",37.493289947509766,-121.05415344238281,STANISLAUS,UNINCORPORATED,-121.05399322509766,37.493328094482422
9405959,2022,2022-02-23,5002,2022-01-14,0945,821,A501,5,5,6,5002,0,0,0,,0,001,"CENTRAL AV","DAVIS WY",30.00,N,N,A,-,N,,,,,,,,,,N,3,0,1,2,A,-,05,21460,A,N,E,I,A,A,H,-,A,A,0,,,,,Y,,D,72,0,1,0,0,0,0,0,0,0,"- ","- ",37.618820190429688,-120.95702362060547,STANISLAUS,MODESTO,-120.95704650878906,37.618892669677734
9406772,2022,2022-03-11,5003,2022-02-17,0800,N321,RDNM,4,5,2,5003,0,0,0,,0,NPD,"T ST","FRESNO ST",13.00,N,N,A,-,N,,,,,,,,,,N,3,0,1,2,A,-,09,21804,A,N,G,G,A,A,H,-,A,D,0,,Y,,,Y,,L,04,0,1,0,0,0,0,1,0,0,"- ","- ",37.313030242919922,-121.02897644042969,STANISLAUS,NEWMAN,-121.02901458740234,37.313064575195312
9408584,2022,2022-02-25,5007,2022-01-13,2200,5793,TPD,4,5,5,5007,0,0,0,,0,BEAT,"WEST HAWKEYE AV","GEER RD",549.00,W,N,A,-,N,,,,,,,,,,N,4,0,1,2,A,-,11,21954,A,N,A,B,D,A,H,-,C,D,0,Y,,,,Y,,N,60,0,0,1,0,1,0,0,0,0,"- ","- ",37.507278442382812,-120.85310363769531,STANISLAUS,TURLOCK,-120.85086059570312,37.507289886474609
9408781,2022,2022-03-02,5007,2022-02-08,0828,5776,TPD,2,5,5,5007,0,0,0,,0,PD3,"FLOWER ST","WEST AV N",0.00,,Y,A,-,N,,,,,,,,,,Y,4,0,1,2,A,-,09,21802,A,N,D,C,A,A,H,-,A,D,0,,,,,Y,,A,01,0,0,1,0,0,0,0,0,0,"- ","- ",37.495670318603516,-120.85803985595703,STANISLAUS,TURLOCK,-120.8580322265625,37.495681762695312
9424751,2022,2022-04-06,5001,2022-03-25,1703,821,A008,5,5,4,5001,0,0,0,,0,004,"EAST WHITMORE AV","BLAKER RD",389.00,W,N,A,-,N,,,,,,,,,,Y,3,0,1,2,A,-,03,22350,,F,C,C,A,A,H,-,A,A,0,,,,,Y,,D,72,0,1,0,0,0,0,0,0,0,"- ","- ",37.594818115234375,-120.96605682373047,STANISLAUS,CERES,-120.96742248535156,37.5948486328125
9426039,2022,2022-04-13,5001,2022-03-10,1746,821,B003,4,5,4,5001,0,0,0,,0,003,"GARRISON ST","LOUISE AV",57.00,E,N,A,-,N,,,,,,,,,,N,3,0,1,2,A,-,09,21801,A,N,A,C,A,A,H,-,A,D,0,,,,,Y,,D,72,0,1,0,0,0,0,0,0,0,"- ","- ",37.598339080810547,-120.9405517578125,STANISLAUS,CERES,-120.94040679931641,37.598350524902344
9428412,2022,2022-05-26,5007,2022-04-12,1030,5776,TPD,2,5,5,5007,0,0,0,,0,PD4,"COUNTRYSIDE DR","RETREAT DR",847.00,N,N,A,-,N,,,,,,,,,,Y,3,0,1,2,C,-,18,,,N,D,E,A,A,H,-,A,D,0,,,,,Y,,-,"- ",0,1,0,0,0,0,0,0,0,"- ","- ",37.519371032714844,-120.88130187988281,STANISLAUS,TURLOCK,-120.88084411621094,37.519641876220703
9429915,2022,2022-04-05,5007,2022-03-15,1854,5714,TPD,2,5,5,5007,0,0,0,,0,PD4,"W CHRISTOFFERSEN PKWY","CROWELL RD",0.00,,Y,A,-,N,,,,,,,,,,N,3,0,1,2,A,-,17,21451,A,N,D,G,A,A,H,-,B,A,0,,Y,,,Y,,A,01,0,1,0,0,0,0,1,0,0,"- ","- ",37.529331207275391,-120.86235809326172,STANISLAUS,TURLOCK,-120.86235809326172,37.529350280761719
94357418,2024,2024-08-16,9465,2024-08-15,"830 ",021235,,4,1,5,5007,0,1,3,,2,041,"STATE ROUTE 99 (NORTHBOUND)","TAYLOR ROAD",2006.00,S,N,A,-,Y,STA,,99," ",R,6.383,H,,R,Y,3,0,2,2,A,-,03,22350,,N,C,C,A,A,H,-,A,D,0,,,,,Y,,D,22,0,2,0,0,0,0,0,0,0,"- ","- ",37.531719207763672,-120.89002990722656,STANISLAUS,TURLOCK,-120.88997650146484,37.531726837158203
94361315,2024,2024-08-20,9465,2024-07-23,"331 ",020885,,2,3,9,5000,0,1,3,,2,041,"SR-99 SB TO MITCHELL ROAD","MITCHELL ROAD",58.00,N,N,A,-,Y,,,,,,,,,,Y,2,0,3,1,A,-,03,22350,,N,E,8,A,A,H,-,C,D,0,,,,,Y,,A,01,3,0,0,0,0,0,0,0,0,"- ","- ",37.575630187988281,-120.93890380859375,STANISLAUS,UNINCORPORATED,-120.9393310546875,37.576488494873047
94366339,2024,2024-08-22,9465,2024-08-12,"630 ",018259,,1,1,9,5000,0,1,1,,2,055,"SB INTERSTATE 5","PETE MILLER ROAD",425.00,S,N,A,-,Y,STA,,5," "," ",0.817,H,,L,Y,2,0,1,1,A,-,08,22107,,N,F,0,A,A,H,-,A,D,0,,,,,Y,,E,22,1,0,0,0,0,0,0,0,0,"- ","- ",37.258808135986328,-121.09236907958984,STANISLAUS,UNINCORPORATED,-121.09232330322266,37.258819580078125
94367101,2024,2025-03-24,9465,2024-08-15,1040,020985,,4,1,9,5000,0,3,5,,2,030,"HATCH ROAD","TULLY ROAD",1606.00,W,N,A,-,N,,,,,,,,,,Y,2,0,1,1,A,-,01,23152,A,N,E,I,A,A,H,-,A,D,0,,,,,Y,Y,A,01,1,0,0,0,0,0,0,0,0,"- ","- ",37.609321594238281,-120.87577819824219,STANISLAUS,UNINCORPORATED,-120.87568664550781,37.609260559082031
94373984,2024,2024-08-28,9465,2024-08-26,1415,018178,,1,2,9,5000,0,3,5,,2,040,"S. 7TH STREET","PECOS AVENUE",0.00,,Y,A,-,N,,,,,,,,,,Y,3,0,4,2,A,-,09,21802,A,N,D,2,A,A,H,-,A,D,0,,,,,Y,,A,01,0,1,3,0,0,0,0,0,0,"- ","- ",37.616371154785156,-120.98623657226562,STANISLAUS,UNINCORPORATED,-120.98477172851562,37.615131378173828
9438703,2022,2022-05-13,5004,2022-04-23,2116,352,RD11,6,5,3,5004,0,0,0,,0,022,"WEST F ST","MANN AV",0.00,,Y,A,-,Y,STA,10,108,-,-,37.780,H,-,E,N,3,0,1,2,A,-,22,23123,5,N,C,E,A,A,H,-,C,D,0,,,,,Y,,A,01,0,1,0,0,0,0,0,0,0,"- ","- ",37.763149261474609,-120.85442352294922,STANISLAUS,OAKDALE,-120.85451507568359,37.763423919677734
94387889,2024,2024-09-10,9465,2024-09-06,"751 ",020833,,5,1,9,5000,0,3,5,,2,010,"BANGS AVENUE","NORTH STAR WAY",750.00,W,N,F,-,N,,,,,,,,,,Y,4,0,2,2,A,-,03,22350,,N,C,C,A,A,H,-,A,D,0,,,,,Y,,A,07,0,0,2,0,0,0,0,0,0,"- ","- ",37.703731536865234,-121.00675201416016,STANISLAUS,UNINCORPORATED,-121.00492858886719,37.703701019287109
94389577,2024,2024-09-11,9465,2024-09-05,"0   ",020457,,4,3,9,5000,0,3,5,,2,020,"WAMBLE ROAD","EMERY ROAD",5260.00,W,N,A,-,N,,,,,,,,,,N,3,0,1,1,A,-,08,22107,,N,E,8,A,A,H,-,D,D,0,,,,,Y,,D,22,0,1,0,0,0,0,0,0,0,"- ","- ",37.754669189453125,-120.77488708496094,STANISLAUS,UNINCORPORATED,,
94389589,2024,2024-09-11,9465,2024-09-06,"645 ",020985,,5,1,9,5000,0,3,5,,2,030,"HICKMAN ROAD","COGSWELL ROAD",320.00,N,N,A,-,N,,,,,,,,,,Y,4,0,1,1,A,-,08,22107,,N,E,I,A,A,H,-,A,D,0,,,,,Y,,A,01,0,0,1,0,0,0,0,0,0,"- ","- ",37.610160827636719,-120.75544738769531,STANISLAUS,UNINCORPORATED,-120.75548553466797,37.610149383544922
94397408,2024,2024-09-17,9465,2024-09-09,1800,018955,,1,2,9,5000,0,3,5,,2,040,"WHITMORE AVENUE","VIVIAN ROAD",524.00,E,N,A,-,N,,,,,,,,,,N,2,0,1,1,C,-,18,,,N,F,A,A,A,H,-,A,D,0,,,Y,,Y,,-,"- ",1,0,0,0,0,0,0,0,1,"- ","- ",37.595050811767578,-121.04669189453125,STANISLAUS,UNINCORPORATED,-121.04856109619141,37.595218658447266
94405583,2024,2024-09-24,9465,2024-09-15,1908,018767,,7,2,9,5000,0,3,5,,2,040,"KEYES ROAD","SR-99 S/B FROM KEYES RD",0.00,,Y,A,-,N,,,,,,,,,,N,3,0,1,1,A,-,01,23152,A,N,F,A,A,A,H,-,B,D,0,,,,,Y,Y,A,01,0,1,0,0,0,0,0,0,0,"- ","- ",37.547599792480469,-120.90683746337891,STANISLAUS,UNINCORPORATED,-120.99367523193359,37.551319122314453
9440719,2022,2022-05-02,5007,2022-03-25,1330,5789,TPD,5,5,5,5007,0,0,0,,0,PD4,"W SPRINGER DR","MCKENNA DR",0.00,,N,A,-,N,,,,,,,,,,N,4,0,1,2,A,-,17,22517,,N,B,G,A,A,H,-,B,A,0,,Y,,,Y,,A,01,0,0,1,0,0,0,1,0,0,"- ","- ",37.533580780029297,-120.85659027099609,STANISLAUS,TURLOCK,-120.85771942138672,37.532772064208984
9440847,2022,2022-05-11,5007,2022-03-30,1108,5805,TPD,3,5,5,5007,0,0,0,,0,PD1,"YONAN CT","E SPRINGER DR",0.00,,Y,A,-,N,,,,,,,,,,Y,4,0,1,1,A,-,03,22350,,N,E,J,A,A,H,-,A,D,0,,,,,Y,,A,01,0,0,1,0,0,0,0,0,0,"- ","- ",37.532711029052734,-120.84355163574219,STANISLAUS,TURLOCK,-120.84353637695312,37.532726287841797
94414514,2024,2024-10-01,9465,2024-09-28,"840 ",019730,,6,1,9,5000,0,3,5,,2,040,"CENTRAL AVENUE","W. MAIN STREET",1742.00,N,N,A,-,N,,,,,,,,,,N,4,0,2,1,A,-,08,22107,,N,E,I,A,A,H,-,A,D,0,,,,,Y,,A,01,0,0,2,0,0,0,0,0,0,"- ","- ",37.498069763183594,-120.95844268798828,STANISLAUS,UNINCORPORATED,-120.95848846435547,37.497611999511719
94433079,2024,2024-10-16,9465,2024-10-11,"430 ",022784,,5,3,9,5000,0,3,5,,2,040,"E HATCH ROAD","JIM WAY",55.00,E,N,A,-,N,,,,,,,,,,N,4,0,3,2,A,-,03,22350,,N,C,C,A,A,H,-,C,A,0,,,,,Y,,A,01,0,0,3,0,0,0,0,0,0,"- ","- ",37.609458923339844,-120.98473358154297,STANISLAUS,UNINCORPORATED,-120.9847412109375,37.609416961669922
94436296,2024,2024-10-18,9465,2024-10-14,1050,021235,,1,1,9,5000,0,3,5,,2,040,"STATE ROUTE 165 (LANDER AVENUE)","GREENWAY AVENUE",230.00,N,N,A,-,Y,STA,,165," "," ",1.039,H,,R,N,4,0,1,2,A,-,09,21804,A,N,D,C,A,A,C,-,A,D,0,,,,,Y,,A,07,0,0,1,0,0,0,0,0,0,"- ","- ",37.467979431152344,-120.8489990234375,STANISLAUS,UNINCORPORATED,-120.84904479980469,37.467979431152344
9443810,2022,2022-06-22,5002,2022-05-01,1129,849,A210,7,5,6,5002,0,0,0,,0,001,"HERNDON AV","EAST HATCH RD",241.00,N,N,A,-,N,,,,,,,,,,Y,3,0,2,2,A,-,09,21804,,N,D,C,A,A,H,-,C,D,0,,,,,Y,,A,01,0,1,1,0,0,0,0,0,0,"- ","- ",37.609359741210938,-120.97422790527344,STANISLAUS,MODESTO,-120.9742431640625,37.609962463378906
94439957,2024,2024-10-22,9465,2024-10-10,1700,022938,,4,2,9,5000,0,1,3,,2,011,"SR-99 N/B","HAMMETT ROAD",200.00,N,N,A,-,Y,STA,,99," ",R,24.375,H,,R,N,4,0,1,2,A,-,07,21658,A,N,B,C,A,A,H,-,A,D,0,,,,,Y,,A,01,0,0,1,0,0,0,0,0,0,"- ","- ",37.727001190185547,-121.104736328125,STANISLAUS,UNINCORPORATED,-121.10471343994141,37.727024078369141
94442492,2024,2024-10-23,9465,2024-10-21,1145,018955,,1,1,9,5000,0,3,5,,2,030,"MOUNTAIN VIEW ROAD","SERVICE ROAD",0.00,,Y,A,-,N,,,,,,,,,,Y,2,0,3,2,A,-,09,21802,A,N,D,C,A,A,H,-,A,A,0,,,,,Y,,A,01,1,1,1,0,0,0,0,0,0,"- ","- ",37.580219268798828,-120.87899017333984,STANISLAUS,UNINCORPORATED,-120.87899780273438,37.580272674560547
94447353,2024,2024-10-28,9465,2024-10-27,"640 ",020833,,7,1,9,5000,0,1,3,,2,015,"STATE ROUTE 219","CARVER ROAD",15.00,W,N,A,-,Y,STA,,219," "," ",3.347,H,,R,Y,3,0,1,2,A,-,03,22350,,N,C,C,A,A,H,-,D,A,0,,,,,Y,,A,01,0,1,0,0,0,0,0,0,0,"- ","- ",37.710960388183594,-121.02243804931641,STANISLAUS,UNINCORPORATED,-121.02243804931641,37.710941314697266
94458020,2024,2024-11-05,9465,2024-10-20,1714,022545,,7,2,9,5000,0,1,3,,2,041,"SR-99 N/B","GOLF RD",3696.00,S,N,A,-,Y,STA,,99," ",R,0.197,H,,R,Y,3,0,1,1,A,-,01,23152,A,N,E,8,A,A,H,-,A,D,0,,,,,Y,Y,A,07,0,1,0,0,0,0,0,0,0,"- ","- ",37.464729309082031,-120.82540130615234,STANISLAUS,UNINCORPORATED,-120.82540893554688,37.464710235595703
94458995,2024,2024-11-05,9465,2024-10-28,"837 ",018274,,1,1,9,5000,0,2,4,,2,042,"S. 7TH STREET","CROWS LANDING ROAD",0.00,,Y,A,-,N,,,,,,,,,,N,4,0,2,2,A,-,09,21801,A,N,D,C,A,A,H,-,A,D,0,,,,,Y,,A,07,0,0,2,0,0,0,0,0,0,"- ","- ",37.624610900878906,-120.99308013916016,STANISLAUS,UNINCORPORATED,-120.99306488037109,37.624698638916016
94459285,2024,2024-11-07,9465,2024-11-05,"810 ",018178,,2,1,4,5001,0,1,3,,2,041,"SR-99 NORTHBOUND","PINE STREET",300.00,S,N,A,-,Y,STA,,99," ",R,11.245,H,,R,N,4,0,1,2,A,-,03,22350,,N,C,C,A,A,H,-,A,D,0,,,,,Y,,D,22,0,0,1,0,0,0,0,0,0,"- ","- ",37.587429046630859,-120.95217895507812,STANISLAUS,CERES,-120.95214080810547,37.587459564208984
9445972,2022,2022-06-07,5007,2022-05-02,0744,5776,TPD,1,5,5,5007,0,0,0,,0,PD2,"EAST MAIN ST","NORTH DENAIR AV",0.00,,Y,A,-,N,,,,,,,,,,N,4,0,1,2,A,-,09,21802,A,N,D,G,A,A,H,-,A,D,0,,Y,,,Y,,A,01,0,0,1,0,0,0,1,0,0,"- ","- ",37.498199462890625,-120.84104919433594,STANISLAUS,TURLOCK,-120.84107208251953,37.498176574707031
9445973,2022,2022-06-07,5007,2022-05-01,1940,5807,TPD,7,5,5,5007,0,0,0,,0,PD4,"COUNTRYSIDE DR","W TOULUMNE RD",66.00,N,N,A,-,N,,,,,,,,,,Y,4,0,1,3,A,-,03,22350,,N,C,C,A,A,H,-,C,A,0,,,,,Y,,A,01,0,0,1,0,0,0,0,0,0,"- ","- ",37.514560699462891,-120.8779296875,STANISLAUS,TURLOCK,-120.87801361083984,37.514739990234375
94460629,2024,2024-11-06,9465,2024-10-30,1450,021241,,3,2,9,5000,0,3,5,,2,040,"SHILOH RD","PARADISE ROAD",3274.00,S,N,A,-,N,,,,,,,,,,N,4,0,1,2,A,-,08,22107,,N,C,C,A,A,H,-,A,D,0,,,,Y,Y,,F,27,0,0,1,0,0,0,0,0,0,"- ","- ",37.599960327148438,-121.13334655761719,STANISLAUS,UNINCORPORATED,-121.13317108154297,37.600231170654297
94461366,2024,2024-11-07,9465,2024-11-04,1103,018178,,1,1,9,5000,0,3,5,,2,040,"BRADBURY ROAD","MOFFETT ROAD",181.00,W,N,A,-,N,,,,,,,,,,N,3,0,2,1,A,-,08,22107,,N,F,0,A,A,A,-,A,D,0,,,,,Y,,A,01,0,1,1,0,0,0,0,0,0,"- ","- ",37.449188232421875,-120.94933319091797,STANISLAUS,UNINCORPORATED,-120.94969177246094,37.449165344238281
94462548,2024,2024-11-07,9465,2024-11-06,1718,020457,,3,2,9,5000,0,3,5,,2,020,"ROSELLE AVENUE","PLAINVIEW ROAD",634.00,N,N,A,-,N,,,,,,,,,,N,3,0,2,2,A,-,03,22350,,N,C,C,A,A,H,-,B,D,0,,,,,Y,,D,22,0,2,0,0,0,0,0,0,0,"- ","- ",37.705379486083984,-120.94003295898438,STANISLAUS,UNINCORPORATED,-120.94000244140625,37.705230712890625
94463797,2024,2024-11-08,9465,2024-11-07,1710,022767,,4,2,9,5000,0,3,5,,2,040,"VIVIAN ROAD","W WHITMORE AVENUE",0.00,,Y,A,-,N,,,,,,,,,,N,4,0,2,2,A,-,09,21801,A,N,D,I,A,A,H,-,A,A,0,,,,,Y,,A,07,0,0,2,0,0,0,0,0,0,"- ","- ",37.595211029052734,-121.04857635498047,STANISLAUS,UNINCORPORATED,-121.04856109619141,37.595222473144531
94465367,2024,2025-09-30,9465,2024-10-27,1930,021549,,7,2,9,5000,0,3,5,,2,030,"SANTA FE AVENUE","LEEDOM ROAD",1600.00,S,N,A,-,N,,,,,,,,,,N,3,0,1,2,A,-,08,22107,,F,G,B,E,A,H,-,D,D,0,Y,,,,Y,,A,01,0,1,0,0,1,0,0,0,0,"- ","- ",37.612819671630859,-120.88935089111328,STANISLAUS,UNINCORPORATED,-120.88935089111328,37.612869262695312
9446579,2022,2022-06-28,5007,2022-05-16,1216,5764,TPD,1,5,5,5007,0,0,0,,0,PD4,"NORTH GOLDEN STATE BL","W TAYLOR RD",0.00,,Y,A,-,N,,,,,,,,,,N,4,0,1,2,A,-,08,22107,,N,B,C,A,A,H,-,A,A,0,,,,,Y,,-,"- ",0,0,1,0,0,0,0,0,0,"- ","- ",37.536880493164062,-120.88960266113281,STANISLAUS,TURLOCK,-120.88956451416016,37.536876678466797