CASE_ID,ACCIDENT_YEAR,PROC_DATE,JURIS,COLLISION_DATE,COLLISION_TIME,OFFICER_ID,REPORTING_DISTRICT,DAY_OF_WEEK,CHP_SHIFT,POPULATION,CNTY_CITY_LOC,SPECIAL_COND,BEAT_TYPE,CHP_BEAT_TYPE,CITY_DIVISION_LAPD,CHP_BEAT_CLASS,BEAT_NUMBER,PRIMARY_RD,SECONDARY_RD,DISTANCE,DIRECTION,INTERSECTION,WEATHER_1,WEATHER_2,STATE_HWY_IND,CALTRANS_COUNTY,CALTRANS_DISTRICT,STATE_ROUTE,ROUTE_SUFFIX,POSTMILE_PREFIX,POSTMILE,LOCATION_TYPE,RAMP_INTERSECTION,SIDE_OF_HWY,TOW_AWAY,COLLISION_SEVERITY,NUMBER_KILLED,NUMBER_INJURED,PARTY_COUNT,PRIMARY_COLL_FACTOR,PCF_CODE_OF_VIOL,PCF_VIOL_CATEGORY,PCF_VIOLATION,PCF_VIOL_SUBSECTION,HIT_AND_RUN,TYPE_OF_COLLISION,MVIW,PED_ACTION,ROAD_SURFACE,ROAD_COND_1,ROAD_COND_2,LIGHTING,CONTROL_DEVICE,CHP_ROAD_TYPE,PEDESTRIAN_ACCIDENT,BICYCLE_ACCIDENT,MOTORCYCLE_ACCIDENT,TRUCK_ACCIDENT,NOT_PRIVATE_PROPERTY,ALCOHOL_INVOLVED,STWD_VEHTYPE_AT_FAULT,CHP_VEHTYPE_AT_FAULT,COUNT_SEVERE_INJ,COUNT_VISIBLE_INJ,COUNT_COMPLAINT_PAIN,COUNT_PED_KILLED,COUNT_PED_INJURED,COUNT_BICYCLIST_KILLED,COUNT_BICYCLIST_INJURED,COUNT_MC_KILLED,COUNT_MC_INJURED,PRIMARY_RAMP,SECONDARY_RAMP,LATITUDE,LONGITUDE,COUNTY,CITY,POINT_X,POINT_Y
94654560,2025,2025-04-18,9465,2025-04-04,2030,022784,,5,2,9,5000,0,1,3,,2,013,"SR 108","ST FRANCIS AVE",895.00,E,N,A,-,N,,,,,,,,,,Y,3,0,4,3,A,-,01,23152,A,M,B,2,A,A,H,-,C,D,0,,,,,Y,Y,D,22,0,1,3,0,0,0,0,0,0,"- ","- ",37.724338531494141,-120.99514007568359,STANISLAUS,UNINCORPORATED,-120.99508666992188,37.721969604492188
94658039,2025,2025-04-22,9465,2025-04-13,1355,018998,,7,1,9,5000,0,1,3,,2,015,"STATE ROUTE 219 (WESTBOUND)","STODDARD ROAD",249.00,E,N,A,-,Y,STA,,219," "," ",0.902,H,,L,Y,4,0,1,1,A,-,08,22107,,N,E,8,A,A,H,-,A,A,0,,,,,Y,,A,07,0,0,1,0,0,0,0,0,0,"- ","- ",37.711380004882812,-121.06752777099609,STANISLAUS,UNINCORPORATED,-121.06752777099609,37.711296081542969
94659845,2025,2025-04-23,9465,2025-04-13,2300,023379,,7,3,6,5002,0,3,5,,2,030,"LOMBARDO AVENUE","9TH STREET",120.00,E,N,A,-,N,,,,,,,,,,N,4,0,1,1,A,-,08,22107,,N,E,I,A,A,H,-,C,D,0,,,,,Y,,-,"- ",0,0,1,0,0,0,0,0,0,"- ","- ",37.621650695800781,-120.98525238037109,STANISLAUS,MODESTO,-120.98537445068359,37.621620178222656
94666628,2025,2025-04-28,9465,2025-04-20,"210 ",022999,,7,3,9,5000,0,3,5,,2,040,"JENNINGS ROAD","WEST MAIN AVENUE",0.00,,Y,A,-,N,,,,,,,,,,N,4,0,1,1,A,-,01,23152,A,N,F,A,A,A,H,-,D,A,0,,,,,Y,Y,A,01,0,0,1,0,0,0,0,0,0,"- ","- ",37.496139526367188,-121.06732177734375,STANISLAUS,UNINCORPORATED,-121.06731414794922,37.496158599853516
9466666,2022,2023-02-02,5007,2022-12-05,1544,5787,TPD,1,5,5,5007,0,0,0,,0,PD5,"NORTH GOLDEN STATE BL","WEST CANAL DR",84.00,N,N,A,-,N,,,,,,,,,,Y,4,0,2,4,A,-,03,22350,A,N,C,C,A,A,H,-,A,A,0,,,,,Y,,D,22,0,0,2,0,0,0,0,0,0,"- ","- ",37.500358581542969,-120.85082244873047,STANISLAUS,TURLOCK,-120.85102081298828,37.500534057617188
94667106,2025,2025-04-28,9465,2025-04-25,2020,022229,,5,2,9,5000,0,3,5,,2,030,"GOLF ROAD","E. LINWOOD AVENUE",300.00,N,N,A,-,N,,,,,,,,,,Y,4,0,2,2,A,-,05,21460,,N,A,C,A,A,H,-,D,D,0,,,,,Y,,A,07,0,0,2,0,0,0,0,0,0,"- ","- ",37.478900909423828,-120.83067321777344,STANISLAUS,UNINCORPORATED,-120.83065795898438,37.478912353515625
94670085,2025,2025-04-30,9465,2025-04-27,1500,018955,,7,2,9,5000,0,3,5,,2,030,"FINCH ROAD","MARIPOSA ROAD",200.00,E,N,B,-,N,,,,,,,,,,Y,3,0,1,2,A,-,07,21658,A,M,B,C,A,A,H,-,A,D,0,,,,,Y,,D,22,0,1,0,0,0,0,0,0,0,"- ","- ",37.623771667480469,-120.93348693847656,STANISLAUS,UNINCORPORATED,-120.93360900878906,37.623729705810547
94680809,2025,2025-05-08,9465,2025-05-04,1245,021235,,7,1,9,5000,0,1,3,,2,041,"STATE ROUTE 99 (NORTHBOUND)","SOUTH 7TH STREET",200.00,N,N,A,-,Y,STA,,99," ",R,14.117,H,,R,N,3,0,1,3,A,-,03,22350,,N,C,C,A,A,H,-,A,D,0,,,,,Y,,A,01,0,1,0,0,0,0,0,0,0,"- ","- ",37.617080688476562,-120.98770141601562,STANISLAUS,UNINCORPORATED,-120.98769378662109,37.617111206054688
94683434,2025,2025-05-12,9465,2025-04-19,2000,023020,,6,2,6,5002,0,2,4,,2,042,"INYO AVENUE","RUTHERFORD STREET",2.00,S,N,A,-,Y,,,,,,,,,,N,3,0,2,2,A,-,08,22107,,M,A,C,A,A,H,-,D,D,0,,,,,Y,Y,A,01,0,2,0,0,0,0,0,0,0,"- ","- ",37.599998474121094,-121.00853729248047,STANISLAUS,MODESTO,-121.0086669921875,37.599979400634766
94688508,2025,2025-05-15,9465,2025-05-06,2135,021337,,2,2,9,5000,0,3,5,,2,030,"MOORE RD","SERVICE RD",0.00,,Y,A,-,N,,,,,,,,,,Y,4,0,1,2,A,-,12,22450,A,F,D,2,A,A,H,-,D,A,0,,,,,Y,,A,01,0,0,1,0,0,0,0,0,0,"- ","- ",37.58026123046875,-120.93612670898438,STANISLAUS,UNINCORPORATED,-120.93608856201172,37.580272674560547
94696224,2025,2025-05-21,9465,2025-05-09,2330,023020,,5,3,9,5000,0,3,5,,2,040,"N. WASHINGTON ROAD","SILVA ROAD",20.00,N,N,A,-,N,,,,,,,,,,N,3,0,1,1,A,-,03,22350,,N,F,A,A,A,H,-,D,D,0,,,Y,,Y,,-,"- ",0,1,0,0,0,0,0,0,1,"- ","- ",37.460010528564453,-120.90370178222656,STANISLAUS,UNINCORPORATED,-120.90361785888672,37.460056304931641
94700437,2025,2025-05-26,9465,2025-05-22,"140 ",021062,,4,3,9,5000,0,1,3,,2,023,"STATE ROUTE 108","KENNEDY ROAD",1420.00,W,N,A,-,Y,STA,,120," "," ",16.165,H,,R,Y,4,0,1,1,A,-,08,22107,,N,E,I,A,A,H,-,D,D,0,,,,,Y,,A,01,0,0,1,0,0,0,0,0,0,"- ","- ",37.806728363037109,-120.66919708251953,STANISLAUS,UNINCORPORATED,-120.669189453125,37.806716918945312
94714124,2025,2025-06-05,9465,2025-05-29,1600,022767,,4,2,9,5000,0,1,3,,1,032,SR-132,"C STREET",0.00,,Y,A,-,Y,STA,,132," "," ",19.951,H,,R,N,4,0,1,2,A,-,03,22350,,N,D,G,A,A,H,-,A,A,0,,Y,,,Y,,L,04,0,0,1,0,0,0,1,0,0,"- ","- ",37.638339996337891,-120.90580749511719,STANISLAUS,UNINCORPORATED,-120.90580749511719,37.638259887695312
94715786,2025,2025-06-06,9465,2025-05-28,"835 ",018178,,3,1,9,5000,0,3,5,,2,030,"BYSTRUM ROAD","LEO AVENUE",0.00,,Y,A,-,N,,,,,,,,,,N,3,0,1,2,A,-,11,21950,B,N,G,B,D,A,H,-,A,D,0,Y,,,,Y,,N,60,0,1,0,0,1,0,0,0,0,"- ","- ",37.613330841064453,-120.97960662841797,STANISLAUS,UNINCORPORATED,-120.97959136962891,37.613269805908203
94717943,2025,2025-06-09,9465,2025-06-04,1520,021066,,3,2,9,5000,0,1,3,,2,012,SR-132,"GATES ROAD",0.00,,Y,A,-,Y,STA,,132," "," ",6.350,H,,R,Y,4,0,2,2,A,-,09,21801,A,N,A,C,A,A,H,-,A,D,0,,,,,Y,,A,01,0,0,2,0,0,0,0,0,0,"- ","- ",37.637870788574219,-121.15892791748047,STANISLAUS,UNINCORPORATED,-121.15892791748047,37.637790679931641
94728955,2025,2025-06-17,9465,2025-06-09,1600,019713,,1,2,9,5000,0,2,4,,2,044,"CARPENTER ROAD","BEVERLY DRIVE",330.00,S,N,A,-,N,,,,,,,,,,Y,4,0,1,2,A,-,03,22350,,N,C,C,A,A,H,-,A,A,0,,,,,Y,,A,01,0,0,1,0,0,0,0,0,0,"- ","- ",37.620620727539062,-121.03040313720703,STANISLAUS,UNINCORPORATED,-121.03043365478516,37.620662689208984
94730646,2025,2025-06-18,9465,2025-06-04,2225,021337,,3,3,5,5007,0,1,3,,2,041,"SR-99 SB","WEST MAIN ST",2112.00,N,N,A,-,Y,STA,,99," ",R,3.699,H,,L,N,4,0,1,2,A,-,08,22107,,N,B,C,A,A,H,-,A,D,0,,,,,Y,,E,22,0,0,1,0,0,0,0,0,0,"- ","- ",37.495849609375,-120.87194061279297,STANISLAUS,TURLOCK,-120.87187194824219,37.495872497558594
94733672,2025,2025-06-20,9465,2025-06-05,1335,021549,,4,1,9,5000,0,1,3,,2,041,"STATE ROUTE 99 (NORTHBOUND)","KEYES ROAD",1267.00,S,N,A,-,Y,STA,,99," ",R,7.566,H,,R,Y,4,0,1,3,A,-,03,22350,,N,C,C,A,A,H,-,A,D,0,,,,,Y,,A,01,0,0,1,0,0,0,0,0,0,"- ","- ",37.545501708984375,-120.90216064453125,STANISLAUS,UNINCORPORATED,-120.90213012695312,37.545520782470703
94738782,2025,2025-06-25,9465,2025-06-18,2030,021239,,3,2,9,5000,0,3,5,,2,010,"SPENCER AVENUE","TRUMAN AVE",10.00,S,N,A,-,N,,,,,,,,,,N,4,0,1,1,A,-,03,22350,,N,E,I,A,A,H,-,A,D,0,,,,,Y,,B,01,0,0,1,0,0,0,0,0,0,"- ","- ",37.634979248046875,-121.01651000976562,STANISLAUS,UNINCORPORATED,-121.01647186279297,37.635021209716797
94740444,2025,2025-06-26,9465,2025-06-13,"900 ",019155,,5,1,9,5000,0,1,3,,1,031,"STATE ROUTE 132","DAVISON ROAD",460.00,W,N,A,-,Y,STA,,132," "," ",21.767,H,,R,Y,4,0,1,2,A,-,03,22350,,N,C,C,A,A,H,-,A,D,0,,,,,Y,,D,22,0,0,1,0,0,0,0,0,0,"- ","- ",37.638629913330078,-120.87277221679688,STANISLAUS,UNINCORPORATED,-120.87277221679688,37.638603210449219
94742390,2025,2025-06-27,9465,2025-06-20,1702,022990,,5,2,9,5000,0,1,3,,2,052,"RIVER ROAD","STATE ROUTE 132",32.00,S,N,A,-,N,,,,,,,,,,Y,3,0,1,2,A,-,08,22100,A,N,D,C,A,A,H,-,A,D,0,,,,,Y,,A,01,0,1,0,0,0,0,0,0,0,"- ","- ",37.639488220214844,-121.24761199951172,STANISLAUS,UNINCORPORATED,-121.24770355224609,37.639625549316406
94749657,2025,2025-07-07,9465,2025-06-25,2335,023453,,3,3,9,5000,0,1,3,,2,041,"SR-99 N/B","E KEYES ROAD",2280.00,N,N,A,-,Y,STA,,99," ",R,8.256,H,,R,N,3,0,1,2,A,-,08,22107,,N,E,2,A,A,H,-,B,D,0,,,,Y,Y,,A,01,0,1,0,0,0,0,0,0,0,"- ","- ",37.552028656005859,-120.91181182861328,STANISLAUS,UNINCORPORATED,-120.91160583496094,37.552188873291016
94749747,2025,2025-07-07,9465,2025-07-02,2239,019982,,3,3,9,5000,0,3,5,,2,020,"CLAUS ROAD","RICE ROAD",314.00,N,N,A,-,N,,,,,,,,,,Y,4,0,1,2,A,-,01,23152,A,N,A,C,A,A,H,-,D,A,0,,,,,Y,Y,A,07,0,0,1,0,0,0,0,0,0,"- ","- ",37.697269439697266,-120.92172241210938,STANISLAUS,UNINCORPORATED,-120.92167663574219,37.697223663330078
94755016,2025,2025-07-09,9465,2025-07-08,1520,020885,,2,2,9,5000,0,3,5,,2,020,SR-120,"RIVER ROAD",739.00,W,N,A,-,N,,,,,,,,,,N,4,0,1,2,A,-,03,22350,,N,C,C,A,A,H,-,A,D,0,,,,,Y,,A,01,0,0,1,0,0,0,0,0,0,"- ","- ",37.785320281982422,-120.85997772216797,STANISLAUS,UNINCORPORATED,-120.85982513427734,37.785243988037109
94756342,2025,2025-07-10,9465,2025-07-08,2210,021062,,2,3,9,5000,0,3,5,,2,030,"LATIMER AVE","S. 9TH STREET",12.00,E,N,A,-,N,,,,,,,,,,Y,3,0,1,2,A,-,08,22107,,N,E,I,A,A,H,-,C,D,0,,,,,Y,,A,07,0,1,0,0,0,0,0,0,0,"- ","- ",37.618549346923828,-120.98477172851562,STANISLAUS,UNINCORPORATED,-120.98493194580078,37.618473052978516
94757917,2025,2025-07-11,9465,2025-06-28,2055,023100,,6,2,9,5000,0,3,5,,2,010,"PARADISE ROAD","PAULINE AVENUE",435.00,E,N,A,-,N,,,,,,,,,,N,2,0,1,1,A,-,03,22350,,N,E,I,A,A,H,-,B,D,0,,,Y,,Y,Y,C,02,1,0,0,0,0,0,0,0,1,"- ","- ",37.609329223632812,-121.05166625976562,STANISLAUS,UNINCORPORATED,-121.05172729492188,37.609340667724609
94772806,2025,2025-07-22,9465,2025-07-21,1350,022499,,1,1,9,5000,0,3,5,,2,040,"HATCH ROAD","MORGAN ROAD",30.00,W,N,A,-,N,,,,,,,,,,Y,4,0,1,2,A,-,03,22350,,N,C,C,A,A,H,-,A,A,0,,,,,Y,,A,01,0,0,1,0,0,0,0,0,0,"- ","- ",37.609390258789062,-120.98036956787109,STANISLAUS,UNINCORPORATED,-120.98011016845703,37.609390258789062
94795108,2025,2025-08-08,9465,2025-08-04,1620,020642,,1,2,9,5000,0,3,5,,2,040,"GRAYSON ROAD","SAN JOAQUIN RIVER BRIDGE",200.00,E,N,A,-,N,,,,,,,,,,N,4,0,1,1,A,-,08,22107,,N,E,I,A,A,H,-,A,D,0,,,,,Y,,A,01,0,0,1,0,0,0,0,0,0,"- ","- ",37.563411712646484,-121.17450714111328,STANISLAUS,UNINCORPORATED,,
94795237,2025,2025-08-08,9465,2025-08-05,"835 ",020885,,2,1,4,5001,0,1,3,,2,041,"SR-99 NORTHBOUND","HATCH TOAD",2270.00,S,N,A,-,Y,STA,,99," ",R,12.816,H,,R,N,4,0,1,3,A,-,03,22350,,M,C,C,A,A,H,-,A,D,0,,,,,Y,,D,22,0,0,1,0,0,0,0,0,0,"- ","- ",37.604301452636719,-120.97132110595703,STANISLAUS,CERES,-120.97128295898438,37.604328155517578
9479542,2022,2022-08-23,5007,2022-07-24,1856,5801,TPD,7,5,5,5007,0,0,0,,0,PD1,"NORTH OLIVE AV","E MINNESOTA AV",0.00,,Y,A,-,N,,,,,,,,,,Y,4,0,1,2,A,-,09,21802,A,M,D,C,A,A,H,-,A,A,0,,,Y,,Y,,C,06,0,0,1,0,0,0,0,0,0,"- ","- ",37.516368865966797,-120.83982849121094,STANISLAUS,TURLOCK,-120.83984375,37.516410827636719
94798604,2025,2025-08-12,9465,2025-07-18,2320,021337,,5,3,9,5000,0,3,5,,2,040,"CLAUSEN ROAD","LANDER AVENUE",528.00,W,N,A,-,Y,,,,,,,,,,N,4,0,1,1,A,-,08,22107,,M,E,I,A,A,H,-,D,D,0,,,,,Y,,A,01,0,0,1,0,0,0,0,0,0,"- ","- ",37.456401824951172,-120.85135650634766,STANISLAUS,UNINCORPORATED,-120.85086059570312,37.456401824951172
9480099,2022,2022-07-19,5004,2022-06-03,0853,334,RD11,5,5,3,5004,0,0,0,,0,022,"RT 108","LAMBUTH AV",0.00,,Y,A,-,N,,,,,,,,,,N,3,0,2,2,A,-,08,22107,,N,B,C,A,A,H,-,A,D,0,,,,,Y,,A,07,0,2,0,0,0,0,0,0,0,"- ","- ",37.762229919433594,-120.857421875,STANISLAUS,OAKDALE,-120.85738372802734,37.762264251708984
94801392,2025,2025-08-13,9465,2025-08-13,1000,020822,,3,1,9,5000,0,3,5,,2,030,"WHITMORE AVENUE","LOCKWOOD ROAD",330.00,E,N,A,-,N,,,,,,,,,,N,4,0,1,2,A,-,09,21801,A,N,D,C,A,A,H,-,A,D,0,,,,,Y,,D,22,0,0,1,0,0,0,0,0,0,"- ","- ",37.594791412353516,-120.90975189208984,STANISLAUS,UNINCORPORATED,-120.9097900390625,37.59478759765625
94804010,2025,2025-08-15,9465,2025-07-31,1007,021241,,4,1,9,5000,0,3,5,,2,030,"SANTA FE AVENUE","STATE ROUTE 132",792.00,S,N,A,-,N,,,,,,,,,,N,4,0,1,2,A,-,09,21804,A,M,G,B,E,A,H,-,A,D,0,Y,,,,Y,,A,08,0,0,1,0,1,0,0,0,0,"- ","- ",37.636028289794922,-120.90244293212891,STANISLAUS,UNINCORPORATED,-120.90255737304688,37.636154174804688
94808396,2025,2025-08-19,9465,2025-08-08,1835,023174,,5,2,4,5001,0,1,3,,2,041,"SR-99 S/B","MITCHELL ROAD",139.00,N,N,A,-,Y,STA,,99," ",R,10.067,H,,L,N,3,0,2,3,A,-,03,22350,,N,C,C,A,A,H,-,A,D,0,,,,,Y,,A,01,0,1,1,0,0,0,0,0,0,"- ","- ",37.574901580810547,-120.93759155273438,STANISLAUS,CERES,-120.93761444091797,37.574882507324219
94808413,2025,2025-08-19,9465,2025-08-09,1650,022767,,6,2,9,5000,0,3,5,,2,010,"PIRRONE ROAD","FINNEY ROAD",0.00,,Y,A,-,N,,,,,,,,,,N,4,0,1,2,A,-,09,21800,A,N,D,G,A,A,H,-,A,A,0,,Y,,,Y,,A,01,0,0,1,0,0,0,1,0,0,"- ","- ",37.718009948730469,-121.08680725097656,STANISLAUS,UNINCORPORATED,-121.08683013916016,37.718082427978516
9481199,2022,2022-08-25,5005,2022-07-05,0500,S03497,5005,2,5,3,5005,0,0,0,,0,3Q9,"LAS PALMAS AV","1ST ST",0.00,,Y,A,-,N,,,,,,,,,,N,4,0,1,2,A,-,12,21453,A,N,C,C,A,A,H,-,B,A,0,,,,,Y,,A,01,0,0,1,0,0,0,0,0,0,"- ","- ",,,STANISLAUS,PATTERSON,-121.12753295898438,37.472751617431641
94813807,2025,2025-08-22,9465,2025-08-20,1628,018800,,3,2,9,5000,0,2,4,,2,026,"CLARIBEL ROAD","TERMINAL AVENUE",450.00,W,N,A,-,N,,,,,,,,,,N,3,0,1,2,A,-,08,22107,,M,C,C,A,A,H,-,A,A,0,,,,,Y,,D,22,0,1,0,0,0,0,0,0,0,"- ","- ",37.710899353027344,-120.93108367919922,STANISLAUS,UNINCORPORATED,-120.93091583251953,37.710910797119141
94814465,2025,2025-08-22,9465,2025-08-14,1559,022990,,4,2,9,5000,0,3,5,,2,040,"GRAYSON ROAD","CROWS LANDING ROAD",0.00,,Y,A,-,N,,,,,,,,,,N,4,0,1,2,A,-,03,22350,,N,C,C,A,A,H,-,A,A,0,,,,,Y,,A,01,0,0,1,0,0,0,0,0,0,"- ","- ",37.565860748291016,-120.99400329589844,STANISLAUS,UNINCORPORATED,-120.99365997314453,37.565845489501953
94821639,2025,2025-08-28,9465,2025-08-19,2015,019982,,2,2,6,5002,0,1,3,,2,011,"STATE ROUTE 99 (SOUTHBOUND)","CARPENTER ROAD",100.00,N,N,A,-,Y,STA,,99," ",M,18.832,H,,L,N,4,0,1,2,A,-,07,21658,A,M,B,C,A,A,H,-,C,D,0,,,,,Y,,A,01,0,0,1,0,0,0,0,0,0,"- ","- ",37.668369293212891,-121.03616333007812,STANISLAUS,MODESTO,-121.03608703613281,37.668430328369141
94826666,2025,2025-09-02,9465,2025-08-26,1450,018363,,2,2,9,5000,0,1,3,,2,041,"STATE ROUTE 99 (NORTHBOUND)","S. 9TH STREET (UNDERCROSSING)",500.00,S,N,A,-,Y,STA,,99," ",R,13.808,H,,R,Y,4,0,1,1,A,-,08,22107,,N,E,I,A,A,H,-,A,A,0,,,,,Y,,A,01,0,0,1,0,0,0,0,0,0,"- ","- ",37.615810394287109,-120.98230743408203,STANISLAUS,UNINCORPORATED,-120.98226928710938,37.615852355957031
94838558,2025,2025-09-10,9465,2025-09-01,1445,018363,,1,2,9,5000,0,3,5,,2,010,"COVERT ROAD","FINNEY ROAD",20.00,W,N,A,-,N,,,,,,,,,,Y,3,0,1,2,A,-,01,23152,A,F,B,C,A,A,H,-,A,A,0,,,,,Y,Y,D,22,0,1,0,0,0,0,0,0,0,"- ","- ",37.703521728515625,-121.08673095703125,STANISLAUS,UNINCORPORATED,-121.08669281005859,37.703521728515625
94845892,2025,2025-09-16,9465,2025-08-29,1840,022999,,5,2,9,5000,0,1,3,,2,041,"SR99 N/B FROM WEST MAIN STREET","WEST MAIN STREET",5.00,N,N,A,-,Y,,,,,,,,,,N,4,0,1,2,A,-,10,21950,A,N,D,G,A,A,H,-,A,A,0,,Y,,,Y,,A,01,0,0,1,0,0,0,1,0,0,"- ","- ",37.492839813232422,-120.86943054199219,STANISLAUS,UNINCORPORATED,-120.86919403076172,37.491413116455078
9484631,2022,2022-08-22,5007,2022-07-24,1304,5782,TPD,7,5,5,5007,0,0,0,,0,PD1,"GEER RD","TAYLOR RD",72.00,N,N,A,-,N,,,,,,,,,,,4,0,2,2,A,-,03,22350,,N,C,C,A,A,H,-,A,A,0,,,,,Y,,A,01,0,0,2,0,0,0,0,0,0,"- ","- ",37.537628173828125,-120.8480224609375,STANISLAUS,TURLOCK,-120.84786987304688,37.536899566650391
94847747,2025,2025-09-17,9465,2025-09-11,1735,023453,,4,2,9,5000,0,1,3,,2,011,"SR-99 N/B TO BECKWITH ROAD","SISK ROAD",485.00,W,N,A,-,Y,,,,,,,,,,Y,3,0,1,2,A,-,03,22350,,N,C,C,A,A,H,-,A,D,0,,,,,Y,,-,"- ",0,1,0,0,0,0,0,0,0,"- ","- ",37.683261871337891,-121.05162048339844,STANISLAUS,UNINCORPORATED,-121.06272125244141,37.691295623779297
94857924,2025,2025-09-24,9465,2025-09-19,1242,021066,,5,1,9,5000,0,1,3,,2,011,"SR-99 (N/B)","BECKWITH ROAD",1820.00,S,N,A,-,Y,STA,,99," ",R,19.867,H,,R,N,4,0,1,2,A,-,03,22350,,M,C,C,A,A,H,-,A,D,0,,,,,Y,,A,07,0,0,1,0,0,0,0,0,0,"- ","- ",37.679649353027344,-121.04891204833984,STANISLAUS,UNINCORPORATED,-121.04892730712891,37.679637908935547
94859483,2025,2025-09-25,9465,2025-09-17,2010,019982,,3,2,6,5002,0,1,3,,2,011,"STATE ROUTE 99 (SOUTHBOUND)","PELANDALE AVENUE",100.00,S,N,A,-,Y,STA,,99," ",R,21.676,H,,R,Y,3,0,1,1,A,-,08,22107,,N,E,I,A,A,H,-,C,D,0,,,,,Y,,A,07,0,1,0,0,0,0,0,0,0,"- ","- ",37.699188232421875,-121.07076263427734,STANISLAUS,MODESTO,-121.07057189941406,37.69927978515625
9486175,2022,2022-09-15,5004,2022-07-21,1415,341,RD37,4,5,3,5004,0,0,0,,0,031,"E G ST","SOUTH YOSEMITE AV",0.00,,Y,A,-,N,,,,,,,,,,Y,3,0,2,2,A,-,12,21453,A,N,D,C,A,A,H,-,A,A,0,,,,,Y,,A,07,0,1,1,0,0,0,0,0,0,"- ","- ",37.765468597412109,-120.84626007080078,STANISLAUS,OAKDALE,-120.84629058837891,37.765495300292969
9486262,2022,2022-09-16,5007,2022-09-03,2047,5790,TPD,6,5,5,5007,0,0,0,,0,PD2,"WEST OLIVE AV","NORTH 1ST ST",0.00,,Y,A,-,N,,,,,,,,,,N,3,0,3,2,A,-,09,21802,A,N,D,C,A,A,H,-,C,D,0,,,,,Y,,A,01,0,1,2,0,0,0,0,0,0,"- ","- ",37.494800567626953,-120.84767150878906,STANISLAUS,TURLOCK,-120.84767150878906,37.494827270507812
94866546,2025,2025-09-30,9465,2025-09-25,1430,017787,,4,2,4,5001,0,1,3,,2,041,"STATE ROUTE 99 (NORTHBOUND)","WHITMORE AVENUE",1531.00,S,N,B,-,Y,STA,,99," ",R,11.629,H,,R,Y,3,0,1,2,A,-,03,22350,,N,C,C,A,A,H,-,A,A,0,,,,,Y,,A,01,0,1,0,0,0,0,0,0,0,"- ","- ",37.591499328613281,-120.95680999755859,STANISLAUS,CERES,-120.95663452148438,37.591629028320312
94874294,2025,2025-10-06,9465,2025-09-29,1630,019713,,1,2,9,5000,0,3,5,,2,050,"HOWARD ROAD","STARK ROAD",2640.00,W,N,B,-,N,,,,,,,,,,Y,4,0,4,2,A,-,08,22107,,N,A,C,A,A,H,-,A,D,0,,,,,Y,,A,01,0,0,4,0,0,0,0,0,0,"- ","- ",37.536659240722656,-121.21598052978516,STANISLAUS,UNINCORPORATED,-121.22267150878906,37.536594390869141
94888411,2025,2025-10-16,9465,2025-10-13,2240,021239,,1,3,9,5000,0,1,3,,2,041,"SR-99 SOUTHBOUND","LINWOOD AVENUE",1400.00,N,N,C,-,Y,STA,,99," ",R,2.649,H,,L,N,4,0,1,1,A,-,08,22107,,N,E,I,A,B,H,-,C,D,0,,,,,Y,,A,01,0,0,1,0,0,0,0,0,0,"- ","- ",37.481929779052734,-120.86425018310547,STANISLAUS,UNINCORPORATED,-120.86418151855469,37.481964111328125
94889948,2025,2025-10-16,9465,2025-10-16,"520 ",018178,,4,3,9,5000,0,1,3,,2,041,"SR-99 (S/B) TO HATCH ROAD (W/B)","HATCH ROAD",0.00,,Y,A,-,Y,,,,,,,,,,N,4,0,1,2,A,-,09,21804,A,M,D,G,A,A,H,-,C,D,0,,Y,,,Y,,L,04,0,0,1,0,0,0,1,0,0,"- ","- ",37.609390258789062,-120.97750091552734,STANISLAUS,UNINCORPORATED,-120.97676849365234,37.609272003173828
94895719,2025,2025-10-21,9465,2025-10-13,"309 ",021239,,1,3,9,5000,0,1,3,,2,041,"HATCH ROAD",SR-99,255.00,E,N,A,-,N,,,,,,,,,,N,2,0,1,1,A,-,01,23152,A,N,E,I,A,A,H,-,C,A,0,,,,,Y,Y,A,01,1,0,0,0,0,0,0,0,0,"- ","- ",37.609210968017578,-120.97628784179688,STANISLAUS,UNINCORPORATED,-120.97620391845703,37.609275817871094
94898568,2025,2025-10-23,9465,2025-10-16,1910,021239,,4,2,9,5000,0,1,3,,2,041,"SR-99 SOUTHBOUND","CROWS LANDING ROAD",850.00,S,N,A,-,Y,STA,,99," ",R,14.109,H,,L,N,4,0,2,2,A,-,03,22350,,N,B,C,A,A,H,-,C,D,0,,,,,Y,,E,22,0,0,2,0,0,0,0,0,0,"- ","- ",37.616798400878906,-120.98725128173828,STANISLAUS,UNINCORPORATED,-120.98724365234375,37.616836547851562