CASE_ID,ACCIDENT_YEAR,PROC_DATE,JURIS,COLLISION_DATE,COLLISION_TIME,OFFICER_ID,REPORTING_DISTRICT,DAY_OF_WEEK,CHP_SHIFT,POPULATION,CNTY_CITY_LOC,SPECIAL_COND,BEAT_TYPE,CHP_BEAT_TYPE,CITY_DIVISION_LAPD,CHP_BEAT_CLASS,BEAT_NUMBER,PRIMARY_RD,SECONDARY_RD,DISTANCE,DIRECTION,INTERSECTION,WEATHER_1,WEATHER_2,STATE_HWY_IND,CALTRANS_COUNTY,CALTRANS_DISTRICT,STATE_ROUTE,ROUTE_SUFFIX,POSTMILE_PREFIX,POSTMILE,LOCATION_TYPE,RAMP_INTERSECTION,SIDE_OF_HWY,TOW_AWAY,COLLISION_SEVERITY,NUMBER_KILLED,NUMBER_INJURED,PARTY_COUNT,PRIMARY_COLL_FACTOR,PCF_CODE_OF_VIOL,PCF_VIOL_CATEGORY,PCF_VIOLATION,PCF_VIOL_SUBSECTION,HIT_AND_RUN,TYPE_OF_COLLISION,MVIW,PED_ACTION,ROAD_SURFACE,ROAD_COND_1,ROAD_COND_2,LIGHTING,CONTROL_DEVICE,CHP_ROAD_TYPE,PEDESTRIAN_ACCIDENT,BICYCLE_ACCIDENT,MOTORCYCLE_ACCIDENT,TRUCK_ACCIDENT,NOT_PRIVATE_PROPERTY,ALCOHOL_INVOLVED,STWD_VEHTYPE_AT_FAULT,CHP_VEHTYPE_AT_FAULT,COUNT_SEVERE_INJ,COUNT_VISIBLE_INJ,COUNT_COMPLAINT_PAIN,COUNT_PED_KILLED,COUNT_PED_INJURED,COUNT_BICYCLIST_KILLED,COUNT_BICYCLIST_INJURED,COUNT_MC_KILLED,COUNT_MC_INJURED,PRIMARY_RAMP,SECONDARY_RAMP,LATITUDE,LONGITUDE,COUNTY,CITY,POINT_X,POINT_Y
6833644,2015,2016-09-21,9465,2015-02-22,0710,012520,,7,1,9,5000,0,1,1,,2,056,"RT 5","SHIELLS RD",1584.00,S,N,A,-,Y,STA,10,5,-,-,3.740,H,-,S,Y,3,0,1,1,A,-,08,22107,,N,F,A,A,A,H,-,A,D,1,,,,,Y,,A,01,0,1,0,0,0,0,0,0,0,"- ","- ",37.296149999999997,-121.10145,STANISLAUS,UNINCORPORATED,-121.10306536,37.300466759999999
6833645,2015,2016-09-20,9465,2015-02-22,0400,015596,,7,3,9,5000,0,1,3,,2,041,"RT 99","MITCHELL RD",650.00,S,N,B,-,Y,STA,10,99,-,R,10.040,H,-,N,Y,4,0,1,1,A,-,08,22107,,N,E,I,A,A,H,-,D,D,1,,,,,Y,Y,A,01,0,0,1,0,0,0,0,0,0,"- ","- ",37.573120000000003,-120.93581,STANISLAUS,UNINCORPORATED,-120.93720517,37.574687249999997
6835323,2015,2015-03-20,5002,2015-02-25,1401,10445,105,3,5,6,5002,0,0,0,,0,074,"EAST RUMBLE RD","WARWICK LN",25.00,W,N,A,-,N,,,,,,,,,,N,4,0,1,2,A,-,11,21955,,M,G,B,D,A,H,-,A,D,0,Y,,,,Y,,N,,0,0,1,0,1,0,0,0,0,"- ","- ",,,STANISLAUS,MODESTO,-120.97860633000001,37.6816776
6835328,2015,2015-03-20,5002,2015-02-23,2055,10542,410,1,5,6,5002,0,0,0,,0,040,"H ST","7TH ST",3.00,E,N,B,-,N,,,,,,,,,,Y,4,0,2,2,A,-,17,21657,,N,A,C,A,A,H,-,C,A,0,,,,,Y,,A,,0,0,2,0,0,0,0,0,0,"- ","- ",,,STANISLAUS,MODESTO,-121.00082243999999,37.636435630000001
6835330,2015,2016-04-26,5002,2015-02-17,1634,"105 1/5",120,2,5,6,5002,0,0,0,,0,074,"EAST BRIGGSMORE AV","RT 108",300.00,E,N,A,-,N,,,,,,,,,,Y,3,0,1,2,A,-,09,21802,A,N,H,C,A,A,H,-,A,D,0,,,Y,,Y,,A,,0,1,0,0,0,0,0,0,1,"- ","- ",,,STANISLAUS,MODESTO,,
6836173,2015,2016-04-18,5002,2015-02-07,0949,10043,M858,6,5,6,5002,0,0,0,,0,035,"CARPENTER RD","COLLEGIATE LN",46.00,S,N,B,-,N,,,,,,,,,,Y,4,0,2,2,A,-,09,21802,A,N,C,C,A,B,H,-,A,B,0,,,,,Y,,A,,0,0,2,0,0,0,0,0,0,"- ","- ",,,STANISLAUS,MODESTO,-121.03114318,37.661173789999999
6836174,2015,2015-03-11,5002,2015-02-18,0731,11317,M586,3,5,6,5002,0,0,0,,0,073,"EAST ORANGEBURG AV","SATARIANO LN",0.00,,Y,A,-,N,,,,,,,,,,N,2,0,1,2,A,-,12,22450,A,N,D,G,A,A,H,-,A,A,0,,Y,,,Y,,L,04,1,0,0,0,0,0,1,0,0,"- ","- ",,,STANISLAUS,MODESTO,-120.93772998,37.663559929999998
6840675,2015,2015-03-30,5002,2015-03-02,1316,10949,M002,1,5,6,5002,0,0,0,,0,040,"9TH ST","I ST",0.00,,Y,A,-,N,,,,,,,,,,Y,4,0,3,2,A,-,08,22107,,N,D,C,A,A,H,-,A,A,0,,,,,Y,,A,,0,0,3,0,0,0,0,0,0,"- ","- ",,,STANISLAUS,MODESTO,-121.00017995,37.638779890000002
6840683,2015,2016-09-20,5002,2015-03-03,1253,10320,420,2,5,6,5002,0,0,0,,0,033,"5TH ST","I ST",0.00,,Y,A,-,Y,STA,10,99,-,R,15.671,R,4,S,Y,4,0,1,2,A,-,12,21453,A,N,D,C,A,A,H,-,A,A,0,,,,,Y,,A,,0,0,1,0,0,0,0,0,0,"- ","- ",,,STANISLAUS,MODESTO,-121.00132948,37.634405180000002
6840695,2015,2015-03-20,5002,2015-03-03,1941,11248,M389,2,5,6,5002,0,0,0,,0,040,"14TH ST","I ST",72.00,S,N,A,-,N,,,,,,,,,,N,3,0,1,2,A,-,03,22350,,F,D,G,A,A,H,-,C,A,0,,Y,Y,,Y,Y,C,,0,1,0,0,0,0,1,0,0,"- ","- ",,,STANISLAUS,MODESTO,-120.99522433999999,37.64229005
6840715,2015,2015-03-20,5002,2015-03-05,1530,10320,188,4,5,6,5002,0,0,0,,0,062,"CARVER RD","PEARL ST",9.00,S,N,A,-,N,,,,,,,,,,N,3,0,1,2,A,-,21,22106,,N,G,B,E,A,H,-,A,D,0,Y,,,,Y,,E,,0,1,0,0,1,0,0,0,0,"- ","- ",,,STANISLAUS,MODESTO,-121.02204,37.666355279999998
6841486,2015,2015-03-27,9465,2015-03-07,2310,018778,,6,3,9,5000,0,3,5,,2,040,"VIVIAN RD","ZEERING RD",700.00,N,N,A,-,N,,,,,,,,,,Y,2,0,2,1,A,-,01,23152,A,N,E,I,A,A,H,-,D,D,0,,,,,Y,Y,D,22,1,1,0,0,0,0,0,0,0,"- ","- ",37.531039999999997,-121.04911,STANISLAUS,UNINCORPORATED,-121.04906,37.531502439999997
6841810,2015,2015-03-24,9465,2015-03-06,1635,18800,,5,2,9,5000,0,3,5,,2,040,"GLENN AV","EUREKA ST",0.00,,Y,A,-,N,,,,,,,,,,N,4,0,1,2,A,-,09,21802,A,N,D,C,A,A,H,-,A,A,0,,,,,Y,,A,07,0,0,1,0,0,0,0,0,0,"- ","- ",37.602150000000002,-120.99527999999999,STANISLAUS,UNINCORPORATED,-120.99529984999999,37.602149969999999
6842291,2015,2015-04-09,5002,2015-03-07,1856,11367,M045,6,5,6,5002,0,0,0,,0,MP63,"WEST BRIGGSMORE AV","TULLY RD",0.00,,N,A,-,N,,,,,,,,,,N,4,0,1,2,A,-,03,22350,,N,C,C,A,A,H,-,C,A,0,,,,,Y,Y,A,,0,0,1,0,0,0,0,0,0,"- ","- ",,,STANISLAUS,MODESTO,-121.01224993,37.670469969999999
6844367,2015,2015-05-14,5001,2015-03-02,1835,796,,1,5,4,5001,0,0,0,,0,,HATCH,"HATCH RD 1611",0.00,,N,A,-,N,,,,,,,,,,Y,4,0,2,3,A,-,03,22350,,N,C,C,A,A,H,-,A,A,0,,,,,Y,,-,,0,0,2,0,0,0,0,0,0,"- ","- ",,,STANISLAUS,CERES,-120.967731,37.609340000000003
6846204,2015,2015-03-24,9465,2015-02-20,2115,18410,,5,2,9,5000,0,3,5,,2,030,"HATCH RD","WASHINGTON RD",150.00,E,N,A,-,N,,,,,,,,,,Y,4,0,1,2,A,-,03,22350,,M,C,C,A,A,H,-,D,D,0,,,,,Y,,D,22,0,0,1,0,0,0,0,0,0,"- ","- ",,,STANISLAUS,UNINCORPORATED,-120.90127221,37.609268839999999
6847060,2015,2015-03-19,5002,2015-02-19,0945,10877,M99,4,5,6,5002,0,0,0,,0,034,"CARPENTER RD","BLUE GUM AV",0.00,,Y,A,-,N,,,,,,,,,,N,4,0,2,2,A,-,03,22350,,M,C,-,A,A,H,-,A,A,0,,,,,Y,,A,,0,0,2,0,0,0,0,0,0,"- ","- ",,,STANISLAUS,MODESTO,-121.03112989,37.66052998
6849839,2015,2016-09-20,9465,2015-02-25,0350,018292,,3,3,9,5000,0,1,3,,2,041,"RT 99","CROWS LANDING RD",775.00,S,N,B,-,Y,STA,10,99,-,R,14.330,H,-,N,Y,4,0,1,1,A,-,08,22107,,N,E,I,A,A,H,-,D,D,1,,,,,Y,,A,01,0,0,1,0,0,0,0,0,0,"- ","- ",37.617820000000002,-120.99142999999999,STANISLAUS,UNINCORPORATED,-120.99145058000001,37.61774449
6851648,2015,2015-03-25,5002,2015-03-10,2130,10170,024,2,5,6,5002,0,0,0,,0,065,"SISK RD","CONANT AV",300.00,S,N,-,-,N,,,,,,,,,,N,3,0,1,2,A,-,07,21658,A,N,B,G,A,A,H,-,D,D,0,,Y,,,Y,,L,,0,1,0,0,0,0,1,0,0,"- ","- ",,,STANISLAUS,MODESTO,-121.03982727,37.672369439999997
6851652,2015,2016-09-14,5002,2015-03-09,1945,10145,M609,1,5,6,5002,0,0,0,,0,043,"RT 132","CLAUS RD",5.00,W,N,A,-,Y,STA,10,132,-,-,19.010,I,5,W,Y,4,0,1,2,A,-,09,21801,A,N,D,C,A,A,H,-,C,A,0,,,,,Y,,D,,0,0,1,0,0,0,0,0,0,"- ","- ",,,STANISLAUS,MODESTO,-120.92312803,37.638240000000003
6851816,2015,2015-03-24,5002,2015-03-06,1336,11402,M714,5,5,6,5002,0,0,0,,0,032,"5TH ST","G ST",0.00,,Y,A,-,N,,,,,,,,,,Y,4,0,2,2,A,-,08,22107,,N,B,C,A,A,H,-,A,A,0,,,,,Y,,A,,0,0,2,0,0,0,0,0,0,"- ","- ",,,STANISLAUS,MODESTO,-121.03656993,37.665499969999999
6851868,2015,2015-03-23,5002,2015-03-09,1750,10331,M332,1,5,6,5002,0,0,0,,0,075,"OAKDALE RD","MABLE AV",600.00,S,N,A,-,N,,,,,,,,,,Y,3,0,1,3,A,-,03,22350,,N,C,C,A,A,H,-,A,D,0,,,,,Y,,A,,0,1,0,0,0,0,0,0,0,"- ","- ",,,STANISLAUS,MODESTO,-120.95807075,37.694602359999998
6851872,2015,2015-04-03,5002,2015-03-10,1700,11780,M99,2,5,6,5002,0,0,0,,0,063,"WEST MORRIS AV","VIRGINIA AV",128.00,E,N,B,-,N,,,,,,,,,,Y,3,0,3,2,A,-,08,22107,,N,A,C,A,A,H,-,A,D,0,,,,,Y,,A,,0,3,0,0,0,0,0,0,0,"- ","- ",,,STANISLAUS,MODESTO,-121.00245808,37.651159560000004
6853036,2015,2015-03-25,5001,2015-03-06,1947,747,STANI,5,5,4,5001,0,0,0,,0,003,"MITCHELL RD","FOWLER RD",312.00,N,N,A,-,N,,,,,,,,,,Y,4,0,4,3,A,-,09,21804,A,F,C,C,A,A,H,-,C,D,0,,,,,Y,,-,,0,0,4,0,0,0,0,0,0,"- ","- ",,,STANISLAUS,CERES,-120.93872345,37.602866810000002
6856649,2015,2015-04-17,9465,2015-03-16,1943,018767,,1,2,9,5000,0,3,5,,2,040,"HARDING RD","LANDER AV",300.00,E,N,A,-,N,,,,,,,,,,N,4,0,1,2,A,-,03,22350,,N,G,B,E,A,-,-,D,D,0,Y,,,,Y,,D,22,0,0,1,0,1,0,0,0,0,"- ","- ",37.4634,-120.84475999999999,STANISLAUS,UNINCORPORATED,-120.848032,37.463520000000003
6856661,2015,2016-09-20,9465,2015-03-16,1340,016917,,1,1,9,5000,0,1,3,,2,011,"RT 99","RT 219",500.00,N,N,A,-,Y,STA,10,99,-,R,22.650,H,-,S,Y,4,0,1,2,A,-,07,21658,A,N,B,C,A,A,D,-,A,D,1,,,,,Y,,D,22,0,0,1,0,0,0,0,0,0,"- ","- ",37.710900000000002,-121.084,STANISLAUS,UNINCORPORATED,-121.08237395,37.709815030000001
6856722,2015,2015-03-28,9465,2015-03-13,1650,18800,,5,2,9,5000,0,3,5,,2,010,"VERNON AV","PARADISE RD",0.00,,Y,A,-,N,,,,,,,,,,N,4,0,1,2,A,-,12,22450,A,F,E,I,A,A,H,-,A,A,0,,,,,Y,,A,01,0,0,1,0,0,0,0,0,0,"- ","- ",37.616950000000003,-121.02793,STANISLAUS,UNINCORPORATED,-121.02805987000001,37.617089900000003
6856725,2015,2016-09-20,9465,2015-03-15,1709,16799,,7,2,9,5000,0,1,3,,2,011,"RT 99","PELANDALE AV",528.00,S,N,A,-,Y,STA,10,99,-,R,21.520,H,-,S,Y,3,0,3,2,A,-,03,22350,,N,C,C,A,A,H,-,A,A,1,,,,,Y,,A,01,0,1,2,0,0,0,0,0,0,"- ","- ",37.696750000000002,-121.06923999999999,STANISLAUS,UNINCORPORATED,-121.06927862000001,37.69716725
6856726,2015,2015-03-28,9465,2015-03-16,2040,18768,,1,2,9,5000,0,3,5,,2,030,"FOX GROVE ACCESS","GEER RD",0.00,,Y,A,-,N,,,,,,,,,,Y,4,0,1,1,A,-,08,22107,,N,F,A,A,A,H,-,D,A,0,,,,,Y,,A,01,0,0,1,0,0,0,0,0,0,"- ","- ",37.613340000000001,-120.84650000000001,STANISLAUS,UNINCORPORATED,-120.84593992000001,37.613739879999997
6856744,2015,2016-09-20,5002,2015-03-19,1238,11248,M410,4,5,6,5002,0,0,0,,0,040,"9TH ST","D ST",200.00,N,N,A,-,Y,STA,10,132,-,-,15.020,H,-,E,Y,4,0,1,2,A,-,03,22350,,N,C,C,A,A,H,-,A,A,0,,,,,Y,,A,,0,0,1,0,0,0,0,0,0,"- ","- ",,,STANISLAUS,MODESTO,-120.99389926000001,37.634352659999998
6863927,2015,2015-04-07,5002,2015-03-25,1808,11413,M99,3,5,6,5002,0,0,0,,0,073,LAKEWOOD,ORANGEBURG,0.00,,Y,A,-,N,,,,,,,,,,N,3,0,1,2,A,-,12,21453,A,N,D,G,A,A,H,-,A,A,0,,Y,,,Y,,L,,0,1,0,0,0,0,1,0,0,"- ","- ",,,STANISLAUS,MODESTO,-120.93936992,37.663559939999999
6864307,2015,2015-04-09,9465,2015-03-10,1505,17787,,2,2,9,5000,0,3,5,,2,020,"OAKDALE-WATERFORD HWY","BEARD RD",1305.00,N,N,B,-,N,,,,,,,,,,Y,3,0,1,2,A,-,09,21801,A,N,D,C,A,A,H,-,A,D,0,,,,,Y,,A,07,0,1,0,0,0,0,0,0,0,"- ","- ",37.656509999999997,-120.77687,STANISLAUS,UNINCORPORATED,-120.77685399000001,37.656401879999997
6864475,2015,2016-09-27,9465,2015-03-05,1122,018452,,4,1,9,5000,0,1,3,,2,015,"RT 219","RT 99",0.00,,Y,A,-,Y,STA,10,219,-,-,0.157,I,5,E,Y,4,0,2,2,A,-,12,21453,A,N,D,C,A,A,D,-,A,A,0,,,,,Y,,A,01,0,0,2,0,0,0,0,0,0,"- ","- ",37.709600000000002,-121.08034000000001,STANISLAUS,UNINCORPORATED,-121.08035359,37.709386989999999
6864580,2015,2015-04-07,9465,2015-03-21,1805,018998,,6,2,6,5002,0,3,5,,2,030,"RIVER RD","BYSTRUM RD",100.00,W,N,A,-,N,,,,,,,,,,N,4,0,1,2,A,-,08,22103,,N,D,G,A,A,H,-,A,D,0,,Y,,,Y,,A,01,0,0,1,0,0,0,1,0,0,"- ","- ",37.626060000000003,-120.98572,STANISLAUS,MODESTO,-120.98480486,37.626093529999999
6865769,2015,2015-04-09,5002,2015-03-24,1024,11226,078,2,5,6,5002,0,0,0,,0,065,"PRESCOTT RD","MT VERNON",150.00,N,N,A,-,N,,,,,,,,,,N,4,0,1,2,A,-,11,21954,A,N,G,B,D,A,H,-,A,D,0,Y,,,,Y,Y,N,,0,0,1,0,1,0,0,0,0,"- ","- ",,,STANISLAUS,MODESTO,-121.03131338,37.674011929999999
6865818,2015,2015-04-09,5002,2015-03-15,1425,10153,M450,7,5,6,5002,0,0,0,,0,042,"LA LOMA AV","LAS PALMAS AV",0.00,,Y,A,-,N,,,,,,,,,,Y,4,0,1,2,A,-,09,21802,A,N,D,-,A,A,H,-,A,A,0,,,,,Y,,A,,0,0,1,0,0,0,0,0,0,"- ","- ",,,STANISLAUS,MODESTO,-120.97887992,37.642219990000001
6865822,2015,2015-04-09,5002,2015-03-21,2241,10542,415,6,5,6,5002,0,0,0,,0,040,"9TH ST","H ST",0.00,,Y,A,-,N,,,,,,,,,,N,3,0,1,2,A,-,09,21801,A,N,B,G,A,A,H,-,D,A,0,,Y,,,Y,,A,,0,1,0,0,0,0,1,0,0,"- ","- ",,,STANISLAUS,MODESTO,-120.99898995,37.63780989
6869539,2015,2016-09-13,5002,2015-03-19,0955,10424,110,4,5,6,5002,0,0,0,,0,074,"MCHENRY AV","TOKAY AV",0.00,,Y,A,-,Y,STA,10,108,-,-,24.950,I,5,E,Y,4,0,3,2,A,-,09,21800,A,N,D,C,A,A,H,-,A,A,0,,,,,Y,,A,,0,0,3,0,0,0,0,0,0,"- ","- ",,,STANISLAUS,MODESTO,-120.99415251000001,37.67256999
6869583,2015,2015-04-08,5002,2015-03-24,1127,11226,M99,2,5,6,5002,0,0,0,,0,064,"WEST RUMBLE RD","PRESCOTT RD",400.00,E,N,A,-,N,,,,,,,,,,Y,4,0,1,2,A,-,01,23152,A,N,C,E,A,A,H,-,A,D,0,,,,,Y,,A,,0,0,1,0,0,0,0,0,0,"- ","- ",,,STANISLAUS,MODESTO,-121.03006781000001,37.681899999999999
6871337,2015,2015-04-18,5007,2015-03-12,1110,5737,,4,5,5,5007,0,0,0,,0,002,"LANDER AV","EAST GLENWOOD AV",0.00,,Y,A,-,N,,,,,,,,,,Y,4,0,1,2,D,-,00,,,N,D,C,A,A,H,-,A,A,0,,,,,Y,,-,"- ",0,0,1,0,0,0,0,0,0,"- ","- ",,,STANISLAUS,TURLOCK,-120.84901986,37.47555998
6876758,2015,2015-04-27,5002,2015-04-17,1212,11413,M255,5,5,6,5002,0,0,0,,0,071,"ORANGEBURG AV","MELROSE AV",0.00,,Y,A,-,N,,,,,,,,,,Y,3,0,3,2,A,-,09,21802,A,N,D,C,A,A,H,-,A,A,0,,,,,Y,,A,,0,2,1,0,0,0,0,0,0,"- ","- ",,,STANISLAUS,MODESTO,-120.98712995,37.66362994
6876762,2015,2015-04-27,5002,2015-04-18,0700,10588,136,6,5,6,5002,0,0,0,,0,075,"FLOYD AV","VERA CRUZ DR",45.00,E,N,A,-,N,,,,,,,,,,Y,4,0,1,3,A,-,01,23152,A,N,C,E,A,A,H,-,A,D,0,,,,,Y,,A,,0,0,1,0,0,0,0,0,0,"- ","- ",,,STANISLAUS,MODESTO,-120.97392452,37.67804099
6876839,2015,2015-06-04,5002,2015-03-17,1731,11290,M359,2,5,6,5002,0,0,0,,0,033,"LONGFELLOW AV","SANDBURG AV",0.00,,Y,A,-,N,,,,,,,,,,N,3,0,1,2,A,-,11,21954,A,N,B,B,D,A,H,-,A,A,0,Y,,,,Y,,N,,0,1,0,0,1,0,0,0,0,"- ","- ",,,STANISLAUS,MODESTO,-121.02189995000001,37.636399930000003
6877440,2015,2015-04-15,5002,2015-03-31,1229,11566,309,2,5,6,5002,0,0,0,,0,073,"OAKDALE RD",SCENIC,0.00,,Y,A,-,N,,,,,,,,,,N,4,0,1,2,A,-,03,22350,,N,C,C,A,A,H,-,A,A,0,,,,,Y,,A,,0,0,1,0,0,0,0,0,0,"- ","- ",,,STANISLAUS,MODESTO,-120.95738996999999,37.653069909999999
6877522,2015,2015-04-16,5002,2015-03-31,1900,10145,M159,2,5,6,5002,0,0,0,,0,076,"OAKDALE RD","BRIGGSMORE AV",16.00,S,N,A,-,N,,,,,,,,,,N,4,0,1,2,A,-,03,22350,,N,C,C,A,A,H,-,B,A,0,,,,,Y,,A,,0,0,1,0,0,0,0,0,0,"- ","- ",,,STANISLAUS,MODESTO,-120.95756,37.667136059999997
6877719,2015,2015-04-14,5007,2015-02-27,2318,5725,,5,5,5,5007,0,0,0,,0,003,"WEST MAIN ST","N KILROY RD",0.00,,Y,A,-,N,,,,,,,,,,Y,2,0,1,2,A,-,09,21801,A,N,A,C,A,A,H,-,C,A,0,,,,,Y,,A,07,1,0,0,0,0,0,0,0,0,"- ","- ",,,STANISLAUS,TURLOCK,-120.87634996,37.492699899999998
6878720,2015,2016-09-16,9465,2015-03-27,1715,018318,,5,2,9,5000,0,1,3,,2,028,"RT 4","MILTON RD",2640.00,W,N,A,-,Y,STA,10,4,-,-,4.040,H,-,E,Y,4,0,1,4,A,-,03,22350,,N,C,C,A,A,H,-,A,D,0,,,,,Y,,A,07,0,0,1,0,0,0,0,0,0,"- ","- ",37.944760000000002,-120.8738,STANISLAUS,UNINCORPORATED,-120.85277394000001,37.944774469999999
6878721,2015,2015-04-23,9465,2015-03-28,0705,017787,,6,1,9,5000,0,3,5,,2,020,"MILNES RD","SANTA FE AV",1180.00,E,N,A,-,N,,,,,,,,,,Y,3,0,2,2,A,-,03,22350,,N,C,C,A,A,H,-,B,A,0,,,,,Y,,D,22,0,1,1,0,0,0,0,0,0,"- ","- ",37.681739999999998,-120.91285000000001,STANISLAUS,UNINCORPORATED,-120.91300305999999,37.681766750000001
6878733,2015,2016-09-14,9465,2015-03-30,1540,017787,,1,2,9,5000,0,1,3,,1,031,"RT 132","GOODWIN RD",1114.00,E,N,A,-,Y,STA,10,132,-,-,22.710,H,-,W,Y,3,0,1,1,A,-,01,23152,A,N,E,I,A,A,H,-,A,D,0,,,,,Y,Y,D,22,0,1,0,0,0,0,0,0,0,"- ","- ",37.638660000000002,-120.85561,STANISLAUS,UNINCORPORATED,-120.85559082,37.638722000000001
6878745,2015,2015-04-22,9465,2015-04-04,0738,18251,,6,1,9,5000,0,3,5,,2,050,"DEL PUERTO CANYON RD","POST MILE 2",193.00,E,N,A,-,N,,,,,,,,,,Y,3,0,1,1,A,-,08,22107,,N,F,A,A,A,H,-,A,D,0,,,,,Y,,D,22,0,1,0,0,0,0,0,0,0,"- ","- ",37.480040000000002,-121.21074,STANISLAUS,UNINCORPORATED,,
6878761,2015,2015-04-23,9465,2015-03-19,1540,014889,,4,2,9,5000,0,3,5,,2,010,"SPENCER AV","TRUMAN AV",0.00,,Y,A,-,N,,,,,,,,,,Y,3,0,1,2,A,-,05,21752,D,N,D,C,A,A,H,-,A,A,0,,,Y,,Y,,D,22,0,1,0,0,0,0,0,0,1,"- ","- ",37.634900000000002,-121.0163,STANISLAUS,UNINCORPORATED,-121.01646993999999,37.635049950000003
6878789,2015,2015-04-17,9465,2015-04-05,1737,012351,,7,2,9,5000,0,3,5,,2,010,"MAGNOLIA ST","BROADWAY AV",0.00,,Y,B,-,N,,,,,,,,,,N,4,0,2,2,A,-,09,21802,A,N,D,C,A,A,H,-,A,A,0,,,,,Y,,A,01,0,0,2,0,0,0,0,0,0,"- ","- ",37.705530000000003,-121.08454999999999,STANISLAUS,UNINCORPORATED,-121.08557992,37.705619980000002
6879062,2015,2016-11-15,5002,2015-04-06,1628,11741,407,1,5,6,5002,0,0,0,,0,040,"11TH ST","D ST",0.00,,Y,A,-,Y,STA,10,132,-,-,15.130,I,5,E,Y,2,0,5,2,A,-,12,21453,A,N,D,C,A,A,H,-,A,A,0,,,,,Y,,A,,1,0,4,0,0,0,0,0,0,"- ","- ",,,STANISLAUS,MODESTO,-120.99249055999999,37.635430679999999
6879817,2015,2015-04-20,5002,2015-04-05,1718,11629,M134,7,5,6,5002,0,0,0,,0,075,"SYLVAN AV","COFFEE RD",25.00,E,N,A,-,N,,,,,,,,,,Y,4,0,1,2,A,-,12,21453,A,N,D,C,A,A,H,-,B,A,0,,,,,Y,,A,,0,0,1,0,0,0,0,0,0,"- ","- ",,,STANISLAUS,MODESTO,-120.97600361000001,37.688899139999997
6880090,2015,2015-04-24,5002,2015-04-13,0526,11717,329,1,5,6,5002,0,0,0,,0,042,"POPPYPATCH DR","KORBEL LN",15.00,W,N,A,-,N,,,,,,,,,,Y,4,0,1,3,A,-,08,22107,,N,C,E,A,A,H,-,C,D,0,,,,,Y,,D,,0,0,1,0,0,0,0,0,0,"- ","- ",,,STANISLAUS,MODESTO,-120.93969180000001,37.642659999999999
6881501,2015,2015-05-22,5007,2015-03-20,1718,5757,,5,5,5,5007,0,0,0,,0,005,"WEST HAWKEYE AV","DELS LN",0.00,,Y,A,-,N,,,,,,,,,,Y,4,0,1,2,A,-,17,21451,A,N,D,C,A,A,H,-,A,A,0,,,,,Y,,A,01,0,0,1,0,0,0,0,0,0,"- ","- ",,,STANISLAUS,TURLOCK,-120.85809998000001,37.507370000000002
6886804,2015,2015-05-07,5002,2015-04-15,0724,11099,009,3,5,6,5002,0,0,0,,0,0G5,"PELANDALE AV","DALE RD",0.00,,Y,A,-,N,,,,,,,,,,Y,3,0,1,3,A,-,12,21453,A,N,D,C,A,A,H,-,A,A,0,,,,,Y,,D,,0,1,0,0,0,0,0,0,0,"- ","- ",,,STANISLAUS,MODESTO,-121.05005994,37.700289939999998
6887042,2015,2015-04-30,9465,2015-04-03,1745,17436,,5,2,9,5000,0,3,5,,2,040,"HATCH RD","JIM WY",0.00,,Y,A,-,N,,,,,,,,,,N,4,0,1,2,A,-,09,21801,A,F,D,G,A,A,H,-,A,A,0,,Y,,,Y,,A,07,0,0,1,0,0,0,1,0,0,"- ","- ",37.608969999999999,-120.98502000000001,STANISLAUS,UNINCORPORATED,-120.98492988,37.609409900000003
6887044,2015,2015-06-04,5002,2015-04-14,1444,11529,046,2,5,6,5002,0,0,0,,0,063,"WEST BRIGGSMORE AV","COLLEGE AV",144.00,W,N,A,-,N,,,,,,,,,,Y,4,0,1,2,A,-,03,22350,,N,C,C,A,A,H,-,A,A,0,,,,,Y,,A,,0,0,1,0,0,0,0,0,0,"- ","- ",,,STANISLAUS,MODESTO,-121.00817748,37.670486060000002
6887099,2015,2015-05-07,5002,2015-04-06,1414,11236,296,1,5,6,5002,0,0,0,,0,072,"EAST ORANGEBURG AV","SHARONWOOD DR",45.00,E,N,A,-,N,,,,,,,,,,Y,4,0,7,4,A,-,03,22350,,N,A,C,A,A,H,-,A,D,0,,,,,Y,,A,,0,0,7,0,0,0,0,0,0,"- ","- ",,,STANISLAUS,MODESTO,-120.96149456000001,37.66355136
6889487,2015,2015-04-30,5007,2015-03-26,1238,6623,,4,5,5,5007,0,0,0,,0,001,"GEER RD","NORTH AV",0.00,,Y,A,-,N,,,,,,,,,,N,4,0,2,4,A,-,03,22350,,N,C,C,A,A,H,-,A,A,0,,,,,Y,,A,07,0,0,2,0,0,0,0,0,0,"- ","- ",,,STANISLAUS,TURLOCK,-120.84897993,37.510049989999999
6893563,2015,2015-06-04,5001,2015-03-07,1505,340,,6,5,4,5001,0,0,0,,0,001,"EAST HATCH RD","SUMMIT CHARTER ACADEMY ENT",50.00,W,N,A,-,N,,,,,,,,,,N,4,0,1,2,A,-,03,22350,,N,C,C,A,A,H,-,A,A,0,,,,,Y,,D,22,0,0,1,0,0,0,0,0,0,"- ","- ",,,STANISLAUS,CERES,,
6894839,2015,2015-08-24,5005,2015-02-15,1341,SQ58,PATTE,7,5,3,5005,0,0,0,,0,,"W LAS PALMAS AV","WARD AV",408.00,E,N,A,-,N,,,,,,,,,,Y,4,0,1,3,A,-,05,21651,A,N,B,D,A,A,H,-,A,D,0,,,,,Y,,-,,0,0,1,0,0,0,0,0,0,"- ","- ",,,STANISLAUS,PATTERSON,-121.13969595,37.467147570000002
6895465,2015,2015-05-07,5002,2015-04-23,1127,11136,416,4,5,6,5002,0,0,0,,0,040,"I ST","7TH ST",0.00,,Y,A,-,N,,,,,,,,,,N,3,0,1,2,A,-,08,22107,,N,B,G,A,A,H,-,A,D,0,,Y,,Y,Y,,F,,0,1,0,0,0,0,1,0,0,"- ","- ",,,STANISLAUS,MODESTO,-121.0019999,37.6374