CASE_ID,ACCIDENT_YEAR,PROC_DATE,JURIS,COLLISION_DATE,COLLISION_TIME,OFFICER_ID,REPORTING_DISTRICT,DAY_OF_WEEK,CHP_SHIFT,POPULATION,CNTY_CITY_LOC,SPECIAL_COND,BEAT_TYPE,CHP_BEAT_TYPE,CITY_DIVISION_LAPD,CHP_BEAT_CLASS,BEAT_NUMBER,PRIMARY_RD,SECONDARY_RD,DISTANCE,DIRECTION,INTERSECTION,WEATHER_1,WEATHER_2,STATE_HWY_IND,CALTRANS_COUNTY,CALTRANS_DISTRICT,STATE_ROUTE,ROUTE_SUFFIX,POSTMILE_PREFIX,POSTMILE,LOCATION_TYPE,RAMP_INTERSECTION,SIDE_OF_HWY,TOW_AWAY,COLLISION_SEVERITY,NUMBER_KILLED,NUMBER_INJURED,PARTY_COUNT,PRIMARY_COLL_FACTOR,PCF_CODE_OF_VIOL,PCF_VIOL_CATEGORY,PCF_VIOLATION,PCF_VIOL_SUBSECTION,HIT_AND_RUN,TYPE_OF_COLLISION,MVIW,PED_ACTION,ROAD_SURFACE,ROAD_COND_1,ROAD_COND_2,LIGHTING,CONTROL_DEVICE,CHP_ROAD_TYPE,PEDESTRIAN_ACCIDENT,BICYCLE_ACCIDENT,MOTORCYCLE_ACCIDENT,TRUCK_ACCIDENT,NOT_PRIVATE_PROPERTY,ALCOHOL_INVOLVED,STWD_VEHTYPE_AT_FAULT,CHP_VEHTYPE_AT_FAULT,COUNT_SEVERE_INJ,COUNT_VISIBLE_INJ,COUNT_COMPLAINT_PAIN,COUNT_PED_KILLED,COUNT_PED_INJURED,COUNT_BICYCLIST_KILLED,COUNT_BICYCLIST_INJURED,COUNT_MC_KILLED,COUNT_MC_INJURED,PRIMARY_RAMP,SECONDARY_RAMP,LATITUDE,LONGITUDE,COUNTY,CITY,POINT_X,POINT_Y
8100933,2016,2016-08-16,5002,2016-07-31,2303,1151,M151,7,5,6,5002,0,0,0,,0,073,"CLAUS RD","SYLVAN AV",0.00,,Y,A,-,N,,,,,,,,,,Y,4,0,1,2,A,-,03,22350,,N,D,C,A,A,H,-,C,A,0,,,,,Y,,A,,0,0,1,0,0,0,0,0,0,"- ","- ",,,STANISLAUS,MODESTO,-120.92152987999999,37.68907995
8101007,2016,2016-08-16,5002,2016-08-05,1748,11236,134,5,5,6,5002,0,0,0,,0,073,"CLARANTINA AV","COFFEE RD",600.00,W,N,A,-,N,,,,,,,,,,Y,4,0,1,4,A,-,04,21703,,N,C,C,A,A,H,-,A,D,0,,,,,Y,,A,,0,0,1,0,0,0,0,0,0,"- ","- ",,,STANISLAUS,MODESTO,-120.978645,37.699925999999998
8101011,2016,2016-08-16,5002,2016-08-05,1536,11758,027,5,5,6,5002,0,0,0,,0,083,"TULLY RD","STANDFORD AV",200.00,S,N,A,-,N,,,,,,,,,,Y,4,0,1,2,A,-,09,21801,A,N,D,C,A,A,H,-,A,D,0,,,,,Y,,D,,0,0,1,0,0,0,0,0,0,"- ","- ",,,STANISLAUS,MODESTO,-121.01249919,37.688780819999998
8102198,2016,2017-03-03,5006,2016-07-18,1542,S987,MODES,1,5,3,5006,0,0,0,,0,,"RT 108","ESTELLE AV",280.00,E,N,A,-,Y,STA,10,108,-,-,31.350,H,-,E,Y,4,0,1,4,A,-,03,22350,,N,C,-,A,A,H,-,A,A,0,,,,,Y,,D,22,0,0,1,0,0,0,0,0,0,"- ","- ",,,STANISLAUS,RIVERBANK,-120.95352312,37.732653190000001
8111436,2016,2016-09-07,5002,2016-07-21,1654,11951,M134,4,5,6,5002,0,0,0,,0,073,"CLARATINA AV",COFFEE,200.00,W,N,A,-,N,,,,,,,,,,Y,4,0,1,2,A,-,03,22350,,N,C,C,A,A,H,-,A,D,0,,,,,Y,,A,,0,0,1,0,0,0,0,0,0,"- ","- ",,,STANISLAUS,MODESTO,-120.97721799999999,37.699891999999998
8112339,2016,2016-09-06,5002,2016-08-16,1118,10249,MOO5,2,5,6,5002,0,0,0,,0,063,"STANDIFORD AV","SISK RD",290.00,W,N,A,-,N,,,,,,,,,,N,4,0,1,2,A,-,04,21703,,N,C,C,A,A,H,-,A,A,0,,,,Y,Y,,F,,0,0,1,0,0,0,0,0,0,"- ","- ",,,STANISLAUS,MODESTO,-121.05159178,37.68439223
8112492,2016,2016-09-01,5002,2016-08-13,1207,11795,M09,6,5,6,5002,0,0,0,,0,062,"CARVER RD","GULFSTREAM DR",0.00,,Y,A,-,N,,,,,,,,,,Y,3,0,1,3,A,-,03,22350,,N,C,C,A,A,H,-,A,A,0,,,,,Y,,A,,0,1,0,0,0,0,0,0,0,"- ","- ",,,STANISLAUS,MODESTO,-121.02215990000001,37.672249989999997
8112508,2016,2016-09-01,5002,2016-08-10,1501,10384,090,3,5,6,5002,0,0,0,,0,062,"CARVER RD","GULFSTREAM DR",0.00,,Y,A,-,N,,,,,,,,,,Y,4,0,1,3,A,-,09,21802,A,N,D,C,A,A,H,-,A,A,0,,,,,Y,,A,,0,0,1,0,0,0,0,0,0,"- ","- ",,,STANISLAUS,MODESTO,-121.02215990000001,37.672249989999997
8112544,2016,2016-09-01,5002,2016-08-19,1804,11808,039,5,5,6,5002,0,0,0,,0,082,"BOWEN AV","TULLY RD",0.00,,Y,A,-,N,,,,,,,,,,Y,3,0,2,2,A,-,12,21453,A,N,D,C,A,A,H,-,A,A,0,,,,,Y,,A,,0,1,1,0,0,0,0,0,0,"- ","- ",,,STANISLAUS,MODESTO,-121.01230999000001,37.674859949999998
8112560,2016,2016-09-01,5002,2016-08-20,1852,11209,M377,6,5,6,5002,0,0,0,,0,033,"SOUTH JEFFERSON ST","S SPRUCE AV",0.00,,Y,A,-,N,,,,,,,,,,N,3,0,1,2,D,-,00,,,F,G,-,B,A,H,-,B,D,0,Y,,,,Y,Y,-,"- ",0,1,0,0,1,0,0,0,0,"- ","- ",,,STANISLAUS,MODESTO,-121.00891,37.634469940000002
8114086,2016,2017-02-18,5004,2016-08-15,1020,120,RD6,1,5,3,5004,0,0,0,,0,00N,"RT 120","A ST",31.00,N,N,A,-,Y,STA,10,120,-,-,4.650,H,-,E,N,4,0,1,2,A,-,03,22350,,N,C,C,A,A,H,-,A,A,0,,,,,Y,,-,,0,0,1,0,0,0,0,0,0,"- ","- ",37.772480000000002,-120.85093999999999,STANISLAUS,OAKDALE,-120.85105742,37.772589830000001
8114275,2016,2016-09-08,5004,2016-08-15,1136,268,RD35,1,5,3,5004,0,0,0,,0,00S,"W G ST","GILBERT AV",0.00,,Y,A,-,N,,,,,,,,,,N,4,0,1,3,A,-,03,22350,,N,C,C,A,A,H,-,A,D,0,,,,,Y,,A,01,0,0,1,0,0,0,0,0,0,"- ","- ",37.761789999999998,-120.85417,STANISLAUS,OAKDALE,-120.85302900000001,37.762799999999999
8114487,2016,2016-09-09,5004,2016-08-14,1418,190,RD35,7,5,3,5004,0,0,0,,0,00S,"W J ST","GILBERT AV",0.00,,Y,A,-,N,,,,,,,,,,N,4,0,1,2,A,-,09,21802,A,N,D,C,A,A,H,-,A,A,0,,,,,Y,,A,01,0,0,1,0,0,0,0,0,0,"- ","- ",37.75956,-120.85154,STANISLAUS,OAKDALE,-120.85154986000001,37.759559930000002
8114631,2016,2016-09-12,5001,2016-08-20,1829,771,B204,6,5,4,5001,0,0,0,,0,003,"EAST HATCH RD","MOFFETT RD",0.00,W,N,A,-,N,,,,,,,,,,Y,4,0,1,2,A,-,03,22350,,F,C,C,A,A,H,-,B,A,0,,,,,Y,,-,,0,0,1,0,0,0,0,0,0,"- ","- ",37.609299999999998,-120.93864000000001,STANISLAUS,CERES,-120.94790988,37.609279899999997
8115328,2016,2016-10-14,5009,2016-08-08,1702,S01344,HPS,1,5,2,5009,0,0,0,,0,001,"WHITMORE AV","TULLY RD",0.00,,Y,A,-,N,,,,,,,,,,Y,4,0,4,3,A,-,09,21802,A,N,D,C,A,A,H,-,A,A,0,,,,,Y,,A,01,0,0,4,0,0,0,0,0,0,"- ","- ",,,STANISLAUS,HUGHSON,-120.86999991,37.594779969999998
8118660,2016,2016-09-13,5002,2016-08-24,2020,11646,M457,3,5,6,5002,0,0,0,,0,042,"CONEJO AV","YOSEMITE BL",99.00,N,N,A,-,N,,,,,,,,,,N,3,0,1,1,A,-,01,23152,A,N,E,J,A,A,H,-,C,A,0,,,,,Y,Y,-,,0,1,0,0,0,0,0,0,0,"- ","- ",,,STANISLAUS,MODESTO,-120.96629582,37.638451840000002
8118676,2016,2016-09-13,5002,2016-08-31,0815,10152,308,3,5,6,5002,0,0,0,,0,071,"OAKDALE RD","MORNINGSIDE DR",150.00,S,N,A,-,N,,,,,,,,,,Y,4,0,2,2,A,-,03,22350,,N,C,C,A,A,H,-,A,D,0,,,,,Y,,-,,0,0,2,0,0,0,0,0,0,"- ","- ",,,STANISLAUS,MODESTO,-120.95752,37.659988069999997
8118680,2016,2016-09-13,5002,2016-08-30,2015,11717,515,2,5,6,5002,0,0,0,,0,031,"HATCH RD","EL DORADO AV",250.00,W,N,A,-,N,,,,,,,,,,N,4,0,3,2,A,-,04,21703,,N,C,C,A,A,H,-,C,D,0,,,,,Y,,-,,0,0,3,0,0,0,0,0,0,"- ","- ",,,STANISLAUS,MODESTO,-121.00424255999999,37.60849228
8118822,2016,2016-09-12,5002,2016-08-20,1639,11765,M197,6,5,6,5002,0,0,0,,0,061,"TULLY RD","CECIL WY",120.00,S,N,A,-,N,,,,,,,,,,Y,3,0,1,3,A,-,01,23152,A,N,C,E,A,A,H,-,A,D,0,,,,,Y,,A,,0,1,0,0,0,0,0,0,0,"- ","- ",,,STANISLAUS,MODESTO,-121.01209572,37.658280470000001
8119911,2016,2016-09-20,5001,2016-08-29,0448,627,A008,1,5,4,5001,0,0,0,,0,004,"ROCKEFELLER DR","HILMOR DR",0.00,,Y,A,-,N,,,,,,,,,,N,2,0,1,2,A,-,09,21801,A,N,D,C,A,A,H,-,C,D,0,,,Y,,Y,,D,82,1,0,0,0,0,0,0,0,1,"- ","- ",37.598460000000003,-120.97035,STANISLAUS,CERES,-120.97034986,37.598439900000002
8120118,2016,2016-09-13,5002,2016-09-02,2020,10096,M166,5,5,6,5002,0,0,0,,0,072,"EAST BRIGGSMORE AV","CLAUS RD",0.00,,Y,A,-,N,,,,,,,,,,Y,4,0,2,2,A,-,01,23152,A,N,A,C,A,A,H,-,C,A,0,,,,,Y,Y,A,,0,0,2,0,0,0,0,0,0,"- ","- ",,,STANISLAUS,MODESTO,-120.92128997,37.666899970000003
8120130,2016,2016-09-13,5002,2016-09-03,0036,11855,M99,6,5,6,5002,0,0,0,,0,033,"H ST","5TH ST",0.00,,Y,A,-,N,,,,,,,,,,Y,3,0,1,2,A,-,01,23152,,N,D,C,A,A,H,-,C,A,0,,,,,Y,Y,A,,0,1,0,0,0,0,0,0,0,"- ","- ",,,STANISLAUS,MODESTO,-121.00272993,37.634979979999997
8120154,2016,2016-09-13,5002,2016-09-02,1100,13032,134,5,5,6,5002,0,0,0,,0,073,"SYLVAN MEADOWS DR","ATWOOD DR",0.00,,Y,A,-,N,,,,,,,,,,Y,4,0,1,2,A,-,05,21650,,N,-,C,A,A,H,-,A,A,0,,,,,Y,,D,,0,0,1,0,0,0,0,0,0,"- ","- ",,,STANISLAUS,MODESTO,-120.97368994999999,37.692079929999998
8120905,2016,2016-09-15,5002,2016-09-01,0813,11012,148,4,5,6,5002,0,0,0,,0,073,"FLOYD AV","KELLER ST",10.00,W,N,A,-,N,,,,,,,,,,N,4,0,1,2,A,-,03,22350,,N,C,C,A,A,H,-,A,D,0,,,,,Y,,A,,0,0,1,0,0,0,0,0,0,"- ","- ",,,STANISLAUS,MODESTO,-120.97009455,37.678049999999999
8127134,2016,2016-09-22,5002,2016-09-09,0554,11658,010,5,5,6,5002,0,0,0,,0,063,"BANGS AV","DALE RD",1056.00,E,N,A,-,N,,,,,,,,,,N,3,0,1,2,A,-,08,22107,,F,A,C,A,A,H,-,A,D,0,,,,,Y,,A,,0,1,0,0,0,0,0,0,0,"- ","- ",,,STANISLAUS,MODESTO,-121.04643002,37.704012370000001
8127142,2016,2016-09-22,5002,2016-09-01,1530,11804,013,4,5,6,5002,0,0,0,,0,063,"STANDIFORD AV","PRESCOTT RD",100.00,W,N,A,-,N,,,,,,,,,,N,4,0,1,2,A,-,04,21703,,F,C,C,A,A,H,-,A,A,0,,,,,Y,,A,,0,0,1,0,0,0,0,0,0,"- ","- ",,,STANISLAUS,MODESTO,-121.0319027,37.68967335
8127158,2016,2016-11-14,5002,2016-09-13,2122,11804,M009,2,5,6,5002,0,0,0,,0,063,"DALE RD",PELANDALE,0.00,,Y,A,-,N,,,,,,,,,,Y,3,0,3,2,A,-,09,21453,C,N,D,C,A,A,H,-,C,A,0,,,,,Y,,A,,0,1,2,0,0,0,0,0,0,"- ","- ",,,STANISLAUS,MODESTO,-121.05005994,37.700289939999998
8127166,2016,2016-09-22,5002,2016-09-13,1730,11765,110,2,5,6,5002,0,0,0,,0,082,"BOWEN AV","MCHENRY AV",300.00,W,N,A,-,N,,,,,,,,,,Y,2,0,2,2,A,-,01,23152,A,N,A,C,A,A,H,-,A,D,0,,,,,Y,Y,A,,1,0,1,0,0,0,0,0,0,"- ","- ",,,STANISLAUS,MODESTO,-120.99513641999999,37.674581570000001
8127178,2016,2016-09-22,5002,2016-09-15,2134,11236,305,4,5,6,5002,0,0,0,,0,071,"OAKDALE RD","EAST ORANGEBURG AV",0.00,,Y,A,-,N,,,,,,,,,,Y,4,0,1,2,A,-,12,21453,A,F,A,C,A,A,H,-,C,A,0,,,,,Y,,A,,0,0,1,0,0,0,0,0,0,"- ","- ",,,STANISLAUS,MODESTO,-120.95757999,37.663569940000002
8127190,2016,2016-09-22,5002,2016-09-15,0844,10588,158,4,5,6,5002,0,0,0,,0,072,"TEMESCAL DR","MAJESTIC OAK DR",20.00,N,N,A,-,N,,,,,,,,,,N,3,0,1,2,A,-,17,22517,,N,B,G,A,A,H,-,A,D,0,,Y,,,Y,,A,,0,1,0,0,0,0,1,0,0,"- ","- ",,,STANISLAUS,MODESTO,-120.94408,37.672984919999998
8127199,2016,2016-09-22,5002,2016-09-07,1537,11628,398,3,5,6,5002,0,0,0,,0,041,"F ST","16TH ST",114.00,W,N,A,-,N,,,,,,,,,,Y,4,0,1,2,A,-,08,22107,,N,B,C,A,A,H,-,A,D,0,,,,,Y,,A,,0,0,1,0,0,0,0,0,0,"- ","- ",,,STANISLAUS,MODESTO,-120.99026499,37.640734010000003
8127222,2016,2016-09-23,5002,2016-08-02,0752,10545,939,2,5,6,5002,0,0,0,,0,082,"WEST ORANGEBURG AV","ROOSEVELT DR",60.00,W,N,A,-,N,,,,,,,,,,Y,2,0,1,2,A,-,10,21950,A,N,G,B,C,A,H,-,A,D,0,Y,,,,Y,,A,,1,0,0,0,1,0,0,0,0,"- ","- ",,,STANISLAUS,MODESTO,-121.00264718,37.663844930000003
8128356,2016,2016-09-27,5007,2016-08-07,1235,5714,5007,7,5,5,5007,0,0,0,,0,005,"NORTH PALM ST","EAST CANAL DR",0.00,,Y,A,-,N,,,,,,,,,,Y,3,0,2,2,A,-,09,21802,A,N,D,C,A,A,H,-,A,A,0,,,,,Y,,A,01,0,1,1,0,0,0,0,0,0,"- ","- ",,,STANISLAUS,TURLOCK,-120.84659000000001,37.500489989999998
8129875,2016,2016-09-23,5007,2016-08-03,1745,5766,STANI,3,5,5,5007,0,0,0,,0,001,"BARDINI WY",SPRINGER,93.00,E,N,A,-,N,,,,,,,,,,N,4,0,1,2,A,-,09,21804,A,N,D,G,A,A,H,-,A,D,0,,Y,,,Y,,L,04,0,0,1,0,0,0,1,0,0,"- ","- ",,,STANISLAUS,TURLOCK,-120.83879,37.531770000000002
8129883,2016,2016-09-23,5007,2016-08-12,1730,5749,,5,5,5,5007,0,0,0,,0,003,"WEST MAIN ST","FRANSIL LN",0.00,,Y,A,-,N,,,,,,,,,,Y,4,0,4,2,A,-,03,22350,,N,C,C,A,A,H,-,A,A,0,,,,,Y,,A,01,0,0,4,0,0,0,0,0,0,"- ","- ",,,STANISLAUS,TURLOCK,-120.88995993,37.492659949999997
81303171,2020,2020-09-11,5002,2020-08-26,1624,13298,RD210,3,5,6,5002,0,0,0,,0,MP71,"SCENIC DR","MC GUIRE DR",0.00,,Y,A,-,N,,,,,,,,,,Y,4,0,1,2,A,-,03,22350,,N,B,C,A,A,H,-,A,D,0,,,,,Y,,A,01,0,0,1,0,0,0,0,0,0,"- ","- ",,,STANISLAUS,MODESTO,-120.95240783691406,37.652641296386719
81303181,2020,2020-09-11,5002,2020-08-28,1423,13132,M726,5,5,6,5002,0,0,0,,0,MP82,"MC HENRY AVE","KAVANAGH AVE",70.00,N,N,A,-,Y,,,,,,,,,,Y,4,0,3,2,A,-,09,21801,A,N,D,C,A,A,H,-,A,D,0,,,,,Y,,A,07,0,0,3,0,0,0,0,0,0,"- ","- ",,,STANISLAUS,MODESTO,-120.99417877197266,37.680221557617188
81303185,2020,2020-09-11,5002,2020-08-29,1256,11531,M215,6,5,6,5002,0,0,0,,0,MP82,"MC HENRY AVE","COOLIDGE AVE",49.00,N,N,A,-,Y,,,,,,,,,,Y,4,0,1,2,A,-,09,21804,A,N,D,C,A,A,H,-,A,D,0,,,,,Y,,A,01,0,0,1,0,0,0,0,0,0,"- ","- ",,,STANISLAUS,MODESTO,-120.99394989013672,37.665634155273438
81303209,2020,2020-09-11,5002,2020-09-02,0925,11531,,3,5,6,5002,0,0,0,,0,MP71,"OAKDALE RD","SCENIC DR",0.00,,Y,A,-,N,,,,,,,,,,N,4,0,1,2,A,-,12,21453,A,N,D,C,A,A,H,-,A,A,0,,,,,Y,,A,01,0,0,1,0,0,0,0,0,0,"- ","- ",,,STANISLAUS,MODESTO,-120.95738983154297,37.653068542480469
81313200,2020,2020-09-28,5002,2020-09-10,1721,13132,M210,4,5,6,5002,0,0,0,,0,MP71,"SCENIC DR","OAKDALE RD",570.00,W,N,A,-,N,,,,,,,,,,Y,4,0,1,2,A,-,09,21804,A,N,D,C,A,A,H,-,A,A,0,,,,,Y,,A,01,0,0,1,0,0,0,0,0,0,"- ","- ",,,STANISLAUS,MODESTO,-120.95933532714844,37.652839660644531
81313203,2020,2020-09-28,5002,2020-09-11,1624,13126,,5,5,6,5002,0,0,0,,0,MP73,"COFFEE RD","RUMBLE RD",40.00,S,N,A,-,N,,,,,,,,,,Y,4,0,3,3,A,-,03,22350,,N,C,C,A,A,H,-,A,A,0,,,,,Y,,A,01,0,0,3,0,0,0,0,0,0,"- ","- ",,,STANISLAUS,MODESTO,-120.97598266601562,37.681571960449219
81313209,2020,2020-09-28,5002,2020-09-13,2000,13325,,7,5,6,5002,0,0,0,,0,MP71,"ORANGEBURG AVE","COFFEE RD",0.00,,Y,A,-,N,,,,,,,,,,N,4,0,1,2,A,-,00,22017,,F,D,G,A,A,H,-,C,A,0,,Y,,,Y,,-,35,0,0,1,0,0,0,1,0,0,"- ","- ",,,STANISLAUS,MODESTO,-120.97567749023438,37.663551330566406
81313236,2020,2020-09-28,5002,2020-09-21,1920,11209,M499,1,5,6,5002,0,0,0,,0,MP32,"TUOLUMNE BLVD","COLORADO AVE",170.00,E,N,A,-,N,,,,,,,,,,Y,4,0,1,3,A,-,21,22106,,N,B,C,A,A,H,-,C,D,0,,,,,Y,,A,01,0,0,1,0,0,0,0,0,0,"- ","- ",,,STANISLAUS,MODESTO,-121.00659942626953,37.627819061279297
81314549,2020,2020-09-30,5002,2020-08-22,0439,11531,M004,6,5,6,5002,0,0,0,,0,063,"KIERNAN AVE","AMERICAN AV",675.00,W,N,A,-,Y,,,,,,,,,,Y,2,0,1,2,A,-,01,23152,A,N,C,C,A,A,H,-,D,D,0,,,Y,,Y,Y,A,01,1,0,0,0,0,0,0,0,1,"- ","- ",,,STANISLAUS,MODESTO,-121.04341125488281,37.711624145507812
81314553,2020,2020-09-30,5002,2020-09-04,2142,11023,,5,5,6,5002,0,0,0,,0,MP41,"6TH ST","G ST",0.00,,Y,A,-,Y,,,,,,,,,,N,3,0,1,2,A,-,12,21453,A,N,D,C,A,A,H,-,D,A,0,,,,,Y,,A,07,0,1,0,0,0,0,0,0,0,"- ","- ",,,STANISLAUS,MODESTO,-121.00070190429688,37.634719848632812
81314563,2020,2020-09-30,5002,2020-09-11,1806,11531,,5,5,6,5002,0,0,0,,0,041,"10TH ST","H ST",0.00,,Y,A,-,N,,,,,,,,,,Y,3,0,1,2,A,-,12,21453,A,N,D,C,A,A,H,-,A,A,0,,,,,Y,,A,07,0,1,0,0,0,0,0,0,0,"- ","- ",,,STANISLAUS,MODESTO,-120.99800109863281,37.638561248779297
81314564,2020,2020-09-30,5002,2020-09-12,1033,11740,M409,6,5,6,5002,0,0,0,,0,MP41,"9TH ST","B ST",0.00,,Y,A,-,N,,,,,,,,,,Y,4,0,4,3,A,-,08,22107,,N,-,C,A,A,H,-,A,A,0,,,,,Y,,A,01,0,0,4,0,0,0,0,0,0,"- ","- ",,,STANISLAUS,MODESTO,-120.99201965332031,37.632118225097656
81314570,2020,2020-09-30,5002,2020-09-02,1025,13213,M304,3,5,6,5002,0,0,0,,0,MP71,"COUNTY CENTER 3 CT","OAKDALE RD",0.00,,Y,A,-,N,,,,,,,,,,N,4,0,1,2,A,-,03,22350,,F,C,C,A,A,H,-,A,A,0,,,,,Y,,-,99,0,0,1,0,0,0,0,0,0,"- ","- ",,,STANISLAUS,MODESTO,-120.95746,37.655569999999997
81316143,2020,2020-10-02,5002,2020-07-07,2159,11267,M027,2,5,6,5002,0,0,0,,0,MP63,"STANDIFORD AVE","CARVER RD",365.00,W,N,A,-,N,,,,,,,,,,N,1,1,0,2,A,-,11,21955,,F,G,B,D,A,H,-,C,D,0,Y,,,,Y,Y,N,60,0,0,0,1,0,0,0,0,0,"- ","- ",,,STANISLAUS,MODESTO,-121.02368927001953,37.689464569091797
81316147,2020,2020-10-02,5002,2020-09-01,2041,11267,M417,2,5,6,5002,0,0,0,,0,MP41,"L ST","8TH ST",0.00,,Y,A,-,Y,,,,,,,,,,N,1,1,0,2,A,-,06,21951,,F,G,B,B,A,H,-,C,D,0,Y,,,,Y,,D,22,0,0,0,1,0,0,0,0,0,"- ","- ",,,STANISLAUS,MODESTO,-121.00447845458984,37.640979766845703
81316159,2020,2020-10-02,5002,2020-09-25,1911,11621,,5,5,6,5002,0,0,0,,0,MP83,"SONOMA AVE","WESTBURY LN",69.00,S,N,A,-,N,,,,,,,,,,N,2,0,1,2,A,-,11,21954,A,N,G,B,D,A,H,-,D,D,0,Y,,,,Y,,N,60,1,0,0,0,1,0,0,0,0,"- ","- ",,,STANISLAUS,MODESTO,-120.94835662841797,37.657508850097656
81318881,2020,2020-10-07,5002,2020-09-25,1730,13290,,5,5,6,5002,0,0,0,,0,,"LA LOMA AVE","SANTA ROSA AVE",0.00,,Y,A,-,N,,,,,,,,,,N,4,0,2,3,A,-,04,21703,,N,C,C,A,A,H,-,A,D,0,,,,,Y,,A,01,0,0,2,0,0,0,0,0,0,"- ","- ",,,STANISLAUS,MODESTO,-120.98005676269531,37.6427001953125
81318886,2020,2020-10-07,5002,2020-09-26,2304,13015,143,6,5,6,5002,0,0,0,,0,MP72,"COFFEE RD","FLOYD AVE",320.00,S,N,A,-,N,,,,,,,,,,N,4,0,2,2,A,-,08,22107,,N,C,C,A,A,H,-,C,D,0,,,,,Y,,A,07,0,0,2,0,0,0,0,0,0,"- ","- ",,,STANISLAUS,MODESTO,-120.97580718994141,37.677131652832031
8132233,2016,2016-10-04,5006,2016-09-16,1100,S01823,MODES,5,5,3,5006,0,0,0,,0,RP1,"3RD ST","SIERRA ST",95.00,S,N,A,-,N,,,,,,,,,,N,4,0,2,3,A,-,03,22350,,N,C,C,A,A,H,-,A,D,0,,,,,Y,,D,22,0,0,2,0,0,0,0,0,0,"- ","- ",,,STANISLAUS,RIVERBANK,-120.93576,37.733809119999997
81323224,2020,2020-10-14,5002,2020-09-05,0912,13232,M426,6,5,6,5002,0,0,0,,0,MP32,"G ST","3RD ST",60.00,E,N,A,-,N,,,,,,,,,,N,3,0,1,3,A,-,08,22107,,N,C,E,A,A,H,-,A,D,0,,,,,Y,,A,01,0,1,0,0,0,0,0,0,0,"- ","- ",,,STANISLAUS,MODESTO,-121.00335693359375,37.632724761962891
81323253,2020,2020-10-14,5002,2020-10-09,0512,13028,,5,5,6,5002,0,0,0,,0,MP32,"COLORADO AVE","WESTERN WAY",1810.00,S,N,-,-,N,,,,,,,,,,Y,4,0,1,3,A,-,01,23152,A,F,D,C,A,A,H,-,C,D,0,,,,,Y,Y,A,07,0,0,1,0,0,0,0,0,0,"- ","- ",,,STANISLAUS,MODESTO,-121.0072021484375,37.621089935302734
8132608,2016,2016-10-18,5007,2016-09-03,0803,5517,,6,5,5,5007,0,0,0,,0,005,"WEST HAWKEYE AV","GEER RD",163.00,W,N,A,-,N,,,,,,,,,,N,4,0,2,2,A,-,21,22106,,N,C,C,A,-,H,-,A,A,0,,,,,Y,,A,07,0,0,2,0,0,0,0,0,0,"- ","- ",,,STANISLAUS,TURLOCK,-120.84953186,37.507295749999997
8132841,2016,2016-10-14,5007,2016-09-10,0815,6743,5007,6,5,5,5007,0,0,0,,0,001,"NORTH OLIVE AV","DELBON AV",552.00,N,N,A,-,N,,,,,,,,,,Y,3,0,1,2,A,-,09,21804,A,N,D,C,A,A,H,-,A,D,0,,,,,Y,,A,01,0,1,0,0,0,0,0,0,0,"- ","- ",,,STANISLAUS,TURLOCK,-120.83985139000001,37.511985680000002
8132857,2016,2016-10-14,5007,2016-09-27,1755,5762,5007,2,5,5,5007,0,0,0,,0,001,"JAMES LN","HAYES DR",0.00,,Y,A,-,N,,,,,,,,,,Y,3,0,2,2,A,-,09,21800,B,N,A,C,A,A,H,-,A,A,0,,,,,Y,,A,01,0,1,1,0,0,0,0,0,0,"- ","- ",,,STANISLAUS,TURLOCK,-120.84494993,37.520949969999997
8132861,2016,2016-10-14,5007,2016-09-26,1704,5762,5007,1,5,5,5007,0,0,0,,0,003,"WEST MAIN ST","NORTH WALNUT ST",0.00,,Y,A,-,N,,,,,,,,,,Y,4,0,1,2,D,-,00,,,N,A,C,A,A,H,-,A,A,0,,,,,Y,,-,"- ",0,0,1,0,0,0,0,0,0,"- ","- ",,,STANISLAUS,TURLOCK,-120.87179986,37.492729939999997
8132869,2016,2016-10-14,5007,2016-09-13,1545,5755,,2,5,5,5007,0,0,0,,0,002,"EAST OLIVE AV","NORTH CENTER ST",0.00,,Y,A,-,N,,,,,,,,,,Y,4,0,1,2,D,-,00,,,N,D,C,A,A,H,-,A,A,0,,,,,Y,,-,"- ",0,0,1,0,0,0,0,0,0,"- ","- ",,,STANISLAUS,TURLOCK,-120.84598988,37.496049960000001
8132873,2016,2016-10-14,5007,2016-09-12,0523,5719,STANI,1,5,5,5007,0,0,0,,0,005,"EAST CANAL DR","KENWOOD AV",0.00,,Y,A,-,N,,,,,,,,,,N,4,0,1,2,A,-,00,24400,B,N,D,C,A,A,H,-,C,D,0,,,,,Y,,A,01,0,0,1,0,0,0,0,0,0,"- ","- ",,,STANISLAUS,TURLOCK,-120.84103989,37.500439999999998
8132877,2016,2016-10-14,5007,2016-09-12,0625,5735,,1,5,5,5007,0,0,0,,0,001,"GEER RD",TUOLUMNE,74.00,N,N,A,-,N,,,,,,,,,,N,4,0,1,2,A,-,09,21802,A,N,D,G,A,A,H,-,A,D,0,,Y,,,Y,,A,01,0,0,1,0,0,0,1,0,0,"- ","- ",,,STANISLAUS,TURLOCK,-120.84896999999999,37.514823210000003
8133016,2016,2016-12-14,5001,2016-10-10,1000,818,B003,1,5,4,5001,0,0,0,,0,003,"MITCHELL RD","GARRISON ST",287.00,N,N,A,-,N,,,,,,,,,,Y,4,0,2,2,A,-,07,21658,A,N,B,C,A,A,H,-,A,D,0,,,,Y,Y,,F,27,0,0,2,0,0,0,0,0,0,"- ","- ",37.601999999999997,-120.93872,STANISLAUS,CERES,-120.9387,37.599128159999999
8133894,2016,2017-02-18,5007,2016-09-17,1402,5724,,6,5,5,5007,0,0,0,,0,002,"LANDER AV","RT 99",0.00,,Y,A,-,Y,STA,10,99,-,R,1.834,R,4,N,Y,4,0,3,3,A,-,08,22107,,N,C,D,A,A,H,-,A,D,0,,,,Y,Y,Y,A,07,0,0,3,0,0,0,0,0,0,"- ","- ",,,STANISLAUS,TURLOCK,-120.85209935,37.47521081
8134002,2016,2016-10-04,5002,2016-09-19,0758,10228,M880,1,5,6,5002,0,0,0,,0,071,"COFFEE RD","CHADWICK CT",0.00,,Y,A,-,N,,,,,,,,,,N,4,0,1,2,A,-,05,21650,,N,D,G,A,A,H,-,A,D,0,,Y,,,Y,,L,,0,0,1,0,0,0,1,0,0,"- ","- ",,,STANISLAUS,MODESTO,-120.97559995,37.655830000000002