CASE_ID,ACCIDENT_YEAR,PROC_DATE,JURIS,COLLISION_DATE,COLLISION_TIME,OFFICER_ID,REPORTING_DISTRICT,DAY_OF_WEEK,CHP_SHIFT,POPULATION,CNTY_CITY_LOC,SPECIAL_COND,BEAT_TYPE,CHP_BEAT_TYPE,CITY_DIVISION_LAPD,CHP_BEAT_CLASS,BEAT_NUMBER,PRIMARY_RD,SECONDARY_RD,DISTANCE,DIRECTION,INTERSECTION,WEATHER_1,WEATHER_2,STATE_HWY_IND,CALTRANS_COUNTY,CALTRANS_DISTRICT,STATE_ROUTE,ROUTE_SUFFIX,POSTMILE_PREFIX,POSTMILE,LOCATION_TYPE,RAMP_INTERSECTION,SIDE_OF_HWY,TOW_AWAY,COLLISION_SEVERITY,NUMBER_KILLED,NUMBER_INJURED,PARTY_COUNT,PRIMARY_COLL_FACTOR,PCF_CODE_OF_VIOL,PCF_VIOL_CATEGORY,PCF_VIOLATION,PCF_VIOL_SUBSECTION,HIT_AND_RUN,TYPE_OF_COLLISION,MVIW,PED_ACTION,ROAD_SURFACE,ROAD_COND_1,ROAD_COND_2,LIGHTING,CONTROL_DEVICE,CHP_ROAD_TYPE,PEDESTRIAN_ACCIDENT,BICYCLE_ACCIDENT,MOTORCYCLE_ACCIDENT,TRUCK_ACCIDENT,NOT_PRIVATE_PROPERTY,ALCOHOL_INVOLVED,STWD_VEHTYPE_AT_FAULT,CHP_VEHTYPE_AT_FAULT,COUNT_SEVERE_INJ,COUNT_VISIBLE_INJ,COUNT_COMPLAINT_PAIN,COUNT_PED_KILLED,COUNT_PED_INJURED,COUNT_BICYCLIST_KILLED,COUNT_BICYCLIST_INJURED,COUNT_MC_KILLED,COUNT_MC_INJURED,PRIMARY_RAMP,SECONDARY_RAMP,LATITUDE,LONGITUDE,COUNTY,CITY,POINT_X,POINT_Y
8134018,2016,2016-10-04,5002,2016-09-07,1240,11807,134,3,5,6,5002,0,0,0,,0,073,SYLVAN,"KELLER ST",40.00,E,N,A,-,N,,,,,,,,,,N,4,0,1,2,A,-,03,22350,,N,C,C,A,A,H,-,A,A,0,,,,,Y,,A,,0,0,1,0,0,0,0,0,0,"- ","- ",,,STANISLAUS,MODESTO,-120.97017176999999,37.68891
8134042,2016,2016-10-04,5002,2016-09-20,1244,11097,M99,2,5,6,5002,0,0,0,,0,061,"NORTH 9TH ST",CAMPUS,0.00,,Y,A,-,N,,,,,,,,,,Y,3,0,3,2,A,-,03,22350,,N,D,C,A,A,H,-,A,D,0,,,,,Y,,A,,0,1,2,0,0,0,0,0,0,"- ","- ",,,STANISLAUS,MODESTO,-121.01086995999999,37.647189969999999
8134062,2016,2016-10-04,5002,2016-09-19,1531,11818,M359,1,5,6,5002,0,0,0,,0,033,"CARPENTER RD","CALIFORNIA AV",0.00,,Y,A,-,N,,,,,,,,,,Y,4,0,1,2,A,-,09,21802,A,N,D,C,A,A,H,-,A,A,0,,,,,Y,,A,,0,0,1,0,0,0,0,0,0,"- ","- ",,,STANISLAUS,MODESTO,-121.03054992,37.631399960000003
81362521,2020,2020-12-10,5002,2020-10-11,1522,11621,M021,7,5,6,5002,0,0,0,,0,MP63,"SISK RD","STANDIFORD AVE",45.00,N,N,A,-,N,,,,,,,,,,N,4,0,2,2,A,-,03,22350,,F,C,C,A,A,H,-,A,A,0,,,,,Y,,A,01,0,0,2,0,0,0,0,0,0,"- ","- ",,,STANISLAUS,MODESTO,-121.05088806152344,37.684963226318359
81362532,2020,2020-12-10,5002,2020-10-14,1543,11813,M065,3,5,6,5002,0,0,0,,0,MP82,"MC HENRY AVE","TOKAY AVE",0.00,,Y,A,-,Y,,,,,,,,,,Y,3,0,1,2,A,-,12,21453,A,N,D,C,A,A,H,-,A,A,0,,,,,Y,,A,01,0,1,0,0,0,0,0,0,0,"- ","- ",,,STANISLAUS,MODESTO,-120.99407196044922,37.672760009765625
81362535,2020,2020-12-10,5002,2020-10-15,1140,11531,,4,5,6,5002,0,0,0,,0,MP82,"MC HENRY AVE","HINTZE AVE",55.00,S,N,A,-,Y,,,,,,,,,,N,4,0,1,2,A,-,03,22350,,N,C,C,A,A,H,-,A,A,0,,,,,Y,,A,08,0,0,1,0,0,0,0,0,0,"- ","- ",,,STANISLAUS,MODESTO,-120.99381256103516,37.655609130859375
81362536,2020,2020-12-10,5002,2020-10-15,1216,13196,M228,4,5,6,5002,0,0,0,,0,MP81,"MC HENRY AVE","GRISWOLD AVE",5.00,S,N,A,-,Y,,,,,,,,,,N,3,0,1,2,A,-,05,21650,1,N,A,G,A,A,H,-,A,A,0,,Y,,,Y,,L,04,0,1,0,0,0,0,1,0,0,"- ","- ",,,STANISLAUS,MODESTO,-120.99381256103516,37.655475616455078
81362543,2020,2020-12-10,5002,2020-10-16,1954,13300,RD04,5,5,6,5002,0,0,0,,0,MP31,"WHITMORE AVE","DALLAS ST",312.00,E,N,A,-,N,,,,,,,,,,Y,2,0,1,2,A,-,09,21801,A,N,D,C,A,A,H,-,C,D,0,,,Y,,Y,,A,01,1,0,0,0,0,0,0,0,1,"- ","- ",,,STANISLAUS,MODESTO,-121.00031280517578,37.594989776611328
81362619,2020,2020-12-10,5002,2020-11-02,2213,11697,,1,5,6,5002,0,0,0,,0,MP43,"HADDON AVE","AVILA CT",55.00,W,N,A,-,N,,,,,,,,,,Y,3,0,1,2,A,-,01,23152,A,N,C,E,A,A,H,-,C,D,0,,,,,Y,Y,A,01,0,1,0,0,0,0,0,0,0,"- ","- ",,,STANISLAUS,MODESTO,-120.94413757324219,37.641693115234375
81362621,2020,2020-12-10,5002,2020-11-03,0709,11136,M387,2,5,6,5002,0,0,0,,0,MP41,"14TH ST","J ST",0.00,,Y,A,-,N,,,,,,,,,,Y,4,0,2,2,A,-,12,21457,A,N,D,C,A,A,H,-,A,A,0,,,,,Y,,A,01,0,0,2,0,0,0,0,0,0,"- ","- ",,,STANISLAUS,MODESTO,-120.99649810791016,37.643398284912109
81362627,2020,2020-12-10,5002,2020-11-04,0757,11196,305,3,5,6,5002,0,0,0,,0,MP82,"ORANGEBURG AVE","SYCAMORE AVE",0.00,,Y,A,-,N,,,,,,,,,,Y,4,0,1,2,A,-,09,21802,A,N,D,C,A,A,H,-,A,A,0,,,,,Y,,A,08,0,0,1,0,0,0,0,0,0,"- ","- ",,,STANISLAUS,MODESTO,-120.99791717529297,37.663761138916016
81362628,2020,2020-12-10,5002,2020-11-04,1430,10152,,3,5,6,5002,0,0,0,,0,MP72,"BRIGGSMORE AVE","ROSE AVE",300.00,E,N,A,-,N,,,,,,,,,,Y,4,0,2,2,A,-,04,21703,,N,C,C,A,A,H,-,A,D,0,,,,,Y,,D,22,0,0,2,0,0,0,0,0,0,"- ","- ",,,STANISLAUS,MODESTO,-120.96562194824219,37.667469024658203
81362669,2020,2020-12-10,5002,2020-11-09,1924,11209,M420,1,5,6,5002,0,0,0,,0,MP33,"5TH ST","I ST",200.00,N,N,A,-,N,,,,,,,,,,Y,3,0,2,3,C,-,18,,,N,B,C,A,A,H,-,C,A,0,,,,,Y,,-,"- ",0,1,1,0,0,0,0,0,0,"- ","- ",,,STANISLAUS,MODESTO,-121.00436401367188,37.636360168457031
81362673,2020,2020-12-10,5002,2020-11-10,1024,10043,M134,2,5,6,5002,0,0,0,,0,MP73,"PRESERVATION DR","VERANDA WAY",100.00,S,N,A,-,N,,,,,,,,,,Y,3,0,1,1,A,-,08,22107,,N,E,I,A,A,H,-,A,A,0,,,,,Y,,A,01,0,1,0,0,0,0,0,0,0,"- ","- ",,,STANISLAUS,MODESTO,-120.96462249755859,37.699054718017578
81362729,2020,2020-12-10,5002,2020-11-21,1300,13138,M004,6,5,6,5002,0,0,0,,0,MP82,"KIERNAN AVE","DALE RD",50.00,W,N,A,-,Y,,,,,,,,,,Y,4,0,1,2,A,-,03,22350,,N,C,C,A,A,H,-,A,A,0,,,,,Y,,A,01,0,0,1,0,0,0,0,0,0,"- ","- ",,,STANISLAUS,MODESTO,-121.05030059814453,37.711578369140625
81362733,2020,2020-12-10,5002,2020-11-22,0047,13116,M017,7,5,6,5002,0,0,0,,0,MP62,"STANDIFORD AVE","CONANT AVE",1110.00,E,N,A,-,N,,,,,,,,,,Y,4,0,1,2,A,-,01,23152,A,N,A,C,A,A,H,-,C,D,0,,,,,Y,Y,A,01,0,0,1,0,0,0,0,0,0,"- ","- ",,,STANISLAUS,MODESTO,-121.03728485107422,37.687183380126953
81362737,2020,2020-12-10,5002,2020-11-23,0618,13154,,1,5,6,5002,0,0,0,,0,MP33,"MAZE BLVD","DAISY LN",48.00,S,N,A,-,Y,,,,,,,,,,N,4,0,2,2,A,-,03,22350,,N,C,C,A,A,H,-,B,A,0,,,,,Y,,A,01,0,0,2,0,0,0,0,0,0,"- ","- ",,,STANISLAUS,MODESTO,-121.02536773681641,37.638660430908203
81362740,2020,2020-12-10,5002,2020-11-23,1500,11046,,1,5,6,5002,0,0,0,,0,MP32,"COLORADO AVE","SOUTH AVE",0.00,,Y,A,-,N,,,,,,,,,,Y,3,0,1,2,A,-,12,22450,A,N,D,C,A,A,A,-,A,D,0,,,,,Y,,A,01,0,1,0,0,0,0,0,0,0,"- ","- ",,,STANISLAUS,MODESTO,-121.00718688964844,37.624240875244141
81362741,2020,2020-12-10,5002,2020-11-23,1748,11793,RD224,1,5,6,5002,0,0,0,,0,MP81,"MC HENRY AVE","ROSEBURG AVE",0.00,,Y,A,-,Y,,,,,,,,,,Y,4,0,3,2,A,-,12,21453,A,N,D,C,A,A,H,-,C,A,0,,,,,Y,,A,07,0,0,3,0,0,0,0,0,0,"- ","- ",,,STANISLAUS,MODESTO,-120.99385833740234,37.660060882568359
81362770,2020,2020-12-10,5002,2020-11-30,1351,11046,,1,5,6,5002,0,0,0,,0,MP32,"CHICAGO AVE","HARON LN",0.00,,Y,A,-,N,,,,,,,,,,N,3,0,1,2,A,-,05,21650,1,N,D,G,A,A,H,-,A,D,0,,Y,,,Y,,L,04,0,1,0,0,0,0,1,0,0,"- ","- ",,,STANISLAUS,MODESTO,-121.01628875732422,37.625968933105469
81362771,2020,2020-12-10,5002,2020-11-30,1726,13262,M024,1,5,6,5002,0,0,0,,0,MP61,"CARPENTER RD","HWY 99 (ON RAMP) (N)",35.00,S,N,A,-,N,,,,,,,,,,Y,4,0,2,2,A,-,12,21453,A,N,D,C,A,A,H,-,D,A,0,,,,,Y,,A,01,0,0,2,0,0,0,0,0,0,"- ","- ",,,STANISLAUS,MODESTO,-121.03132629394531,37.665843963623047
81362791,2020,2020-12-10,5002,2020-12-07,1551,11813,60,1,5,6,5002,0,0,0,,0,MP82,"MC HENRY AVE","SHEILA CT",165.00,S,N,A,-,Y,,,,,,,,,,Y,3,0,1,2,A,-,09,21804,A,N,H,C,A,A,H,-,A,D,0,,,Y,,Y,,A,08,0,1,0,0,0,0,0,0,1,"- ","- ",,,STANISLAUS,MODESTO,-120.99411773681641,37.676395416259766
81362794,2020,2020-12-10,5002,2020-12-07,1746,11813,M045,1,5,6,5002,0,0,0,,0,MP82,"BRIGGSMORE AVE","TULLY RD",0.00,,Y,A,-,N,,,,,,,,,,N,4,0,1,2,A,-,09,21453,B,N,D,C,A,A,H,-,C,A,0,,,,,Y,,A,07,0,0,1,0,0,0,0,0,0,"- ","- ",,,STANISLAUS,MODESTO,-121.01225280761719,37.67047119140625
81364001,2020,2020-12-11,5002,2020-12-05,0930,11740,M609,6,5,6,5002,0,0,0,,0,MP43,"YOSEMITE BLVD","CLAUS RD",24.00,E,N,A,-,Y,,,,,,,,,,Y,4,0,1,2,A,-,12,21453,A,N,D,C,A,A,H,-,A,A,0,,,,,Y,,-,33,0,0,1,0,0,0,0,0,0,"- ","- ",,,STANISLAUS,MODESTO,-120.92324066162109,37.638259887695312
81364006,2020,2020-12-11,5002,2020-12-09,1649,11808,RD255,3,5,6,5002,0,0,0,,0,MP82,"COLLIER AVE","ORANGEBURG AVE",0.00,,Y,A,-,N,,,,,,,,,,N,3,0,1,2,A,-,10,21950,A,N,G,B,B,A,H,-,B,A,0,Y,,,,Y,,A,01,0,1,0,0,1,0,0,0,0,"- ","- ",,,STANISLAUS,MODESTO,-120.9910888671875,37.663658142089844
81364009,2020,2020-12-11,5002,2020-12-10,1227,13222,M217,4,5,6,5002,0,0,0,,0,MP81,"COLLEGE AVE","ROSEBURG AVE",0.00,,Y,A,-,N,,,,,,,,,,N,4,0,1,2,A,-,12,21453,A,N,D,G,A,A,H,-,A,A,0,,Y,,,Y,,L,04,0,0,1,0,0,0,1,0,0,"- ","- ",,,STANISLAUS,MODESTO,-121.00755310058594,37.660308837890625
8136656,2016,2016-10-07,5002,2016-09-30,1508,10542,158,5,5,6,5002,0,0,0,,0,072,"OAKDALE RD","MANOR OAK DR",300.00,N,N,A,-,N,,,,,,,,,,Y,3,0,4,2,A,-,03,22350,,N,C,C,A,A,H,-,A,D,0,,,,,Y,,D,,0,2,2,0,0,0,0,0,0,"- ","- ",,,STANISLAUS,MODESTO,-120.95774422,37.675303630000002
8136664,2016,2016-11-23,5002,2016-09-30,1347,11854,M419,5,5,6,5002,0,0,0,,0,041,"6TH ST","I ST",0.00,,Y,A,-,N,,,,,,,,,,Y,3,0,1,2,A,-,12,21453,A,N,D,C,A,A,H,-,A,A,0,,,,,Y,,-,"- ",0,1,0,0,0,0,0,0,0,"- ","- ",,,STANISLAUS,MODESTO,-121.00297987,37.636649980000001
8136704,2016,2016-11-23,5002,2016-09-25,1635,11278,M531,7,5,6,5002,0,0,0,,0,063,"SISK RD","VINTAGE FAIRE",36.00,N,N,A,-,N,,,,,,,,,,Y,4,0,2,2,A,-,03,22350,,N,B,C,A,A,H,-,A,A,0,,,,,Y,,A,,0,0,2,0,0,0,0,0,0,"- ","- ",,,STANISLAUS,MODESTO,-121.05234025999999,37.685705319999997
8137285,2016,2016-10-11,5001,2016-09-26,1735,340,B106,1,5,4,5001,0,0,0,,0,003,WAYNESBORO,GINKGO,0.00,,Y,A,-,N,,,,,,,,,,Y,4,0,1,2,A,-,03,22350,,N,D,C,A,A,H,-,A,A,0,,,,,Y,,A,01,0,0,1,0,0,0,0,0,0,"- ","- ",,,STANISLAUS,CERES,-120.93084987,37.603849969999999
81374446,2020,2020-12-24,5002,2020-12-13,1705,11606,M189,7,5,6,5002,0,0,0,,0,MP61,"ORANGEBURG AVE","TULLY RD",67.00,W,N,C,-,N,,,,,,,,,,N,4,0,1,4,A,-,01,23152,A,N,C,C,A,B,H,-,B,A,0,,,,,Y,Y,A,07,0,0,1,0,0,0,0,0,0,"- ","- ",,,STANISLAUS,MODESTO,-121.01242828369141,37.664051055908203
81374450,2020,2020-12-24,5002,2020-12-17,1859,13257,,4,5,6,5002,0,0,0,,0,MP31,"CROWS LANDING RD","IMPERIAL AVE",0.00,,Y,A,-,N,,,,,,,,,,Y,4,0,2,2,A,-,01,23152,A,N,A,C,A,A,H,-,C,D,0,,,,,Y,Y,A,01,0,0,2,0,0,0,0,0,0,"- ","- ",,,STANISLAUS,MODESTO,-120.99353790283203,37.600688934326172
81374462,2020,2020-12-24,5002,2020-12-22,1516,11531,,2,5,6,5002,0,0,0,,0,MP41,"L ST (SR-108)","14TH ST",0.00,,Y,A,-,Y,,,,,,,,,,Y,4,0,2,2,A,-,09,21802,A,N,D,C,A,A,H,-,A,A,0,,,,,Y,,A,07,0,0,2,0,0,0,0,0,0,"- ","- ",,,STANISLAUS,MODESTO,-120.99884033203125,37.645278930664062
81376506,2020,2020-12-29,5002,2020-10-29,0113,11098,,4,5,6,5002,0,0,0,,0,MP83,"TULLY RD","STANDIFORD AVE",403.00,S,N,A,-,N,,,,,,,,,,Y,2,0,1,4,A,-,01,23152,A,N,C,E,A,A,H,-,C,D,0,,,,,Y,Y,A,01,1,0,0,0,0,0,0,0,0,"- ","- ",,,STANISLAUS,MODESTO,-121.01248931884766,37.688224792480469
8137804,2016,2016-10-18,5006,2016-09-19,2136,S01342,MODES,1,5,3,5006,0,0,0,,0,RP1,"JACKSON AV","PATTERSON RD",0.00,,Y,A,-,N,,,,,,,,,,N,3,0,1,2,A,-,09,21801,A,N,A,C,A,A,H,-,C,A,0,,,,,Y,,D,22,0,1,0,0,0,0,0,0,0,"- ","- ",,,STANISLAUS,RIVERBANK,-120.94957993,37.73269998
81379085,2020,2021-01-01,5002,2020-12-14,1509,11813,224,1,5,6,5002,0,0,0,,0,MP81,"MC HENRY AVE","ROSEBURG AVE",460.00,N,N,A,-,Y,,,,,,,,,,Y,4,0,2,3,A,-,08,22107,,N,D,C,A,A,H,-,A,D,0,,,,,Y,,A,01,0,0,2,0,0,0,0,0,0,"- ","- ",,,STANISLAUS,MODESTO,-120.99388122558594,37.661323547363281
81379091,2020,2021-01-01,5002,2020-12-24,1657,11697,,4,5,6,5002,0,0,0,,0,MP82,"BRIGGSMORE AVE","COLLEGE AVE",400.00,E,N,A,-,N,,,,,,,,,,N,4,0,2,2,A,-,03,22350,,N,C,C,A,A,H,-,A,A,0,,,,,Y,,A,01,0,0,2,0,0,0,0,0,0,"- ","- ",,,STANISLAUS,MODESTO,-121.00630187988281,37.670475006103516
81379094,2020,2021-01-01,5002,2020-12-29,1358,11813,215,2,5,6,5002,0,0,0,,0,MP82,"MC HENRY AVE","DRAKE AVE",50.00,N,N,A,-,Y,,,,,,,,,,N,4,0,1,2,A,-,03,22350,,N,C,C,A,A,H,-,A,D,0,,,,,Y,,A,01,0,0,1,0,0,0,0,0,0,"- ","- ",,,STANISLAUS,MODESTO,-120.99394226074219,37.6650390625
81379098,2020,2021-01-01,5002,2020-12-30,1556,11621,M176,3,5,6,5002,0,0,0,,0,MP61,"CARVER RD","ORANGEBURG AVE",107.00,N,N,A,-,N,,,,,,,,,,Y,3,0,1,2,A,-,09,21804,A,N,D,C,A,A,H,-,A,D,0,,,,,Y,,A,01,0,1,0,0,0,0,0,0,0,"- ","- ",,,STANISLAUS,MODESTO,-121.02201843261719,37.664474487304688
8138027,2016,2017-02-18,5002,2016-09-26,1412,11750,110,1,5,6,5002,0,0,0,,0,082,"MCHENRY AV","SHEILA CT",0.00,,Y,A,-,Y,STA,10,108,-,-,25.250,I,5,W,Y,3,0,2,2,A,-,08,22107,,F,D,C,A,A,H,-,A,D,0,,,,,Y,,A,,0,1,1,0,0,0,0,0,0,"- ","- ",,,STANISLAUS,MODESTO,-120.99412307,37.676988270000003
81380462,2020,2021-01-05,5002,2020-12-09,1724,13129,,3,5,6,5002,0,0,0,,0,MP82,"MC HENRY AVE","BOWEN AVE",6.00,S,N,A,-,Y,,,,,,,,,,N,4,0,1,2,A,-,17,21200,A,N,A,G,A,A,H,-,C,A,0,,Y,,,Y,,L,04,0,0,1,0,0,0,1,0,0,"- ","- ",,,STANISLAUS,MODESTO,-120.99411010742188,37.674556732177734
8138054,2016,2016-10-12,5002,2016-10-02,1248,10588,807,7,5,6,5002,0,0,0,,0,073,"SYLVAN AV","ROSELLE AV",0.00,,Y,A,-,N,,,,,,,,,,N,4,0,1,2,A,-,08,22101,D,N,D,C,A,A,H,-,A,A,0,,,,,Y,,D,,0,0,1,0,0,0,0,0,0,"- ","- ",,,STANISLAUS,MODESTO,-120.940072,37.688890999999998
81381459,2020,2021-01-06,5002,2020-12-15,1752,11754,M179,2,5,6,5002,0,0,0,,0,MP61,"EVERGREEN AVE","ANGELA LN",123.00,W,N,A,-,N,,,,,,,,,,N,3,0,1,2,A,-,10,21954,B,F,G,B,D,A,H,-,C,A,0,Y,,,,Y,,A,01,0,1,0,0,1,0,0,0,0,"- ","- ",,,STANISLAUS,MODESTO,-121.02953338623047,37.667793273925781
81381464,2020,2021-01-06,5002,2020-12-31,2147,11531,,4,5,6,5002,0,0,0,,0,MP61,"KEARNEY AVE","OAKWOOD DR",63.00,S,N,A,-,N,,,,,,,,,,Y,3,0,1,2,A,-,08,22107,,N,A,E,A,A,H,-,C,D,0,,,,,Y,Y,A,01,0,1,0,0,0,0,0,0,0,"- ","- ",,,STANISLAUS,MODESTO,-121.01671600341797,37.66314697265625
81387177,2021,2021-01-14,5002,2021-01-08,1323,13172,RD03,5,5,6,5002,0,0,0,,0,MP31,"SISK RD","VINTAGE DR",504.00,N,N,A,-,Y,,,,,,,,,,Y,4,0,1,2,A,-,09,21800,A,N,C,C,A,A,H,-,A,A,0,,,,,Y,,-,"- ",0,0,1,0,0,0,0,0,0,"- ","- ",,,STANISLAUS,MODESTO,-121.06341552734375,37.692207336425781
81387874,2020,2021-01-15,5002,2020-04-11,2227,11267,,6,5,6,5002,0,0,0,,0,MP61,"N. 9TH ST","WOODLAND AVE",95.00,N,N,A,-,N,,,,,,,,,,Y,1,1,2,1,A,-,01,23152,A,N,E,I,A,A,H,-,C,A,0,,,,,Y,Y,A,01,0,0,2,0,0,0,0,0,0,"- ","- ",,,STANISLAUS,MODESTO,,
81387879,2020,2021-01-15,5002,2020-12-03,1238,13201,,4,5,6,5002,0,0,0,,0,MP83,"STANDIFORD AVE","SHERWOOD AVE",50.00,E,N,A,-,N,,,,,,,,,,Y,3,0,1,2,A,-,09,21804,A,N,D,C,A,A,H,-,A,D,0,,,,,Y,,A,07,0,1,0,0,0,0,0,0,0,"- ","- ",,,STANISLAUS,MODESTO,-120.99728393554688,37.689159393310547
81387885,2021,2021-01-15,5002,2021-01-01,1558,13312,M075,5,5,6,5002,0,0,0,,0,MP62,"ROBBIE AVE","JENNIFER DR",42.00,E,N,B,-,N,,,,,,,,,,N,2,0,2,1,A,-,03,22350,,N,F,A,A,A,H,-,A,D,0,,,Y,,Y,,C,06,2,0,0,0,0,0,0,0,2,"- ","- ",,,STANISLAUS,MODESTO,-121.02818298339844,37.679721832275391
81387888,2021,2021-01-15,5002,2021-01-02,1859,13126,,6,5,6,5002,0,0,0,,0,MP73,"SYLVAN AVE","ROSELLE AVE",0.00,,Y,A,-,N,,,,,,,,,,N,4,0,1,2,A,-,09,21803,A,N,B,C,A,A,H,-,C,A,0,,,,,Y,,A,01,0,0,1,0,0,0,0,0,0,"- ","- ",,,STANISLAUS,MODESTO,-120.93968963623047,37.689132690429688
81387898,2021,2021-01-15,5002,2021-01-10,2037,11098,,7,5,6,5002,0,0,0,,0,MP81,"MC HENRY AVE","MORRIS AVE",9.00,S,N,A,-,Y,,,,,,,,,,N,3,0,1,2,A,-,10,21950,A,N,G,B,B,A,H,-,C,A,0,Y,,,,Y,,D,22,0,1,0,0,1,0,0,0,0,"- ","- ",,,STANISLAUS,MODESTO,-120.99378204345703,37.650955200195312
81391075,2021,2021-01-20,5002,2021-01-02,1917,11740,,6,5,6,5002,0,0,0,,0,,"STANDIFORD AVE","CARVER RD",222.00,W,N,A,-,N,,,,,,,,,,Y,4,0,1,2,A,-,01,23152,A,F,D,C,A,A,H,-,C,D,0,,,,,Y,Y,A,07,0,0,1,0,0,0,0,0,0,"- ","- ",,,STANISLAUS,MODESTO,-121.023193359375,37.689453125
81392425,2021,2021-01-22,5002,2021-01-16,2023,13124,,6,5,6,5002,0,0,0,,0,MP73,"CLAUS RD","MILNES RD",6.00,S,N,A,-,N,,,,,,,,,,Y,4,0,2,2,A,-,09,21800,A,N,D,C,A,A,H,-,C,D,0,,,,,Y,,A,01,0,0,2,0,0,0,0,0,0,"- ","- ",,,STANISLAUS,MODESTO,-120.92148590087891,37.681781768798828
81392433,2021,2021-01-22,5002,2021-01-18,1910,11697,,1,5,6,5002,0,0,0,,0,MP71,"OAKDALE RD","COUNTY CENTER 3 CT",0.00,,Y,A,-,N,,,,,,,,,,Y,3,0,3,2,A,-,09,21801,A,N,D,C,A,A,H,-,C,A,0,,,,,Y,,A,01,0,1,2,0,0,0,0,0,0,"- ","- ",,,STANISLAUS,MODESTO,-120.95745849609375,37.655567169189453
81400272,2021,2021-02-02,5002,2021-01-26,2327,13312,M237,2,5,6,5002,0,0,0,,0,MP81,"MC HENRY AVE","FRANCES AVE",5.00,N,N,G,-,Y,,,,,,,,,,N,2,0,1,2,A,-,10,21950,A,N,G,B,B,B,H,-,C,D,0,Y,,,,Y,,A,01,1,0,0,0,1,0,0,0,0,"- ","- ",,,STANISLAUS,MODESTO,-120.99378204345703,37.653614044189453
81401245,2021,2021-02-03,5002,2021-01-20,2315,13312,M065,3,5,6,5002,0,0,0,,0,MP82,"MC HENRY AVE","BRIGGSMORE AVE",63.00,N,N,A,-,N,,,,,,,,,,Y,4,0,2,3,A,-,01,23152,A,N,C,C,A,A,H,-,C,A,0,,,,,Y,Y,A,07,0,0,2,0,0,0,0,0,0,"- ","- ",,,STANISLAUS,MODESTO,-120.99402618408203,37.670742034912109
81401257,2021,2021-02-03,5002,2021-01-23,2046,11531,M537,6,5,6,5002,0,0,0,,0,MP63,"SALIDA BLVD","PELANDALE AVE",263.00,S,N,A,-,N,,,,,,,,,,Y,2,0,1,1,A,-,01,23152,A,N,E,I,A,A,H,-,C,D,0,,,Y,,Y,Y,C,02,1,0,0,0,0,0,0,0,1,"- ","- ",,,STANISLAUS,MODESTO,-121.07144165039062,37.697929382324219
81401274,2021,2021-02-03,5002,2021-01-30,1425,13095,M151,6,5,6,5002,0,0,0,,0,MP73,"KODIAK DR","OMEGA WAY",0.00,,Y,A,-,N,,,,,,,,,,Y,4,0,1,2,A,-,09,21801,A,N,E,I,A,A,H,-,A,A,0,,,,,Y,,A,01,0,0,1,0,0,0,0,0,0,"- ","- ",,,STANISLAUS,MODESTO,-120.93692779541016,37.681632995605469
81402142,2021,2021-02-04,5002,2021-01-07,0108,13066,,4,5,6,5002,0,0,0,,0,MP62,"RONALD AVE","EDSEL AVE",48.00,W,N,A,-,N,,,,,,,,,,Y,4,0,1,2,A,-,08,22107,,N,A,E,A,A,H,-,C,D,0,,,,,Y,,A,01,0,0,1,0,0,0,0,0,0,"- ","- ",,,STANISLAUS,MODESTO,-121.01520538330078,37.671989440917969
81402149,2021,2021-02-04,5002,2021-01-18,1455,13290,M198,1,5,6,5002,0,0,0,,0,MP61,"TULLY RD","LEONARD AVE",0.00,,Y,A,-,N,,,,,,,,,,N,3,0,1,2,A,-,10,21950,A,N,G,B,B,A,H,-,A,A,0,Y,,,,Y,,A,01,0,1,0,0,1,0,0,0,0,"- ","- ",,,STANISLAUS,MODESTO,-121.01201629638672,37.654666900634766
8140249,2016,2016-10-07,5002,2016-09-29,0907,818,A210,4,5,6,5002,0,0,0,,0,001,"HATCH RD","HERNDON AV",635.00,E,N,A,-,N,,,,,,,,,,Y,4,0,1,3,A,-,03,22350,,N,C,C,A,A,H,-,A,D,0,,,,,Y,,A,07,0,0,1,0,0,0,0,0,0,"- ","- ",37.609360000000002,-120.97423000000001,STANISLAUS,MODESTO,-120.97203286,37.609250000000003
81405640,2021,2021-02-10,5002,2021-01-09,1436,13032,M415,6,5,6,5002,0,0,0,,0,MP41,"I ST","9TH ST",0.00,,Y,A,-,Y,,,,,,,,,,Y,4,0,1,2,A,-,17,21451,A,N,D,C,A,A,H,-,A,A,0,,,,,Y,,A,01,0,0,1,0,0,0,0,0,0,"- ","- ",,,STANISLAUS,MODESTO,-121.00018310546875,37.638782501220703
81406479,2021,2021-02-11,5002,2021-02-07,1522,11404,M406,7,5,6,5002,0,0,0,,0,MP41,"G ST","13TH ST",150.00,W,N,A,-,N,,,,,,,,,,Y,3,0,1,3,A,-,08,22107,,N,C,E,A,A,H,-,A,A,0,,,,,Y,,A,01,0,1,0,0,0,0,0,0,0,"- ","- ",37.639739990234375,-120.99398040771484,STANISLAUS,MODESTO,-120.99437713623047,37.639469146728516
81406480,2021,2021-02-11,5002,2021-02-07,1957,11754,M328,7,5,6,5002,0,0,0,,0,MP43,"LINCOLN AVE","DRY CREEK DR",0.00,,Y,A,-,N,,,,,,,,,,Y,4,0,1,1,A,-,01,23152,A,N,E,I,A,A,H,-,C,A,0,,,,,Y,Y,A,07,0,0,1,0,0,0,0,0,0,"- ","- ",37.648941040039062,-120.93914794921875,STANISLAUS,MODESTO,-120.93907928466797,37.648998260498047
81406483,2021,2021-02-11,5002,2021-02-08,0825,13288,M320,1,5,6,5002,0,0,0,,0,MP43,"YOSEMITE BLVD","RIVERSIDE DR",88.00,W,N,A,-,N,,,,,,,,,,Y,4,0,1,2,A,-,09,21804,A,N,D,C,A,A,H,-,A,A,0,,,,,Y,,A,01,0,0,1,0,0,0,0,0,0,"- ","- ",37.638099670410156,-120.94817352294922,STANISLAUS,MODESTO,-120.94838714599609,37.638141632080078