CASE_ID,ACCIDENT_YEAR,PROC_DATE,JURIS,COLLISION_DATE,COLLISION_TIME,OFFICER_ID,REPORTING_DISTRICT,DAY_OF_WEEK,CHP_SHIFT,POPULATION,CNTY_CITY_LOC,SPECIAL_COND,BEAT_TYPE,CHP_BEAT_TYPE,CITY_DIVISION_LAPD,CHP_BEAT_CLASS,BEAT_NUMBER,PRIMARY_RD,SECONDARY_RD,DISTANCE,DIRECTION,INTERSECTION,WEATHER_1,WEATHER_2,STATE_HWY_IND,CALTRANS_COUNTY,CALTRANS_DISTRICT,STATE_ROUTE,ROUTE_SUFFIX,POSTMILE_PREFIX,POSTMILE,LOCATION_TYPE,RAMP_INTERSECTION,SIDE_OF_HWY,TOW_AWAY,COLLISION_SEVERITY,NUMBER_KILLED,NUMBER_INJURED,PARTY_COUNT,PRIMARY_COLL_FACTOR,PCF_CODE_OF_VIOL,PCF_VIOL_CATEGORY,PCF_VIOLATION,PCF_VIOL_SUBSECTION,HIT_AND_RUN,TYPE_OF_COLLISION,MVIW,PED_ACTION,ROAD_SURFACE,ROAD_COND_1,ROAD_COND_2,LIGHTING,CONTROL_DEVICE,CHP_ROAD_TYPE,PEDESTRIAN_ACCIDENT,BICYCLE_ACCIDENT,MOTORCYCLE_ACCIDENT,TRUCK_ACCIDENT,NOT_PRIVATE_PROPERTY,ALCOHOL_INVOLVED,STWD_VEHTYPE_AT_FAULT,CHP_VEHTYPE_AT_FAULT,COUNT_SEVERE_INJ,COUNT_VISIBLE_INJ,COUNT_COMPLAINT_PAIN,COUNT_PED_KILLED,COUNT_PED_INJURED,COUNT_BICYCLIST_KILLED,COUNT_BICYCLIST_INJURED,COUNT_MC_KILLED,COUNT_MC_INJURED,PRIMARY_RAMP,SECONDARY_RAMP,LATITUDE,LONGITUDE,COUNTY,CITY,POINT_X,POINT_Y
81409570,2021,2021-02-17,5002,2021-02-10,1510,11262,,3,5,6,5002,0,0,0,,0,MP41,"14TH ST","G ST",0.00,,Y,A,-,N,,,,,,,,,,N,4,0,1,2,A,-,12,21453,A,F,D,C,A,A,H,-,A,A,0,,,,,Y,,A,01,0,0,1,0,0,0,0,0,0,"- ","- ",37.640361785888672,-120.99356079101562,STANISLAUS,MODESTO,-120.9930419921875,37.640491485595703
81410511,2020,2021-02-18,5002,2020-12-17,2011,11023,,4,5,6,5002,0,0,0,,0,MP43,"STATE ROUTE 132 (YOSEMITE BL)","BEARD ST",34.00,E,N,A,-,Y,,,,,,,,,,N,1,1,0,2,A,-,11,21954,A,N,G,B,D,A,H,-,C,D,0,Y,,,,Y,,N,60,0,0,0,1,0,0,0,0,0,"- ","- ",,,STANISLAUS,MODESTO,,
81410520,2021,2021-02-18,5002,2021-02-09,1124,11531,M419,2,5,6,5002,0,0,0,,0,MP32,"I ST","6TH ST",0.00,,Y,A,-,N,,,,,,,,,,Y,3,0,1,2,A,-,12,21453,A,N,D,C,A,A,H,-,A,A,0,,,,,Y,,A,07,0,1,0,0,0,0,0,0,0,"- ","- ",37.636608123779297,-121.00348663330078,STANISLAUS,MODESTO,-121.00298309326172,37.636650085449219
81413188,2021,2021-02-23,5002,2021-02-15,1450,13262,M007,1,5,6,5002,0,0,0,,0,MP62,"HAHN DR","RUMBLE RD",0.00,,Y,A,-,N,,,,,,,,,,Y,4,0,1,2,A,-,09,21802,A,N,A,C,A,A,H,-,A,A,0,,,,,Y,,A,01,0,0,1,0,0,0,0,0,0,"- ","- ",37.682281494140625,-121.04527282714844,STANISLAUS,MODESTO,-121.04518127441406,37.682216644287109
81413196,2021,2021-02-23,5002,2021-02-17,2310,13053,537,3,5,6,5002,0,0,0,,0,MP63,"PELANDALE AVE","NORTHPOINT SHOPPING CENTER",0.00,,Y,A,-,N,,,,,,,,,,Y,4,0,1,2,A,-,12,21453,A,N,D,C,A,A,H,-,C,A,0,,,,,Y,,A,01,0,0,1,0,0,0,0,0,0,"- ","- ",,,STANISLAUS,MODESTO,,
81413198,2021,2021-02-23,5002,2021-02-18,0818,13336,159,4,5,6,5002,0,0,0,,0,MP72,"BRIGGSMORE AVE","LAKEWOOD AVE",0.00,,Y,A,-,N,,,,,,,,,,Y,4,0,1,2,A,-,12,21453,A,N,D,C,A,A,H,-,A,A,0,,,,,Y,,D,22,0,0,1,0,0,0,0,0,0,"- ","- ",37.666839599609375,-120.93940734863281,STANISLAUS,MODESTO,-120.93942260742188,37.666908264160156
81416625,2021,2021-02-26,5002,2021-02-19,1937,13055,M205,5,5,6,5002,0,0,0,,0,MP82,"GRANGER AVE","CALLE DE FLORES",121.00,W,N,A,-,N,,,,,,,,,,N,4,0,1,2,A,-,04,21703,,N,C,C,A,A,H,-,C,A,0,,,,,Y,,A,01,0,0,1,0,0,0,0,0,0,"- ","- ",37.667510986328125,-121.00263977050781,STANISLAUS,MODESTO,-121.00302886962891,37.66748046875
81416626,2021,2021-02-26,5002,2021-02-20,1318,13195,,6,5,6,5002,0,0,0,,0,MP72,"COFFEE RD","BRIGGSMORE AVE",0.00,,Y,A,-,N,,,,,,,,,,Y,4,0,1,2,A,-,09,21453,C,N,D,C,A,A,H,-,A,A,0,,,,,Y,,A,01,0,0,1,0,0,0,0,0,0,"- ","- ",37.667110443115234,-120.95755767822266,STANISLAUS,MODESTO,-120.9757080078125,37.667152404785156
8141950,2016,2016-10-13,5002,2016-10-03,0932,11262,246,1,5,6,5002,0,0,0,,0,081,"9TH ST","NELLIE AV",274.00,N,N,A,-,N,,,,,,,,,,Y,3,0,1,3,A,-,03,22350,,N,E,C,A,A,H,-,A,A,0,,,,Y,Y,,A,,0,1,0,0,0,0,0,0,0,"- ","- ",,,STANISLAUS,MODESTO,-121.00923336,37.646111179999998
81420321,2021,2021-03-04,5002,2021-02-06,2044,13303,M902,6,5,6,5002,0,0,0,,0,MP61,"CARVER RD","EVERGREEN AVE",0.00,,Y,A,-,N,,,,,,,,,,Y,4,0,4,3,A,-,09,21802,A,N,D,C,A,A,H,-,C,A,0,,,,,Y,,A,01,0,0,4,0,0,0,0,0,0,"- ","- ",37.667671203613281,-121.02208709716797,STANISLAUS,MODESTO,-121.02207183837891,37.667762756347656
81420324,2021,2021-03-04,5002,2021-02-14,1710,11845,M567,7,5,6,5002,0,0,0,,0,MP31,"DALLAS ST","PARK HURST WAY",0.00,,Y,A,-,N,,,,,,,,,,N,4,0,1,2,A,-,09,21803,A,N,D,C,A,A,H,-,C,A,0,,,,,Y,,A,01,0,0,1,0,0,0,0,0,0,"- ","- ",37.597408294677734,-121.00157165527344,STANISLAUS,MODESTO,-121.00136566162109,37.597446441650391
81420331,2021,2021-03-04,5002,2021-02-26,1400,13055,M154,5,5,6,5002,0,0,0,,0,MP72,"OAKDALE RD","BRIGGSMORE AVE",32.00,S,N,A,-,N,,,,,,,,,,Y,4,0,1,2,A,-,12,21453,A,N,D,C,A,A,H,-,A,A,0,,,,,Y,,A,01,0,0,1,0,0,0,0,0,0,"- ","- ",37.667110443115234,-120.95755767822266,STANISLAUS,MODESTO,-120.95755767822266,37.666961669921875
81420338,2021,2021-03-04,5002,2021-03-01,1615,10096,,1,5,6,5002,0,0,0,,0,MP31,"CROWS LANDING RD","HATCH RD",328.00,N,N,A,-,N,,,,,,,,,,N,4,0,1,2,A,-,03,22350,,N,C,C,A,A,H,-,A,D,0,,,,,Y,,A,01,0,0,1,0,0,0,0,0,0,"- ","- ",37.609340667724609,-120.99436187744141,STANISLAUS,MODESTO,-120.99366760253906,37.610370635986328
81422999,2021,2021-03-09,5002,2021-02-26,1600,11531,,5,5,6,5002,0,0,0,,0,041,"NEEDHAM ST","PARK AVE",0.00,,Y,A,-,N,,,,,,,,,,Y,3,0,2,2,A,-,09,21802,A,N,D,C,A,A,H,-,A,A,0,,,,,Y,,A,01,0,2,0,0,0,0,0,0,0,"- ","- ",37.645679473876953,-120.9993896484375,STANISLAUS,MODESTO,-120.99892425537109,37.645774841308594
8142380,2016,2017-04-25,5007,2016-09-24,1835,5762,5007,6,5,5,5007,0,0,0,,0,003,"FULKERTH RD","RT 99",0.00,,Y,A,-,Y,STA,10,99,-,R,4.744,R,4,S,Y,3,0,3,3,A,-,12,21453,A,N,A,C,A,A,H,-,A,A,0,,,,,Y,,A,01,0,2,1,0,0,0,0,0,0,"- ","- ",,,STANISLAUS,TURLOCK,-120.87931893,37.509839120000002
81430601,2021,2021-03-19,5002,2021-03-14,0038,11046,,7,5,6,5002,0,0,0,,0,MP31,"CARPENTER RD","CALIFORNIA AVE",0.00,,Y,A,-,N,,,,,,,,,,Y,4,0,1,2,A,-,01,23152,A,N,D,C,A,A,H,-,C,A,0,,,,,Y,Y,A,07,0,0,1,0,0,0,0,0,0,"- ","- ",37.631458282470703,-121.03114318847656,STANISLAUS,MODESTO,-121.03054809570312,37.631404876708984
81433789,2021,2021-03-24,5002,2021-03-22,1416,13035,M395,1,5,6,5002,0,0,0,,0,MP41,"H ST","17TH ST",0.00,,Y,A,-,N,,,,,,,,,,Y,4,0,1,2,A,-,12,21453,A,N,D,C,A,A,H,-,A,A,0,,,,,Y,,A,01,0,0,1,0,0,0,0,0,0,"- ","- ",37.643581390380859,-120.99131011962891,STANISLAUS,MODESTO,-120.99137878417969,37.643581390380859
81438952,2021,2021-03-30,5002,2021-03-01,2001,13262,,1,5,6,5002,0,0,0,,0,MP62,"HWY 99 (OFF RAMP)","STANDIFORD AVE",0.00,,Y,A,-,N,,,99,,,,R,,,Y,4,0,1,2,A,-,01,23152,A,N,D,C,A,A,H,-,C,A,0,,,Y,,Y,Y,C,02,0,0,1,0,0,0,0,0,1,"- ","- ",37.684970855712891,-121.05081939697266,STANISLAUS,MODESTO,-121.05081939697266,37.684970855712891
81439927,2021,2021-03-31,5002,2021-03-12,1714,13110,M024,5,5,6,5002,0,0,0,,0,MP62,"MOUNT VERNON DR","PRESCOTT RD",15.00,E,N,A,-,N,,,,,,,,,,Y,4,0,2,2,A,-,03,22350,,N,C,C,A,A,H,-,A,A,0,,,,,Y,,D,22,0,0,2,0,0,0,0,0,0,"- ","- ",37.673618316650391,-121.03157806396484,STANISLAUS,MODESTO,-121.03125762939453,37.673599243164062
81439935,2021,2021-03-31,5002,2021-03-19,1439,13323,M314,5,5,6,5002,0,0,0,,0,MP43,"EL VISTA AVE","ENCINA AVE",310.00,S,N,C,-,N,,,,,,,,,,N,4,0,1,3,A,-,07,21658,A,N,B,C,A,B,H,-,A,A,0,,,,,Y,,-,"- ",0,0,1,0,0,0,0,0,0,"- ","- ",37.645229339599609,-120.95735168457031,STANISLAUS,MODESTO,-120.95724487304688,37.644390106201172
81439955,2021,2021-03-31,5002,2021-03-24,1455,13195,RD01,3,5,6,5002,0,0,0,,0,MP82,"TULLY RD","BOWEN AVE",0.00,,Y,A,-,N,,,,,,,,,,Y,4,0,2,4,A,-,12,21453,A,N,D,C,A,A,H,-,A,A,0,,,,,Y,,A,01,0,0,2,0,0,0,0,0,0,"- ","- ",37.674850463867188,-121.01235198974609,STANISLAUS,MODESTO,-121.01230621337891,37.67486572265625
81439957,2021,2021-03-31,5002,2021-03-24,1058,11262,334,3,5,6,5002,0,0,0,,0,MP43,"YOSEMITE BLVD","LINCOLN AVE",0.00,,Y,A,-,Y,,,,,,,,,,N,4,0,1,2,A,-,05,21650,1,N,D,G,A,A,H,-,A,A,0,,Y,,,Y,,L,04,0,0,1,0,0,0,1,0,0,"- ","- ",37.638080596923828,-120.93910217285156,STANISLAUS,MODESTO,-120.93895721435547,37.638153076171875
81446701,2021,2021-04-09,5002,2021-03-20,0641,13301,M007,6,5,6,5002,0,0,0,,0,MP62,"BRENNER WAY","MCADOO AVE",121.00,E,N,B,-,N,,,,,,,,,,N,3,0,1,2,A,-,03,22350,,N,G,B,E,B,H,-,D,D,0,Y,,,,Y,,A,01,0,1,0,0,1,0,0,0,0,"- ","- ",,,STANISLAUS,MODESTO,-121.04327392578125,37.680809020996094
81446709,2021,2021-04-09,5002,2021-03-07,0141,13288,M007,7,5,6,5002,0,0,0,,0,MP62,"BRENNER WAY","MC ADOO AVE",45.00,W,N,B,-,N,,,,,,,,,,Y,2,0,1,2,A,-,01,23152,A,N,A,C,A,A,H,-,C,D,0,,,,,Y,Y,A,01,1,0,0,0,0,0,0,0,0,"- ","- ",37.680858612060547,-121.04376220703125,STANISLAUS,MODESTO,-121.04384613037109,37.680805206298828
81446712,2021,2021-04-09,5002,2021-03-27,1955,13303,M027,6,5,6,5002,0,0,0,,0,MP83,"STANDIFORD AVE","TULLY RD",365.00,W,N,A,-,N,,,,,,,,,,Y,4,0,1,2,A,-,08,22102,,N,D,C,A,A,H,-,C,A,0,,,,,Y,,A,01,0,0,1,0,0,0,0,0,0,"- ","- ",,,STANISLAUS,MODESTO,-121.01377105712891,37.689369201660156
81446716,2021,2021-04-09,5002,2021-03-29,1720,11754,M317,1,5,6,5002,0,0,0,,0,MP43,"EL VISTA AVE","HADDON AVE",0.00,,Y,A,-,N,,,,,,,,,,Y,3,0,1,2,A,-,09,21802,A,N,D,C,A,A,H,-,A,A,0,,,,,Y,,A,01,0,1,0,0,0,0,0,0,0,"- ","- ",37.641700744628906,-120.95732879638672,STANISLAUS,MODESTO,-120.95719909667969,37.641700744628906
81446717,2021,2021-04-09,5002,2021-03-29,2030,13196,M741,1,5,6,5002,0,0,0,,0,MP61,"WOODLAND AVE","RENO AVE",0.00,,Y,A,-,Y,,,,,,,,,,Y,3,0,2,2,A,-,09,21801,A,N,D,C,A,A,H,-,C,D,0,,,,,Y,,A,01,0,1,1,0,0,0,0,0,0,"- ","- ",37.653251647949219,-121.02847290039062,STANISLAUS,MODESTO,-121.02804565429688,37.653217315673828
81450858,2021,2021-04-15,5002,2021-04-08,1621,13290,,4,5,6,5002,0,0,0,,0,,"PRESCOTT RD","PLAZA PARKWAY",368.00,N,N,A,-,N,,,,,,,,,,N,3,0,1,2,A,-,09,21804,A,N,D,C,A,A,H,-,A,D,0,,,,,Y,,A,01,0,1,0,0,0,0,0,0,0,"- ","- ",37.671718597412109,-121.03157043457031,STANISLAUS,MODESTO,-121.03128814697266,37.672611236572266
81451621,2021,2021-04-16,5002,2021-04-12,1612,11712,M169,1,5,6,5002,0,0,0,,0,MP61,"BLUE GUM AVE","CARPENTER RD",290.00,W,N,A,-,N,,,,,,,,,,N,3,0,1,2,A,-,06,21755,A,N,D,C,A,A,H,-,A,D,0,,,Y,,Y,,C,02,0,1,0,0,0,0,0,0,1,"- ","- ",37.660499572753906,-121.03119659423828,STANISLAUS,MODESTO,-121.03215789794922,37.660511016845703
81462847,2021,2021-04-30,5002,2021-04-01,1256,13067,RD02,4,5,6,5002,0,0,0,,0,MP81,"FAIRMONT AVE","SYCAMORE AVE",0.00,,Y,A,-,N,,,,,,,,,,Y,3,0,4,2,A,-,12,22450,A,N,D,C,A,A,H,-,A,A,0,,,,,Y,,A,01,0,2,2,0,0,0,0,0,0,"- ","- ",37.657440185546875,-120.99800109863281,STANISLAUS,MODESTO,-120.99788665771484,37.657405853271484
81462872,2021,2021-04-30,5002,2021-04-14,1145,13360,M148,3,5,6,5002,0,0,0,,0,MP73,"OAKDALE RD","FLOYD AVE",30.00,W,N,A,-,N,,,,,,,,,,Y,3,0,5,2,A,-,12,21453,A,N,H,C,A,A,H,-,A,A,0,,,,,Y,,-,"- ",0,1,4,0,0,0,0,0,0,"- ","- ",37.677818298339844,-120.9580078125,STANISLAUS,MODESTO,-120.957763671875,37.678081512451172
81462878,2021,2021-04-30,5002,2021-04-17,1225,13095,,6,5,6,5002,0,0,0,,0,MP31,"CROWS LANDING RD","WHITMORE AVE",0.00,,Y,A,-,Y,,,,,,,,,,Y,4,0,2,4,A,-,12,21453,A,N,D,C,A,A,H,-,A,A,0,,,,Y,Y,,A,01,0,0,2,0,0,0,0,0,0,"- ","- ",37.594871520996094,-120.99382781982422,STANISLAUS,MODESTO,-120.99359893798828,37.594890594482422
81462885,2021,2021-04-30,5002,2021-04-19,1646,13303,M065,1,5,6,5002,0,0,0,,0,MP82,"BRIGGSMORE AVE","SHERWOOD AVE",254.00,W,N,A,-,N,,,,,,,,,,Y,3,0,1,2,A,-,04,21703,,N,B,C,A,A,H,-,A,D,0,,,,,Y,,A,01,0,1,0,0,0,0,0,0,0,"- ","- ",,,STANISLAUS,MODESTO,-120.99945831298828,37.670516967773438
81462891,2021,2021-04-30,5002,2021-04-24,0233,13157,M404,6,5,6,5002,0,0,0,,0,MP41,"G ST","13TH ST",0.00,,Y,A,-,N,,,,,,,,,,Y,4,0,1,2,A,-,01,23152,A,N,D,C,A,A,H,-,C,A,0,,,,,Y,Y,A,01,0,0,1,0,0,0,0,0,0,"- ","- ",37.639739990234375,-120.99398040771484,STANISLAUS,MODESTO,-120.99400329589844,37.639747619628906
81462898,2021,2021-04-30,5002,2021-04-28,1515,10478,M477,3,5,6,5002,0,0,0,,0,MP42,"MITCHELL RD","FINCH RD",782.00,S,N,A,-,N,,,,,,,,,,Y,4,0,1,3,A,-,04,21703,,N,C,C,A,A,H,-,A,D,0,,,,,Y,,A,01,0,0,1,0,0,0,0,0,0,"- ","- ",37.623371124267578,-120.94420623779297,STANISLAUS,MODESTO,-120.94175720214844,37.622268676757812
81463675,2021,2021-05-03,5002,2021-04-16,1708,13028,M237,5,5,6,5002,0,0,0,,0,MP81,"MC HENRY AVE","MORRIS AVE",0.00,,Y,A,-,Y,,,,,,,,,,Y,3,0,2,2,A,-,17,21451,A,N,D,C,A,A,H,-,A,A,0,,,,,Y,,A,07,0,1,1,0,0,0,0,0,0,"- ","- ",37.651008605957031,-120.99379730224609,STANISLAUS,MODESTO,-120.99378204345703,37.650978088378906
81464832,2021,2021-05-04,5002,2021-04-30,0849,10152,RD148,5,5,6,5002,0,0,0,,0,MP73,"FLOYD AVE","ELLISON DR",0.00,,Y,A,-,N,,,,,,,,,,Y,4,0,1,2,A,-,09,21802,A,N,D,C,A,A,H,-,A,A,0,,,,,Y,,A,07,0,0,1,0,0,0,0,0,0,"- ","- ",37.678169250488281,-120.96299743652344,STANISLAUS,MODESTO,-120.96302032470703,37.678058624267578
8146864,2016,2016-10-20,5007,2016-10-05,1936,5729,5007,3,5,5,5007,0,0,0,,0,5729,"WEST MAIN ST",TEGNER,0.00,,Y,A,-,N,,,,,,,,,,Y,4,0,1,2,A,-,03,22350,,N,C,C,A,A,H,-,C,D,0,,,,,Y,,A,01,0,0,1,0,0,0,0,0,0,"- ","- ",,,STANISLAUS,TURLOCK,-120.88539999,37.492679930000001
81474086,2021,2021-05-17,5002,2021-04-08,1400,11740,M419,4,5,6,5002,0,0,0,,0,MP41,"I ST","7TH ST",6.00,W,N,A,-,N,,,,,,,,,,N,4,0,3,2,A,-,03,22350,,N,C,C,A,A,H,-,A,A,0,,,,,Y,,D,22,0,0,3,0,0,0,0,0,0,"- ","- ",37.637409210205078,-121.00199127197266,STANISLAUS,MODESTO,-121.00201416015625,37.63739013671875
81476146,2021,2021-05-19,5002,2021-01-23,0922,13207,M154,6,5,6,5002,0,0,0,,0,MP72,"OAKDALE RD","LANCEY DR",0.00,,Y,A,-,N,,,,,,,,,,Y,4,0,2,2,A,-,12,21453,A,N,D,C,A,A,H,-,A,A,0,,,,,Y,,A,07,0,0,2,0,0,0,0,0,0,"- ","- ",,,STANISLAUS,MODESTO,-120.95764923095703,37.669429779052734
81476151,2021,2021-05-19,5002,2021-02-23,1113,11621,M097,2,5,6,5002,0,0,0,,0,MP83,"SYLVAN AVE","DRAGOO PARK DR",0.00,,Y,A,-,N,,,,,,,,,,Y,3,0,2,3,A,-,12,21453,A,N,D,C,A,A,H,-,A,A,0,,,,,Y,,A,07,0,1,1,0,0,0,0,0,0,"- ","- ",37.689018249511719,-120.98471832275391,STANISLAUS,MODESTO,-120.98474884033203,37.688968658447266
81476168,2021,2021-05-19,5002,2021-04-30,0805,13126,,5,5,6,5002,0,0,0,,0,MP41,"6TH ST","I ST",0.00,,Y,A,-,N,,,,,,,,,,Y,4,0,1,3,A,-,12,21453,A,N,D,C,A,A,H,-,A,A,0,,,,,Y,,A,01,0,0,1,0,0,0,0,0,0,"- ","- ",,,STANISLAUS,MODESTO,-121.00298309326172,37.636650085449219
81476169,2021,2021-05-19,5002,2021-04-30,1335,13301,M023,5,5,6,5002,0,0,0,,0,MP62,"SISK RD","PLAZA PARKWAY",710.00,S,N,A,-,N,,,,,,,,,,Y,3,0,2,2,A,-,09,21804,A,N,D,C,A,A,H,-,A,D,0,,,,,Y,,A,01,0,2,0,0,0,0,0,0,0,"- ","- ",37.671051025390625,-121.03830718994141,STANISLAUS,MODESTO,-121.03665924072266,37.669677734375
81477418,2021,2021-05-20,5002,2021-02-15,1204,11248,M208,1,5,6,5002,0,0,0,,0,MP82,"BRONSON AVE","ORANGEBURG AVE",93.00,N,N,-,-,N,,,,,,,,,,Y,3,0,3,2,A,-,08,22107,,N,D,E,A,A,H,-,A,D,0,,,,,Y,,A,08,0,2,1,0,0,0,0,0,0,"- ","- ",37.663829803466797,-121.0057373046875,STANISLAUS,MODESTO,-121.00537109375,37.664165496826172
81477511,2021,2021-05-20,5002,2021-05-10,1042,13095,,1,5,6,5002,0,0,0,,0,MP43,"YOSEMITE BLVD","CREEKWOOD DR",0.00,,Y,A,-,Y,,,,,,,,,,Y,4,0,1,2,A,-,12,21453,A,N,D,C,A,A,H,-,A,A,0,,,,,Y,,A,01,0,0,1,0,0,0,0,0,0,"- ","- ",37.638301849365234,-120.92671966552734,STANISLAUS,MODESTO,-120.92656707763672,37.638252258300781
81477512,2021,2021-05-20,5002,2021-05-10,1342,13095,,1,5,6,5002,0,0,0,,0,,"14TH ST","I ST",0.00,,Y,A,-,N,,,,,,,,,,N,4,0,1,2,A,-,12,21453,A,N,D,C,A,A,H,-,A,A,0,,,,,Y,,A,01,0,0,1,0,0,0,0,0,0,"- ","- ",37.642398834228516,-120.99532318115234,STANISLAUS,MODESTO,-120.99539947509766,37.642429351806641
81477513,2021,2021-05-20,5002,2021-05-11,0837,11136,M580,2,5,6,5002,0,0,0,,0,MP71,"CLAUS RD","CEDAR CREEK CT",0.00,,Y,A,-,N,,,,,,,,,,Y,3,0,3,2,A,-,09,21802,A,N,D,C,A,A,H,-,A,A,0,,,,,Y,,A,01,0,2,1,0,0,0,0,0,0,"- ","- ",37.660198211669922,-120.92124938964844,STANISLAUS,MODESTO,-120.92127990722656,37.660175323486328
81477524,2021,2021-05-20,5002,2021-05-16,1134,13377,M156,7,5,6,5002,0,0,0,,0,MP73,"HILLGLEN AVE","BEAR CUB LN",0.00,,Y,A,-,N,,,,,,,,,,N,3,0,1,2,A,-,09,21802,A,N,D,C,A,A,H,-,A,A,0,,,,,Y,,-,"- ",0,1,0,0,0,0,0,0,0,"- ","- ",37.685379028320312,-120.94624328613281,STANISLAUS,MODESTO,-120.94628143310547,37.685329437255859
81485441,2021,2021-05-31,5002,2021-05-12,2339,11529,,3,5,6,5002,0,0,0,,0,MP42,"YOSEMITE BLVD","COVENA AVE",20.00,E,N,A,-,Y,,,,,,,,,,Y,4,0,1,2,A,-,04,21703,,N,C,C,A,A,H,-,C,D,0,,,,,Y,,A,01,0,0,1,0,0,0,0,0,0,"- ","- ",37.638198852539062,-120.97209167480469,STANISLAUS,MODESTO,-120.971923828125,37.638198852539062
81485449,2021,2021-05-31,5002,2021-05-14,1923,13286,M280,5,5,6,5002,0,0,0,,0,MP71,"ORANGEBURG AVE","ROSE AVE",0.00,,Y,A,-,N,,,,,,,,,,Y,3,0,1,2,A,-,12,22450,A,N,D,C,A,A,H,-,A,A,0,,,,Y,Y,,-,"- ",0,1,0,0,0,0,0,0,0,"- ","- ",,,STANISLAUS,MODESTO,-120.96662902832031,37.663658142089844
81485457,2021,2021-05-31,5002,2021-05-16,1200,13138,M123,7,5,6,5002,0,0,0,,0,MP72,"BRIGGSMORE AVE","COFFEE RD",10.00,E,N,A,-,N,,,,,,,,,,N,4,0,1,2,A,-,04,21703,,N,C,C,A,A,H,-,A,A,0,,,,,Y,,A,01,0,0,1,0,0,0,0,0,0,"- ","- ",37.667110443115234,-120.95755767822266,STANISLAUS,MODESTO,-120.97567749023438,37.667152404785156
81485461,2021,2021-05-31,5002,2021-05-18,1135,13336,065,2,5,6,5002,0,0,0,,0,MP82,"MC HENRY AVE","TOKAY AVE",0.00,,Y,A,-,Y,,,,,,,,,,Y,4,0,1,2,A,-,12,21453,A,N,D,C,A,A,H,-,A,A,0,,,Y,,Y,,A,01,0,0,1,0,0,0,0,0,1,"- ","- ",37.672630310058594,-120.99434661865234,STANISLAUS,MODESTO,-120.99405670166016,37.6727294921875
81485468,2021,2021-05-31,5002,2021-05-22,1551,13032,,6,5,6,5002,0,0,0,,0,MP41,"13TH ST","H ST",0.00,,Y,A,-,N,,,,,,,,,,Y,4,0,1,2,A,-,09,21802,A,N,D,C,A,A,H,-,A,A,0,,,,,Y,,A,07,0,0,1,0,0,0,0,0,0,"- ","- ",37.640701293945312,-120.9951171875,STANISLAUS,MODESTO,-120.99515533447266,37.640701293945312
81487143,2021,2021-06-02,5002,2021-04-19,1459,13042,,1,5,6,5002,0,0,0,,0,MP43,"CLAUS RD","CREEKWOOD DR",0.00,,Y,A,-,N,,,,,,,,,,N,4,0,1,2,A,-,12,21453,A,N,H,G,A,A,H,-,A,A,0,,Y,,,Y,Y,L,04,0,0,1,0,0,0,1,0,0,"- ","- ",37.649559020996094,-120.92156219482422,STANISLAUS,MODESTO,-120.92112731933594,37.649951934814453
81487145,2021,2021-06-02,5002,2021-05-05,1756,13303,M060,3,5,6,5002,0,0,0,,0,MP82,"MC HENRY AVE","BOWEN AVE",0.00,,Y,A,-,N,,,,,,,,,,Y,4,0,1,4,A,-,03,22350,,N,C,C,A,A,H,-,A,A,0,,,,,Y,,A,01,0,0,1,0,0,0,0,0,0,"- ","- ",,,STANISLAUS,MODESTO,-120.99411010742188,37.674549102783203
81495610,2021,2021-06-14,5002,2021-04-29,0045,13253,M376,4,5,6,5002,0,0,0,,0,MP33,"MARTIN LUTHER KING DR","MAZE BLVD",35.00,S,N,A,-,N,,,,,,,,,,N,4,0,2,2,A,-,04,21703,,F,B,C,A,A,H,-,C,A,0,,,,,Y,,A,01,0,0,2,0,0,0,0,0,0,"- ","- ",37.638599395751953,-121.01235961914062,STANISLAUS,MODESTO,-121.0118408203125,37.638660430908203
81500864,2021,2021-06-21,5002,2021-05-08,1904,13133,M078,6,5,6,5002,0,0,0,,0,MP62,"CARVER RD","MOUNT VERNON DR",0.00,,Y,A,-,N,,,,,,,,,,Y,4,0,1,2,A,-,09,21802,A,N,D,C,A,A,H,-,A,A,0,,,,,Y,,-,"- ",0,0,1,0,0,0,0,0,0,"- ","- ",37.676780700683594,-121.02224731445312,STANISLAUS,MODESTO,-121.02222442626953,37.676734924316406
81500891,2021,2021-06-21,5002,2021-05-28,1036,13377,M409,5,5,6,5002,0,0,0,,0,MP41,"9TH ST","B ST",0.00,,Y,A,-,N,,,,,,,,,,N,3,0,3,2,A,-,12,21453,A,N,D,C,A,A,H,-,A,A,0,,,,,Y,,-,"- ",0,2,1,0,0,0,0,0,0,"- ","- ",37.632068634033203,-120.99208068847656,STANISLAUS,MODESTO,-120.99201965332031,37.632122039794922
81500900,2021,2021-06-21,5002,2021-05-29,2158,13232,M429,6,5,6,5002,0,0,0,,0,MP32,"TUOLUMNE BLVD","ROSELAWN AVE",0.00,,Y,A,-,N,,,,,,,,,,N,4,0,3,2,A,-,12,21453,A,N,D,C,A,A,H,-,C,A,0,,,,,Y,,A,01,0,0,3,0,0,0,0,0,0,"- ","- ",37.627861022949219,-121.00501251220703,STANISLAUS,MODESTO,-121.00492858886719,37.627830505371094