CASE_ID,ACCIDENT_YEAR,PROC_DATE,JURIS,COLLISION_DATE,COLLISION_TIME,OFFICER_ID,REPORTING_DISTRICT,DAY_OF_WEEK,CHP_SHIFT,POPULATION,CNTY_CITY_LOC,SPECIAL_COND,BEAT_TYPE,CHP_BEAT_TYPE,CITY_DIVISION_LAPD,CHP_BEAT_CLASS,BEAT_NUMBER,PRIMARY_RD,SECONDARY_RD,DISTANCE,DIRECTION,INTERSECTION,WEATHER_1,WEATHER_2,STATE_HWY_IND,CALTRANS_COUNTY,CALTRANS_DISTRICT,STATE_ROUTE,ROUTE_SUFFIX,POSTMILE_PREFIX,POSTMILE,LOCATION_TYPE,RAMP_INTERSECTION,SIDE_OF_HWY,TOW_AWAY,COLLISION_SEVERITY,NUMBER_KILLED,NUMBER_INJURED,PARTY_COUNT,PRIMARY_COLL_FACTOR,PCF_CODE_OF_VIOL,PCF_VIOL_CATEGORY,PCF_VIOLATION,PCF_VIOL_SUBSECTION,HIT_AND_RUN,TYPE_OF_COLLISION,MVIW,PED_ACTION,ROAD_SURFACE,ROAD_COND_1,ROAD_COND_2,LIGHTING,CONTROL_DEVICE,CHP_ROAD_TYPE,PEDESTRIAN_ACCIDENT,BICYCLE_ACCIDENT,MOTORCYCLE_ACCIDENT,TRUCK_ACCIDENT,NOT_PRIVATE_PROPERTY,ALCOHOL_INVOLVED,STWD_VEHTYPE_AT_FAULT,CHP_VEHTYPE_AT_FAULT,COUNT_SEVERE_INJ,COUNT_VISIBLE_INJ,COUNT_COMPLAINT_PAIN,COUNT_PED_KILLED,COUNT_PED_INJURED,COUNT_BICYCLIST_KILLED,COUNT_BICYCLIST_INJURED,COUNT_MC_KILLED,COUNT_MC_INJURED,PRIMARY_RAMP,SECONDARY_RAMP,LATITUDE,LONGITUDE,COUNTY,CITY,POINT_X,POINT_Y
82226045,2023,2023-11-02,5001,2023-10-30,1655,922,,1,5,4,5001,0,0,0,,0,005,"PARK ST","9TH ST",16.00,W,N,A,-,N,,,,,,,,,,N,4,0,1,2,A,-,03,22350,,M,C,C,A,A,H,-,A,A,0,,,,,Y,,D,82,0,0,1,0,0,0,0,0,0,"- ","- ",,,STANISLAUS,CERES,-120.94788360595703,37.588626861572266
82226204,2023,2023-11-02,5002,2023-10-27,1610,13300,,5,5,6,5002,0,0,0,,0,042,"EL VISTA AVE","SR-132 (YOSEMITE BLVD)",90.00,N,N,A,-,Y,STA,,132," "," ",17.112,H,,R,Y,2,0,1,2,A,-,03,22350,,N,C,C,A,A,H,-,A,A,0,,,Y,,Y,,C,02,1,0,0,0,0,0,0,0,1,"- ","- ",37.637889862060547,-120.95774078369141,STANISLAUS,MODESTO,-120.95774078369141,37.63812255859375
82226209,2023,2024-05-03,5002,2023-10-20,1333,13423,,5,5,6,5002,0,0,0,,0,041,"L ST","11TH ST",0.00,,Y,A,-,N,,,,,,,,,,N,4,0,1,2,A,-,12,21453,A,N,D,C,A,A,H,-,A,A,0,,,,,Y,,A,01,0,0,1,0,0,0,0,0,0,"- ","- ",37.643070220947266,-121.00215148925781,STANISLAUS,MODESTO,-121.00165557861328,37.643146514892578
82226211,2023,2023-11-03,5002,2023-10-30,1815,13000,516,1,5,6,5002,0,0,0,,0,031,"RIO GRANDE AVE","BOULDER AVE",156.00,W,N,A,-,N,,,,,,,,,,N,2,0,1,2,A,-,08,22107,,F,G,B,F,A,H,-,A,D,0,Y,,,,Y,,A,01,1,0,0,0,1,0,0,0,0,"- ","- ",37.609649658203125,-120.98636627197266,STANISLAUS,MODESTO,-120.98677825927734,37.609695434570312
82229597,2023,2023-11-07,5001,2023-11-03,1853,755,,5,5,4,5001,0,0,0,,0,005,"WHITMORE AVE","MITCHELL RD",243.00,W,N,A,-,N,,,,,,,,,,N,3,0,1,3,A,-,11,21954,A,N,G,B,D,A,H,-,D,D,0,Y,,,,Y,,N,60,0,1,0,0,1,0,0,0,0,"- ","- ",,,STANISLAUS,CERES,-120.93953704833984,37.594749450683594
82230743,2023,2024-05-31,5002,2023-10-21,1709,13017,,6,5,6,5002,0,0,0,,0,031,"CROWS LANDING RD","IMPERIAL AVE",120.00,S,N,A,-,N,,,,,,,,,,Y,4,0,1,2,A,-,09,21804,A,N,C,C,A,A,H,-,A,D,0,,,,,Y,,A,01,0,0,1,0,0,0,0,0,0,"- ","- ",37.600688934326172,-120.99373626708984,STANISLAUS,MODESTO,-120.99353790283203,37.600360870361328
82230754,2023,2023-11-08,5002,2023-11-03,1036,10152,,5,5,6,5002,0,0,0,,0,043,"LINCOLN AVE","POPPYPATCH DR",0.00,,Y,A,-,N,,,,,,,,,,N,3,0,1,2,A,-,09,21802,A,N,D,C,A,A,H,-,A,A,0,,,,,Y,,A,01,0,1,0,0,0,0,0,0,0,"- ","- ",37.642601013183594,-120.93911743164062,STANISLAUS,MODESTO,-120.93901824951172,37.642669677734375
82230758,2023,2023-11-08,5002,2023-11-04,1910,13362,,6,5,6,5002,0,0,0,,0,083,"DRAGOO PARK DR","SYLVAN AVE",0.00,,Y,A,-,N,,,,,,,,,,Y,4,0,2,2,A,-,17,21451,A,N,A,C,A,A,H,-,C,A,0,,,,,Y,,A,01,0,0,2,0,0,0,0,0,0,"- ","- ",37.688831329345703,-120.98489379882812,STANISLAUS,MODESTO,-120.98474884033203,37.688968658447266
82230763,2023,2023-11-08,5002,2023-11-06,1947,13300,,1,5,6,5002,0,0,0,,0,042,"SR-132 (YOSEMITE BLVD)","EMPIRE AVE",0.00,,Y,A,-,Y,STA,,132," "," ",16.555,H,,R,Y,3,0,3,2,A,-,04,21703,,N,C,C,A,B,H,-,C,B,0,,,,,Y,,A,01,0,1,2,0,0,0,0,0,0,"- ","- ",37.638168334960938,-120.96804809570312,STANISLAUS,MODESTO,-120.96804809570312,37.638149261474609
82230764,2023,2023-11-08,5002,2023-11-07,"659 ",11413,004,2,5,6,5002,0,0,0,,0,063,"BANGS AVE","DALE RD",4.00,E,N,A,-,N,,,,,,,,,,N,3,0,1,2,A,-,09,21800,A,N,D,G,A,A,H,-,A,A,0,,Y,,,Y,,A,07,0,1,0,0,0,0,1,0,0,"- ","- ",37.7041015625,-121.05011749267578,STANISLAUS,MODESTO,-121.05006408691406,37.703990936279297
82231808,2023,2023-11-09,5002,2023-11-04,1316,13506,M148,6,5,6,5002,0,0,0,,0,073,"OAKDALE RD","FLOYD AVE",70.00,N,N,A,-,N,,,,,,,,,,Y,3,0,4,2,A,-,03,22350,,N,C,C,A,A,H,-,A,D,0,,,,,Y,,A,07,0,1,3,0,0,0,0,0,0,"- ","- ",37.677818298339844,-120.9580078125,STANISLAUS,MODESTO,-120.957763671875,37.678272247314453
82231810,2023,2023-11-09,5002,2023-11-07,"929 ",11793,M239,2,5,6,5002,0,0,0,,0,081,"COLLEGE AVE","STODDARD AVE",6.00,N,N,A,-,N,,,,,,,,,,N,4,0,1,2,A,-,10,21950,A,N,G,B,B,A,H,-,A,A,0,Y,,,,Y,,A,01,0,0,1,0,1,0,0,0,0,"- ","- ",37.649421691894531,-121.0074462890625,STANISLAUS,MODESTO,-121.00746917724609,37.649436950683594
82237527,2023,2024-04-08,5002,2023-10-27,2241,13398,,5,5,6,5002,0,0,0,,0,043,"HUBERT DR","POPPYPATCH DR",0.00,,Y,A,-,N,,,,,,,,,,Y,3,0,2,2,A,-,01,23152,A,N,D,C,A,A,H,-,C,A,0,,,,,Y,Y,D,22,0,2,0,0,0,0,0,0,0,"- ","- ",37.642478942871094,-120.93363189697266,STANISLAUS,MODESTO,-120.93353271484375,37.642562866210938
82237528,2023,2023-11-17,5002,2023-10-28,"130 ",13478,134,6,5,6,5002,0,0,0,,0,073,"OAKDALE RD","SYLVAN AVE",300.00,N,N,A,-,N,,,,,,,,,,Y,3,0,1,1,A,-,07,21658,A,F,E,I,A,A,D,-,C,A,0,,,,,Y,,A,01,0,1,0,0,0,0,0,0,0,"- ","- ",37.688949584960938,-120.95799255371094,STANISLAUS,MODESTO,-120.95799255371094,37.689792633056641
82237548,2023,2023-11-16,5002,2023-11-09,"753 ",13506,M424,4,5,6,5002,0,0,0,,0,041,"6TH ST","G ST",0.00,S,Y,A,-,N,,,,,,,,,,Y,4,0,1,2,A,-,09,21800,A,N,D,C,A,A,H,-,A,A,0,,,Y,,Y,,C,02,0,0,1,0,0,0,0,0,1,"- ","- ",37.634658813476562,-121.00119781494141,STANISLAUS,MODESTO,-121.00069427490234,37.634723663330078
82237555,2023,2023-11-16,5002,2023-11-10,1543,13423,M487,5,5,6,5002,0,0,0,,0,032,"PARADISE RD","PINE TREE LN",152.00,E,N,A,-,N,,,,,,,,,,Y,4,0,1,3,A,-,03,22350,,N,C,C,A,A,H,-,A,D,0,,,,Y,Y,,F,55,0,0,1,0,0,0,0,0,0,"- ","- ",37.619869232177734,-121.02429962158203,STANISLAUS,MODESTO,-121.02320861816406,37.620082855224609
82237558,2023,2023-11-16,5002,2023-11-13,"803 ",13470,,1,5,6,5002,0,0,0,,0,032,"SUTTER AVE","CHICAGO AVE",0.00,,Y,A,-,N,,,,,,,,,,N,4,0,2,2,A,-,09,21802,A,N,D,C,A,A,H,-,A,D,0,,,,,Y,,A,01,0,0,2,0,0,0,0,0,0,"- ","- ",37.625991821289062,-121.01241302490234,STANISLAUS,MODESTO,-121.01178741455078,37.6259765625
82237561,2023,2023-11-16,5002,2023-11-14,"857 ",13060,537,2,5,6,5002,0,0,0,,0,063,"SISK RD","PELANDALE AVE",53.00,S,N,A,-,N,,,,,,,,,,N,4,0,1,2,A,-,21,22106,,N,C,C,A,A,H,-,A,A,0,,,,Y,Y,,F,26,0,0,1,0,0,0,0,0,0,"- ","- ",37.700279235839844,-121.06897735595703,STANISLAUS,MODESTO,-121.06890106201172,37.699909210205078
82239793,2023,2023-11-20,5002,2023-11-16,1651,13262,M455,4,5,6,5002,0,0,0,,0,042,"LA LOMA AVE","ROWLAND AVE",53.00,S,N,A,-,N,,,,,,,,,,Y,4,0,2,3,A,-,03,22350,,N,C,C,A,A,H,-,B,D,0,,,,,Y,,A,07,0,0,2,0,0,0,0,0,0,"- ","- ",37.639118194580078,-120.97322845458984,STANISLAUS,MODESTO,-120.9730224609375,37.638996124267578
82241249,2023,2023-11-21,5001,2023-11-12,1028,883,STANI,7,5,4,5001,0,0,0,,0,001,"EVANS RD","GENE RD",0.00,W,Y,A,-,N,,,,,,,,,,Y,3,0,2,2,A,-,04,21703,,N,C,C,A,A,H,-,A,D,0,,,,,Y,,A,07,0,2,0,0,0,0,0,0,0,"- ","- ",,,STANISLAUS,CERES,-120.96079254150391,37.602710723876953
82243518,2023,2023-11-23,5002,2023-11-09,2137,13028,,4,5,6,5002,0,0,0,,0,042,"OREGON DR","KERR AVE",0.00,,Y,A,-,N,,,,,,,,,,N,2,0,1,2,A,-,12,22450,A,F,D,G,A,A,H,-,C,A,0,,Y,,,Y,,L,04,1,0,0,0,0,0,1,0,0,"- ","- ",37.63092041015625,-120.97171020507812,STANISLAUS,MODESTO,-120.97171020507812,37.63104248046875
82243520,2023,2023-11-23,5002,2023-11-10,1404,13451,M060,5,5,6,5002,0,0,0,,0,082,"MC HENRY AVE","BOWEN AVE",0.00,,Y,A,-,N,,,,,,,,,,N,4,0,1,2,A,-,03,22350,,N,C,C,A,A,H,-,A,D,0,,,,,Y,,D,22,0,0,1,0,0,0,0,0,0,"- ","- ",37.674568176269531,-120.99413299560547,STANISLAUS,MODESTO,-120.99411010742188,37.674549102783203
82243998,2023,2023-11-27,5006,2023-10-14,1506,S02800,RIVER,6,5,3,5006,0,0,0,,0,RPD,"CLARIBEL RD","SQUIRE WELLS WAY",836.00,W,N,A,-,N,,,,,,,,,,N,4,0,3,2,A,-,09,21801,A,N,D,C,A,A,D,-,A,D,0,,,,,Y,,A,01,0,0,3,0,0,0,0,0,0,"- ","- ",37.711189270019531,-120.95162200927734,STANISLAUS,RIVERBANK,-120.95448303222656,37.710979461669922
82245997,2023,2023-11-28,5001,2023-11-25,1103,755,,6,5,4,5001,0,0,0,,0,005,"2920 E WHITMORE AVE","MITHCELL ROAD",258.00,W,N,A,-,N,,,,,,,,,,N,3,0,1,2,B,-,22,,,N,G,B,F,A,H,-,A,D,0,Y,,,,Y,,A,01,0,1,0,0,1,0,0,0,0,"- ","- ",,,STANISLAUS,CERES,-120.93959045410156,37.594749450683594
82247467,2023,2023-11-29,5002,2023-11-20,1338,13042,,1,5,6,5002,0,0,0,,0,032,"MADISON ST","VINE ST",12.00,S,N,A,-,N,,,,,,,,,,N,3,0,1,2,A,-,10,21950,A,N,G,B,C,A,H,-,A,A,0,Y,,,,Y,,A,01,0,1,0,0,1,0,0,0,0,"- ","- ",37.633510589599609,-121.01042938232422,STANISLAUS,MODESTO,-121.01043701171875,37.633415222167969
82247469,2023,2023-11-29,5002,2023-11-22,"549 ",13400,M515,3,5,6,5002,0,0,0,,0,031,"HATCH RD","DALLAS ST",0.00,,Y,A,-,N,,,,,,,,,,Y,2,0,1,1,A,-,08,22107,,N,E,I,A,A,H,-,B,A,0,,,,,Y,,A,01,1,0,0,0,0,0,0,0,0,"- ","- ",37.609138488769531,-121.00225830078125,STANISLAUS,MODESTO,-121.00151062011719,37.609218597412109
82248753,2023,2023-11-30,5002,2023-11-18,2050,13195,,6,5,6,5002,0,0,0,,0,071,"SCENIC DR","MC GUIRE DR",90.00,W,N,C,-,N,,,,,,,,,,Y,3,0,2,1,A,-,03,22350,,N,E,I,A,B,H,-,C,D,0,,,,,Y,,A,01,0,1,1,0,0,0,0,0,0,"- ","- ",37.652618408203125,-120.95242309570312,STANISLAUS,MODESTO,-120.95272064208984,37.652652740478516
82248758,2023,2023-12-04,5002,2023-11-22,1448,13391,M100,3,5,6,5002,0,0,0,,0,083,"MC HENRY AVE","ROBIN HOOD DR",372.00,S,N,A,-,Y,STA,,108," "," ",25.811,H,,L,Y,3,0,2,2,A,-,09,21804,A,N,D,C,A,A,H,-,A,D,0,,,,,Y,,D,22,0,1,1,0,0,0,0,0,0,"- ","- ",37.685329437255859,-120.99443817138672,STANISLAUS,MODESTO,-120.99433898925781,37.685329437255859
82248759,2023,2023-11-30,5002,2023-11-22,1646,13303,M180,3,5,6,5002,0,0,0,,0,061,"CARPENTER RD","HWY 99 (OFF RAMP) (N)",169.00,S,N,A,-,N,,,,,,,,,,N,4,0,1,2,A,-,03,22350,,N,C,C,A,A,H,-,A,A,0,,,,,Y,,A,01,0,0,1,0,0,0,0,0,0,"- ","- ",37.666728973388672,-121.03166961669922,STANISLAUS,MODESTO,-121.03177642822266,37.666553497314453
82250379,2023,2023-12-04,5006,2023-11-18,1350,3974,RIVER,6,5,3,5006,0,0,0,,0,,"CLARIBEL RD","OAKDALE RD",100.00,E,N,B,-,N,,,,,,,,,,N,4,0,2,2,A,-,04,21703,,N,C,C,A,B,H,-,A,A,0,,,,,Y,,A,01,0,0,2,0,0,0,0,0,0,"- ","- ",,,STANISLAUS,RIVERBANK,-120.95803070068359,37.710971832275391
82255817,2023,2023-12-07,5002,2023-11-16,1235,13355,M410,4,5,6,5002,0,0,0,,0,041,"SR-132 (9TH ST)","G ST",0.00,,Y,A,-,Y,,,,,,,,,,Y,4,0,1,2,A,-,01,23152,A,N,D,C,A,A,H,-,A,A,0,,,,,Y,Y,A,01,0,0,1,0,0,0,0,0,0,"- ","- ",37.63677978515625,-120.99835968017578,STANISLAUS,MODESTO,-120.99784851074219,37.636856079101562
82255820,2023,2023-12-07,5002,2023-11-19,"18  ",13055,M013,7,5,6,5002,0,0,0,,0,063,"STANDIFORD AVE","PRESCOTT RD",320.00,E,N,B,-,N,,,,,,,,,,Y,3,0,1,2,A,-,01,23152,A,N,C,C,A,B,H,-,C,D,0,,,,,Y,Y,A,01,0,1,0,0,0,0,0,0,0,"- ","- ",37.689689636230469,-121.03156280517578,STANISLAUS,MODESTO,-121.03046417236328,37.689579010009766
82255837,2023,2023-12-07,5002,2023-12-01,1600,13422,M180,5,5,6,5002,0,0,0,,0,061,"CARVER RD","ROSEBURG AVE",313.00,S,N,A,-,N,,,,,,,,,,Y,4,0,1,2,A,-,05,21202,A,N,H,G,A,A,H,-,A,D,0,,Y,,,Y,,L,04,0,0,1,0,0,0,1,0,0,"- ","- ",37.660438537597656,-121.02204895019531,STANISLAUS,MODESTO,-121.02196502685547,37.659671783447266
82255839,2023,2023-12-07,5002,2023-12-02,1252,13225,M517,6,5,6,5002,0,0,0,,0,031,"CROWS LANDING RD","AMADOR AVE",0.00,,Y,A,-,N,,,,,,,,,,N,4,0,1,2,A,-,09,21804,A,N,D,C,A,A,H,-,A,A,0,,,,,Y,,A,07,0,0,1,0,0,0,0,0,0,"- ","- ",37.607509613037109,-120.99430084228516,STANISLAUS,MODESTO,-120.99356842041016,37.607635498046875
82257814,2023,2023-12-11,5002,2023-11-28,"756 ",13462,RD01,2,5,6,5002,0,0,0,,0,071,"SCENIC DR","SUNNYSIDE AVE",227.00,W,N,A,-,N,,,,,,,,,,N,4,0,1,2,A,-,06,21755,A,N,D,C,A,A,H,-,A,D,0,,,Y,,Y,,C,02,0,0,1,0,0,0,0,0,1,"- ","- ",37.649688720703125,-120.97328186035156,STANISLAUS,MODESTO,-120.97400665283203,37.649467468261719
82259324,2023,2023-12-12,5001,2023-12-02,2017,922,,6,5,4,5001,0,0,0,,0,003,"MITCHELL RD","ROSEWOOD AVE",0.00,,Y,A,-,N,,,,,,,,,,N,4,0,1,2,A,-,09,21802,A,N,B,G,A,A,H,-,D,A,0,,Y,,,Y,,A,01,0,0,1,0,0,0,1,0,0,"- ","- ",,,STANISLAUS,CERES,-120.93874359130859,37.605987548828125
82260460,2023,2023-12-13,5001,2023-12-10,1914,922,,7,5,4,5001,0,0,0,,0,005,"PARK ST","EL CAMINO",0.00,,Y,A,-,N,,,,,,,,,,N,4,0,1,2,A,-,09,21800,A,N,D,D,A,A,H,-,C,A,0,,,,,Y,,A,01,0,0,1,0,0,0,0,0,0,"- ","- ",,,STANISLAUS,CERES,-120.95183563232422,37.588462829589844
82262891,2023,2023-12-28,5002,2023-01-17,2138,13053,,2,5,6,5002,0,0,0,,0,062,"PRESCOTT RD","STANDIFORD AV",490.00,S,N,A,-,N,,,,,,,,,,N,1,1,0,2,A,-,01,23152,A,F,G,B,D,A,H,-,C,D,0,Y,,,,Y,Y,A,07,0,0,0,1,0,0,0,0,0,"- ","- ",37.689689636230469,-121.03156280517578,STANISLAUS,MODESTO,-121.03153228759766,37.688343048095703
82262916,2023,2023-12-15,5002,2023-12-03,"928 ",13451,M406,7,5,6,5002,0,0,0,,0,041,"10TH ST","G ST",0.00,,Y,B,-,N,,,,,,,,,,Y,4,0,1,1,A,-,03,22350,,N,F,A,A,A,H,-,A,D,0,,,Y,,Y,,C,02,0,0,1,0,0,0,0,0,1,"- ","- ",37.637599945068359,-120.99684906005859,STANISLAUS,MODESTO,-120.99684906005859,37.637611389160156
82262920,2023,2023-12-18,5002,2023-12-05,2250,13396,M567,2,5,6,5002,0,0,0,,0,031,"WHITMORE AVE","GUTHERIE ST",22.00,E,N,A,-,N,,,,,,,,,,Y,2,0,2,2,A,-,06,21751,,N,A,C,A,A,H,-,C,D,0,,,,,Y,,A,01,1,1,0,0,0,0,0,0,0,"- ","- ",37.594951629638672,-121.00531768798828,STANISLAUS,MODESTO,-121.00505065917969,37.594970703125
82262926,2023,2023-12-19,5002,2023-12-09,"550 ",13464,M144,6,5,6,5002,0,0,0,,0,072,"ROSE AVE","FLOYD AVE",0.00,,Y,A,-,N,,,,,,,,,,N,4,0,1,2,A,-,10,21950,A,F,G,B,B,A,H,-,C,A,0,Y,,,,Y,,A,01,0,0,1,0,1,0,0,0,0,"- ","- ",37.678180694580078,-120.96682739257812,STANISLAUS,MODESTO,-120.96684265136719,37.678058624267578
82262935,2023,2023-12-15,5002,2023-12-11,"557 ",13299,M424,1,5,6,5002,0,0,0,,0,041,"G ST","6TH ST",0.00,,Y,A,-,N,,,,,,,,,,Y,4,0,1,2,A,-,03,22350,,N,A,E,A,A,H,-,B,A,0,,,,,Y,,A,01,0,0,1,0,0,0,0,0,0,"- ","- ",37.634750366210938,-121.00064849853516,STANISLAUS,MODESTO,-121.00069427490234,37.634723663330078
82263909,2023,2023-12-19,5002,2023-12-01,"815 ",13425,,5,5,6,5002,0,0,0,,0,042,"THRASHER AVE","OREGON DR",30.00,S,N,A,-,N,,,,,,,,,,Y,2,0,1,2,A,-,10,21954,B,F,G,B,D,A,H,-,A,D,0,Y,,,,Y,,A,01,1,0,0,0,1,0,0,0,0,"- ","- ",37.630908966064453,-120.97032928466797,STANISLAUS,MODESTO,-120.9703369140625,37.630947113037109
82266937,2023,2023-12-20,5002,2023-11-27,1722,13384,RD01,1,5,6,5002,0,0,0,,0,072,"BRIGGSMORE AVE","ROSE AVE",0.00,,Y,A,-,N,,,,,,,,,,Y,4,0,2,3,A,-,03,22350,,N,C,C,A,A,H,-,C,A,0,,,,,Y,,A,01,0,0,2,0,0,0,0,0,0,"- ","- ",37.667030334472656,-120.96662139892578,STANISLAUS,MODESTO,-120.96665954589844,37.666915893554688
82266944,2023,2023-12-20,5002,2023-12-12,"800 ",11413,102,2,5,6,5002,0,0,0,,0,073,"COFFEE RD","SYLVAN AVE",0.00,,Y,A,-,N,,,,,,,,,,Y,4,0,1,2,A,-,09,21801,A,N,A,C,A,A,H,-,A,A,0,,,,,Y,,A,01,0,0,1,0,0,0,0,0,0,"- ","- ",37.688880920410156,-120.97605895996094,STANISLAUS,MODESTO,-120.97608947753906,37.68890380859375
82266948,2023,2023-12-20,5002,2023-12-15,1645,13363,M027,5,5,6,5002,0,0,0,,0,083,"STANDIFORD AVE","LONGBRIDGE DR",0.00,,Y,A,-,N,,,,,,,,,,N,4,0,1,2,A,-,03,22350,,F,C,C,A,A,H,-,A,D,0,,,,,Y,,-,99,0,0,1,0,0,0,0,0,0,"- ","- ",37.689468383789062,-121.01747894287109,STANISLAUS,MODESTO,-121.01754760742188,37.689418792724609
82266951,2023,2023-12-20,5002,2023-12-16,1345,13411,M320,6,5,6,5002,0,0,0,,0,043,"N. RIVERSIDE DR","MILLER AVE",0.00,,Y,A,-,N,,,,,,,,,,Y,4,0,1,2,A,-,09,21802,A,N,D,C,A,A,H,-,A,A,0,,,,,Y,,A,07,0,0,1,0,0,0,0,0,0,"- ","- ",,,STANISLAUS,MODESTO,-120.94806671142578,37.640041351318359
82266952,2023,2023-12-21,5002,2023-12-16,1436,13481,M286,6,5,6,5002,0,0,0,,0,071,"ROSE AVE","CRESTVIEW DR",0.00,,Y,A,-,N,,,,,,,,,,Y,4,0,1,2,A,-,09,21802,A,N,D,C,A,A,H,-,A,A,0,,,Y,,Y,,A,01,0,0,1,0,0,0,0,0,1,"- ","- ",37.660079956054688,-120.96694183349609,STANISLAUS,MODESTO,-120.96656799316406,37.660301208496094
82267822,2023,2023-12-21,5001,2023-12-19,1807,821,,2,5,4,5001,0,0,0,,0,004,"SERVICE RD","CROWS LANDING RD",2144.00,W,N,C,-,N,,,,,,,,,,Y,4,0,1,1,A,-,08,22107,,N,E,J,A,B,H,-,D,D,0,,,,,Y,,A,01,0,0,1,0,0,0,0,0,0,"- ","- ",,,STANISLAUS,CERES,-120.99366760253906,37.580398559570312
82267977,2023,2023-12-21,5002,2023-12-20,"727 ",13372,M039,3,5,6,5002,0,0,0,,0,082,"BOWEN AVE","MONTICELLO AVE",5.00,W,N,B,-,N,,,,,,,,,,Y,3,0,1,1,A,-,08,22107,,N,E,I,A,B,H,-,A,D,0,,,,,Y,,A,01,0,1,0,0,0,0,0,0,0,"- ","- ",37.674819946289062,-121.01051330566406,STANISLAUS,MODESTO,-121.01049041748047,37.674831390380859
82268837,2023,2023-12-22,5006,2023-12-01,"813 ",S01836,RIVER,5,5,3,5006,0,0,0,,0,RPD,"PATTERSON RD","SNEDIGAR RD",0.00,,Y,A,-,N,,,,,,,,,,Y,3,0,1,2,A,-,03,22350,,N,C,C,A,A,H,-,A,A,0,,,,,Y,,A,01,0,1,0,0,0,0,0,0,0,"- ","- ",,,STANISLAUS,RIVERBANK,-120.91310882568359,37.732597351074219
82268988,2023,2023-12-22,5002,2023-12-04,1730,13399,,1,5,6,5002,0,0,0,,0,061,"KANSAS AVE","CARPENTER RD",250.00,E,N,A,-,N,,,,,,,,,,N,4,0,1,2,A,-,11,21954,A,N,G,B,D,A,H,-,C,D,0,Y,,,,Y,Y,N,60,0,0,1,0,1,0,0,0,0,"- ","- ",37.646011352539062,-121.03031921386719,STANISLAUS,MODESTO,-121.02943420410156,37.64599609375
82274441,2023,2023-12-29,5006,2023-12-14,2238,129,RIVER,4,5,3,5006,0,0,0,,0,RPD,"OAKDALE RD","PATTERSON RD",528.00,S,N,A,-,N,,,,,,,,,,N,3,0,3,3,A,-,03,22350,,N,A,C,A,A,H,-,C,D,0,,,,,Y,Y,A,01,0,3,0,0,0,0,0,0,0,"- ","- ",37.732891082763672,-120.95857238769531,STANISLAUS,RIVERBANK,-120.95863342285156,37.731208801269531
82274656,2023,2024-01-01,5002,2023-12-18,1216,13513,,1,5,6,5002,0,0,0,,0,031,"HATCH RD","USTICK RD",202.00,W,N,C,-,N,,,,,,,,,,Y,2,0,1,3,A,-,06,21755,A,F,G,B,E,B,H,-,A,D,0,Y,,,,Y,,A,01,1,0,0,0,1,0,0,0,0,"- ","- ",37.606410980224609,-121.01255035400391,STANISLAUS,MODESTO,-121.012451171875,37.606296539306641
82274663,2023,2023-12-29,5002,2023-12-22,1347,11661,RD01,5,5,6,5002,0,0,0,,0,082,"GRANGER AVE","CALLE DE FLORES",0.00,,Y,A,-,N,,,,,,,,,,N,4,0,1,2,A,-,09,21802,A,N,D,C,A,A,H,-,A,A,0,,,,,Y,,A,01,0,0,1,0,0,0,0,0,0,"- ","- ",37.667510986328125,-121.00263977050781,STANISLAUS,MODESTO,-121.00260925292969,37.667484283447266
82275552,2023,2024-01-01,5002,2023-12-12,1457,13343,,2,5,6,5002,0,0,0,,0,073,"COFFEE RD","SYLVAN MEADOWS DR",0.00,,Y,A,-,N,,,,,,,,,,N,4,0,1,2,A,-,10,21950,A,N,G,B,B,A,H,-,A,A,0,Y,,,,Y,,A,01,0,0,1,0,1,0,0,0,0,"- ","- ",37.691131591796875,-120.97624969482422,STANISLAUS,MODESTO,-120.97611999511719,37.691314697265625
82275562,2023,2024-01-01,5002,2023-12-19,1715,13439,M409,2,5,6,5002,0,0,0,,0,041,"7TH ST","B ST",5.00,S,N,B,C,N,,,,,,,,,,N,2,0,1,2,C,-,18,,,N,A,C,A,B,H,-,C,A,0,,,,,Y,,-,"- ",1,0,0,0,0,0,0,0,0,"- ","- ",37.630180358886719,-120.99461364746094,STANISLAUS,MODESTO,-120.99462890625,37.630168914794922
82280942,2023,2024-01-08,5002,2023-12-24,1207,13444,,7,5,6,5002,0,0,0,,0,072,"BRIGGSMORE AVE","OAKDALE RD",0.00,,Y,A,-,N,,,,,,,,,,Y,3,0,2,2,A,-,17,21451,A,N,A,C,A,A,H,-,A,A,0,,,,,Y,,A,07,0,1,1,0,0,0,0,0,0,"- ","- ",37.667110443115234,-120.95755767822266,STANISLAUS,MODESTO,-120.95755767822266,37.66705322265625