CASE_ID,ACCIDENT_YEAR,PROC_DATE,JURIS,COLLISION_DATE,COLLISION_TIME,OFFICER_ID,REPORTING_DISTRICT,DAY_OF_WEEK,CHP_SHIFT,POPULATION,CNTY_CITY_LOC,SPECIAL_COND,BEAT_TYPE,CHP_BEAT_TYPE,CITY_DIVISION_LAPD,CHP_BEAT_CLASS,BEAT_NUMBER,PRIMARY_RD,SECONDARY_RD,DISTANCE,DIRECTION,INTERSECTION,WEATHER_1,WEATHER_2,STATE_HWY_IND,CALTRANS_COUNTY,CALTRANS_DISTRICT,STATE_ROUTE,ROUTE_SUFFIX,POSTMILE_PREFIX,POSTMILE,LOCATION_TYPE,RAMP_INTERSECTION,SIDE_OF_HWY,TOW_AWAY,COLLISION_SEVERITY,NUMBER_KILLED,NUMBER_INJURED,PARTY_COUNT,PRIMARY_COLL_FACTOR,PCF_CODE_OF_VIOL,PCF_VIOL_CATEGORY,PCF_VIOLATION,PCF_VIOL_SUBSECTION,HIT_AND_RUN,TYPE_OF_COLLISION,MVIW,PED_ACTION,ROAD_SURFACE,ROAD_COND_1,ROAD_COND_2,LIGHTING,CONTROL_DEVICE,CHP_ROAD_TYPE,PEDESTRIAN_ACCIDENT,BICYCLE_ACCIDENT,MOTORCYCLE_ACCIDENT,TRUCK_ACCIDENT,NOT_PRIVATE_PROPERTY,ALCOHOL_INVOLVED,STWD_VEHTYPE_AT_FAULT,CHP_VEHTYPE_AT_FAULT,COUNT_SEVERE_INJ,COUNT_VISIBLE_INJ,COUNT_COMPLAINT_PAIN,COUNT_PED_KILLED,COUNT_PED_INJURED,COUNT_BICYCLIST_KILLED,COUNT_BICYCLIST_INJURED,COUNT_MC_KILLED,COUNT_MC_INJURED,PRIMARY_RAMP,SECONDARY_RAMP,LATITUDE,LONGITUDE,COUNTY,CITY,POINT_X,POINT_Y
8297660,2017,2017-06-02,5002,2017-01-19,0845,,,4,5,6,5002,0,0,0,,0,,"7TH ST","TUOLUMNE BL",0.00,,Y,B,-,N,,,,,,,,,,N,4,0,2,2,A,-,08,22100,B,N,B,C,A,B,H,-,A,A,0,,,,Y,Y,,G,25,0,0,2,0,0,0,0,0,0,"- ","- ",37.630180000000003,-120.99468,STANISLAUS,MODESTO,-120.99465992,37.630149899999999
8297842,2017,2017-02-16,5002,2017-01-26,1635,13053,186,4,5,6,5002,0,0,0,,0,061,"CARVER RD","SILVERWOOD AV",0.00,,Y,A,-,N,,,,,,,,,,N,3,0,1,2,A,-,10,21950,A,N,G,B,B,A,H,-,A,D,0,Y,,,,Y,,A,,0,1,0,0,1,0,0,0,0,"- ","- ",,,STANISLAUS,MODESTO,-121.02210986,37.669239910000002
8299743,2017,2017-03-06,5007,2017-01-28,0639,5736,,6,5,5,5007,0,0,0,,0,003,"WEST CANAL DR","NORTH TULLY RD",1110.00,E,N,A,-,N,,,,,,,,,,Y,4,0,1,2,A,-,08,22107,,N,D,C,A,A,H,-,B,D,0,,,,,Y,,D,22,0,0,1,0,0,0,0,0,0,"- ","- ",,,STANISLAUS,TURLOCK,-120.86796597,37.500320010000003
8299906,2017,2017-02-27,5007,2017-02-04,1815,5766,,6,5,5,5007,0,0,0,,0,003,"NORTH TULLY RD","ROTH CT",0.00,,Y,A,-,N,,,,,,,,,,Y,4,0,2,3,A,-,12,22450,,N,A,C,A,A,H,-,B,A,0,,,,,Y,,A,01,0,0,2,0,0,0,0,0,0,"- ","- ",,,STANISLAUS,TURLOCK,-120.87175986,37.505799979999999
8300042,2017,2017-02-06,5002,2017-01-27,0652,13035,898,5,5,6,5002,0,0,0,,0,073,"SYLVAN AV","KELLER ST",3.00,W,N,A,-,N,,,,,,,,,,N,3,0,1,2,A,-,10,21950,A,N,G,B,B,A,H,-,B,A,0,Y,,,,Y,,A,,0,1,0,0,1,0,0,0,0,"- ","- ",,,STANISLAUS,MODESTO,-120.97032037,37.688909850000002
8300070,2017,2017-02-06,5002,2017-01-25,0721,11413,096,3,5,6,5002,0,0,0,,0,083,"GRECIAN AV",GABRIEL,0.00,,Y,A,-,N,,,,,,,,,,Y,3,0,1,2,A,-,10,21950,A,N,G,B,B,A,H,-,A,A,0,Y,,,,Y,,A,,0,1,0,0,1,0,0,0,0,"- ","- ",,,STANISLAUS,MODESTO,-120.99039988,37.697799949999997
8300278,2017,2018-02-16,5002,2017-01-24,1123,13085,M538,2,5,6,5002,0,0,0,,0,062,"STANFORD AV","RT 99",0.00,,Y,A,-,Y,STA,10,99,-,R,20.478,R,4,S,Y,4,0,2,2,A,-,12,21453,A,N,D,C,A,A,H,-,A,A,0,,,,,Y,,D,,0,0,2,0,0,0,0,0,0,"- ","- ",,,STANISLAUS,MODESTO,-121.05660936,37.685990629999999
8301677,2017,2017-02-16,5001,2017-02-03,1329,363,D001,5,5,4,5001,0,0,0,,0,005,"WHITMORE AV","MOFFETT RD",0.00,,Y,A,-,N,,,,,,,,,,Y,4,0,1,3,A,-,09,21800,A,N,D,C,A,A,H,-,A,A,0,,,,,Y,,D,22,0,0,1,0,0,0,0,0,0,"- ","- ",37.594729999999998,-120.94784,STANISLAUS,CERES,-120.94782999,37.594759969999998
8301757,2017,2017-02-09,5001,2017-01-29,2333,747,C001,7,5,4,5001,0,0,0,,0,005,"EAST WHITMORE AV","5TH AV",0.00,,Y,A,-,N,,,,,,,,,,Y,4,0,2,2,D,-,00,,,N,D,C,A,A,H,-,C,A,0,,,,,Y,,-,"- ",0,0,2,0,0,0,0,0,0,"- ","- ",37.594749999999998,-120.9522,STANISLAUS,CERES,-120.95223996999999,37.594769909999997
8302563,2017,2018-02-16,5002,2017-02-07,1242,11628,M097,2,5,6,5002,0,0,0,,0,083,"STANDIFORD AV","RT 108",30.00,,N,B,C,Y,STA,10,108,-,-,26.060,I,6,W,Y,4,0,1,3,A,-,03,22350,,N,B,C,A,B,H,-,A,D,0,,,,,Y,,D,,0,0,1,0,0,0,0,0,0,"- ","- ",,,STANISLAUS,MODESTO,-120.99429999,37.688912999999999
8302579,2017,2018-02-16,5002,2017-02-06,1836,11271,M049,1,5,6,5002,0,0,0,,0,083,"MCHENRY AV","WEST UNION AV",198.00,N,N,C,-,Y,STA,10,108,-,-,26.390,H,-,W,N,2,0,1,2,A,-,11,21954,A,N,G,B,D,B,H,-,C,A,0,Y,,,,Y,Y,N,,1,0,0,0,1,0,0,0,0,"- ","- ",,,STANISLAUS,MODESTO,-120.99438264,37.693761989999999
8302612,2017,2017-03-16,5002,2017-02-07,1113,13043,179,2,5,6,5002,0,0,0,,0,061,"ORANGEBURG AV","MARTIN AV",40.00,,N,B,C,N,,,,,,,,,,Y,2,0,2,2,A,-,03,22350,,N,D,C,A,B,H,-,A,D,0,,,,,Y,,A,,1,1,0,0,0,0,0,0,0,"- ","- ",,,STANISLAUS,MODESTO,-121.02564993,37.664169979999997
8302632,2017,2017-03-16,5002,2017-02-02,1406,11023,415,4,5,6,5002,0,0,0,,0,041,"J ST","14TH ST",0.00,,Y,B,-,N,,,,,,,,,,Y,3,0,4,3,A,-,12,21453,A,N,D,C,A,A,H,-,A,A,0,,,,,Y,,-,,0,2,2,0,0,0,0,0,0,"- ","- ",,,STANISLAUS,MODESTO,-120.9965,37.64339992
8302778,2017,2017-03-13,5002,2017-02-05,1556,11563,,7,5,6,5002,0,0,0,,0,083,"DRAGOO PARK DR","SYLVAN DR",0.00,,Y,A,-,N,,,,,,,,,,N,4,0,1,2,A,-,21,22106,,N,H,C,A,A,H,-,A,D,0,,,,,Y,,A,,0,0,1,0,0,0,0,0,0,"- ","- ",,,STANISLAUS,MODESTO,-120.98474985,37.688969960000001
8306240,2017,2017-03-02,5001,2017-02-11,0057,803,C100,6,5,4,5001,0,0,0,,0,004,"HACKETT RD","RAILROAD AV",0.00,,Y,B,-,N,,,,,,,,,,Y,2,0,3,1,A,-,01,23152,A,N,E,I,A,A,H,-,C,A,0,,,,,Y,Y,A,01,3,0,0,0,0,0,0,0,0,"- ","- ",37.588679999999997,-120.95455,STANISLAUS,CERES,-120.95459,37.588669950000003
8307237,2017,2017-03-07,5002,2017-02-09,2158,11531,,4,5,6,5002,0,0,0,,0,031,"CROWS LANDING RD","WHITMORE AV",485.00,N,N,B,-,N,,,,,,,,,,Y,4,0,10,2,A,-,01,23152,A,N,D,C,A,B,H,-,C,B,0,,,,,Y,Y,A,,0,0,10,0,0,0,0,0,0,"- ","- ",,,STANISLAUS,MODESTO,-120.99359,37.596221900000003
8307475,2017,2017-03-17,5002,2017-02-04,2204,1185,,6,5,6,5002,0,0,0,,0,032,"PARADISE RD","CHICAGO AV",0.00,,Y,A,-,N,,,,,,,,,,N,4,0,1,2,B,-,22,,,N,G,B,B,A,H,-,C,D,0,Y,,,,Y,,J,,0,0,1,0,1,0,0,0,0,"- ","- ",,,STANISLAUS,MODESTO,-121.01457992,37.625969929999997
8313456,2017,2017-03-02,5002,2017-02-17,1030,11022,,5,5,6,5002,0,0,0,,0,041,"J ST","15TH ST",0.00,,Y,C,-,N,,,,,,,,,,Y,3,0,1,2,A,-,09,21801,A,N,D,C,A,B,H,-,A,D,0,,,,,Y,,A,,0,1,0,0,0,0,0,0,0,"- ","- ",,,STANISLAUS,MODESTO,-120.99556997000001,37.644119959999998
8313460,2017,2017-03-02,5002,2017-02-16,2033,13100,046,4,5,6,5002,0,0,0,,0,082,BRIGGSMORE,COLLEGE,0.00,,Y,A,-,N,,,,,,,,,,Y,3,0,2,2,A,-,01,23152,E,N,A,C,A,A,H,-,C,A,0,,,,,Y,,D,,0,1,1,0,0,0,0,0,0,"- ","- ",,,STANISLAUS,MODESTO,-121.00767994,37.670489940000003
8313472,2017,2017-03-02,5002,2017-02-16,1250,11226,,4,5,6,5002,0,0,0,,0,061,"NORTH CARPENTER RD","WOODLAND AV",400.00,S,N,A,-,N,,,,,,,,,,N,4,0,1,1,A,-,08,22107,,N,E,I,A,A,H,-,A,D,0,,,,,Y,,D,,0,0,1,0,0,0,0,0,0,"- ","- ",,,STANISLAUS,MODESTO,-121.03103436000001,37.652111560000002
8313491,2017,2017-03-02,5002,2017-01-12,1534,11078,5002,4,5,6,5002,0,0,0,,0,041,"G ST","13TH ST",0.00,,Y,C,-,N,,,,,,,,,,Y,4,0,1,2,A,-,12,22450,,N,-,C,A,B,H,-,A,A,0,,,,,Y,,D,,0,0,1,0,0,0,0,0,0,"- ","- ",,,STANISLAUS,MODESTO,-120.99399990000001,37.63974992
8313495,2017,2017-03-02,5002,2017-01-04,1920,11110,389,3,5,6,5002,0,0,0,,0,041,"I ST","15TH ST",0.00,,Y,B,-,N,,,,,,,,,,Y,4,0,2,2,A,-,08,22107,,N,A,C,A,B,H,-,C,D,0,,,,,Y,,A,,0,0,2,0,0,0,0,0,0,"- ","- ",,,STANISLAUS,MODESTO,-120.99444986,37.643159990000001
8313519,2017,2017-03-02,5002,2017-02-12,1227,10384,390,7,5,6,5002,0,0,0,,0,041,"H ST","15TH ST",0.00,,Y,A,-,N,,,,,,,,,,Y,4,0,1,2,A,-,09,21802,A,N,B,C,A,A,H,-,A,A,0,,,,,Y,,A,,0,0,1,0,0,0,0,0,0,"- ","- ",,,STANISLAUS,MODESTO,-120.99319997000001,37.642179910000003
8313521,2017,2017-03-02,5002,2017-02-06,1913,11110,427,1,5,6,5002,0,0,0,,0,032,"SUTTER AV","WESTERN WY",115.00,N,N,C,-,N,,,,,,,,,,Y,2,0,1,2,A,-,01,23152,A,N,C,E,A,B,H,-,C,D,0,,,,,Y,Y,A,,1,0,0,0,0,0,0,0,0,"- ","- ",,,STANISLAUS,MODESTO,-121.01180877,37.626335740000002
8313533,2017,2017-03-02,5002,2017-02-10,2354,11855,159,5,5,6,5002,0,0,0,,0,072,"EAST BRIGGSMORE AV","OAKDALE RD",1720.00,E,N,A,-,N,,,,,,,,,,Y,3,0,1,1,A,-,01,23152,,N,E,I,A,A,H,-,C,D,0,,,,,Y,Y,A,,0,1,0,0,0,0,0,0,0,"- ","- ",,,STANISLAUS,MODESTO,-120.95170499,37.667574539999997
8313537,2017,2017-03-02,5002,2017-02-10,1859,11028,M039,5,5,6,5002,0,0,0,,0,082,"TULLY RD","BOWEN AV",0.00,,Y,A,-,N,,,,,,,,,,Y,4,0,2,2,A,-,09,21801,A,N,A,C,A,A,H,-,C,A,0,,,,,Y,,A,,0,0,2,0,0,0,0,0,0,"- ","- ",,,STANISLAUS,MODESTO,-121.01230999000001,37.674859949999998
8313541,2017,2017-03-02,5002,2017-02-10,1620,13085,M458,5,5,6,5002,0,0,0,,0,042,"YOSEMITE BL","EL VISTA AV",125.00,E,N,B,-,N,,,,,,,,,,Y,4,0,1,1,A,-,01,23152,A,N,E,I,A,B,H,-,A,D,0,,,,,Y,Y,A,,0,0,1,0,0,0,0,0,0,"- ","- ",,,STANISLAUS,MODESTO,-120.95677839,37.6381643
8313561,2017,2017-03-02,5002,2017-02-13,2108,11804,477,1,5,6,5002,0,0,0,,0,042,"MITCHELL RD","TENAYA DR",200.00,S,N,A,-,N,,,,,,,,,,Y,3,0,1,1,A,-,01,23152,,N,A,I,A,A,H,-,C,A,0,,,,,Y,Y,A,,0,1,0,0,0,0,0,0,0,"- ","- ",,,STANISLAUS,MODESTO,-120.95727445999999,37.631861260000001
8316562,2017,2017-03-10,5002,2017-02-11,1713,811,A210,6,5,6,5002,0,0,0,,0,001,"EAST HATCH RD","HENDERSON RD",185.00,E,N,A,-,N,,,,,,,,,,N,4,0,2,2,A,-,03,22350,,N,C,C,A,A,H,-,A,A,0,,,,,Y,,A,01,0,0,2,0,0,0,0,0,0,"- ","- ",37.609360000000002,-120.97423000000001,STANISLAUS,MODESTO,-120.973586,37.609349000000002
8318353,2017,2017-03-09,5007,2017-02-13,0745,6623,,1,5,5,5007,0,0,0,,0,002,"EAST LINWOOD AV","BOXWOOD WY",0.00,,Y,A,-,N,,,,,,,,,,N,4,0,3,2,A,-,09,21801,A,N,D,C,A,A,H,-,A,D,0,,,,,Y,,A,07,0,0,3,0,0,0,0,0,0,"- ","- ",,,STANISLAUS,TURLOCK,-120.84123992000001,37.478149889999997
8320631,2017,2017-03-21,5002,2017-03-03,1653,11530,STANI,5,5,6,5002,0,0,0,,0,031,"WHITEMORE AV",DALLAS,0.00,,Y,A,-,N,,,,,,,,,,Y,4,0,1,2,A,-,09,21801,A,N,D,C,A,A,H,-,A,D,0,,,,,Y,,D,,0,0,1,0,0,0,0,0,0,"- ","- ",,,STANISLAUS,MODESTO,-121.00138996,37.594999979999997
8320782,2017,2018-02-16,5002,2017-02-23,2108,11233,M259,4,5,6,5002,0,0,0,,0,081,"MCHENRY AV","MORRIS AV",42.00,N,N,A,-,Y,STA,10,108,-,-,23.450,H,-,E,N,3,0,1,2,A,-,09,21804,A,N,D,G,A,A,H,-,C,A,0,,Y,,,Y,Y,L,,0,1,0,0,0,0,1,0,0,"- ","- ",,,STANISLAUS,MODESTO,-120.99387926999999,37.651113350000003
8323768,2017,2017-03-21,5007,2017-02-21,2343,5755,,2,5,5,5007,0,0,0,,0,002,"LANDER AV","ANGELUS ST",253.00,S,N,A,-,N,,,,,,,,,,Y,4,0,1,1,A,-,08,22107,,N,E,I,A,A,H,-,C,D,0,,,,,Y,,A,07,0,0,1,0,0,0,0,0,0,"- ","- ",,,STANISLAUS,TURLOCK,-120.8489726,37.48625552
8325472,2017,2017-03-29,5002,2017-03-08,1923,13000,068,3,5,6,5002,0,0,0,,0,063,"CARVER RD","SNYDER AV",0.00,,Y,A,-,N,,,,,,,,,,N,4,0,2,2,A,-,09,21802,A,N,D,C,A,A,H,-,C,A,0,,,,,Y,,-,"- ",0,0,2,0,0,0,0,0,0,"- ","- ",,,STANISLAUS,MODESTO,-121.02256,37.69683989
8325504,2017,2017-03-21,5002,2017-03-12,1825,11795,M028,7,5,6,5002,0,0,0,,0,083,"WOODROW AV","LORD AV",23.00,W,N,A,-,N,,,,,,,,,,Y,4,0,1,3,A,-,08,22107,,N,B,E,A,A,H,-,B,D,0,,,,,Y,,A,,0,0,1,0,0,0,0,0,0,"- ","- ",,,STANISLAUS,MODESTO,-121.00986945,37.685681690000003
8325836,2017,2018-02-16,5006,2017-01-19,1857,S01836,RPS,4,5,3,5006,0,0,0,,0,RP1,"RT 108","JACKSON AV",0.00,,Y,A,-,Y,STA,10,108,-,-,31.520,H,-,E,Y,4,0,1,2,A,-,03,22350,,N,C,C,A,A,H,-,C,A,0,,,,,Y,,A,01,0,0,1,0,0,0,0,0,0,"- ","- ",,,STANISLAUS,RIVERBANK,-120.95059079000001,37.732665490000002
8325857,2017,2017-03-22,5002,2017-03-04,1440,13032,487,6,5,6,5002,0,0,0,,0,032,"ROBERTSON RD","MARLOW ST",0.00,,Y,A,-,N,,,,,,,,,,N,3,0,1,2,A,-,12,22450,A,N,D,D,A,A,H,-,A,A,0,,,Y,,Y,,C,,0,1,0,0,0,0,0,0,1,"- ","- ",,,STANISLAUS,MODESTO,-121.02567994,37.613250000000001
8325873,2017,2017-03-22,5002,2017-03-02,1851,11675,M300,4,5,6,5002,0,0,0,,0,071,"ROSE AV","LOCKE RD",1.00,E,N,A,-,N,,,,,,,,,,N,4,0,1,2,A,-,10,21950,A,N,G,B,D,A,H,-,E,D,0,Y,,,,Y,,-,,0,0,1,0,1,0,0,0,0,"- ","- ",,,STANISLAUS,MODESTO,-120.96648999999999,37.654040000000002
83280872,2024,2024-08-02,5002,2024-06-27,"907 ",13191,,4,5,6,5002,0,0,0,,0,081,"COFFEE RD","LUCERN AVE",153.00,S,N,A,-,N,,,,,,,,,,N,4,0,3,2,A,-,09,21804,A,N,D,C,A,A,H,-,A,D,0,,,,,Y,,A,01,0,0,3,0,0,0,0,0,0,"- ","- ",37.652690887451172,-120.97557067871094,STANISLAUS,MODESTO,-120.97557067871094,37.652278900146484
83280881,2024,2024-08-02,5002,2024-07-03,1054,13520,,3,5,6,5002,0,0,0,,0,082,"MCHENRY AVE (SR108)","BOWEN AVE",147.00,S,N,A,-,Y,STA,,108," "," ",25.061,H,,L,Y,3,0,1,3,A,-,07,21658,A,N,C,C,A,A,H,-,A,D,0,,,Y,,Y,,C,02,0,1,0,0,0,0,0,0,1,"- ","- ",37.674568176269531,-120.99413299560547,STANISLAUS,MODESTO,-120.99417877197266,37.674568176269531
8331705,2017,2017-04-10,5002,2017-03-30,1744,11478,M440,4,5,6,5002,0,0,0,,0,042,"EL VISTA AV","ENCINA AV",162.00,N,N,A,-,N,,,,,,,,,,Y,4,0,4,4,A,-,03,22350,,N,C,C,A,-,H,-,A,A,0,,,,,Y,,-,,0,0,4,0,0,0,0,0,0,"- ","- ",,,STANISLAUS,MODESTO,-120.95726285000001,37.645684879999997
8331757,2017,2017-04-11,5002,2017-03-26,1650,10542,158,7,5,6,5002,0,0,0,,0,072,"FLOYD AV","TEMESCAL DR",0.00,E,N,A,-,N,,,,,,,,,,Y,3,0,1,1,A,-,08,22107,,N,A,J,A,A,H,-,A,D,0,,,,,Y,,-,,0,1,0,0,0,0,0,0,0,"- ","- ",,,STANISLAUS,MODESTO,-120.94414986,37.678189959999997
8331803,2017,2017-04-11,5007,2017-03-09,1310,5596,,4,5,5,5007,0,0,0,,0,003,"NORTH WALNUT RD","WEST MAIN ST",6.00,N,N,A,-,N,,,,,,,,,,N,4,0,1,2,A,-,08,22107,,N,-,C,A,A,H,-,A,A,0,,,,,Y,,A,01,0,0,1,0,0,0,0,0,0,"- ","- ",,,STANISLAUS,TURLOCK,-120.87179930000001,37.49274647
8331811,2017,2017-04-11,5007,2017-03-10,1907,5727,,5,5,5,5007,0,0,0,,0,002,"SOUTH GOLDEN STATE BL","F ST",315.00,N,N,A,-,N,,,,,,,,,,N,4,0,1,2,A,-,03,22350,,N,G,B,E,A,H,-,C,D,0,Y,,,,Y,,A,01,0,0,1,0,1,0,0,0,0,"- ","- ",,,STANISLAUS,TURLOCK,-120.84026011,37.489610169999999
8331844,2017,2017-04-10,5002,2017-03-02,2112,11765,410,4,5,6,5002,0,0,0,,0,041,"H ST","7TH ST",41.00,E,N,A,-,N,,,,,,,,,,Y,3,0,2,5,A,-,17,21657,,N,B,C,A,A,H,-,C,A,0,,,,,Y,,-,,0,1,1,0,0,0,0,0,0,"- ","- ",,,STANISLAUS,MODESTO,-121.00072665,37.636506959999998
8331856,2017,2017-04-07,5002,2017-03-27,1913,13085,,1,5,6,5002,0,0,0,,0,062,"STANFORD AV","LONGBRIDGE DR",0.00,,Y,A,-,N,,,,,,,,,,Y,4,0,1,2,A,-,09,21801,A,N,D,C,A,A,H,-,A,D,0,,,,,Y,,-,,0,0,1,0,0,0,0,0,0,"- ","- ",,,STANISLAUS,MODESTO,-121.01755,37.689419999999998
8331903,2017,2017-04-11,5002,2017-03-29,0826,11084,M179,3,5,6,5002,0,0,0,,0,061,"ORANGEBURG AV","MARTIN AV",0.00,,Y,A,-,N,,,,,,,,,,Y,3,0,1,2,A,-,08,22107,,N,D,C,A,A,H,-,A,A,0,,,,,Y,,-,,0,1,0,0,0,0,0,0,0,"- ","- ",,,STANISLAUS,MODESTO,-121.02564993,37.664169979999997
8333347,2016,2017-05-11,5002,2016-11-24,1110,,,4,5,6,5002,0,0,0,,0,,"CROWS LANDING RD","BUTTE AV",200.00,N,N,A,-,N,,,,,,,,,,N,4,0,1,2,A,-,09,21804,A,N,D,C,A,A,H,-,A,D,0,,,,,Y,,A,01,0,0,1,0,0,0,0,0,0,"- ","- ",37.605800000000002,-120.9933,STANISLAUS,MODESTO,-120.99356290999999,37.606289250000003
8335914,2017,2017-04-15,5002,2017-04-15,0706,13084,M156,6,5,6,5002,0,0,0,,0,073,"OAKDALE RD","SYLVAN AV",199.00,S,Y,A,-,N,,,,,,,,,,Y,4,0,2,3,A,-,09,21800,A,N,D,C,A,A,H,-,A,A,0,,,,,Y,,A,,0,0,2,0,0,0,0,0,0,"- ","- ",,,STANISLAUS,MODESTO,-120.957983,37.688423520000001
8336682,2017,2017-05-01,5002,2017-04-06,1608,10507,159,4,5,6,5002,0,0,0,,0,072,"OAKDALE RD","LANCEY DR",15.00,N,N,B,-,N,,,,,,,,,,N,4,0,1,2,A,-,03,22350,,N,C,C,A,A,H,-,A,A,0,,,,,Y,,A,,0,0,1,0,0,0,0,0,0,"- ","- ",,,STANISLAUS,MODESTO,-120.95765029,37.669471190000003
8337540,2017,2017-05-02,5007,2017-03-22,2017,5697,,3,5,5,5007,0,0,0,,0,003,"NORTH TULLY RD","ROTH WY",0.00,,Y,A,-,N,,,,,,,,,,Y,4,0,2,3,A,-,12,22450,A,N,-,C,A,A,H,-,C,A,0,,,,,Y,,D,22,0,0,2,0,0,0,0,0,0,"- ","- ",,,STANISLAUS,TURLOCK,-120.87175986,37.505799979999999
8337544,2017,2017-04-10,5007,2017-03-16,1007,5736,,4,5,5,5007,0,0,0,,0,001,"GEER RD","BAYLOR AV",0.00,,Y,A,-,N,,,,,,,,,,Y,4,0,1,2,A,-,09,21802,A,N,D,C,A,A,H,-,A,D,0,,,,,Y,,D,22,0,0,1,0,0,0,0,0,0,"- ","- ",,,STANISLAUS,TURLOCK,-120.84896994,37.511819920000001
8338424,2017,2017-06-17,5002,2017-03-24,0737,13040,M305,5,5,6,5002,0,0,0,,0,071,"OAKDALE RD","SAINT PAULS WY",0.00,,Y,B,-,N,,,,,,,,,,Y,3,0,1,1,C,-,18,,,N,E,I,A,A,H,-,A,D,0,,,,,Y,,-,"- ",0,1,0,0,0,0,0,0,0,"- ","- ",,,STANISLAUS,MODESTO,-120.95757992,37.665430000000001
8338444,2017,2017-04-06,5002,2017-03-26,1919,13000,271,7,5,6,5002,0,0,0,,0,081,"LUCERN AV","EL VECINO AV",0.00,,Y,B,-,N,,,,,,,,,,Y,4,0,1,2,A,-,12,22450,A,F,D,C,A,A,H,-,B,A,0,,,,,Y,,A,,0,0,1,0,0,0,0,0,0,"- ","- ",,,STANISLAUS,MODESTO,-120.98012988000001,37.652709999999999
8338468,2017,2017-04-06,5002,2017-03-15,1456,13032,427,3,5,6,5002,0,0,0,,0,033,"S MARTIN LUTHER KING DR","PARADISE RD",50.00,N,N,A,-,N,,,,,,,,,,N,4,0,1,2,A,-,09,21453,B,N,D,C,A,A,H,-,A,A,0,,,,,Y,,A,,0,0,1,0,0,0,0,0,0,"- ","- ",,,STANISLAUS,MODESTO,-121.01185307999999,37.627957289999998
8338517,2017,2017-04-07,5002,2017-03-17,0620,113035,199,5,5,6,5002,0,0,0,,0,061,"KANSAS AV","CARPENTER RD",0.00,,Y,A,-,N,,,,,,,,,,Y,3,0,1,3,A,-,09,21801,A,F,F,A,A,A,H,-,C,A,0,,,Y,,Y,,D,,0,1,0,0,0,0,0,0,1,"- ","- ",,,STANISLAUS,MODESTO,-121.03029995999999,37.645989890000003
8338525,2017,2017-04-07,5002,2017-03-17,1650,11530,MODES,5,5,6,5002,0,0,0,,0,031,"N CARPENTER","ELM AV",50.00,N,N,A,-,N,,,,,,,,,,Y,3,0,3,2,A,-,00,21501,A,N,D,C,A,A,H,-,A,D,0,,,,,Y,,A,,0,1,2,0,0,0,0,0,0,"- ","- ",,,STANISLAUS,MODESTO,-121.03024238,37.643387300000001
8338553,2017,2017-04-07,5002,2017-03-15,0849,11413,209,3,5,6,5002,0,0,0,,0,082,"W ORANGEBURG","COLLEGE AV",0.00,,Y,A,-,N,,,,,,,,,,N,4,0,1,2,A,-,05,21650,1,N,D,G,A,A,H,-,A,A,0,,Y,,,Y,,L,,0,0,1,0,0,0,1,0,0,"- ","- ",,,STANISLAUS,MODESTO,-121.00760991,37.663939990000003
8339281,2017,2017-12-26,5002,2017-03-15,2135,11807,,3,5,6,5002,0,0,0,,0,031,"CROWS LANDING RD","IMPERIAL AV",40.00,N,N,A,-,N,,,,,,,,,,N,2,0,1,2,A,-,11,21954,A,N,G,B,D,A,H,-,C,D,0,Y,,,,Y,,N,,1,0,0,0,1,0,0,0,0,"- ","- ",,,STANISLAUS,MODESTO,-120.99354228999999,37.60079983
8342527,2017,2018-04-10,5002,2017-04-03,1441,11825,,1,5,6,5002,0,0,0,,0,041,"RT 132","D ST",215.00,E,N,A,-,Y,STA,10,132,-,-,15.360,H,-,W,N,4,0,4,4,A,-,03,22350,,F,C,C,A,A,H,-,A,A,0,,,,,Y,,D,,0,0,4,0,0,0,0,0,0,"- ","- ",,,STANISLAUS,MODESTO,-120.98949275,37.637245249999999
8342564,2017,2017-04-11,5002,2017-04-03,1432,11629,M387,1,5,6,5002,0,0,0,,0,041,"J ST","13TH ST",15.00,W,N,A,-,N,,,,,,,,,,Y,4,0,5,2,A,-,09,21802,A,N,D,C,A,A,H,-,A,A,0,,,,,Y,,A,,0,0,5,0,0,0,0,0,0,"- ","- ",,,STANISLAUS,MODESTO,-120.9975163,37.642640610000001
8343559,2017,2017-04-11,5007,2017-03-21,1855,5765,5007,2,5,5,5007,0,0,0,,0,002,"LANDER AV","WEST F ST",0.00,,Y,A,-,N,,,,,,,,,,Y,4,0,1,2,A,-,09,21802,A,N,D,C,A,A,H,-,A,A,0,,,,,Y,,A,01,0,0,1,0,0,0,0,0,0,"- ","- ",,,STANISLAUS,TURLOCK,-120.84897995,37.482249930000002
8343869,2017,2017-04-13,5002,2017-03-30,1637,827,A401,4,5,6,5002,0,0,0,,0,001,"RICHLAND AV","WOODWORTH AV",0.00,,Y,A,-,N,,,,,,,,,,Y,4,0,1,2,A,-,05,21460,A,N,D,C,A,A,H,-,A,D,0,,,,,Y,,A,01,0,0,1,0,0,0,0,0,0,"- ","- ",37.614719999999998,-120.96616,STANISLAUS,MODESTO,-120.96615993,37.614709900000001
8345078,2017,2017-04-21,5002,2017-04-14,0921,11267,479,5,5,6,5002,0,0,0,,0,033,"HOUSER LN","RAYMOND DR",250.00,E,N,A,-,N,,,,,,,,,,N,4,0,2,2,A,-,09,21804,A,N,D,C,A,A,H,-,A,D,0,,,,,Y,,A,,0,0,2,0,0,0,0,0,0,"- ","- ",,,STANISLAUS,MODESTO,-121.02646701,37.627746600000002
8345106,2017,2017-04-21,5002,2017-04-03,2137,11675,021,1,5,6,5002,0,0,0,,0,062,"SISK RD","RUMBLE RD",342.00,S,N,A,-,N,,,,,,,,,,N,2,0,1,2,A,-,11,21954,A,N,G,B,E,A,H,-,C,D,0,Y,,,,Y,,N,,1,0,0,0,1,0,0,0,0,"- ","- ",,,STANISLAUS,MODESTO,-121.04957401,37.681237289999999
8345118,2017,2017-04-25,5002,2017-04-05,2043,11807,420,3,5,6,5002,0,0,0,,0,033,"I ST","2ND ST",0.00,,Y,A,-,N,,,,,,,,,,Y,4,0,2,2,A,-,09,21802,A,N,D,C,A,A,H,-,C,D,0,,,,,Y,,A,,0,0,2,0,0,0,0,0,0,"- ","- ",,,STANISLAUS,MODESTO,-121.00674986999999,37.633789909999997