CASE_ID,ACCIDENT_YEAR,PROC_DATE,JURIS,COLLISION_DATE,COLLISION_TIME,OFFICER_ID,REPORTING_DISTRICT,DAY_OF_WEEK,CHP_SHIFT,POPULATION,CNTY_CITY_LOC,SPECIAL_COND,BEAT_TYPE,CHP_BEAT_TYPE,CITY_DIVISION_LAPD,CHP_BEAT_CLASS,BEAT_NUMBER,PRIMARY_RD,SECONDARY_RD,DISTANCE,DIRECTION,INTERSECTION,WEATHER_1,WEATHER_2,STATE_HWY_IND,CALTRANS_COUNTY,CALTRANS_DISTRICT,STATE_ROUTE,ROUTE_SUFFIX,POSTMILE_PREFIX,POSTMILE,LOCATION_TYPE,RAMP_INTERSECTION,SIDE_OF_HWY,TOW_AWAY,COLLISION_SEVERITY,NUMBER_KILLED,NUMBER_INJURED,PARTY_COUNT,PRIMARY_COLL_FACTOR,PCF_CODE_OF_VIOL,PCF_VIOL_CATEGORY,PCF_VIOLATION,PCF_VIOL_SUBSECTION,HIT_AND_RUN,TYPE_OF_COLLISION,MVIW,PED_ACTION,ROAD_SURFACE,ROAD_COND_1,ROAD_COND_2,LIGHTING,CONTROL_DEVICE,CHP_ROAD_TYPE,PEDESTRIAN_ACCIDENT,BICYCLE_ACCIDENT,MOTORCYCLE_ACCIDENT,TRUCK_ACCIDENT,NOT_PRIVATE_PROPERTY,ALCOHOL_INVOLVED,STWD_VEHTYPE_AT_FAULT,CHP_VEHTYPE_AT_FAULT,COUNT_SEVERE_INJ,COUNT_VISIBLE_INJ,COUNT_COMPLAINT_PAIN,COUNT_PED_KILLED,COUNT_PED_INJURED,COUNT_BICYCLIST_KILLED,COUNT_BICYCLIST_INJURED,COUNT_MC_KILLED,COUNT_MC_INJURED,PRIMARY_RAMP,SECONDARY_RAMP,LATITUDE,LONGITUDE,COUNTY,CITY,POINT_X,POINT_Y
8469617,2018,2018-08-09,5008,2018-01-02,1815,S01824,,2,5,2,5008,0,0,0,,0,WP1,"HICKMAN RD","YOSEMITE BL",0.00,,N,A,-,Y,STA,10,132,-,-,28.012,I,6,E,Y,3,0,2,2,A,-,03,22350,,N,H,C,A,A,H,-,C,D,0,,,,,Y,,-,,0,1,1,0,0,0,0,0,0,"- ","- ",,,STANISLAUS,WATERFORD,-120.75939178466797,37.638355255126953
84698382,2025,2025-06-13,5002,2025-02-28,1243,13204,,5,5,6,5002,0,0,0,,0,033,"H ST","1ST ST (E)",81.00,E,N,A,-,N,,,,,,,,,,N,4,0,1,2,A,-,03,22350,,F,C,C,A,A,H,-,A,A,0,,,,,Y,,A,01,0,0,1,0,0,0,0,0,0,"- ","- ",37.639568328857422,-120.90003967285156,STANISLAUS,MODESTO,-121.00636291503906,37.632259368896484
84698395,2025,2025-05-23,5002,2025-04-30,2044,13411,,3,5,6,5002,0,0,0,,0,032,"SUTTER AVE","ROUSE AVE",0.00,,Y,A,-,N,,,,,,,,,,Y,4,0,1,2,A,-,09,21802,A,N,D,C,A,A,H,-,C,A,0,,,,,Y,,A,07,0,0,1,0,0,0,0,0,0,"- ","- ",37.620578765869141,-121.01180267333984,STANISLAUS,MODESTO,-121.01175689697266,37.620567321777344
8469854,2017,2017-11-01,5002,2017-09-30,0934,13102,M165,6,5,6,5002,0,0,0,,0,072,"ROSELLE AV","FLOYD AV",24.00,S,N,A,-,N,,,,,,,,,,Y,4,0,1,2,D,-,00,,,N,H,C,A,A,H,-,A,D,0,,,Y,,Y,,-,"- ",0,0,1,0,0,0,0,0,0,"- ","- ",,,STANISLAUS,MODESTO,,
84702916,2025,2025-05-28,5002,2025-05-08,1730,13411,,4,5,6,5002,0,0,0,,0,082,"SR 108 (MCHENRY AVE)","E. BRIGGSMORE AVE",0.00,,Y,A,-,Y,,,,,,,,,,N,4,0,1,2,A,-,03,22350,,F,C,C,A,A,H,-,A,D,0,,,,,Y,,A,01,0,0,1,0,0,0,0,0,0,"- ","- ",,,STANISLAUS,MODESTO,-120.9940185546875,37.670570373535156
84714040,2025,2025-06-05,5002,2025-03-13,1053,13601,,4,5,6,5002,0,0,0,,0,033,"5TH ST","I ST",0.00,,Y,A,-,N,,,,,,,,,,N,4,0,1,2,A,-,08,22100,B,N,D,C,A,A,H,-,A,A,0,,,,,Y,,A,07,0,0,1,0,0,0,0,0,0,"- ","- ",37.635890960693359,-121.00444793701172,STANISLAUS,MODESTO,-121.00387573242188,37.635967254638672
84714046,2025,2025-06-05,5002,2025-03-21,1501,13343,,5,5,6,5002,0,0,0,,0,073,"COFFEE RD","MABLE AVE",155.00,N,N,B,-,N,,,,,,,,,,Y,3,0,2,2,A,-,09,21804,A,N,A,C,A,A,H,-,A,D,0,,,,,Y,,A,01,0,2,0,0,0,0,0,0,0,"- ","- ",37.696121215820312,-120.97611999511719,STANISLAUS,MODESTO,-120.97621917724609,37.696525573730469
84714051,2025,2025-06-05,5002,2025-03-26,1637,13257,,3,5,6,5002,0,0,0,,0,043,"EL VISTA AVE","MILLER AVE",0.00,,Y,A,-,N,,,,,,,,,,N,3,0,1,2,A,-,12,21453,A,F,D,G,A,A,H,-,A,A,0,,Y,,,Y,,-,"- ",0,1,0,0,0,0,1,0,0,"- ","- ",37.640060424804688,-120.95732116699219,STANISLAUS,MODESTO,-120.95720672607422,37.640071868896484
84714059,2025,2025-10-27,5002,2025-04-05,1617,11053,,6,5,6,5002,0,0,0,,0,063,"HENNINGS DR","SILO WAY",56.00,S,N,A,-,N,,,,,,,,,,Y,3,0,1,2,A,-,09,21804,A,N,D,C,A,A,H,-,A,D,0,,,Y,,Y,,C,02,0,1,0,0,0,0,0,0,1,"- ","- ",37.697578430175781,-121.05966186523438,STANISLAUS,MODESTO,-121.05956268310547,37.697265625
84714077,2025,2025-06-05,5002,2025-05-16,1922,13343,,5,5,6,5002,0,0,0,,0,032,"SUTTER AVE","ROUSE AVE",0.00,,Y,A,-,N,,,,,,,,,,N,4,0,1,2,A,-,12,22450,A,N,D,C,A,A,H,-,A,A,0,,,,,Y,,A,01,0,0,1,0,0,0,0,0,0,"- ","- ",37.620540618896484,-121.01242828369141,STANISLAUS,MODESTO,-121.01175689697266,37.620567321777344
84717315,2025,2025-06-09,5008,2025-02-28,1927,S02602,,5,5,2,5008,0,0,0,,0,WPD,"YOSEMITE BLVD","E ST (WATERFORD)",0.00,,Y,A,-,Y,,,,,,,,,,N,4,0,1,2,A,-,11,21954,A,N,G,B,D,A,H,-,C,A,0,Y,,,,Y,,N,60,0,0,1,0,1,0,0,0,0,"- ","- ",,,STANISLAUS,WATERFORD,-120.75827026367188,37.638847351074219
8471928,2017,2018-05-09,5002,2017-10-01,0307,13035,095,7,5,6,5002,0,0,0,,0,083,"CORALWOOD RD","TOWERY AV",524.00,,N,A,-,N,,,,,,,,,,Y,2,0,2,2,A,-,08,22107,,F,B,E,A,A,H,-,C,D,0,,,,,Y,Y,A,,1,0,1,0,0,0,0,0,0,"- ","- ",,,STANISLAUS,MODESTO,-120.98983998999999,37.69544999
84722872,2024,2025-08-20,5002,2024-11-11,"216 ",11196,,1,5,6,5002,0,0,0,,0,083,"PELANDALE AVE","TULLY RD",0.00,,Y,A,-,N,,,,,,,,,,Y,1,1,0,1,A,-,01,23152,A,N,E,I,A,A,H,-,C,A,0,,,,,Y,Y,A,07,0,0,0,0,0,0,0,0,0,"- ","- ",37.700759887695312,-121.01274871826172,STANISLAUS,MODESTO,-121.01277923583984,37.700675964355469
84722903,2025,2025-06-12,5002,2025-04-04,"43  ",13443,,5,5,6,5002,0,0,0,,0,061,"GRAPHICS DR","KANSAS AVE",1515.00,N,N,A,-,N,,,,,,,,,,N,2,0,1,2,A,-,08,22107,,F,A,G,A,A,H,-,D,D,0,,Y,Y,,Y,,C,02,1,0,0,0,0,0,1,0,0,"- ","- ",37.645980834960938,-121.01580810546875,STANISLAUS,MODESTO,-121.01942443847656,37.648868560791016
84722921,2025,2025-06-12,5002,2025-06-02,"656 ",13060,,1,5,6,5002,0,0,0,,0,061,"BRIGGSMORE AVE","CARVER RD",0.00,,Y,A,-,N,,,,,,,,,,Y,3,0,1,2,A,-,12,21453,A,N,D,C,A,A,H,-,A,A,0,,,,,Y,,D,22,0,1,0,0,0,0,0,0,0,"- ","- ",37.670978546142578,-121.02211761474609,STANISLAUS,MODESTO,-121.02214050292969,37.671028137207031
84722922,2025,2025-06-12,5002,2025-06-02,"955 ",13528,,1,5,6,5002,0,0,0,,0,031,"IMPERIAL AVE","SEATTLE ST",0.00,,Y,A,-,N,,,,,,,,,,N,4,0,1,2,A,-,12,22450,A,N,D,C,A,A,H,-,A,A,0,,,,,Y,,D,22,0,0,1,0,0,0,0,0,0,"- ","- ",37.600849151611328,-120.99809265136719,STANISLAUS,MODESTO,-120.99790191650391,37.600921630859375
84725429,2025,2025-06-16,5005,2025-05-14,1228,S03497,,3,5,3,5005,0,0,0,,0,PPD,"SPERRY AVE","2ND ST (PATTERSON)",0.00,,Y,A,-,Y,,,,,,,,,,N,4,0,1,2,A,-,09,21802,A,N,D,C,A,A,H,-,A,A,0,,,,,Y,,A,07,0,0,1,0,0,0,0,0,0,"- ","- ",37.463420867919922,-121.12454986572266,STANISLAUS,PATTERSON,,
84725913,2025,2025-06-16,5005,2025-05-14,1510,S01805,,3,5,3,5005,0,0,0,,0,,"SPERRY AVE","WALKER RANCH PKWY",160.00,E,N,A,-,N,,,,,,,,,,Y,3,0,1,1,A,-,01,23152,A,N,E,J,A,A,H,-,A,D,0,,,Y,,Y,Y,C,02,0,1,0,0,0,0,0,0,1,"- ","- ",37.464229583740234,-121.15406799316406,STANISLAUS,PATTERSON,-121.1539306640625,37.464401245117188
8472744,2017,2017-11-06,5001,2017-10-13,2016,757,A008,5,5,4,5001,0,0,0,,0,004,"ROCKEFELLER DR","EAST WHITMORE AV",0.00,,Y,A,-,N,,,,,,,,,,Y,4,0,2,2,A,-,09,21802,A,N,D,D,A,A,H,-,C,D,0,,,,,Y,Y,A,01,0,0,2,0,0,0,0,0,0,"- ","- ",37.594850000000001,-120.97032,STANISLAUS,CERES,-120.97034988999999,37.594829930000003
8472782,2017,2017-11-02,5007,2017-09-23,1605,5766,STANI,6,5,5,5007,0,0,0,,0,004,"MONTE VISTA AV","CROWELL RD",330.00,W,N,A,-,N,,,,,,,,,,Y,4,0,2,2,A,-,03,22350,,N,C,C,A,A,H,-,A,A,0,,,,,Y,,D,22,0,0,2,0,0,0,0,0,0,"- ","- ",,,STANISLAUS,TURLOCK,-120.86378772,37.52189362
84728366,2025,2025-07-22,5002,2025-03-29,1318,13596,,6,5,6,5002,0,0,0,,0,041,"NEEDHAM ST","PARK AVE",0.00,,Y,B,-,N,,,,,,,,,,Y,2,0,1,2,A,-,09,21801,A,N,D,C,A,A,H,-,A,D,0,,,Y,,Y,,A,01,1,0,0,0,0,0,0,0,1,"- ","- ",37.645801544189453,-120.99887847900391,STANISLAUS,MODESTO,-120.99892425537109,37.645774841308594
84729926,2025,2025-06-18,5002,2025-06-09,"313 ",13426,,1,5,6,5002,0,0,0,,0,042,"AIRPORT WAY","TENAYA DR",1295.00,S,N,A,-,N,,,,,,,,,,Y,3,0,1,2,A,-,08,22107,,F,A,C,A,A,H,-,C,D,0,,,,,Y,,A,01,0,1,0,0,0,0,0,0,0,"- ","- ",37.632419586181641,-120.95926666259766,STANISLAUS,MODESTO,-120.95637512207031,37.629840850830078
84729928,2025,2025-06-18,5002,2025-06-14,"412 ",13464,,6,5,6,5002,0,0,0,,0,062,"TULLY RD","BOWEN AVE",170.00,S,N,A,-,N,,,,,,,,,,Y,3,0,1,1,A,-,01,23152,A,M,E,I,A,A,H,-,C,D,0,,,,,Y,Y,A,01,0,1,0,0,0,0,0,0,0,"- ","- ",37.674850463867188,-121.01235198974609,STANISLAUS,MODESTO,-121.01229858398438,37.674392700195312
84736563,2025,2025-06-24,5001,2025-06-19,1942,917,,4,5,4,5001,0,0,0,,0,001,"HATCH RD","HERNDON RD",0.00,,Y,A,-,N,,,,,,,,,,Y,4,0,1,3,A,-,12,21453,A,N,D,C,A,A,H,-,A,A,0,,,,,Y,,D,22,0,0,1,0,0,0,0,0,0,"- ","- ",,,STANISLAUS,CERES,-120.97422027587891,37.609298706054688
84736848,2025,2025-06-24,5002,2025-04-16,1600,13574,,3,5,6,5002,0,0,0,,0,073,"COFFEE RD","CLARATINA AVE",118.00,S,N,A,-,N,,,,,,,,,,N,4,0,1,2,D,-,00,,,N,B,C,A,A,H,-,A,D,0,,,,,Y,,-,"- ",0,0,1,0,0,0,0,0,0,"- ","- ",,,STANISLAUS,MODESTO,-120.97634887695312,37.699447631835938
84736857,2025,2025-06-24,5002,2025-04-24,1603,13671,,4,5,6,5002,0,0,0,,0,033,"PARADISE RD","MARTIN LUTHER KING DR",226.00,W,N,A,-,N,,,,,,,,,,N,4,0,1,2,A,-,09,21804,A,N,D,C,A,A,H,-,A,D,0,,,,,Y,,A,01,0,0,1,0,0,0,0,0,0,"- ","- ",37.627811431884766,-121.01180267333984,STANISLAUS,MODESTO,-121.01243591308594,37.627410888671875
84736867,2025,2025-06-24,5002,2025-04-25,1453,13518,,5,5,6,5002,0,0,0,,0,081,"MCHENRY AVE (SR 108)","GRISWOLD AVE",0.00,,Y,A,-,Y,,,,,,,,,,Y,4,0,2,3,A,-,09,21801,A,N,A,C,A,A,H,-,A,D,0,,,,,Y,,A,07,0,0,2,0,0,0,0,0,0,"- ","- ",,,STANISLAUS,MODESTO,-120.99380493164062,37.655487060546875
84736883,2025,2025-06-24,5002,2025-04-30,1122,13641,,3,5,6,5002,0,0,0,,0,072,"COFFEE RD","ATHENS AVE",250.00,S,N,A,-,N,,,,,,,,,,Y,3,0,3,3,A,-,03,22350,,N,C,C,F,A,H,-,A,D,0,Y,,,,Y,,D,22,0,1,2,0,1,0,0,0,0,"- ","- ",37.673988342285156,-120.95758056640625,STANISLAUS,MODESTO,-120.97575378417969,37.673332214355469
84736888,2025,2025-06-24,5002,2025-05-07,1258,11531,,3,5,6,5002,0,0,0,,0,063,"STANDIFORD AVE","LONGBRIDGE DR",0.00,,Y,A,-,N,,,,,,,,,,N,3,0,2,2,A,-,09,21802,A,N,D,C,A,A,H,-,A,A,0,,,,,Y,,A,07,0,1,1,0,0,0,0,0,0,"- ","- ",37.689468383789062,-121.01747894287109,STANISLAUS,MODESTO,-121.01754760742188,37.689418792724609
84738616,2025,2025-06-25,5002,2025-05-09,2033,13439,,5,5,6,5002,0,0,0,,0,081,"SUNRISE AVE","ORANGEBURG AVE",0.00,,Y,A,-,N,,,,,,,,,,Y,4,0,1,2,A,-,09,21801,A,N,A,C,A,A,H,-,C,A,0,,,,,Y,Y,A,01,0,0,1,0,0,0,0,0,0,"- ","- ",37.663631439208984,-120.96669769287109,STANISLAUS,MODESTO,-120.98482513427734,37.663623809814453
8474026,2017,2018-07-05,5002,2017-10-22,1826,13075,10,7,5,6,5002,0,0,0,,0,082,"RT 108","TOKAY AV",30.00,S,N,A,-,Y,STA,10,108,-,-,24.940,H,-,E,N,4,0,1,2,A,-,03,22350,,N,C,C,A,A,H,-,C,A,0,,,,,Y,,A,,0,0,1,0,0,0,0,0,0,"- ","- ",,,STANISLAUS,MODESTO,-120.99415054000001,37.672422560000001
84741559,2025,2025-06-30,5005,2025-05-29,1402,S03497,,4,5,3,5005,0,0,0,,0,PPD,"SYCAMORE AVE","EUCALYPTUS AVE",0.00,,Y,A,-,N,,,,,,,,,,N,3,0,4,2,A,-,09,21802,A,N,D,C,A,A,H,-,A,A,0,,,,,Y,,A,01,0,3,1,0,0,0,0,0,0,"- ","- ",37.49761962890625,-121.12722015380859,STANISLAUS,PATTERSON,-121.12622833251953,37.49847412109375
84745338,2025,2025-07-01,5002,2025-04-21,1740,13579,,1,5,6,5002,0,0,0,,0,031,"CROWS LANDING RD","WHITMORE AVE",82.00,N,N,A,-,N,,,,,,,,,,N,4,0,1,2,A,-,21,22106,,N,C,C,A,A,H,-,A,A,0,,,,,Y,,D,22,0,0,1,0,0,0,0,0,0,"- ","- ",37.594871520996094,-120.99382781982422,STANISLAUS,MODESTO,-120.99359893798828,37.595115661621094
84745370,2025,2025-07-01,5002,2025-05-12,1112,13613,,1,5,6,5002,0,0,0,,0,032,"G ST","3RD ST",23.00,S,N,A,-,N,,,,,,,,,,N,4,0,1,2,A,-,07,21658,A,N,B,C,A,A,H,-,A,D,0,,,,,Y,,A,01,0,0,1,0,0,0,0,0,0,"- ","- ",37.632610321044922,-121.00351715087891,STANISLAUS,MODESTO,-121.00356292724609,37.632564544677734
84745374,2025,2025-07-01,5002,2025-05-14,"708 ",13672,,3,5,6,5002,0,0,0,,0,033,"5TH ST","K ST",0.00,,Y,A,-,N,,,,,,,,,,Y,3,0,2,2,A,-,08,22107,,N,G,B,F,A,H,-,A,D,0,Y,,,,Y,,A,08,0,2,0,0,1,0,0,0,0,"- ","- ",37.637920379638672,-121.00620269775391,STANISLAUS,MODESTO,-121.00617218017578,37.637882232666016
84745402,2025,2025-07-01,5002,2025-05-22,1748,13558,,4,5,6,5002,0,0,0,,0,082,"MC HENRY AVE","FAIRMONT AVE",0.00,,Y,A,-,Y,STA,,108," "," ",23.890,H,,L,N,4,0,1,2,A,-,09,21802,A,N,D,C,A,A,H,-,A,D,0,,,,,Y,,A,01,0,0,1,0,0,0,0,0,0,"- ","- ",37.657329559326172,-120.99401092529297,STANISLAUS,MODESTO,-120.99392700195312,37.657329559326172
84745422,2025,2025-07-01,5002,2025-05-28,1456,13462,,3,5,6,5002,0,0,0,,0,072,"COFFEE RD","SPANOS CT",0.00,,Y,A,-,N,,,,,,,,,,N,3,0,2,2,A,-,09,21801,A,N,D,C,A,A,H,-,A,A,0,,,,,Y,,A,01,0,1,1,0,0,0,0,0,0,"- ","- ",37.669811248779297,-120.95755004882812,STANISLAUS,MODESTO,-120.97570037841797,37.669822692871094
84745431,2025,2025-07-01,5002,2025-06-03,1747,13490,,2,5,6,5002,0,0,0,,0,041,"14TH ST","I ST",7.00,N,N,A,-,N,,,,,,,,,,Y,4,0,1,2,A,-,12,21453,A,N,D,C,A,A,H,-,A,A,0,,,,,Y,,A,01,0,0,1,0,0,0,0,0,0,"- ","- ",37.642398834228516,-120.99532318115234,STANISLAUS,MODESTO,-120.99541473388672,37.642444610595703
84748583,2025,2025-07-07,5001,2025-06-24,"444 ",939,,2,5,4,5001,0,0,0,,0,004,"SERVICE RD","BLAKER RD",33.00,W,N,A,-,N,,,,,,,,,,Y,3,0,2,2,A,-,03,22350,,N,C,C,A,A,H,-,C,A,0,,,,,Y,,A,01,0,1,1,0,0,0,0,0,0,"- ","- ",,,STANISLAUS,CERES,-120.96619415283203,37.580341339111328
84750340,2025,2025-07-17,5002,2025-05-11,"356 ",13398,,7,5,6,5002,0,0,0,,0,033,"4TH ST","I ST",0.00,,Y,A,-,N,,,,,,,,,,N,3,0,1,2,A,-,10,21950,A,F,G,B,B,A,H,-,C,D,0,Y,,,,Y,Y,A,01,0,1,0,0,1,0,0,0,0,"- ","- ",37.635261535644531,-121.00485992431641,STANISLAUS,MODESTO,-121.00482940673828,37.635227203369141
84750368,2025,2025-07-07,5002,2025-05-31,"855 ",13657,,6,5,6,5002,0,0,0,,0,041,"6TH ST","H ST",0.00,S,Y,A,-,N,,,,,,,,,,Y,4,0,1,2,A,-,12,21453,A,N,D,C,A,A,H,-,A,A,0,,,,,Y,,A,01,0,0,1,0,0,0,0,0,0,"- ","- ",37.635711669921875,-121.00179290771484,STANISLAUS,MODESTO,-121.00183868408203,37.635658264160156
84750936,2025,2025-07-07,5006,2025-05-27,1941,S03177,,2,5,3,5006,0,0,0,,0,RPD,"OAKDALE RD","FREDDI LN",0.00,,Y,A,-,N,,,,,,,,,,N,4,0,2,2,A,-,12,21453,A,N,D,C,A,A,H,-,A,A,0,,,,,Y,,A,01,0,0,2,0,0,0,0,0,0,"- ","- ",,,STANISLAUS,RIVERBANK,-120.95832061767578,37.713130950927734
84752631,2025,2025-07-08,5001,2025-07-03,1200,818,,4,5,4,5001,0,0,0,,0,005,"5TH ST","MAGNOLIA ST",0.00,,Y,A,-,N,,,,,,,,,,N,4,0,1,2,A,-,09,21802,A,N,D,C,A,A,H,-,A,A,0,,,,,Y,,A,01,0,0,1,0,0,0,0,0,0,"- ","- ",,,STANISLAUS,CERES,-120.95222473144531,37.593215942382812
84752997,2025,2025-07-08,5002,2025-05-15,1711,13621,,4,5,6,5002,0,0,0,,0,033,"H ST","5TH ST",0.00,,Y,A,-,N,,,,,,,,,,Y,4,0,1,2,A,-,12,21453,A,N,D,C,A,A,H,-,A,A,0,,,,,Y,,-,"- ",0,0,1,0,0,0,0,0,0,"- ","- ",37.634998321533203,-121.00273895263672,STANISLAUS,MODESTO,-121.00273132324219,37.634975433349609
84753004,2025,2025-07-08,5002,2025-05-23,2103,13601,,5,5,6,5002,0,0,0,,0,082,"BRIGGSMORE AVE","WINNING AVE",36.00,E,N,A,-,N,,,,,,,,,,Y,4,0,1,2,A,-,03,22350,,N,C,C,A,A,H,-,C,A,0,,,,,Y,,A,01,0,0,1,0,0,0,0,0,0,"- ","- ",,,STANISLAUS,MODESTO,-121.01126861572266,37.670558929443359
84753035,2025,2025-07-08,5002,2025-06-10,2142,13180,,2,5,6,5002,0,0,0,,0,081,"MCHENRY AVE (SR 108)","ROSEBURG AVE",0.00,,Y,A,-,Y,,,,,,,,,,N,3,0,1,2,A,-,10,21950,A,F,G,B,B,A,H,-,C,A,0,Y,,,,Y,,A,01,0,1,0,0,1,0,0,0,0,"- ","- ",,,STANISLAUS,MODESTO,-120.99385833740234,37.660060882568359
84753048,2025,2025-07-08,5002,2025-06-21,1301,11053,,6,5,6,5002,0,0,0,,0,043,"TRASK LN","HADDON AVE",0.00,,Y,A,-,N,,,,,,,,,,N,4,0,1,2,A,-,09,21802,A,F,D,C,A,A,H,-,A,A,0,,,,,Y,,-,99,0,0,1,0,0,0,0,0,0,"- ","- ",37.641670227050781,-120.95278930664062,STANISLAUS,MODESTO,-120.95269012451172,37.641708374023438
84753057,2025,2025-07-08,5002,2025-06-23,2058,13621,,1,5,6,5002,0,0,0,,0,063,"DALE RD","BRADEN AVE",18.00,N,N,A,-,N,,,,,,,,,,Y,4,0,1,2,A,-,09,21804,A,N,D,C,A,A,H,-,C,D,0,,,,,Y,Y,A,01,0,0,1,0,0,0,0,0,0,"- ","- ",37.688308715820312,-121.05004119873047,STANISLAUS,MODESTO,-121.04985809326172,37.688220977783203
84753081,2025,2025-07-31,5002,2025-07-04,"645 ",13596,,5,5,6,5002,0,0,0,,0,041,"G ST","15TH ST",0.00,,Y,A,-,N,,,,,,,,,,Y,4,0,1,2,A,-,08,22100,B,N,D,C,A,A,H,-,A,D,0,,,,,Y,,A,01,0,0,1,0,0,0,0,0,0,"- ","- ",37.641170501708984,-120.99207305908203,STANISLAUS,MODESTO,-120.99205780029297,37.641223907470703
84754788,2025,2025-07-09,5002,2025-05-31,1105,13581,,6,5,6,5002,0,0,0,,0,063,"PELANDALE AVE","SISK RD",742.00,E,N,A,-,N,,,,,,,,,,N,4,0,1,2,A,-,04,21703,,N,C,C,A,A,H,-,A,A,0,,,,,Y,,A,01,0,0,1,0,0,0,0,0,0,"- ","- ",37.700279235839844,-121.06897735595703,STANISLAUS,MODESTO,-121.06637573242188,37.700111389160156
84754816,2025,2025-07-11,5002,2025-06-30,1130,11661,,1,5,6,5002,0,0,0,,0,041,"NEEDHAM ST","POPLAR AVE",50.00,E,N,A,-,N,,,,,,,,,,N,2,0,1,2,A,-,09,21804,A,F,D,G,A,A,H,-,A,A,0,,Y,,,Y,,L,04,1,0,0,0,0,0,1,0,0,"- ","- ",37.645820617675781,-121.00016784667969,STANISLAUS,MODESTO,-121.00004577636719,37.645805358886719
84756210,2025,2025-07-24,5002,2025-06-21,"526 ",13678,,6,5,6,5002,0,0,0,,0,042,"PARRY AVE","MILLER AVE",0.00,,Y,A,-,N,,,,,,,,,,N,4,0,1,2,A,-,12,22450,A,F,G,B,E,A,H,-,A,D,0,Y,,,,Y,,D,72,0,0,1,0,1,0,0,0,0,"- ","- ",37.640071868896484,-120.95960235595703,STANISLAUS,MODESTO,-120.95951843261719,37.640052795410156
84756212,2025,2025-07-17,5002,2025-06-23,1810,13621,,1,5,6,5002,0,0,0,,0,041,"TUOLUMNE BLVD","7TH ST",0.00,,Y,A,-,N,,,,,,,,,,Y,3,0,2,2,A,-,17,21451,A,N,D,C,A,A,H,-,A,D,0,,,,,Y,,D,22,0,2,0,0,0,0,0,0,0,"- ","- ",37.630180358886719,-120.99461364746094,STANISLAUS,MODESTO,-120.99462890625,37.630168914794922
84756221,2025,2025-07-10,5002,2025-07-03,1318,13402,,4,5,6,5002,0,0,0,,0,041,"7TH ST","I ST",0.00,,Y,A,-,N,,,,,,,,,,N,4,0,2,2,D,-,00,,,N,D,C,A,A,H,-,A,A,0,,,,,Y,,-,"- ",0,0,2,0,0,0,0,0,0,"- ","- ",37.637321472167969,-121.00253295898438,STANISLAUS,MODESTO,-121.00199890136719,37.637397766113281
84756223,2025,2025-07-10,5002,2025-07-02,"515 ",13541,,3,5,6,5002,0,0,0,,0,071,"SCENIC DR","OAKDALE RD",456.00,W,N,A,-,N,,,,,,,,,,N,4,0,1,3,A,-,03,22350,,F,C,C,A,A,H,-,A,A,0,,,,,Y,,A,01,0,0,1,0,0,0,0,0,0,"- ","- ",37.653068542480469,-120.95741271972656,STANISLAUS,MODESTO,-120.95894622802734,37.652885437011719
8475680,2017,2017-12-02,5007,2017-10-24,1809,5764,,2,5,5,5007,0,0,0,,0,005,"NORTH OLIVE AV","EAST HAWKEYE AV",0.00,,Y,A,-,N,,,,,,,,,,Y,4,0,2,2,A,-,09,21801,A,N,A,C,A,A,H,-,A,A,0,,,,,Y,,A,01,0,0,2,0,0,0,0,0,0,"- ","- ",,,STANISLAUS,TURLOCK,-120.83984999,37.507289970000002
84757811,2025,2025-07-16,5002,2025-06-06,2040,13424,,5,5,6,5002,0,0,0,,0,041,"TUOLUMNE BLVD","HWY 99 (OFF RAMP) (1)",36.00,E,N,A,-,N,,,,,,,,,,N,4,0,1,2,A,-,04,21703,,F,C,C,A,A,H,-,C,A,0,,,,,Y,,A,01,0,0,1,0,0,0,0,0,0,"- ","- ",37.627460479736328,-120.99667358398438,STANISLAUS,MODESTO,-120.99770355224609,37.627506256103516
84763149,2024,2025-07-16,5002,2024-03-24,1755,13307,,7,5,6,5002,0,0,0,,0,073,"FLOYD AVE","MARINA DR",24.00,E,N,A,-,N,,,,,,,,,,Y,3,0,1,2,A,-,08,22107,,N,B,E,A,A,H,-,A,D,0,,,,,Y,,A,08,0,1,0,0,0,0,0,0,0,"- ","- ",37.678169250488281,-120.96116638183594,STANISLAUS,MODESTO,-120.96107482910156,37.678081512451172
84763150,2024,2025-07-16,5002,2024-04-03,"821 ",13444,,3,5,6,5002,0,0,0,,0,082,"TOKAY AVE","TOYON AVE",330.00,E,N,A,-,N,,,,,,,,,,N,3,0,1,2,A,-,10,21954,B,N,G,B,E,A,H,-,A,D,0,Y,,,,Y,,A,07,0,1,0,0,1,0,0,0,0,"- ","- ",37.672611236572266,-120.99297332763672,STANISLAUS,MODESTO,-120.99156188964844,37.672740936279297
84763158,2024,2025-07-16,5002,2024-11-19,1146,11754,,2,5,6,5002,0,0,0,,0,041,"I ST","11TH ST",0.00,,Y,B,-,N,,,,,,,,,,N,4,0,1,2,A,-,12,21453,A,N,D,G,A,A,H,-,A,A,0,,Y,,,Y,,M,91,0,0,1,0,0,0,1,0,0,"- ","- ",37.640251159667969,-120.99819183349609,STANISLAUS,MODESTO,-120.99829864501953,37.6402587890625