CASE_ID,ACCIDENT_YEAR,PROC_DATE,JURIS,COLLISION_DATE,COLLISION_TIME,OFFICER_ID,REPORTING_DISTRICT,DAY_OF_WEEK,CHP_SHIFT,POPULATION,CNTY_CITY_LOC,SPECIAL_COND,BEAT_TYPE,CHP_BEAT_TYPE,CITY_DIVISION_LAPD,CHP_BEAT_CLASS,BEAT_NUMBER,PRIMARY_RD,SECONDARY_RD,DISTANCE,DIRECTION,INTERSECTION,WEATHER_1,WEATHER_2,STATE_HWY_IND,CALTRANS_COUNTY,CALTRANS_DISTRICT,STATE_ROUTE,ROUTE_SUFFIX,POSTMILE_PREFIX,POSTMILE,LOCATION_TYPE,RAMP_INTERSECTION,SIDE_OF_HWY,TOW_AWAY,COLLISION_SEVERITY,NUMBER_KILLED,NUMBER_INJURED,PARTY_COUNT,PRIMARY_COLL_FACTOR,PCF_CODE_OF_VIOL,PCF_VIOL_CATEGORY,PCF_VIOLATION,PCF_VIOL_SUBSECTION,HIT_AND_RUN,TYPE_OF_COLLISION,MVIW,PED_ACTION,ROAD_SURFACE,ROAD_COND_1,ROAD_COND_2,LIGHTING,CONTROL_DEVICE,CHP_ROAD_TYPE,PEDESTRIAN_ACCIDENT,BICYCLE_ACCIDENT,MOTORCYCLE_ACCIDENT,TRUCK_ACCIDENT,NOT_PRIVATE_PROPERTY,ALCOHOL_INVOLVED,STWD_VEHTYPE_AT_FAULT,CHP_VEHTYPE_AT_FAULT,COUNT_SEVERE_INJ,COUNT_VISIBLE_INJ,COUNT_COMPLAINT_PAIN,COUNT_PED_KILLED,COUNT_PED_INJURED,COUNT_BICYCLIST_KILLED,COUNT_BICYCLIST_INJURED,COUNT_MC_KILLED,COUNT_MC_INJURED,PRIMARY_RAMP,SECONDARY_RAMP,LATITUDE,LONGITUDE,COUNTY,CITY,POINT_X,POINT_Y
84930360,2025,2025-11-14,5002,2025-10-17,2130,13526,,5,5,6,5002,0,0,0,,0,062,"CARPENTER RD","SISK RD",200.00,S,N,A,-,Y,,,,,,,,,,N,2,0,1,2,A,-,12,21453,A,F,D,C,A,A,H,-,C,A,0,,,,,Y,,D,22,1,0,0,0,0,0,0,0,0,"- ","- ",,,STANISLAUS,MODESTO,-121.03135681152344,37.667240142822266
84930374,2025,2025-11-14,5002,2025-10-20,"956 ",13288,,1,5,6,5002,0,0,0,,0,031,"WHITMORE AVE","USTICK RD",0.00,,Y,A,-,N,,,,,,,,,,Y,4,0,2,2,A,-,09,21802,A,N,D,C,A,A,H,-,A,D,0,,,,,Y,,A,01,0,0,2,0,0,0,0,0,0,"- ","- ",,,STANISLAUS,MODESTO,-121.01184844970703,37.595008850097656
8493169,2017,2018-06-01,5004,2017-10-18,1550,287,RD37,3,5,3,5004,0,0,0,,0,00E,"EAST F ST","4TH ST",0.00,,Y,A,-,Y,STA,10,120,-,-,5.220,I,5,W,N,4,0,1,2,A,-,09,21802,A,N,D,C,A,A,H,-,A,D,0,,,Y,,Y,,A,01,0,0,1,0,0,0,0,0,1,"- ","- ",37.767400000000002,-120.84520999999999,STANISLAUS,OAKDALE,-120.84523461000001,37.767412039999996
84932325,2025,2025-11-17,5005,2025-10-08,1405,265,,3,5,3,5005,0,0,0,,0,PPD,"LAS PALMAS AVE","PLAZA (E)",17.00,E,N,A,-,Y,,,,,,,,,,N,3,0,1,2,A,-,11,21950,B,N,G,B,B,A,H,-,A,A,0,Y,,,,Y,,N,60,0,1,0,0,1,0,0,0,0,"- ","- ",37.471321105957031,-121.12940979003906,STANISLAUS,PATTERSON,-121.13047790527344,37.471378326416016
84932782,2025,2025-11-17,5005,2025-11-05,"726 ",S01805,,3,5,3,5005,0,0,0,,0,PPD,"SPERRY AVE","HAGERTY RD",84.00,W,N,C,-,N,,,,,,,,,,N,4,0,1,2,A,-,04,21703,,N,C,C,A,B,H,-,A,A,0,,,,,Y,,A,01,0,0,1,0,0,0,0,0,0,"- ","- ",,,STANISLAUS,PATTERSON,,
8493285,2017,2018-05-09,5001,2017-10-31,1813,832,D003,2,5,4,5001,0,0,0,,0,005,"EAST WHITMORE AV","EL DORADO DR",207.00,E,N,A,-,N,,,,,,,,,,N,4,0,1,2,A,-,08,22107,,N,D,C,A,A,H,-,A,D,0,,,,,Y,,A,01,0,0,1,0,0,0,0,0,0,"- ","- ",37.594729999999998,-120.93868000000001,STANISLAUS,CERES,-120.94117558000001,37.594760000000001
8493333,2017,2018-06-05,5004,2017-10-07,1859,209,RD11,6,5,3,5004,0,0,0,,0,00W,"WEST F ST","GILBERT AV",10.00,E,N,A,-,Y,STA,10,108,-,-,37.830,I,5,E,Y,2,0,1,2,A,-,10,21950,A,N,G,B,B,A,H,-,B,D,0,Y,,,,Y,Y,-,,1,0,0,0,1,0,0,0,0,"- ","- ",37.764429999999997,-120.85334,STANISLAUS,OAKDALE,-120.85366203,37.763876160000002
84936960,2025,2025-11-19,5002,2025-02-25,1937,11196,,2,5,6,5002,0,0,0,,0,073,"SYLVAN AVE","WOOD SORREL DR",170.00,E,N,A,-,N,,,,,,,,,,Y,1,1,2,2,A,-,01,21200,5,N,D,G,A,A,H,-,C,D,0,,Y,,,Y,Y,L,04,0,1,1,0,0,1,0,0,0,"- ","- ",37.688648223876953,-120.95358276367188,STANISLAUS,MODESTO,-120.95280456542969,37.688957214355469
84937061,2025,2025-11-19,5002,2025-10-11,1705,11053,,6,5,6,5002,0,0,0,,0,082,"BRIGGSMORE AVE","SR108 (MCHENRY AVE)",0.00,,Y,A,-,Y,,,,,,,,,,N,3,0,1,2,A,-,05,21650,1,N,D,G,A,A,H,-,A,A,0,,Y,,,Y,,L,04,0,1,0,0,0,0,1,0,0,"- ","- ",,,STANISLAUS,MODESTO,-120.9940185546875,37.670570373535156
84937066,2025,2025-11-19,5002,2025-10-17,1455,13624,,5,5,6,5002,0,0,0,,0,081,"MORTON BLVD","RUE DE YOE",0.00,,Y,A,-,N,,,,,,,,,,N,3,0,1,2,A,-,17,21208,A,N,B,E,A,A,H,-,A,D,0,,Y,,,Y,,L,04,0,1,0,0,0,0,1,0,0,"- ","- ",37.644390106201172,-120.98467254638672,STANISLAUS,MODESTO,-120.98464202880859,37.644382476806641
84937079,2025,2025-11-19,5002,2025-10-13,1900,13574,,1,5,6,5002,0,0,0,,0,071,"BODEM ST","MORRIS AVE",328.00,N,N,A,-,N,,,,,,,,,,N,4,0,1,2,A,-,06,21751,,F,B,C,A,A,H,-,C,D,0,,,,,Y,,A,01,0,0,1,0,0,0,0,0,0,"- ","- ",37.650928497314453,-120.98545074462891,STANISLAUS,MODESTO,-120.98546600341797,37.651870727539062
84937088,2025,2025-11-19,5002,2025-10-23,1429,10751,,4,5,6,5002,0,0,0,,0,082,"MCHENRY AVE-SR 108","E ORANGEBURG AVE",384.00,S,N,A,-,Y,STA,,108," "," ",24.321,H,,R,N,4,0,1,3,A,-,03,22350,,F,C,C,A,A,H,-,A,A,0,,,,,Y,,A,01,0,0,1,0,0,0,0,0,0,"- ","- ",37.663688659667969,-120.99405670166016,STANISLAUS,MODESTO,-120.993896484375,37.663692474365234
84937109,2025,2025-12-08,5002,2025-10-31,1416,13706,,5,5,6,5002,0,0,0,,0,081,"W GRANGER AVE","COLLEGE AVE",0.00,,Y,A,-,N,,,,,,,,,,Y,3,0,2,2,A,-,12,21453,A,N,D,C,A,A,H,-,A,A,0,,,Y,,Y,,C,06,0,1,1,0,0,0,0,0,2,"- ","- ",37.66754150390625,-121.00755310058594,STANISLAUS,MODESTO,-121.00765991210938,37.667537689208984
84937115,2025,2025-11-19,5002,2025-11-01,1656,13017,,6,5,6,5002,0,0,0,,0,031,"BOULDER AVE","EL PASO AVE",18.00,S,N,A,-,N,,,,,,,,,,Y,4,0,2,2,A,-,12,22450,A,N,D,C,A,A,H,-,A,A,0,,,,,Y,,A,07,0,0,2,0,0,0,0,0,0,"- ","- ",37.614021301269531,-120.986328125,STANISLAUS,MODESTO,-120.98622131347656,37.614028930664062
84937120,2025,2025-12-18,5002,2025-11-04,1329,13541,,2,5,6,5002,0,0,0,,0,031,"CROWS LANDING RD","BAROZZI AVE",37.00,N,N,A,-,N,,,,,,,,,,N,4,0,1,2,A,-,09,21801,A,N,A,C,A,A,H,-,A,D,0,,,,,Y,,A,01,0,0,1,0,0,0,0,0,0,"- ","- ",37.611240386962891,-120.99379730224609,STANISLAUS,MODESTO,-120.99369049072266,37.611343383789062
84937122,2025,2025-11-19,5002,2025-11-05,1610,13409,,3,5,6,5002,0,0,0,,0,073,"CLAUS RD","MILNES RD",0.00,,Y,A,-,N,,,,,,,,,,Y,4,0,1,2,A,-,09,21801,A,N,D,C,A,A,H,-,A,A,0,,,,,Y,,A,07,0,0,1,0,0,0,0,0,0,"- ","- ",37.681781768798828,-120.92144775390625,STANISLAUS,MODESTO,-120.92148590087891,37.681804656982422
84937136,2025,2025-11-19,5002,2025-11-13,1622,13039,,4,5,6,5002,0,0,0,,0,042,"MITCHELL RD","FINCH RD",933.00,S,N,A,-,N,,,,,,,,,,N,3,0,2,2,A,-,04,21703,,N,C,C,A,B,H,-,D,D,0,,,,,Y,,A,01,0,1,1,0,0,0,0,0,0,"- ","- ",37.623371124267578,-120.94420623779297,STANISLAUS,MODESTO,-120.94132995605469,37.622035980224609
84937142,2025,2025-11-19,5002,2025-11-14,1205,13132,,5,5,6,5002,0,0,0,,0,081,"SR-108 (MCHENRY AVE)","ORANGEBURG AVE",309.00,S,N,B,-,Y,,,,,,,,,,Y,4,0,2,3,A,-,03,22350,,N,C,C,A,B,H,-,A,A,0,,,,,Y,,A,07,0,0,2,0,0,0,0,0,0,"- ","- ",,,STANISLAUS,MODESTO,-120.99391174316406,37.662841796875
84938943,2025,2026-02-09,5002,2025-08-12,1422,13597,,2,5,6,5002,0,0,0,,0,071,"COFFEE RD","MORRIS AVE",0.00,,Y,A,-,N,,,,,,,,,,Y,4,0,3,3,A,-,09,21801,A,N,A,C,A,A,H,-,A,D,0,,,,,Y,,A,01,0,0,3,0,0,0,0,0,0,"- ","- ",37.650890350341797,-120.97556304931641,STANISLAUS,MODESTO,-120.97556304931641,37.650871276855469
84938986,2025,2025-11-20,5002,2025-09-12,"647 ",13644,,5,5,6,5002,0,0,0,,0,043,"YOSEMITE BLVD (SR 132)","MCCLURE RD",0.00,,Y,A,-,Y,,,,,,,,,,Y,2,0,2,2,A,-,12,21453,A,N,A,C,A,A,H,-,A,A,0,,,,,Y,,A,07,2,0,0,0,0,0,0,0,0,"- ","- ",,,STANISLAUS,MODESTO,-120.92995452880859,37.638214111328125
84940637,2025,2025-11-21,5001,2025-11-12,1344,811,,3,5,4,5001,0,0,0,,0,001,"LUCCHESI LN","MUSICK AVE",94.00,W,N,A,-,N,,,,,,,,,,Y,3,0,1,2,A,-,03,22350,,N,C,E,A,A,B,C,A,D,0,,,,Y,Y,,A,01,0,1,0,0,0,0,0,0,0,"- ","- ",,,STANISLAUS,CERES,-120.97108459472656,37.619842529296875
8494114,2017,2017-12-18,5004,2017-09-21,1652,131,RD54,4,5,3,5004,0,0,0,,0,00W,"SOUTH YOSEMITE AV","WAKEFIELD DR",559.00,N,N,A,-,N,,,,,,,,,,Y,4,0,1,2,A,-,09,21804,A,N,D,C,A,A,H,-,A,D,0,,,,,Y,,A,01,0,0,1,0,0,0,0,0,0,"- ","- ",37.754860000000001,-120.84010000000001,STANISLAUS,OAKDALE,-120.84010289,37.756274840000003
84943787,2025,2025-11-24,5005,2025-10-30,1423,S01805,,4,5,3,5005,0,0,0,,0,PPD,"2ND ST (PATTERSON)","LAS PALMAS AVE",0.00,,Y,A,-,Y,STA,,33," "," ",13.148,H,,R,Y,3,0,4,2,A,-,09,21801,A,N,A,C,A,A,H,-,A,A,0,,,,,Y,,A,01,0,4,0,0,0,0,0,0,0,"- ","- ",37.471710205078125,-121.12850189208984,STANISLAUS,PATTERSON,-121.128662109375,37.471637725830078
84943790,2025,2025-11-24,5005,2025-11-05,1516,S03497,,3,5,3,5005,0,0,0,,0,PPD,"CALVINSON PKWY","VLY RANCH PKWY",0.00,,Y,B,-,N,,,,,,,,,,N,4,0,1,1,A,-,05,21650,,N,E,I,A,A,H,-,A,A,0,,,,,Y,,A,01,0,0,1,0,0,0,0,0,0,"- ","- ",,,STANISLAUS,PATTERSON,,
84943820,2025,2025-11-24,5006,2025-11-08,1844,S03731,,6,5,3,5006,0,0,0,,0,RPD,"SQUIRE WELLS WAY","MORRILL RD",20.00,S,N,A,-,N,,,,,,,,,,Y,3,0,2,3,A,-,01,23152,A,F,C,E,A,A,H,-,C,A,0,,,,,Y,Y,A,07,0,2,0,0,0,0,0,0,0,"- ","- ",37.725620269775391,-120.95159912109375,STANISLAUS,RIVERBANK,-120.95169830322266,37.725364685058594
84943824,2025,2025-11-24,5006,2025-11-08,2058,S04631,,6,5,3,5006,0,0,0,,0,RPD,"PATTERSON RD","ROSELLE AVE",540.00,E,N,A,-,N,,,,,,,,,,N,3,0,1,2,A,-,08,22107,,F,B,D,A,A,H,-,C,D,0,,,,,Y,,-,99,0,1,0,0,0,0,0,0,0,"- ","- ",37.732868194580078,-120.94035339355469,STANISLAUS,RIVERBANK,-120.93859100341797,37.732711791992188
8494470,2017,2018-07-05,5002,2017-10-27,1627,11761,256,5,5,6,5002,0,0,0,,0,081,"MCHENRY AV","ORANGEBURG AV",320.00,S,N,A,-,Y,STA,10,108,-,-,24.250,H,-,E,Y,3,0,1,3,A,-,03,22350,,N,C,C,A,A,H,-,A,A,0,,,,,Y,,A,,0,1,0,0,0,0,0,0,0,"- ","- ",,,STANISLAUS,MODESTO,-120.99401315999999,37.662523280000002
84946145,2025,2025-11-25,5001,2025-11-19,1802,755,,3,5,4,5001,0,0,0,,0,003,"HATCH RD","ANGIE AVE",217.00,W,N,A,-,N,,,,,,,,,,Y,4,0,1,2,A,-,09,21804,A,N,D,C,A,A,H,-,C,A,0,,,,,Y,,A,01,0,0,1,0,0,0,0,0,0,"- ","- ",,,STANISLAUS,CERES,-120.94088745117188,37.609310150146484
84948364,2025,2025-11-26,5002,2025-11-22,"100 ",13478,,6,5,6,5002,0,0,0,,0,033,"PARADISE AVE","SUTTER AVE",7.00,E,N,A,-,N,,,,,,,,,,Y,3,0,3,2,A,-,01,23152,B,N,C,C,A,A,H,-,C,A,0,,,,,Y,Y,A,01,0,3,0,0,0,0,0,0,0,"- ","- ",37.627811431884766,-121.01180267333984,STANISLAUS,MODESTO,-121.01183319091797,37.627834320068359
84950024,2025,2025-11-27,5002,2025-11-13,1652,13364,,4,5,6,5002,0,0,0,,0,081,"ORANGEBURG AVE","SUNRISE AVE",0.00,,Y,C,-,N,,,,,,,,,,Y,3,0,1,2,A,-,17,21451,A,N,D,C,A,B,H,-,B,A,0,,,,,Y,,A,01,0,1,0,0,0,0,0,0,0,"- ","- ",37.663631439208984,-120.96669769287109,STANISLAUS,MODESTO,-120.98482513427734,37.663623809814453
84950900,2025,2025-12-01,5006,2025-09-10,1320,96,,3,5,3,5006,0,0,0,,0,RPD,"ATCHISON ST","3RD ST (RIVERBANK)",0.00,,Y,A,-,Y,,,,,,,,,,Y,2,0,1,2,A,-,09,21802,A,N,D,C,A,A,H,-,A,A,0,,,Y,,Y,Y,D,22,1,0,0,0,0,0,0,0,1,"- ","- ",,,STANISLAUS,RIVERBANK,-120.93575286865234,37.737964630126953
84955500,2025,2025-12-03,5002,2025-10-24,1631,13598,,5,5,6,5002,0,0,0,,0,081,"ROSEBURG AVE","COMO PARK WAY",0.00,,Y,A,-,N,,,,,,,,,,N,3,0,1,1,A,-,03,22350,,N,E,J,A,A,H,-,A,D,0,,,Y,,Y,,C,06,0,1,0,0,0,0,0,0,1,"- ","- ",,,STANISLAUS,MODESTO,-121.00933074951172,37.660346984863281
84955560,2025,2025-12-03,5002,2025-11-08,"9   ",13464,,6,5,6,5002,0,0,0,,0,042,"KERR AVE","DE HARRO ST",0.00,,Y,A,-,N,,,,,,,,,,N,2,0,1,2,A,-,09,21801,A,N,D,G,A,A,H,-,C,D,0,,Y,,,Y,,D,22,1,0,0,0,0,0,1,0,0,"- ","- ",37.637149810791016,-120.97193145751953,STANISLAUS,MODESTO,-120.97141265869141,37.637359619140625
84955589,2025,2025-12-03,5002,2025-11-14,2247,13490,,5,5,6,5002,0,0,0,,0,063,"PELANDALE AVE","SISK RD",568.00,W,N,A,-,N,,,,,,,,,,Y,4,0,3,2,A,-,01,23152,A,F,C,C,A,A,H,-,C,D,0,,,,,Y,Y,A,07,0,0,3,0,0,0,0,0,0,"- ","- ",37.700279235839844,-121.06897735595703,STANISLAUS,MODESTO,-121.07071685791016,37.699501037597656
84965342,2025,2025-12-10,5002,2025-08-29,1434,13594,,5,5,6,5002,0,0,0,,0,073,"OAKDALE RD","HASHEM DR",348.00,N,N,A,-,N,,,,,,,,,,N,4,0,1,2,A,-,04,21703,,N,C,C,A,A,H,-,A,D,0,,,,,Y,,A,07,0,0,1,0,0,0,0,0,0,"- ","- ",37.680149078369141,-120.95787811279297,STANISLAUS,MODESTO,-120.95785522460938,37.681114196777344
84965354,2025,2026-02-02,5002,2025-10-12,1909,13481,,7,5,6,5002,0,0,0,,0,071,"LAKEWOOD AVE","MULHOLLAND DR",0.00,,N,A,-,N,,,,,,,,,,Y,3,0,5,2,-,-,"- ",,,N,D,C,A,A,H,-,C,D,0,,,,,Y,,-,"- ",0,2,3,0,0,0,0,0,0,"- ","- ",37.665031433105469,-120.93939208984375,STANISLAUS,MODESTO,-120.93942260742188,37.664936065673828
84965364,2025,2025-12-10,5002,2025-10-22,1244,13558,,3,5,6,5002,0,0,0,,0,041,"I ST","15TH ST",0.00,,Y,B,-,N,,,,,,,,,,Y,3,0,2,2,A,-,09,21802,A,N,D,C,A,A,H,-,A,A,0,,,,,Y,,A,01,0,1,1,0,0,0,0,0,0,"- ","- ",37.643020629882812,-120.99490356445312,STANISLAUS,MODESTO,-120.99443054199219,37.643119812011719
84965370,2025,2025-12-10,5002,2025-10-23,"720 ",13579,,4,5,6,5002,0,0,0,,0,082,"TULLY RD","MOUNT VERNON DR",0.00,,Y,A,-,N,,,,,,,,,,N,4,0,1,2,A,-,10,21950,A,N,G,B,B,A,H,-,A,A,0,Y,,,,Y,,A,01,0,0,1,0,1,0,0,0,0,"- ","- ",37.677158355712891,-121.01235961914062,STANISLAUS,MODESTO,-121.01233673095703,37.677177429199219
84965403,2025,2025-12-10,5002,2025-11-28,"126 ",11793,,5,5,6,5002,0,0,0,,0,073,"MONTANA DR","COFFEE RD",70.00,W,N,A,-,N,,,,,,,,,,Y,4,0,1,1,A,-,03,22350,,M,E,I,A,A,H,-,C,D,0,,,,,Y,,A,01,0,0,1,0,0,0,0,0,0,"- ","- ",37.697990417480469,-120.97617340087891,STANISLAUS,MODESTO,-120.97652435302734,37.698001861572266
84967374,2025,2025-12-12,5002,2025-02-22,1918,13513,,6,5,6,5002,0,0,0,,0,031,"HATCH RD","RANCHO ENCANTADO LN",0.00,,Y,A,-,N,,,,,,,,,,N,4,0,1,3,A,-,09,21802,A,N,B,C,A,A,H,-,C,A,0,,,,,Y,,D,22,0,0,1,0,0,0,0,0,0,"- ","- ",37.606151580810547,-121.02007293701172,STANISLAUS,MODESTO,-121.01988983154297,37.606113433837891
84969020,2025,2025-12-12,5001,2025-12-04,1954,946,,4,5,4,5001,0,0,0,,0,003,"HATCH RD","EASTGATE BLVD",0.00,,Y,A,-,N,,,,,,,,,,N,4,0,1,2,A,-,17,21451,A,N,A,C,A,A,H,-,C,A,0,,,,,Y,,A,01,0,0,1,0,0,0,0,0,0,"- ","- ",,,STANISLAUS,CERES,,
84969026,2025,2025-12-12,5006,2025-11-21,1713,S04631,,5,5,3,5006,0,0,0,,0,RPD,"OAKDALE RD","WESTGATE DR",325.00,S,N,A,-,N,,,,,,,,,,N,3,0,2,2,A,-,03,22350,,N,C,C,A,A,H,-,B,A,0,,,,,Y,,A,01,0,2,0,0,0,0,0,0,0,"- ","- ",,,STANISLAUS,RIVERBANK,-120.95839691162109,37.717288970947266
84969342,2025,2025-12-15,5002,2025-02-24,2344,13513,,1,5,6,5002,0,0,0,,0,031,"RIVER RD","AVON ST",370.00,E,N,A,-,N,,,,,,,,,,Y,1,1,0,1,A,-,01,23152,A,N,E,J,A,A,H,-,C,D,0,,,,,Y,Y,A,01,0,0,0,0,0,0,0,0,0,"- ","- ",37.625370025634766,-120.97994232177734,STANISLAUS,MODESTO,-120.978759765625,37.62493896484375
84973602,2025,2025-12-18,5002,2025-12-10,1729,13624,,3,5,6,5002,0,0,0,,0,071,"OAKDALE RD","PEPPERMINT DR",48.00,S,N,B,-,N,,,,,,,,,,N,4,0,1,2,A,-,09,21804,A,N,B,C,A,A,H,-,C,D,0,,,,,Y,,A,07,0,0,1,0,0,0,0,0,0,"- ","- ",37.658798217773438,-120.95784759521484,STANISLAUS,MODESTO,-120.95751190185547,37.658908843994141
8497387,2017,2017-12-28,5004,2017-08-13,0844,269,RD51,7,5,3,5004,0,0,0,,0,00E,"SOUTH YOSEMITE AV","S YOSEMITE AV 2324",0.00,,N,A,-,N,,,,,,,,,,N,4,0,1,1,A,-,03,22350,,N,F,A,A,A,H,-,A,D,0,,,,,Y,,A,01,0,0,1,0,0,0,0,0,0,"- ","- ",37.747390000000003,-120.84003,STANISLAUS,OAKDALE,,
84978857,2025,2025-12-19,5002,2025-11-29,1830,13647,,6,5,6,5002,0,0,0,,0,063,"AKEBY DR","SARAH JANE CT",235.00,E,N,A,-,N,,,,,,,,,,N,3,0,1,3,C,-,18,,,N,A,E,A,A,H,-,C,D,0,,,,,Y,,-,"- ",0,1,0,0,0,0,0,0,0,"- ","- ",37.696708679199219,-121.06107330322266,STANISLAUS,MODESTO,-121.06018829345703,37.696529388427734
84978861,2025,2025-12-19,5002,2025-12-03,2111,13342,,3,5,6,5002,0,0,0,,0,061,"CARPENTER RD","9TH ST",0.00,,Y,A,-,N,,,,,,,,,,N,3,0,1,2,A,-,09,21802,A,N,D,C,A,A,H,-,D,A,0,,,Y,Y,Y,,F,26,0,1,0,0,0,0,0,0,1,"- ","- ",37.664360046386719,-121.03160858154297,STANISLAUS,MODESTO,-121.03124237060547,37.664253234863281
84978870,2025,2025-12-19,5002,2025-12-07,1206,13602,,7,5,6,5002,0,0,0,,0,062,"BRIGGSMORE AVE","SISK RD",156.00,E,N,A,-,N,,,,,,,,,,N,4,0,1,2,A,-,08,22100,A,N,B,C,A,A,H,-,A,D,0,,,,,Y,,A,07,0,0,1,0,0,0,0,0,0,"- ","- ",37.667758941650391,-121.03138732910156,STANISLAUS,MODESTO,-121.03137969970703,37.667789459228516
84980981,2025,2025-12-22,5005,2025-12-09,1525,S03497,,2,5,3,5005,0,0,0,,0,PPD,"BALDWIN RD","CALVINSON PKWY",0.00,,Y,B,-,N,,,,,,,,,,N,4,0,3,2,A,-,09,21802,A,N,D,C,A,A,H,-,A,A,0,,,,,Y,,A,01,0,0,3,0,0,0,0,0,0,"- ","- ",37.461521148681641,-121.15886688232422,STANISLAUS,PATTERSON,-121.15926361083984,37.461715698242188
8498482,2017,2017-12-08,5002,2017-11-20,0835,818,A404,1,5,6,5002,0,0,0,,0,001,"NADINE AV","HERNDON RD",20.00,W,N,B,-,N,,,,,,,,,,N,4,0,1,2,A,-,03,22350,,F,C,C,A,A,H,-,A,A,0,,,,,Y,,A,01,0,0,1,0,0,0,0,0,0,"- ","- ",37.613039999999998,-120.97534,STANISLAUS,MODESTO,-120.97542903,37.613038760000002
8498486,2017,2017-12-08,5001,2017-11-21,0125,747,D208,2,5,4,5001,0,0,0,,0,005,"EL CAMINO","5TH ST",0.00,,Y,A,-,N,,,,,,,,,,Y,3,0,1,2,A,-,08,22107,,N,E,I,A,A,H,-,C,D,0,,,,,Y,,A,01,0,1,0,0,0,0,0,0,0,"- ","- ",37.580240000000003,-120.93873000000001,STANISLAUS,CERES,-120.95218,37.588649910000001
84988478,2025,2025-12-29,5005,2025-12-16,"738 ",S04472,,2,5,3,5005,0,0,0,,0,PPD,"WARD AVE","HEARTLAND RANCH AVE",0.00,,Y,E,-,N,,,,,,,,,,Y,4,0,1,2,A,-,09,21802,A,N,D,C,A,B,H,-,A,A,0,,,,,Y,,A,01,0,0,1,0,0,0,0,0,0,"- ","- ",37.472000122070312,-121.14044952392578,STANISLAUS,PATTERSON,-121.14093780517578,37.472255706787109
84993316,2025,2025-12-31,5002,2025-11-22,1625,13558,,6,5,6,5002,0,0,0,,0,042,"LA LOMA AVE","SANTA ANA AVE",0.00,,Y,A,-,N,,,,,,,,,,Y,3,0,2,1,C,-,18,,,N,F,A,A,D,G,-,B,D,0,,,Y,,Y,,-,"- ",0,2,0,0,0,0,0,0,2,"- ","- ",37.641300201416016,-120.97664642333984,STANISLAUS,MODESTO,-120.97654724121094,37.641262054443359
84993337,2025,2025-12-31,5002,2025-12-16,1719,13516,,2,5,6,5002,0,0,0,,0,043,"CLAUS RD","GOMES RD",186.00,S,N,A,-,N,,,,,,,,,,Y,4,0,1,2,A,-,03,22350,,N,C,C,A,A,H,-,C,D,0,,,,,Y,,A,01,0,0,1,0,0,0,0,0,0,"- ","- ",,,STANISLAUS,MODESTO,-120.92118835449219,37.655010223388672
84993341,2025,2025-12-31,5002,2025-12-17,1831,13039,,3,5,6,5002,0,0,0,,0,043,"MILLER AVE","COLFAX AVE",0.00,,Y,A,-,Y,,,,,,,,,,Y,3,0,1,2,A,-,12,22450,A,N,D,C,A,A,H,-,C,A,0,,,,,Y,,A,07,0,1,0,0,0,0,0,0,0,"- ","- ",37.640048980712891,-120.95504760742188,STANISLAUS,MODESTO,-120.95496368408203,37.640052795410156
84995158,2025,2026-01-01,5002,2025-10-24,"323 ",13384,,5,5,6,5002,0,0,0,,0,081,"EL VECINO AVE","FAIRMONT AVE",90.00,N,N,A,-,N,,,,,,,,,,Y,4,0,1,2,A,-,08,22107,,N,A,E,A,A,H,-,C,D,0,,,,,Y,,A,07,0,0,1,0,0,0,0,0,0,"- ","- ",37.657268524169922,-120.98014068603516,STANISLAUS,MODESTO,-120.98020172119141,37.657478332519531
84995159,2025,2026-01-19,5002,2025-10-26,1236,13518,,7,5,6,5002,0,0,0,,0,041,"G ST","5TH ST",0.00,,Y,A,-,N,,,,,,,,,,Y,3,0,5,2,A,-,12,21453,A,N,D,C,A,A,H,-,A,A,0,,,,,Y,,A,01,0,1,4,0,0,0,0,0,0,"- ","- ",37.634029388427734,-121.00160980224609,STANISLAUS,MODESTO,-121.03657531738281,37.665504455566406
84995162,2025,2026-01-01,5002,2025-11-14,1716,13600,,5,5,6,5002,0,0,0,,0,073,"OAKDALE RD","SYLVAN AVE",250.00,N,N,A,-,Y,,,,,,,,,,N,4,0,2,2,A,-,08,22107,,N,B,C,A,A,H,-,A,A,0,,,,,Y,,A,01,0,0,2,0,0,0,0,0,0,"- ","- ",37.688949584960938,-120.95799255371094,STANISLAUS,MODESTO,-120.95799255371094,37.689655303955078
8499547,2017,2018-01-02,5001,2017-11-14,0740,818,A205,2,5,4,5001,0,0,0,,0,001,"ZONA BELLA LANE","RICHLAND AV",0.00,,Y,A,-,N,,,,,,,,,,Y,3,0,2,2,A,-,09,21802,A,N,D,C,A,A,H,-,A,A,0,,,,,Y,,D,22,0,2,0,0,0,0,0,0,0,"- ","- ",37.605379999999997,-120.96616,STANISLAUS,CERES,-120.96615993,37.605349949999997
84995599,2025,2026-01-02,5006,2025-12-05,1224,S04815,,5,5,3,5006,0,0,0,,0,RPD,"PATTERSON RD","JACKSON AVE",0.00,,Y,B,-,Y,STA,,108," "," ",31.557,H,,R,Y,2,0,1,2,A,-,12,21453,A,N,D,C,A,A,H,-,A,A,0,,,,,Y,,D,22,1,0,0,0,0,0,0,0,0,"- ","- ",37.732879638671875,-120.94947052001953,STANISLAUS,RIVERBANK,-120.949462890625,37.732646942138672