CASE_ID,ACCIDENT_YEAR,PROC_DATE,JURIS,COLLISION_DATE,COLLISION_TIME,OFFICER_ID,REPORTING_DISTRICT,DAY_OF_WEEK,CHP_SHIFT,POPULATION,CNTY_CITY_LOC,SPECIAL_COND,BEAT_TYPE,CHP_BEAT_TYPE,CITY_DIVISION_LAPD,CHP_BEAT_CLASS,BEAT_NUMBER,PRIMARY_RD,SECONDARY_RD,DISTANCE,DIRECTION,INTERSECTION,WEATHER_1,WEATHER_2,STATE_HWY_IND,CALTRANS_COUNTY,CALTRANS_DISTRICT,STATE_ROUTE,ROUTE_SUFFIX,POSTMILE_PREFIX,POSTMILE,LOCATION_TYPE,RAMP_INTERSECTION,SIDE_OF_HWY,TOW_AWAY,COLLISION_SEVERITY,NUMBER_KILLED,NUMBER_INJURED,PARTY_COUNT,PRIMARY_COLL_FACTOR,PCF_CODE_OF_VIOL,PCF_VIOL_CATEGORY,PCF_VIOLATION,PCF_VIOL_SUBSECTION,HIT_AND_RUN,TYPE_OF_COLLISION,MVIW,PED_ACTION,ROAD_SURFACE,ROAD_COND_1,ROAD_COND_2,LIGHTING,CONTROL_DEVICE,CHP_ROAD_TYPE,PEDESTRIAN_ACCIDENT,BICYCLE_ACCIDENT,MOTORCYCLE_ACCIDENT,TRUCK_ACCIDENT,NOT_PRIVATE_PROPERTY,ALCOHOL_INVOLVED,STWD_VEHTYPE_AT_FAULT,CHP_VEHTYPE_AT_FAULT,COUNT_SEVERE_INJ,COUNT_VISIBLE_INJ,COUNT_COMPLAINT_PAIN,COUNT_PED_KILLED,COUNT_PED_INJURED,COUNT_BICYCLIST_KILLED,COUNT_BICYCLIST_INJURED,COUNT_MC_KILLED,COUNT_MC_INJURED,PRIMARY_RAMP,SECONDARY_RAMP,LATITUDE,LONGITUDE,COUNTY,CITY,POINT_X,POINT_Y
8564002,2018,2018-03-07,5002,2018-02-04,1852,832,B204,7,5,6,5002,0,0,0,,0,003,"EAST HATCH RD","ANGIE AV",0.00,,Y,A,-,N,,,,,,,,,,N,4,0,1,2,A,-,09,21801,A,F,D,C,A,A,H,-,A,D,0,,,,,Y,,-,,0,0,1,0,0,0,0,0,0,"- ","- ",37.609298706054688,-120.93879699707031,STANISLAUS,MODESTO,-120.94016265869141,37.609321594238281
8565181,2018,2018-03-09,5001,2018-02-20,1412,832,C008,2,5,4,5001,0,0,0,,0,004,"MORGAN RD","EAST WHITMORE AV",0.00,,Y,A,-,N,,,,,,,,,,N,4,0,1,2,A,-,12,21453,A,N,D,C,A,A,H,-,A,A,0,,,,,Y,,D,22,0,0,1,0,0,0,0,0,0,"- ","- ",37.594409942626953,-120.97522735595703,STANISLAUS,CERES,-120.97525787353516,37.594829559326172
8567366,2018,2018-03-14,5002,2018-02-23,1938,11750,,5,5,6,5002,0,0,0,,0,061,"WOODLAND AV","ROSEMORE AV",0.00,,Y,A,-,N,,,,,,,,,,Y,3,0,1,2,A,-,12,22450,A,N,D,C,A,A,H,-,C,A,0,,,,,Y,,-,"- ",0,1,0,0,0,0,0,0,0,"- ","- ",,,STANISLAUS,MODESTO,-121.04022216796875,37.653099060058594
8567382,2018,2018-08-09,5002,2018-02-25,1928,11698,510,7,5,6,5002,0,0,0,,0,041,"TUOLUMNE BL","RT 99",0.00,,Y,A,-,Y,STA,10,99,-,-,15.212,R,4,N,Y,3,0,2,2,A,-,03,22350,,N,D,C,A,A,H,-,C,A,0,,,Y,,Y,,C,,0,1,1,0,0,0,0,0,2,"- ","- ",,,STANISLAUS,MODESTO,-120.99693298339844,37.628204345703125
8567409,2018,2018-03-13,5002,2018-02-09,1658,11646,300,5,5,6,5002,0,0,0,,0,071,"WYLIE DR","ROSE AV",100.00,E,N,A,-,N,,,,,,,,,,Y,4,0,1,2,A,-,03,22350,,N,C,C,A,A,H,-,A,A,0,,,,,Y,,A,,0,0,1,0,0,0,0,0,0,"- ","- ",,,STANISLAUS,MODESTO,-120.96619415283203,37.658100128173828
8567413,2018,2018-03-13,5002,2018-02-09,2238,11765,045,5,5,6,5002,0,0,0,,0,082,"WEST BRIGGSMORE AV",COLLEGE,0.00,,Y,A,-,N,,,,,,,,,,Y,2,0,2,2,A,-,01,23152,A,N,D,C,A,A,H,-,C,A,0,,,,,Y,Y,-,,1,1,0,0,0,0,0,0,0,"- ","- ",,,STANISLAUS,MODESTO,-121.00768280029297,37.670490264892578
8567429,2018,2018-03-13,5002,2018-02-20,1841,13075,729,2,5,6,5002,0,0,0,,0,032,"PARADISE AV","SUTTER AV",0.00,,Y,A,-,N,,,,,,,,,,N,4,0,1,2,A,-,09,21801,,N,D,C,A,A,H,-,C,A,0,,,,,Y,,-,,0,0,1,0,0,0,0,0,0,"- ","- ",,,STANISLAUS,MODESTO,-121.01184844970703,37.627819061279297
8567437,2018,2018-03-13,5002,2018-02-23,0603,13012,021,5,5,6,5002,0,0,0,,0,062,"STANDIFORD AV","SISK RD",0.00,,Y,A,-,N,,,,,,,,,,Y,3,0,1,2,A,-,12,21453,A,F,D,C,A,A,H,-,B,A,0,,,,,Y,,-,"- ",0,1,0,0,0,0,0,0,0,"- ","- ",,,STANISLAUS,MODESTO,-121.05078887939453,37.684871673583984
8569240,2018,2018-03-23,5001,2018-03-01,1037,818,C002,4,5,4,5001,0,0,0,,0,005,"3RD ST","NORTH ST",0.00,,Y,B,C,N,,,,,,,,,,N,4,0,1,2,A,-,09,21802,A,N,D,C,A,B,H,-,A,A,0,,,,,Y,,A,07,0,0,1,0,0,0,0,0,0,"- ","- ",37.591670989990234,-120.95570373535156,STANISLAUS,CERES,-120.95453643798828,37.591670989990234
8570933,2018,2018-03-12,5002,2018-02-26,1648,13096,134,1,5,6,5002,0,0,0,,0,073,"SYLVAN AV","FOREST GLENN DR",0.00,,Y,A,-,N,,,,,,,,,,Y,4,0,1,2,A,-,09,21801,A,N,D,C,A,A,H,-,B,D,0,,,,,Y,,A,,0,0,1,0,0,0,0,0,0,"- ","- ",,,STANISLAUS,MODESTO,-120.97171020507812,37.688888549804688
8571441,2018,2018-03-12,5001,2018-02-26,0711,821,B007,1,5,4,5001,0,0,0,,0,003,"BOOTHE RD","EAST WHITMORE AV",0.00,,Y,B,-,N,,,,,,,,,,N,4,0,1,2,A,-,05,21650,1,N,H,G,A,A,H,-,A,A,0,,Y,,,Y,,L,04,0,0,1,0,0,0,1,0,0,"- ","- ",37.594779968261719,-120.93134307861328,STANISLAUS,CERES,-120.93138122558594,37.594799041748047
8578929,2018,2018-04-02,5002,2018-03-16,1717,1854,156,5,5,6,5002,0,0,0,,0,073,"SYLVAN AV","LYDIA LN",22.00,W,N,B,C,N,,,,,,,,,,Y,3,0,2,3,A,-,03,22350,,N,C,C,A,B,H,-,A,D,0,,,,,Y,,-,,0,1,1,0,0,0,0,0,0,"- ","- ",,,STANISLAUS,MODESTO,-120.95645904541016,37.688961029052734
8578985,2018,2018-04-02,5002,2018-02-27,1626,11310,385,2,5,6,5002,0,0,0,,0,041,"L ST",14TH,0.00,,Y,A,-,N,,,,,,,,,,Y,4,0,1,2,A,-,09,21802,A,F,D,C,A,A,H,-,A,D,0,,,,,Y,,-,,0,0,1,0,0,0,0,0,0,"- ","- ",,,STANISLAUS,MODESTO,-120.99884033203125,37.645278930664062
8581124,2018,2018-03-28,5007,2018-03-13,0707,5742,5007,2,5,5,5007,0,0,0,,0,002,"EAST F ST","SOUTH GOLDEN STATE BL",0.00,,Y,B,-,N,,,,,,,,,,Y,4,0,1,2,A,-,09,21801,A,N,A,C,A,B,H,-,A,A,0,,,,,Y,,A,08,0,0,1,0,0,0,0,0,0,"- ","- ",,,STANISLAUS,TURLOCK,-120.83953094482422,37.488971710205078
8581915,2018,2018-03-29,5007,2018-03-12,2149,5727,,1,5,5,5007,0,0,0,,0,005,"GEER RD","STARR AV",69.00,S,N,C,-,N,,,,,,,,,,N,2,0,1,2,A,-,11,21950,B,N,G,B,D,B,H,-,D,D,0,Y,,,,Y,Y,N,60,1,0,0,0,1,0,0,0,0,"- ","- ",,,STANISLAUS,TURLOCK,-120.84896087646484,37.502250671386719
8582274,2018,2018-04-03,5007,2018-03-19,1840,5608,,1,5,5,5007,0,0,0,,0,003,"WEST MAIN ST","NORTH KILROY RD",0.00,,Y,A,-,N,,,,,,,,,,Y,3,0,1,2,A,-,09,21801,A,N,D,C,A,A,H,-,A,A,0,,,,,Y,,A,01,0,1,0,0,0,0,0,0,0,"- ","- ",,,STANISLAUS,TURLOCK,-120.87635040283203,37.492698669433594
8583413,2018,2018-08-09,5002,2018-03-02,1828,11818,M120,5,5,6,5002,0,0,0,,0,082,"MCHENRY AV","WEST BRIGGSMORE AV",0.00,,Y,A,-,Y,STA,10,108,-,-,24.810,I,6,E,N,3,0,1,2,A,-,09,21803,A,N,D,G,A,A,H,-,C,A,0,,Y,,,Y,,D,,0,1,0,0,0,0,1,0,0,"- ","- ",,,STANISLAUS,MODESTO,-120.99411773681641,37.670509338378906
8586249,2018,2018-04-19,5001,2018-04-02,1557,832,A104,1,5,4,5001,0,0,0,,0,001,"HERNDON RD","EVANS RD",0.00,,Y,A,-,N,,,,,,,,,,N,4,0,1,2,A,-,03,22350,,N,C,C,A,A,H,-,A,D,0,,,,,Y,,A,01,0,0,1,0,0,0,0,0,0,"- ","- ",37.602760314941406,-120.96919250488281,STANISLAUS,CERES,-120.96903991699219,37.602619171142578
8587957,2018,2018-05-02,5007,2018-04-19,1650,5608,,4,5,5,5007,0,0,0,,0,003,"NORTH TULLY RD","CHAKKAR ESTATES DR",0.00,,Y,A,-,N,,,,,,,,,,N,4,0,1,2,A,-,08,22103,,N,D,C,A,A,H,-,A,D,0,,,,,Y,,J,48,0,0,1,0,0,0,0,0,0,"- ","- ",,,STANISLAUS,TURLOCK,-120.87177276611328,37.5010986328125
8588259,2018,2018-07-09,5002,2018-03-16,1219,821,A308,5,5,6,5002,0,0,0,,0,001,"HERNDON RD","HATCH RD",537.00,S,N,B,-,N,,,,,,,,,,N,3,0,1,2,A,-,09,21804,A,N,D,C,A,B,H,-,A,D,0,,,,,Y,,A,01,0,1,0,0,0,0,0,0,0,"- ","- ",37.609359741210938,-120.97422790527344,STANISLAUS,MODESTO,-120.9742431640625,37.607826232910156
8588263,2018,2018-04-03,5001,2018-03-19,2003,801,B204,1,5,4,5001,0,0,0,,0,003,"HATCH RD","MITCHELL RD",57.00,W,N,A,-,N,,,,,,,,,,Y,3,0,1,2,A,-,01,23152,A,N,C,C,A,A,H,-,C,A,0,,,,,Y,Y,D,22,0,1,0,0,0,0,0,0,0,"- ","- ",37.609298706054688,-120.93865203857422,STANISLAUS,CERES,-120.93894958496094,37.609321594238281
8588376,2018,2018-03-30,5001,2018-03-16,1431,704,D001,5,5,4,5001,0,0,0,,0,005,"EAST WHITMORE AV","9TH ST",192.00,W,N,B,-,N,,,,,,,,,,N,4,0,1,2,A,-,09,21804,A,N,A,C,A,B,H,-,A,A,0,,,,,Y,,A,01,0,0,1,0,0,0,0,0,0,"- ","- ",37.594741821289062,-120.47840118408203,STANISLAUS,CERES,-120.94849395751953,37.594764709472656
8588610,2018,2018-04-05,5007,2018-03-18,1045,5610,,7,5,5,5007,0,0,0,,0,001,"EAST TUOLUMNE RD","NORTH OLIVE AV",0.00,,Y,A,-,N,,,,,,,,,,Y,3,0,1,2,A,-,12,21453,A,F,D,C,A,A,H,-,A,A,0,,,,,Y,,A,01,0,1,0,0,0,0,0,0,0,"- ","- ",,,STANISLAUS,TURLOCK,-120.83978271484375,37.514610290527344
8589608,2017,2018-04-23,5006,2017-11-28,1707,S987,MODES,2,5,3,5006,0,0,0,,0,,"PATTERSON RD","SNEDIGAR RD",0.00,,Y,A,-,N,,,,,,,,,,Y,2,0,3,2,A,-,00,23104,A,F,D,C,A,A,H,-,D,A,0,,,,,Y,,D,22,1,0,2,0,0,0,0,0,0,"- ","- ",,,STANISLAUS,RIVERBANK,-120.91310998,37.73259994
8591385,2018,2018-04-10,5002,2018-03-18,1915,849,A210,7,5,6,5002,0,0,0,,0,001,"EAST HATCH RD","HERNDON RD",440.00,W,N,A,-,N,,,,,,,,,,N,4,0,1,2,A,-,03,22350,,F,C,C,A,A,H,-,C,A,0,,,,,Y,,A,01,0,0,1,0,0,0,0,0,0,"- ","- ",37.609359741210938,-120.97422790527344,STANISLAUS,MODESTO,-120.97573852539062,37.609283447265625
8593085,2018,2018-04-11,5002,2018-03-27,1150,11566,,2,5,6,5002,0,0,0,,0,061,"DEL VALE AV","DEL MONTE AV",0.00,,Y,A,-,N,,,,,,,,,,Y,4,0,2,2,A,-,03,22350,,N,D,C,A,A,H,-,A,D,0,,,,,Y,,A,,0,0,2,0,0,0,0,0,0,"- ","- ",,,STANISLAUS,MODESTO,-121.019287109375,37.659698486328125
8593121,2018,2018-04-12,5002,2018-03-24,0312,13167,609,6,5,6,5002,0,0,0,,0,043,"CLAUS RD",GARST,30.00,N,N,A,-,N,,,,,,,,,,Y,3,0,1,2,A,-,08,22107,,N,C,E,A,A,H,-,C,D,0,,,,,Y,Y,-,,0,1,0,0,0,0,0,0,0,"- ","- ",,,STANISLAUS,MODESTO,-120.92113494873047,37.652584075927734
8593129,2018,2018-04-12,5002,2018-03-24,1242,13067,M300,6,5,6,5002,0,0,0,,0,071,"ROSE AV","WYLIE DR",0.00,S,N,B,C,N,,,,,,,,,,N,4,0,3,2,A,-,03,22350,,N,C,C,A,B,H,-,A,D,0,,,,,Y,,A,,0,0,3,0,0,0,0,0,0,"- ","- ",,,STANISLAUS,MODESTO,-120.96653747558594,37.658100128173828
8593145,2018,2018-04-12,5002,2018-03-26,0744,13025,558,1,5,6,5002,0,0,0,,0,031,"DEZZANI LN","COVENTRY GARDEN WY",0.00,,Y,A,-,N,,,,,,,,,,Y,4,0,2,2,A,-,09,21801,A,N,D,C,A,A,H,-,A,D,0,,,,,Y,,A,,0,0,2,0,0,0,0,0,0,"- ","- ",,,STANISLAUS,MODESTO,-121.01596069335938,37.604881286621094
8593927,2018,2018-05-04,5002,2018-04-07,1109,11606,,6,5,6,5002,0,0,0,,0,006,"9TH ST","CAMPUS WY",0.00,,Y,A,-,N,,,,,,,,,,Y,3,0,3,3,A,-,03,22350,,N,C,C,A,A,H,-,A,D,0,,,,,Y,,A,,0,2,1,0,0,0,0,0,0,"- ","- ",,,STANISLAUS,MODESTO,-121.01087188720703,37.647190093994141
8593935,2018,2018-05-04,5002,2018-04-17,1547,11750,094,2,5,6,5002,0,0,0,,0,062,"WEST BRIGGSMORE AV","COLLEGE AV",100.00,W,N,A,-,N,,,,,,,,,,Y,3,0,3,4,A,-,03,22350,,N,C,C,A,A,H,-,A,A,0,,,,,Y,,A,,0,1,2,0,0,0,0,0,0,"- ","- ",,,STANISLAUS,MODESTO,-121.00802612304688,37.670486450195312
8593968,2018,2018-05-04,5002,2018-04-03,1555,11821,005,2,5,6,5002,0,0,0,,0,063,"STANDIFORD AV","DALE RD",75.00,E,N,A,-,N,,,,,,,,,,Y,3,0,3,2,A,-,08,22107,,N,B,C,A,A,H,-,A,A,0,,,,,Y,,A,,0,1,2,0,0,0,0,0,0,"- ","- ",,,STANISLAUS,MODESTO,-121.04955291748047,37.685337066650391
8593972,2018,2018-05-04,5002,2018-04-03,1804,11776,024,2,5,6,5002,0,0,0,,0,062,"SISK RD","NORTH CARPENTER RD",40.00,N,N,A,-,N,,,,,,,,,,Y,4,0,2,2,A,-,01,23152,A,F,C,C,A,A,H,-,A,A,0,,,,,Y,Y,A,,0,0,2,0,0,0,0,0,0,"- ","- ",,,STANISLAUS,MODESTO,-121.03137969970703,37.667789459228516
8593980,2018,2018-05-09,5002,2018-04-04,2006,13186,STANI,3,5,6,5002,0,0,0,,0,041,"CLAUS RD","FLOYD AV",0.00,,Y,A,-,N,,,,,,,,,,Y,4,0,3,2,A,-,21,22106,,N,D,C,A,A,H,-,C,D,0,,,,,Y,,A,07,0,0,3,0,0,0,0,0,0,"- ","- ",,,STANISLAUS,MODESTO,-120.92144012451172,37.678249359130859
8593992,2018,2018-05-04,5002,2018-04-06,1011,1311,395,5,5,6,5002,0,0,0,,0,041,"I ST","17TH ST",0.00,,Y,C,-,N,,,,,,,,,,Y,3,0,3,2,A,-,12,21453,,N,D,C,A,B,H,-,A,A,0,,,,,Y,,A,,0,2,1,0,0,0,0,0,0,"- ","- ",,,STANISLAUS,MODESTO,-120.99252319335938,37.644599914550781
8593996,2018,2018-05-04,5002,2018-04-06,1045,10249,M187,5,5,6,5002,0,0,0,,0,061,"TULLY RD","GRANGER AV",0.00,,Y,C,-,N,,,,,,,,,,Y,3,0,1,2,A,-,09,21801,A,N,D,C,A,B,H,-,A,A,0,,,,,Y,,A,,0,1,0,0,0,0,0,0,0,"- ","- ",,,STANISLAUS,MODESTO,-121.01220703125,37.667621612548828
8594021,2018,2018-04-18,5002,2018-03-26,1130,13109,5002,1,5,6,5002,0,0,0,,0,041,"6TH ST","I ST",0.00,,Y,A,-,N,,,,,,,,,,Y,4,0,1,2,A,-,12,21453,A,N,D,C,A,A,H,-,A,A,0,,,,Y,Y,,-,"- ",0,0,1,0,0,0,0,0,0,"- ","- ",,,STANISLAUS,MODESTO,-121.00298309326172,37.636650085449219
8594045,2018,2018-04-17,5002,2018-03-29,1933,11252,M368,4,5,6,5002,0,0,0,,0,033,"EMERALD AV","BERYL WY",0.00,,Y,A,-,N,,,,,,,,,,N,4,0,2,2,A,-,03,22350,,N,C,C,A,A,H,-,C,D,0,,,,,Y,,D,,0,0,2,0,0,0,0,0,0,"- ","- ",,,STANISLAUS,MODESTO,-121.02099609375,37.634689331054688
8594053,2018,2018-04-17,5002,2018-03-30,1646,11813,586,5,5,6,5002,0,0,0,,0,071,"LAKEWOOD AV","BRIGGSMORE AV",25.00,S,N,A,-,N,,,,,,,,,,Y,3,0,2,2,A,-,08,22107,,N,A,C,A,A,H,-,A,A,0,,,,,Y,,-,,0,2,0,0,0,0,0,0,0,"- ","- ",,,STANISLAUS,MODESTO,-120.93941497802734,37.666839599609375
8596168,2018,2018-04-19,5001,2018-04-05,1155,818,D003,4,5,4,5001,0,0,0,,0,005,"MITCHELL RD","WHITMORE AV",128.00,N,N,B,-,N,,,,,,,,,,Y,4,0,2,2,A,-,03,22350,,N,C,C,A,A,H,-,A,D,0,,,,,Y,,A,07,0,0,2,0,0,0,0,0,0,"- ","- ",37.597709655761719,-120.93682861328125,STANISLAUS,CERES,-120.93869781494141,37.595100402832031
8597482,2018,2018-04-23,5001,2018-04-06,2136,610,B004,5,5,4,5001,0,0,0,,0,003,"EAST WHITMORE AV",LUNAR,360.00,E,N,B,-,N,,,,,,,,,,Y,3,0,1,2,A,-,01,23152,A,N,C,C,A,B,H,-,C,D,0,,,,,Y,Y,A,01,0,1,0,0,0,0,0,0,0,"- ","- ",37.594768524169922,-120.9339599609375,STANISLAUS,CERES,-120.93276977539062,37.594799041748047
8604366,2018,2018-05-08,5002,2018-04-27,2245,508,B206,5,5,6,5002,0,0,0,,0,003,"MITCHELL RD","HATCH RD",165.00,N,N,A,-,N,,,,,,,,,,N,3,0,1,2,A,-,09,21804,A,N,H,G,A,A,H,-,C,A,0,,Y,,,Y,,L,04,0,1,0,0,0,0,1,0,0,"- ","- ",37.609298706054688,-120.93881225585938,STANISLAUS,MODESTO,-120.93874359130859,37.609771728515625
8604793,2018,2018-05-09,5007,2018-04-19,1824,5779,5007,4,5,5,5007,0,0,0,,0,002,"EAST AV","MINARET AV",0.00,,Y,A,-,N,,,,,,,,,,Y,3,0,1,2,A,-,09,21802,A,N,D,C,A,A,H,-,A,A,0,,,Y,,Y,,A,07,0,1,0,0,0,0,0,0,1,"- ","- ",,,STANISLAUS,TURLOCK,-120.83985900878906,37.492691040039062
8610459,2018,2018-05-07,5002,2018-03-26,1238,10352,M123,1,5,6,5002,0,0,0,,0,072,"BRIGGSMORE AV","COFFEE RD",0.00,,Y,A,-,N,,,,,,,,,,Y,3,0,1,2,A,-,12,21453,A,N,D,C,A,A,H,-,A,A,0,,,,,Y,,-,,0,1,0,0,0,0,0,0,0,"- ","- ",,,STANISLAUS,MODESTO,-120.9757080078125,37.667148590087891
8612421,2018,2018-05-07,5007,2018-04-13,1450,6912,5007,5,5,5,5007,0,0,0,,0,002,"MARSHALL ST","PALM ST",0.00,,Y,A,-,N,,,,,,,,,,N,4,0,1,2,A,-,10,21950,A,F,G,B,-,A,H,-,A,D,0,Y,,,,Y,,A,08,0,0,1,0,1,0,0,0,0,"- ","- ",,,STANISLAUS,TURLOCK,-120.84149932861328,37.495109558105469
8615380,2018,2018-05-10,5002,2018-04-19,1012,11413,154,4,5,6,5002,0,0,0,,0,072,"OAKDALE RD",LANCEY,0.00,,Y,A,-,N,,,,,,,,,,Y,4,0,1,2,A,-,12,21453,A,N,-,C,A,A,H,-,A,A,0,,,,,Y,,A,,0,0,1,0,0,0,0,0,0,"- ","- ",,,STANISLAUS,MODESTO,-120.95764923095703,37.669429779052734
8615392,2018,2018-05-10,5002,2018-04-20,0650,13068,M153,5,5,6,5002,0,0,0,,0,073,"SYLVAN AV","ROSELLE AV",0.00,,Y,A,-,N,,,,,,,,,,N,3,0,1,2,A,-,10,21950,A,M,G,B,B,A,H,-,A,-,0,Y,,,,Y,,D,,0,1,0,0,1,0,0,0,0,"- ","- ",,,STANISLAUS,MODESTO,,
8615432,2018,2018-05-10,5002,2018-04-16,1245,13096,,1,5,6,5002,0,0,0,,0,073,"SYLVAN AV","ROSELLE AV",0.00,,Y,A,-,N,,,,,,,,,,N,3,0,1,2,A,-,03,22350,A,F,C,C,A,A,H,-,A,D,0,,,,,Y,,-,"- ",0,1,0,0,0,0,0,0,0,"- ","- ",,,STANISLAUS,MODESTO,-120.939638,37.688963000000001
8615440,2018,2018-05-10,5002,2018-04-26,1445,11750,409,4,5,6,5002,0,0,0,,0,041,"9TH ST","E ST",110.00,S,N,A,-,N,,,,,,,,,,Y,4,0,3,4,A,-,03,22350,,N,C,C,A,A,H,-,A,D,0,,,,,Y,,A,,0,0,3,0,0,0,0,0,0,"- ","- ",,,STANISLAUS,MODESTO,-120.99529266357422,37.634754180908203
8615533,2018,2018-05-10,5002,2018-04-27,1732,13053,104,5,5,6,5002,0,0,0,,0,083,"SYLVAN AV","REXFORD DR",0.00,,Y,A,-,N,,,,,,,,,,N,4,0,1,2,A,-,08,22107,,N,D,G,A,A,H,-,A,D,0,,Y,,,Y,,A,,0,0,1,0,0,0,1,0,0,"- ","- ",,,STANISLAUS,MODESTO,-120.98291778564453,37.688980102539062
8615569,2018,2018-05-14,5002,2018-04-17,0845,11821,013,2,5,6,5002,0,0,0,,0,063,PELANDALE,CARVER,0.00,,Y,A,-,N,,,,,,,,,,Y,4,0,1,2,A,-,12,21453,A,N,D,C,A,A,H,-,A,A,0,,,,,Y,,A,,0,0,1,0,0,0,0,0,0,"- ","- ",,,STANISLAUS,MODESTO,-121.02262115478516,37.700458526611328
8615579,2018,2018-05-10,5007,2018-04-20,2202,5774,5007,5,5,5,5007,0,0,0,,0,001,"WEST MINNESOTA AV","GEER RD",0.00,,Y,A,-,N,,,,,,,,,,Y,4,0,3,2,A,-,17,21451,A,N,D,C,A,A,H,-,C,A,0,,,,,Y,,A,01,0,0,3,0,0,0,0,0,0,"- ","- ",,,STANISLAUS,TURLOCK,-120.84896850585938,37.516399383544922
8615585,2018,2018-05-14,5002,2018-04-24,1737,13043,024,2,5,6,5002,0,0,0,,0,062,"PRESCOTT RD","MOUNT VERNON DR",25.00,S,N,A,-,N,,,,,,,,,,N,4,0,1,2,A,-,03,22350,,N,C,C,A,A,H,-,A,A,0,,,,,Y,,A,,0,0,1,0,0,0,0,0,0,"- ","- ",,,STANISLAUS,MODESTO,-121.03131103515625,37.673530578613281
8620407,2018,2018-05-29,5002,2018-04-12,1431,11854,709,4,5,6,5002,0,0,0,,0,033,"MADISON ST","RUBERTO ST",78.00,S,N,A,-,N,,,,,,,,,,N,4,0,1,2,A,-,09,21801,A,N,D,C,A,A,H,-,A,D,0,,,,,Y,,A,,0,0,1,0,0,0,0,0,0,"- ","- ",,,STANISLAUS,MODESTO,-121.01040649414062,37.630207061767578
8620633,2018,2018-05-24,5007,2018-05-12,1918,5770,,6,5,5,5007,0,0,0,,0,002,"MYRTLE ST","COLORADO AV",0.00,,Y,A,-,N,,,,,,,,,,N,2,0,1,2,A,-,09,21802,A,N,D,G,A,A,H,-,A,A,0,,Y,,,Y,,A,07,1,0,0,0,0,0,1,0,0,"- ","- ",,,STANISLAUS,TURLOCK,-120.83329772949219,37.493320465087891
8622311,2018,2018-05-30,5007,2018-05-14,1132,5736,,1,5,5,5007,0,0,0,,0,004,"DELS LN","PEDRAS RD",544.00,S,N,A,-,N,,,,,,,,,,N,2,0,1,2,A,-,08,22107,,N,B,G,A,A,H,-,A,D,0,,Y,,,Y,,A,01,1,0,0,0,0,0,1,0,0,"- ","- ",,,STANISLAUS,TURLOCK,-120.85810089111328,37.509456634521484
8623046,2018,2018-05-30,5001,2018-04-26,2500,486,C201,4,5,4,5001,0,0,0,,0,004,"WALNUT AV","CENTRAL AV",0.00,,Y,A,-,N,,,,,,,,,,Y,3,0,1,2,A,-,09,21801,A,N,D,C,A,A,H,-,A,D,0,,,,,Y,,-,,0,1,0,0,0,0,0,0,0,"- ","- ",37.584781646728516,-120.95688629150391,STANISLAUS,CERES,-120.9569091796875,37.584781646728516
8623365,2018,2018-06-29,5002,2018-05-19,1200,11144,409,6,5,6,5002,0,0,0,,0,041,"9TH ST","B ST",0.00,,Y,A,-,N,,,,,,,,,,Y,3,0,6,2,A,-,09,21801,A,N,A,C,A,A,H,-,A,A,0,,,,,Y,,A,,0,3,3,0,0,0,0,0,0,"- ","- ",,,STANISLAUS,MODESTO,-120.99201965332031,37.632118225097656
8623445,2018,2018-06-07,5002,2018-05-11,1237,11144,199,5,5,6,5002,0,0,0,,0,061,"NORTH CARPENTER RD","KANSAS AV",0.00,,Y,A,-,N,,,,,,,,,,N,3,0,3,2,A,-,12,21453,A,N,D,C,A,A,H,-,A,A,0,,,,,Y,,A,,0,1,2,0,0,0,0,0,0,"- ","- ",,,STANISLAUS,MODESTO,-121.03029632568359,37.645988464355469
8623483,2018,2018-06-07,5002,2018-05-05,1645,11675,052,6,5,6,5002,0,0,0,,0,061,"MERCY AV","LAHONTAN DR",0.00,,Y,A,-,N,,,,,,,,,,Y,3,0,2,2,A,-,09,21801,A,N,D,C,A,A,H,-,A,D,0,,,,,Y,,A,,0,1,1,0,0,0,0,0,0,"- ","- ",,,STANISLAUS,MODESTO,-121.04463195800781,37.648891448974609
8623501,2018,2018-06-07,5002,2018-05-18,1125,11854,023,5,5,6,5002,0,0,0,,0,062,"SISK RD","PLAZA PKWY",250.00,S,N,A,-,N,,,,,,,,,,Y,4,0,1,2,A,-,09,21801,A,N,D,C,A,A,H,-,A,A,0,,,,,Y,,-,,0,0,1,0,0,0,0,0,0,"- ","- ",,,STANISLAUS,MODESTO,-121.03773498535156,37.670604705810547
8624528,2018,2018-08-22,5002,2018-05-16,1219,11026,886,3,5,6,5002,0,0,0,,0,033,"RT 132","EMERALD AV",0.00,,Y,A,-,Y,STA,10,132,-,-,13.940,I,5,W,N,4,0,1,2,A,-,10,21950,C,F,G,B,B,A,H,-,A,A,0,Y,,,,Y,Y,D,,0,0,1,0,1,0,0,0,0,"- ","- ",,,STANISLAUS,MODESTO,-121.02101898193359,37.638664245605469
8624536,2018,2018-08-22,5002,2018-05-02,1502,11854,M060,3,5,6,5002,0,0,0,,0,082,"RT 108","BOWEN AV",32.00,N,N,A,-,Y,STA,10,108,-,-,25.080,H,-,W,N,4,0,1,2,A,-,03,22350,,N,C,C,A,A,H,-,A,A,0,,,,,Y,,D,,0,0,1,0,0,0,0,0,0,"- ","- ",,,STANISLAUS,MODESTO,-120.99409484863281,37.674484252929688
8626142,2018,2018-06-04,5001,2018-05-15,2021,833,D003,2,5,4,5001,0,0,0,,0,005,"EAST WHITMORE AV","LOUISE AV",123.00,W,N,A,-,N,,,,,,,,,,Y,3,0,2,2,A,-,09,21804,A,N,D,C,A,A,H,-,C,D,0,,,Y,,Y,,A,01,0,2,0,0,0,0,0,0,2,"- ","- ",37.593410491943359,-120.93972015380859,STANISLAUS,CERES,-120.94099426269531,37.594760894775391