CASE_ID,ACCIDENT_YEAR,PROC_DATE,JURIS,COLLISION_DATE,COLLISION_TIME,OFFICER_ID,REPORTING_DISTRICT,DAY_OF_WEEK,CHP_SHIFT,POPULATION,CNTY_CITY_LOC,SPECIAL_COND,BEAT_TYPE,CHP_BEAT_TYPE,CITY_DIVISION_LAPD,CHP_BEAT_CLASS,BEAT_NUMBER,PRIMARY_RD,SECONDARY_RD,DISTANCE,DIRECTION,INTERSECTION,WEATHER_1,WEATHER_2,STATE_HWY_IND,CALTRANS_COUNTY,CALTRANS_DISTRICT,STATE_ROUTE,ROUTE_SUFFIX,POSTMILE_PREFIX,POSTMILE,LOCATION_TYPE,RAMP_INTERSECTION,SIDE_OF_HWY,TOW_AWAY,COLLISION_SEVERITY,NUMBER_KILLED,NUMBER_INJURED,PARTY_COUNT,PRIMARY_COLL_FACTOR,PCF_CODE_OF_VIOL,PCF_VIOL_CATEGORY,PCF_VIOLATION,PCF_VIOL_SUBSECTION,HIT_AND_RUN,TYPE_OF_COLLISION,MVIW,PED_ACTION,ROAD_SURFACE,ROAD_COND_1,ROAD_COND_2,LIGHTING,CONTROL_DEVICE,CHP_ROAD_TYPE,PEDESTRIAN_ACCIDENT,BICYCLE_ACCIDENT,MOTORCYCLE_ACCIDENT,TRUCK_ACCIDENT,NOT_PRIVATE_PROPERTY,ALCOHOL_INVOLVED,STWD_VEHTYPE_AT_FAULT,CHP_VEHTYPE_AT_FAULT,COUNT_SEVERE_INJ,COUNT_VISIBLE_INJ,COUNT_COMPLAINT_PAIN,COUNT_PED_KILLED,COUNT_PED_INJURED,COUNT_BICYCLIST_KILLED,COUNT_BICYCLIST_INJURED,COUNT_MC_KILLED,COUNT_MC_INJURED,PRIMARY_RAMP,SECONDARY_RAMP,LATITUDE,LONGITUDE,COUNTY,CITY,POINT_X,POINT_Y
90193305,2016,2016-06-02,9465,2016-05-03,1918,018292,,2,2,9,5000,0,2,4,,2,042,"CROWS LANDING ROAD","HATCH ROAD",0.00,,Y,A,-,N,,,,,,,,,,Y,2,0,3,5,A,-,12,21453,A,F,D,C,A,A,H,-,A,A,0,,,,,Y,,D,22,1,1,1,0,0,0,0,0,0,"- ","- ",37.609439999999999,-120.99363,STANISLAUS,UNINCORPORATED,-120.99365999,37.609469910000001
90195183,2016,2016-06-06,9465,2016-05-31,1418,018292,,2,2,9,5000,0,1,3,,2,041,"SR-99 SOUTHBOUND TO MONTE VISTA AVENUE","MONTE VISTA AVENUE",25.00,N,N,A,-,Y,,,99,,,,R,,S,N,4,0,1,2,A,-,03,22350,,N,C,C,A,A,H,-,A,D,0,,,,,Y,,A,01,0,0,1,0,0,0,0,0,0,"- ","- ",37.522089999999999,-120.88668,STANISLAUS,UNINCORPORATED,-120.88668,37.522089999999999
90195326,2016,2016-06-06,9465,2016-05-28,1608,018778,,6,2,9,5000,0,2,4,,2,024,"ALBERS ROAD","PATTERSON ROAD",1200.00,N,N,A,-,N,,,,,,,,,,Y,3,0,1,1,A,-,08,22107,,N,E,I,A,A,H,-,A,D,0,,,,,Y,,A,01,0,1,0,0,0,0,0,0,0,"- ","- ",37.735280000000003,-120.83960999999999,STANISLAUS,UNINCORPORATED,-120.83969193,37.736074369999997
90197364,2016,2016-06-08,9465,2016-05-31,1025,017787,,2,1,9,5000,0,1,3,,2,023,"STATE ROUTE 108","CLAUS ROAD",0.00,,Y,A,-,Y,,,108,,,,,,,Y,3,0,3,3,A,-,09,21802,A,N,D,C,A,A,H,-,A,A,0,,,,Y,Y,,A,07,0,1,2,0,0,0,0,0,0,"- ","- ",37.737049999999996,-120.92222,STANISLAUS,UNINCORPORATED,-120.92221988999999,37.73704919
90197843,2016,2016-06-09,9465,2016-06-02,0523,017558,,4,3,9,5000,0,1,3,,2,011,"STATE ROUTE 99 (SOUTHBOUND)","HAMMETT ROAD OVERCROSSING",1200.00,N,N,A,-,Y,,,,,,,,,,Y,3,0,1,2,A,-,03,22350,,F,C,C,A,A,H,-,A,D,0,,,,,Y,,D,22,0,1,0,0,0,0,0,0,0,"- ","- ",37.437089999999998,-121.06462999999999,STANISLAUS,UNINCORPORATED,-121.10678873000001,37.727908110000001
90200392,2016,2016-06-13,9465,2016-06-03,1554,017558,,5,2,9,5000,0,3,5,,2,040,"SR-99 NORTHBOUND","CROWS LANDING ROAD",1500.00,S,N,A,-,Y,,,,,,,,,,Y,3,0,1,3,A,-,03,22350,,N,C,C,A,A,A,-,A,D,0,,,Y,,Y,,A,01,0,1,0,0,0,0,0,0,1,"- ","- ",37.615189999999998,-120.96742999999999,STANISLAUS,UNINCORPORATED,-120.98895186999999,37.61724907
90200991,2016,2016-06-14,9465,2016-06-07,1640,018292,,2,2,9,5000,0,3,5,,2,030,"WHITMORE AVENUE","MONTPELIER ROAD",0.00,,Y,A,-,N,,,,,,,,,,Y,4,0,1,2,A,-,09,21802,A,N,D,C,A,A,H,-,A,A,0,,,,,Y,,A,01,0,0,1,0,0,0,0,0,0,"- ","- ",37.55162,-120.84706,STANISLAUS,UNINCORPORATED,-120.74362988,37.59477991
90201127,2016,2016-06-14,9465,2016-06-07,0245,020377,,2,3,9,5000,0,1,3,,2,012,"STATE ROUTE 132","GATES ROAD",2640.00,W,N,A,-,Y,,,132,,,,,,,Y,3,0,1,1,A,-,01,23152,A,N,F,I,A,A,H,-,D,D,0,,,,,Y,Y,A,01,0,1,0,0,0,0,0,0,0,"- ","- ",37.63785,-121.1746,STANISLAUS,UNINCORPORATED,-121.17460001000001,37.637841549999997
9020260,2019,2020-01-08,5002,2019-11-20,0843,13084,M539,3,5,6,5002,0,0,0,,0,033,"S CARPENTER RD","CALIFORNIA AV",0.00,,Y,A,-,N,,,,,,,,,,N,4,0,1,2,A,-,09,21802,A,N,D,C,A,A,H,-,A,A,0,,,,,Y,,A,01,0,0,1,0,0,0,0,0,0,"- ","- ",,,STANISLAUS,MODESTO,-121.03054809570312,37.631401062011719
90202831,2016,2016-06-16,9465,2016-06-02,0040,015596,,4,3,9,5000,0,3,5,,2,010,"CARPENTER ROAD","PARADISE ROAD",367.00,S,N,A,-,N,,,,,,,,,,N,2,0,1,2,C,-,18,,,N,G,B,D,A,H,-,D,D,0,Y,,,,Y,,-,"- ",1,0,0,0,1,0,0,0,0,"- ","- ",37.615369999999999,-121.03043,STANISLAUS,UNINCORPORATED,-121.03037487,37.615472189999998
90203977,2016,2016-06-17,9465,2016-06-14,2215,018216,,2,3,9,5000,0,3,5,,2,030,"HAWKINS ROAD","KEYES ROAD",5280.00,N,N,A,-,N,,,,,,,,,,Y,2,0,1,1,A,-,08,22107,,N,E,I,A,A,H,-,D,D,0,,,,,Y,,A,01,1,0,0,0,0,0,0,0,0,"- ","- ",37.558340000000001,-120.64566000000001,STANISLAUS,UNINCORPORATED,-120.64573715,37.565538220000001
90205097,2016,2016-06-20,9465,2016-06-12,1310,018800,,7,1,9,5000,0,3,5,,2,010,"CALIFORNIA AVENUE","MARTIN LUTHER KING DRIVE",0.00,,Y,A,-,N,,,,,,,,,,Y,4,0,1,2,A,-,09,21802,B,N,D,C,A,A,H,-,A,A,0,,,,,Y,,A,01,0,0,1,0,0,0,0,0,0,"- ","- ",37.631230000000002,-121.01183,STANISLAUS,UNINCORPORATED,-121.01192987,37.631439929999999
9020612,2019,2020-01-15,5006,2019-12-04,2005,S02646,,3,5,3,5006,0,0,0,,0,001,"OAKDALE RD","CLARIBEL RD",50.00,N,N,A,-,N,,,,,,,,,,N,4,0,2,3,A,-,03,22350,,N,C,C,A,B,H,-,C,A,0,,,,,Y,,A,01,0,0,2,0,0,0,0,0,0,"- ","- ",,,STANISLAUS,RIVERBANK,-120.95838165283203,37.711109161376953
9020634,2019,2020-07-03,5002,2019-12-11,0756,13176,065,3,5,6,5002,0,0,0,,0,082,"RT 108","JUDITH LN",0.00,S,N,B,-,Y,STA,10,108,-,-,24.670,I,5,W,N,4,0,3,3,A,-,03,22350,,N,C,C,A,A,H,-,A,A,0,,,,,Y,,A,,0,0,3,0,0,0,0,0,0,"- ","- ",,,STANISLAUS,MODESTO,-120.99400329589844,37.668514251708984
90206448,2016,2016-06-21,9465,2016-06-16,1710,018457,,4,2,6,5002,0,1,3,,2,011,"STATE ROUTE 99 (NORTHBOUND)","KANSAS AVENUE",528.00,S,N,A,-,Y,,,99,,,,,,,N,4,0,2,2,A,-,03,22350,,N,C,C,A,A,H,-,A,D,0,,,,,Y,,A,01,0,0,2,0,0,0,0,0,0,"- ","- ",37.64414,-121.01375,STANISLAUS,MODESTO,-121.01373818,37.644159289999997
90206982,2016,2016-07-21,9465,2016-06-18,1800,018767,,6,2,9,5000,0,3,5,,2,050,"LEMON AVENUE","ELM AVENUE",0.00,,Y,A,-,N,,,,,,,,,,Y,2,0,1,2,A,-,09,21802,A,N,D,C,A,A,H,-,A,A,0,,,,,Y,,A,01,1,0,0,0,0,0,0,0,0,"- ","- ",37.485579999999999,-121.17737,STANISLAUS,UNINCORPORATED,-121.11500992000001,37.512009980000002
90208478,2016,2016-06-23,9465,2016-06-09,1443,017558,,4,2,9,5000,0,3,5,,2,010,"S. HART ROAD","PARADISE ROAD",0.00,,Y,A,-,Y,,,,,,,,,,Y,4,0,1,2,A,-,09,21802,A,N,D,C,A,A,H,-,A,A,0,,,,,Y,,A,01,0,0,1,0,0,0,0,0,0,"- ","- ",37.602200000000003,-121.08457,STANISLAUS,UNINCORPORATED,-121.12173987,37.608849939999999
90209001,2016,2016-06-24,9465,2016-06-14,1445,017558,,2,2,9,5000,0,3,5,,2,040,"GRAYSON ROAD","SHILOH ROAD",500.00,E,N,A,-,Y,,,,,,,,,,Y,4,0,1,1,A,-,08,22107,,M,F,J,A,A,H,-,A,D,0,,,,,Y,,D,22,0,0,1,0,0,0,0,0,0,"- ","- ",37.431829999999998,-121.18018000000001,STANISLAUS,UNINCORPORATED,-121.13929902,37.564803589999997
90210821,2016,2016-06-28,9465,2016-03-31,2300,018998,,4,3,9,5000,0,3,5,,2,040,"TAYLOR ROAD","CROWS LANDING ROAD",2200.00,W,N,A,-,N,,,,,,,,,,Y,1,1,1,1,A,-,01,23152,A,N,H,A,A,A,H,-,D,D,0,,,,,Y,Y,A,01,0,1,0,0,0,0,0,0,0,"- ","- ",37.536630000000002,-121.00227,STANISLAUS,UNINCORPORATED,-120.994,37.536589999999997
90211809,2016,2016-06-29,9465,2016-06-24,1350,019713,,5,1,9,5000,0,2,4,,2,042,"CROWS LANDING ROAD","BUTTE AVENUE",100.00,N,N,A,-,N,,,,,,,,,,N,4,0,1,2,A,-,03,22350,,N,C,C,A,A,H,-,A,A,0,,,,,Y,,D,22,0,0,1,0,0,0,0,0,0,"- ","- ",37.606490000000001,-120.99381,STANISLAUS,UNINCORPORATED,-120.99356145,37.606014620000003
90211892,2016,2016-06-29,9465,2016-06-25,1828,019553,,6,2,9,5000,0,3,5,,2,040,"HATCH ROAD","PEARSON AVENUE",300.00,E,N,A,-,N,,,,,,,,,,N,4,0,1,1,A,-,08,22107,,N,E,I,A,A,H,-,A,D,0,,,,,Y,,D,22,0,0,1,0,0,0,0,0,0,"- ","- ",37.609400000000001,-120.98294,STANISLAUS,UNINCORPORATED,-120.98327448000001,37.609431219999998
9021202,2019,2020-02-14,5002,2019-12-18,0754,10228,M004,3,5,6,5002,0,0,0,,0,063,"DALE RD","RT 219",70.00,S,N,A,-,N,,,,,,,,,,Y,3,0,2,3,A,-,04,21703,,N,C,C,A,A,H,-,A,A,0,,,,,Y,,-,,0,2,0,0,0,0,0,0,0,"- ","- ",,,STANISLAUS,MODESTO,-121.050123,37.711112999999997
9021206,2019,2020-02-19,5002,2019-12-17,1625,13118,M005,2,5,6,5002,0,0,0,,0,063,"DALE RD","STANDIFORD AV",528.00,N,N,A,-,N,,,,,,,,,,Y,3,0,1,2,A,-,12,21453,A,N,D,C,A,A,H,-,A,A,0,,,,,Y,,-,,0,1,0,0,0,0,0,0,0,"- ","- ",,,STANISLAUS,MODESTO,-121.04987335205078,37.686759948730469
9021214,2019,2020-02-19,5002,2019-12-20,1722,13133,M117,5,5,6,5002,0,0,0,,0,081,"ORANGEBURG AV","YARMOUTH DR",27.00,W,N,A,-,N,,,,,,,,,,N,3,0,1,2,A,-,11,21954,A,N,G,B,D,A,H,-,C,A,0,Y,,,,Y,,N,60,0,1,0,0,1,0,0,0,0,"- ","- ",,,STANISLAUS,MODESTO,-120.98072052001953,37.663589477539062
9021222,2019,2020-02-19,5002,2019-12-23,2333,11302,M399,1,5,6,5002,0,0,0,,0,081,"JAMES ST","LA LOMA AV",40.00,N,N,A,-,N,,,,,,,,,,N,3,0,1,2,A,-,10,21954,B,F,G,B,E,A,H,-,C,D,0,Y,,,,Y,,-,,0,1,0,0,1,0,0,0,0,"- ","- ",,,STANISLAUS,MODESTO,,
9021269,2019,2020-02-19,5002,2019-12-17,0924,11248,M255,2,5,6,5002,0,0,0,,0,082,"ORANGEBURG AV","TROMBETTA AV",128.00,W,N,A,-,N,,,,,,,,,,N,3,0,1,2,A,-,09,21804,A,N,D,C,A,A,H,-,A,D,0,,,,,Y,,-,,0,1,0,0,0,0,0,0,0,"- ","- ",,,STANISLAUS,MODESTO,-120.99040222167969,37.663654327392578
9021412,2019,2020-01-09,5002,2019-10-16,1627,11267,022,3,5,6,5002,0,0,0,,0,062,"CHRYSLER DR","YORKTON AV",120.00,W,N,B,-,N,,,,,,,,,,Y,4,0,1,2,A,-,11,21954,A,N,G,B,D,A,H,-,A,D,0,Y,,,,Y,,N,60,0,0,1,0,1,0,0,0,0,"- ","- ",,,STANISLAUS,MODESTO,-121.03285217285156,37.678253173828125
90216659,2016,2016-07-06,9465,2016-06-26,1930,019553,,7,2,9,5000,0,1,3,,1,032,"STATE ROUTE 132","RESERVOIR ROAD",380.00,W,N,A,-,Y,,,132,,,,,,,Y,2,0,2,2,A,-,01,23152,A,N,A,C,A,A,H,-,B,D,0,,,,,Y,Y,A,07,2,0,0,0,0,0,0,0,0,"- ","- ",37.646540000000002,-120.68355,STANISLAUS,UNINCORPORATED,-120.6835523,37.646470569999998
9021734,2019,2020-02-19,5002,2019-12-25,1113,13066,,3,5,6,5002,0,0,0,,0,082,"WEST BRIGGSMORE AV","COLLEGE AV",0.00,,N,A,-,,,,,,,,,,,Y,3,0,1,2,A,-,03,22350,,N,C,C,A,A,H,-,A,D,0,,,,,Y,,-,,0,1,0,0,0,0,0,0,0,"- ","- ",,,STANISLAUS,MODESTO,-121.00768280029297,37.670490264892578
90218951,2016,2016-07-08,9465,2016-07-03,2300,018998,,7,3,6,5002,0,1,3,,2,011,"SR-99(S/B) AT BECKWITH","BECKWITH ROAD",100.00,N,N,A,-,Y,,,99,,,,R,,,Y,3,0,1,1,A,-,01,23152,A,N,F,A,A,A,H,-,D,D,0,,,,,Y,Y,A,01,0,1,0,0,0,0,0,0,0,"- ","- ",37.683799999999998,-121.05370000000001,STANISLAUS,MODESTO,-121.05370000000001,37.683799999999998
90221803,2016,2016-07-13,9465,2016-07-06,2130,018768,,3,2,9,5000,0,3,5,,2,030,"MONTE VISTA AVENUE","SANDLING AVENUE",7.00,W,N,A,-,N,,,,,,,,,,N,3,0,1,1,A,-,13,22515,A,N,H,A,A,A,H,-,D,D,0,,,,,Y,,A,07,0,1,0,0,0,0,0,0,0,"- ","- ",37.521639999999998,-120.80125,STANISLAUS,UNINCORPORATED,-120.80040413,37.521700000000003
90224616,2016,2016-07-18,9465,2016-07-03,0610,018259,,7,1,9,5000,0,1,1,,2,055,I-5,"SPERRY AVENUE",2640.00,S,N,A,-,Y,,,5,,,,,,,Y,3,0,1,1,A,-,08,22107,,N,F,A,A,A,H,-,A,D,0,,,,,Y,,A,01,0,1,0,0,0,0,0,0,0,"- ","- ",37.4572,-121.175,STANISLAUS,UNINCORPORATED,-121.17503301000001,37.457175880000001
90224985,2016,2016-07-18,9465,2016-07-08,1630,020313,,5,2,9,5000,0,1,3,,2,021,SR-120,"VALLEY HOME ROAD",0.00,,Y,A,-,N,,,120,,,,,,,Y,4,0,1,2,A,-,09,21802,A,N,D,C,A,A,H,-,A,D,0,,,,,Y,,D,22,0,0,1,0,0,0,0,0,0,"- ","- ",37.790129999999998,-120.86648,STANISLAUS,UNINCORPORATED,-120.86645057,37.79020182
90225125,2016,2016-07-19,9465,2016-07-08,1625,020270,,5,2,9,5000,0,1,3,,2,011,"STATE ROUTE 99","STANDIFORD AVENUE",350.00,S,N,A,-,Y,,,99,,,,,,,N,4,0,1,3,A,-,07,21658,A,N,B,C,A,A,H,-,A,D,0,,,Y,,Y,,A,01,0,0,1,0,0,0,0,0,1,"- ","- ",37.681530000000002,-121.05131,STANISLAUS,UNINCORPORATED,-121.05129151,37.681547940000002
90225496,2016,2016-07-19,9465,2016-07-04,0005,020599,,1,3,9,5000,0,3,5,,2,030,"CODONI AVENUE","LECKRON ROAD",8.00,N,N,A,-,N,,,,,,,,,,Y,3,0,2,2,A,-,03,22350,,N,C,C,A,A,H,-,D,D,0,,,Y,,Y,,C,02,0,2,0,0,0,0,0,0,2,"- ","- ",37.628740000000001,-120.91153,STANISLAUS,UNINCORPORATED,-120.91127082,37.629271959999997
90226804,2016,2016-07-20,9465,2016-07-10,1330,020313,,7,1,3,5006,0,2,4,,2,026,"CLARIBEL ROAD","TERMINAL AVENUE",0.00,,Y,A,-,Y,,,,,,,,,,Y,4,0,2,2,A,-,09,21801,A,N,A,C,A,A,H,-,A,A,0,,,,,Y,,A,07,0,0,2,0,0,0,0,0,0,"- ","- ",37.710909999999998,-120.92936,STANISLAUS,RIVERBANK,-120.92935993,37.710899910000002
90227220,2016,2016-07-21,9465,2016-07-08,0040,018768,,5,3,9,5000,0,2,4,,2,042,"CROWS LANDING ROAD","HATCH ROAD",4.00,N,N,A,-,N,,,,,,,,,,N,2,0,1,2,D,-,00,,,N,G,B,B,A,H,-,C,A,0,Y,,,,Y,,-,"- ",1,0,0,0,1,0,0,0,0,"- ","- ",37.609549999999999,-120.99354,STANISLAUS,UNINCORPORATED,-120.99366000000001,37.609480990000002
90227497,2016,2016-08-25,9465,2016-07-08,1540,018457,,5,2,6,5002,0,1,3,,2,011,"STATE ROUTE 99 (SOUTHBOUND)","WOODLAND AVENUE",1056.00,N,N,A,-,Y,,,99,,,,,,,Y,4,0,5,4,A,-,04,21703,,N,C,C,A,A,H,-,A,D,0,,,,,Y,,A,01,0,0,5,0,0,0,0,0,0,"- ","- ",37.657629999999997,-121.02603000000001,STANISLAUS,MODESTO,-121.0260981,37.657629929999999
90229376,2016,2016-07-25,9465,2016-07-03,0200,020377,,7,3,9,5000,0,3,5,,2,030,"BUSINESS PARK DRIVE","DEL ESTE AVENUE",8.00,S,N,A,-,N,,,,,,,,,,Y,2,0,1,3,A,-,03,22350,,F,D,E,E,A,H,-,C,D,0,Y,,,,Y,,A,01,1,0,0,0,1,0,0,0,0,"- ","- ",37.622810000000001,-120.93947,STANISLAUS,UNINCORPORATED,-120.93948028,37.622708029999998
9023076,2019,2020-06-29,5006,2019-12-10,1657,S01670,,2,5,3,5006,0,0,0,,0,RPD1,"OAKDALE RD","PATTERSON RD",0.00,,Y,A,-,Y,STA,10,108,-,-,31.050,I,6,W,N,4,0,1,2,A,-,03,22350,,N,C,C,A,A,H,-,C,A,0,,,,,Y,,D,22,0,0,1,0,0,0,0,0,0,"- ","- ",,,STANISLAUS,RIVERBANK,-120.95869445800781,37.732677459716797
90230941,2016,2016-07-26,9465,2016-07-14,2055,018410,,4,2,9,5000,0,1,3,,1,032,"STATE ROUTE 132","DIENSTAG ROAD",2112.00,E,N,A,-,Y,,,132,,,,,,,N,4,0,1,1,C,-,18,,,N,H,H,A,A,H,-,D,D,0,,,,,Y,,-,"- ",0,0,1,0,0,0,0,0,0,"- ","- ",37.641869999999997,-120.63857,STANISLAUS,UNINCORPORATED,-120.63854408,37.642117050000003
90231192,2016,2016-07-27,9465,2016-07-14,0003,017167,,4,3,9,5000,0,1,3,,1,031,"STATE ROUTE 132 (YOSEMITE BOULEVARD)","FRAZINE ROAD",443.00,W,N,A,-,Y,,,132,,,,,,,N,3,0,1,2,A,-,08,22107,,F,G,B,E,A,H,-,C,D,0,Y,,,,Y,,-,99,0,1,0,0,1,0,0,0,0,"- ","- ",37.638249999999999,-120.91323,STANISLAUS,UNINCORPORATED,-120.91322984,37.638228929999997
90231654,2016,2016-07-27,9465,2016-07-16,1110,16320,,6,1,6,5002,0,1,3,,2,011,"STATE ROUTE 99 (SOUTHBOUND)","CARPENTER ROAD",306.00,S,N,A,-,Y,,,,,,,,,,Y,3,0,1,2,A,-,08,22107,,N,E,I,A,A,H,-,A,D,0,,,,,Y,,A,01,0,1,0,0,0,0,0,0,0,"- ","- ",37.664960000000001,-121.02745,STANISLAUS,MODESTO,-121.03054112,37.665380599999999
9023170,2019,2020-01-24,5002,2019-09-14,0132,13075,714,6,5,6,5002,0,0,0,,0,032,"SIERRA DR","5TH ST",27.00,,N,A,-,N,,,,,,,,,,N,2,0,1,2,D,-,00,,,F,G,B,D,A,H,-,C,A,0,Y,,,,Y,Y,-,"- ",1,0,0,0,1,0,0,0,0,"- ","- ",,,STANISLAUS,MODESTO,-120.99883270263672,37.631008148193359
90232700,2016,2016-07-28,9465,2016-07-20,1800,018381,,3,2,9,5000,0,3,5,,2,030,"KEYES ROAD","NUNES ROAD",0.00,,Y,A,-,N,,,,,,,,,,Y,3,0,3,2,A,-,09,21801,A,N,D,C,A,A,H,-,A,D,0,,,,,Y,,A,07,0,2,1,0,0,0,0,0,0,"- ","- ",37.551009999999998,-120.89858,STANISLAUS,UNINCORPORATED,-120.89836997,37.550989960000003
90235009,2016,2016-08-01,9465,2016-07-21,2140,019155,,4,2,9,5000,0,3,5,,2,050,"OAK FLAT ROAD","WARD AVENUE",24.00,W,N,A,-,N,,,,,,,,,,Y,2,0,1,1,A,-,01,23152,A,N,H,A,A,A,H,-,D,D,0,,,,,Y,Y,A,01,1,0,0,0,0,0,0,0,0,"- ","- ",37.422530000000002,-121.14166,STANISLAUS,UNINCORPORATED,-121.14156253,37.42257652
90235721,2016,2016-08-02,9465,2016-07-23,0930,16320,,6,1,9,5000,0,3,5,,2,010,"ROSEMORE AVENUE","STATE ROUTE 132",431.00,N,N,A,-,N,,,,,,,,,,Y,3,0,1,1,A,-,01,23152,A,N,E,I,A,A,H,-,A,D,0,,,,,Y,Y,A,08,0,1,0,0,0,0,0,0,0,"- ","- ",37.639710000000001,-121.03856,STANISLAUS,UNINCORPORATED,,
90239706,2016,2016-08-08,9465,2016-07-26,1548,020952,,2,2,9,5000,0,1,3,,2,011,"STATE ROUTE 99 (SOUTHBOUND)","STATE ROUTE 219 (KIERNAN AVENUE)",898.00,N,N,A,-,Y,,,99,,,,,,,Y,4,0,1,2,A,-,08,22107,,N,E,I,A,A,H,-,A,D,0,,,Y,,Y,,A,01,0,0,1,0,0,0,0,0,1,"- ","- ",37.710500000000003,-121.0835,STANISLAUS,UNINCORPORATED,-121.08350123,37.710497660000001
90240188,2016,2016-08-08,9465,2016-07-30,1030,16320,,6,1,9,5000,0,2,4,,2,043,"WEST MAIN STREET","CROWS LANDING ROAD",102.00,E,N,A,-,N,,,,,,,,,,N,4,0,1,2,A,-,09,21804,A,N,D,C,A,A,H,-,A,D,0,,,,,Y,,D,22,0,0,1,0,0,0,0,0,0,"- ","- ",37.492359999999998,-120.99172,STANISLAUS,UNINCORPORATED,-120.99420845,37.492988070000003
90242000,2016,2016-08-10,9465,2016-08-01,1325,014737,,1,1,9,5000,0,1,3,,1,031,"STATE ROUTE 132","LA GRANGE ROAD",3696.00,W,N,A,-,Y,,,132,,,,,,,Y,4,0,2,1,A,-,08,22107,,N,F,A,A,A,H,-,A,D,0,,,,,Y,,A,01,0,0,2,0,0,0,0,0,0,"- ","- ",37.659410000000001,-120.48492,STANISLAUS,UNINCORPORATED,-120.48486846,37.659396180000002
90242238,2016,2016-08-10,9465,2016-08-02,1411,018800,,2,2,9,5000,0,1,3,,1,054,"STATE ROUTE 33","LUNDY ROAD",2070.00,S,N,A,-,Y,,,33,,,,,,,Y,3,0,1,1,A,-,08,22107,,N,E,I,A,A,H,-,A,A,0,,,,,Y,,D,22,0,1,0,0,0,0,0,0,0,"- ","- ",37.342610000000001,-121.0313,STANISLAUS,UNINCORPORATED,-121.03124578000001,37.342636570000003
90242603,2016,2016-08-11,9465,2016-08-04,0905,16320,,4,1,4,5001,0,1,3,,2,041,"STATE ROUTE 99 (NORTHBOUND)","WHITMORE AVENUE",1056.00,N,N,A,-,Y,,,,,,,,,,N,3,0,1,1,A,-,08,22107,,N,F,A,A,A,H,-,A,D,0,,,Y,,Y,,C,02,0,1,0,0,0,0,0,0,1,"- ","- ",37.594239999999999,-120.95825000000001,STANISLAUS,CERES,-120.96300311,37.596757500000002
90242628,2016,2016-08-11,9465,2016-08-04,1745,017477,,4,2,9,5000,0,3,5,,2,010,"SISK ROAD",SR-219,45.00,N,N,A,-,Y,,,,,,,,,,N,4,0,4,2,A,-,21,22106,,N,C,C,A,A,H,-,A,D,0,,,,,Y,,A,01,0,0,4,0,0,0,0,0,0,"- ","- ",37.71123,-121.07776,STANISLAUS,UNINCORPORATED,,
90246554,2016,2016-08-17,9465,2016-07-22,0505,019575,,5,3,9,5000,0,3,5,,2,020,"FAITH HOME ROAD","HOLLYWOOD DRIVE",325.00,N,N,A,-,N,,,,,,,,,,Y,3,0,1,1,A,-,01,23152,F,N,E,I,A,A,H,-,C,D,0,,,,,Y,Y,A,01,0,1,0,0,0,0,0,0,0,"- ","- ",37.566699999999997,-120.9203,STANISLAUS,UNINCORPORATED,-120.92041,37.566691990000002
90246721,2016,2016-08-17,9465,2016-08-04,1250,015098,,4,1,9,5000,0,1,1,,2,055,"INTERSTATE 5 (NORTHBOUND)","WESTLEY REST AREA",4224.00,S,N,A,-,Y,,,5,,,,,,,N,3,0,1,2,A,-,08,22107,,N,B,E,A,A,H,-,A,D,0,,,,,Y,,A,07,0,1,0,0,0,0,0,0,0,"- ","- ",37.572600000000001,-121.30967,STANISLAUS,UNINCORPORATED,-121.30962688,37.57265598
90246731,2016,2016-08-17,9465,2016-08-04,0150,019575,,4,3,9,5000,0,3,5,,2,040,"CENTRAL AVENUE","LINWOOD AVENUE",77.00,S,N,A,-,N,,,,,,,,,,N,4,0,1,1,C,-,18,,,N,E,I,A,A,H,-,D,D,0,,,,,Y,,-,"- ",0,0,1,0,0,0,0,0,0,"- ","- ",37.478000000000002,-120.9581,STANISLAUS,UNINCORPORATED,-120.95820080999999,37.478098660000001
90250041,2016,2016-08-22,9465,2016-08-08,1247,015398,,1,1,9,5000,0,1,3,,2,041,"SR-99 N/B","MITCHELL RD.",812.00,N,N,A,-,Y,,,99,,,,,,N,Y,4,0,1,3,A,-,03,22350,,N,C,C,A,A,H,-,A,D,0,,,,,Y,,D,22,0,0,1,0,0,0,0,0,0,"- ","- ",37.577689999999997,-120.94074999999999,STANISLAUS,UNINCORPORATED,-120.94072336000001,37.577728350000001
90250075,2016,2016-08-22,9465,2016-08-08,0515,018825,,1,3,6,5002,0,1,3,,2,041,"SR-99 SOUTHBOUND","9TH STREET",200.00,S,N,A,-,Y,,,,,,,,,,Y,3,0,1,2,A,-,07,21658,A,M,B,C,A,A,H,-,D,D,0,,,,,Y,,A,01,0,1,0,0,0,0,0,0,0,"- ","- ",37.616100000000003,-120.9832,STANISLAUS,MODESTO,-121.02607,37.6595309
90250092,2016,2016-08-22,9465,2016-08-08,1305,019517,,1,1,9,5000,0,1,3,,2,053,SR-33,"POMELO AVENUE",1056.00,S,N,A,-,Y,,,33,,,,,,,Y,3,0,1,1,A,-,01,23152,A,N,F,A,A,A,H,-,A,D,0,,,,,Y,Y,A,01,0,1,0,0,0,0,0,0,0,"- ","- ",37.44473,-121.10884,STANISLAUS,UNINCORPORATED,-121.10885939000001,37.444716030000002