CASE_ID,ACCIDENT_YEAR,PROC_DATE,JURIS,COLLISION_DATE,COLLISION_TIME,OFFICER_ID,REPORTING_DISTRICT,DAY_OF_WEEK,CHP_SHIFT,POPULATION,CNTY_CITY_LOC,SPECIAL_COND,BEAT_TYPE,CHP_BEAT_TYPE,CITY_DIVISION_LAPD,CHP_BEAT_CLASS,BEAT_NUMBER,PRIMARY_RD,SECONDARY_RD,DISTANCE,DIRECTION,INTERSECTION,WEATHER_1,WEATHER_2,STATE_HWY_IND,CALTRANS_COUNTY,CALTRANS_DISTRICT,STATE_ROUTE,ROUTE_SUFFIX,POSTMILE_PREFIX,POSTMILE,LOCATION_TYPE,RAMP_INTERSECTION,SIDE_OF_HWY,TOW_AWAY,COLLISION_SEVERITY,NUMBER_KILLED,NUMBER_INJURED,PARTY_COUNT,PRIMARY_COLL_FACTOR,PCF_CODE_OF_VIOL,PCF_VIOL_CATEGORY,PCF_VIOLATION,PCF_VIOL_SUBSECTION,HIT_AND_RUN,TYPE_OF_COLLISION,MVIW,PED_ACTION,ROAD_SURFACE,ROAD_COND_1,ROAD_COND_2,LIGHTING,CONTROL_DEVICE,CHP_ROAD_TYPE,PEDESTRIAN_ACCIDENT,BICYCLE_ACCIDENT,MOTORCYCLE_ACCIDENT,TRUCK_ACCIDENT,NOT_PRIVATE_PROPERTY,ALCOHOL_INVOLVED,STWD_VEHTYPE_AT_FAULT,CHP_VEHTYPE_AT_FAULT,COUNT_SEVERE_INJ,COUNT_VISIBLE_INJ,COUNT_COMPLAINT_PAIN,COUNT_PED_KILLED,COUNT_PED_INJURED,COUNT_BICYCLIST_KILLED,COUNT_BICYCLIST_INJURED,COUNT_MC_KILLED,COUNT_MC_INJURED,PRIMARY_RAMP,SECONDARY_RAMP,LATITUDE,LONGITUDE,COUNTY,CITY,POINT_X,POINT_Y
90312937,2016,2016-11-07,9465,2016-10-30,0200,018216,,7,3,6,5002,0,1,3,,2,011,"SR-99 SB FROM 5TH STREET","H STREET",95.00,S,N,B,-,Y,,,99,,,,R,,S,Y,3,0,1,1,A,-,01,23152,A,N,E,I,A,A,H,-,C,D,0,,,,,Y,Y,A,01,0,1,0,0,0,0,0,0,0,"- ","- ",37.634909999999998,-121.00229,STANISLAUS,MODESTO,-121.00229,37.634909999999998
90313651,2016,2016-11-08,9465,2016-10-31,1619,020190,,1,2,9,5000,0,3,5,,2,040,"CROWS LANDING ROAD","BUTTE AVENUE",175.00,N,N,B,-,N,,,,,,,,,,N,4,0,1,2,A,-,09,21801,A,N,A,C,A,A,H,-,A,D,0,,,,,Y,,D,22,0,0,1,0,0,0,0,0,0,"- ","- ",37.605730000000001,-120.99353000000001,STANISLAUS,UNINCORPORATED,-120.99356254,37.60622059
90313912,2016,2016-11-08,9465,2016-11-02,0745,015098,,3,1,9,5000,0,3,5,,2,010,"ROYAL WINDSOR WAY","NEWQUAY LANE",0.00,,Y,A,-,N,,,,,,,,,,N,4,0,1,2,A,-,09,21801,A,N,A,C,A,A,H,-,A,D,0,,,,,Y,,A,01,0,0,1,0,0,0,0,0,0,"- ","- ",37.696620000000003,-121.09077000000001,STANISLAUS,UNINCORPORATED,-121.09070998,37.696769959999997
90314970,2016,2016-11-09,9465,2016-11-03,1320,014658,,4,1,9,5000,0,1,3,,2,011,"STATE ROUTE 99 (NORTHBOUND)","BRIGGSMORE AVENUE",150.00,S,N,A,-,Y,,,,,,,,,,Y,3,0,1,3,A,-,01,23152,A,N,C,C,A,A,H,-,A,D,0,,,,,Y,Y,D,22,0,1,0,0,0,0,0,0,0,"- ","- ",37.664940000000001,-121.02961999999999,STANISLAUS,UNINCORPORATED,,
90315280,2016,2016-11-16,9465,2016-11-02,1310,018457,,3,1,9,5000,0,3,5,,2,040,"LUCAS ROAD","MITCHELL ROAD",5.00,S,N,A,-,Y,,,,,,,,,,N,4,0,2,2,A,-,21,22106,,N,B,C,A,A,H,-,A,A,0,,,,,Y,,A,01,0,0,2,0,0,0,0,0,0,"- ","- ",37.574339999999999,-120.93835,STANISLAUS,UNINCORPORATED,-120.93829794,37.574350180000003
90316690,2016,2016-11-10,9465,2016-10-28,0920,014588,,5,1,9,5000,0,1,1,,2,055,"INTERSTATE 5 (SOUTHBOUND)","WESTLEY REST AREA",500.00,S,N,B,C,Y,,,,,,,,,,Y,4,0,1,2,A,-,08,22107,,N,B,C,A,B,H,-,A,D,0,,,,Y,Y,Y,G,25,0,0,1,0,0,0,0,0,0,"- ","- ",,,STANISLAUS,UNINCORPORATED,,
90318759,2016,2016-11-14,9465,2016-11-04,1325,020270,,5,1,9,5000,0,1,3,,2,023,"STATE ROUTE 108","RICHARDSON RD.",357.00,W,N,A,-,Y,,,108,,,,,,,Y,4,0,2,2,A,-,03,22350,,N,C,C,A,A,H,-,A,D,0,,,,,Y,,A,01,0,0,2,0,0,0,0,0,0,"- ","- ",37.750250000000001,-120.90527,STANISLAUS,UNINCORPORATED,-120.90527894,37.750269719999999
90318864,2016,2016-11-14,9465,2016-11-05,0520,16320,,6,3,9,5000,0,1,3,,2,023,"STATE ROUTE 108","CLAUS ROAD",147.00,E,N,A,-,Y,,,108,,,,,,,Y,2,0,2,2,A,-,01,23152,A,F,A,C,A,A,H,-,D,D,0,,,,,Y,Y,A,01,1,1,0,0,0,0,0,0,0,"- ","- ",37.737220000000001,-120.92162,STANISLAUS,UNINCORPORATED,-120.9216085,37.737181229999997
90319095,2016,2016-11-14,9465,2016-11-08,0635,014658,,2,1,9,5000,0,3,5,,2,020,"HAWKINS ROAD","LAKE ROAD",450.00,S,N,E,-,N,,,,,,,,,,N,4,0,1,3,A,-,03,22350,,N,C,C,A,A,H,-,B,D,0,,,,,Y,,M,58,0,0,1,0,0,0,0,0,0,"- ","- ",37.614400000000003,-120.6456,STANISLAUS,UNINCORPORATED,-120.64566121,37.614024370000003
90320858,2016,2016-11-16,9465,2016-11-09,0805,018259,,3,1,9,5000,0,1,3,,2,041,"SR-99 N/B","KEYES ROAD",2112.00,N,N,A,-,Y,,,99,,,,,,N,Y,4,0,3,3,A,-,07,21658,A,N,C,C,A,A,H,-,A,D,0,,,,,Y,,D,22,0,0,3,0,0,0,0,0,0,"- ","- ",37.5518,-120.91119999999999,STANISLAUS,UNINCORPORATED,-120.91117138,37.551835089999997
90321106,2016,2016-11-16,9465,2016-11-10,1040,16320,,4,1,9,5000,0,1,3,,2,022,"STATE ROUTE 120","KENNEDY ROAD",4594.00,W,N,A,-,Y,,,120,,,,,,,Y,3,0,2,2,A,-,06,21751,,N,B,C,A,A,H,-,A,D,0,,,,Y,Y,,A,01,0,1,1,0,0,0,0,0,0,"- ","- ",37.803899999999999,-120.67997,STANISLAUS,UNINCORPORATED,-120.67996931,37.803901310000001
90321284,2016,2016-11-16,9465,2016-11-11,0330,16320,,5,3,9,5000,0,3,5,,2,030,"SOUTH 9TH STREET","LOMBARDO AVENUE",45.00,S,N,A,-,N,,,,,,,,,,N,3,0,1,2,A,-,03,22350,,F,C,G,A,A,H,-,C,D,0,,Y,,,Y,,-,99,0,1,0,0,0,0,1,0,0,"- ","- ",37.621200000000002,-120.98396,STANISLAUS,UNINCORPORATED,-120.98575998,37.621488749999997
90324834,2016,2016-11-18,9465,2016-11-14,0630,015596,,1,1,9,5000,0,1,3,,2,011,"SR-99 N/B","CARPENTER ROAD",1000.00,N,N,A,-,Y,,,,,,,,,,N,4,0,1,2,C,-,18,,,N,E,J,A,A,H,-,A,D,0,,,,Y,Y,,-,"- ",0,0,1,0,0,0,0,0,0,"- ","- ",37.070999999999998,-121.03861000000001,STANISLAUS,UNINCORPORATED,-121.03431474,37.66766767
90324885,2016,2016-11-18,9465,2016-11-07,1735,020270,,1,2,9,5000,0,3,5,,2,040,"MITCHELL ROAD","LINWOOD AVENUE",1330.00,S,N,A,-,N,,,,,,,,,,Y,3,0,1,2,A,-,08,22107,,N,D,C,A,A,H,-,D,D,0,,,,,Y,,M,46,0,1,0,0,0,0,0,0,0,"- ","- ",37.475149999999999,-120.94025000000001,STANISLAUS,UNINCORPORATED,-120.94010397,37.474547749999999
9032846,2019,2020-02-06,5002,2019-12-23,1840,11470,M499,1,5,6,5002,0,0,0,,0,032,"TUOLUMNE BL","LEON AV",0.00,,Y,A,-,N,,,,,,,,,,Y,2,0,4,2,A,-,09,21802,A,N,D,C,A,A,H,-,C,A,0,,,,,Y,,-,,1,1,2,0,0,0,0,0,0,"- ","- ",,,STANISLAUS,MODESTO,-121.009521484375,37.627819061279297
90328498,2016,2016-11-23,9465,2016-11-14,0819,018945,,1,1,9,5000,0,3,5,,2,030,"SANTA FE AVENUE","STATE ROUTE 132",438.00,S,N,E,-,N,,,,,,,,,,Y,4,0,1,2,A,-,03,22350,,N,C,C,A,A,H,-,A,D,0,,,,,Y,,A,07,0,0,1,0,0,0,0,0,0,"- ","- ",37.637090000000001,-120.90273999999999,STANISLAUS,UNINCORPORATED,-120.90280300000001,37.637098000000002
90328760,2016,2016-11-23,9465,2016-11-14,1255,019713,,1,1,9,5000,0,3,5,,2,020,"OAKDALE ROAD","CLARIBEL ROAD",1320.00,S,N,A,-,N,,,,,,,,,,Y,4,0,1,2,A,-,03,22350,,N,C,C,A,A,H,-,A,D,0,,,,,Y,,A,01,0,0,1,0,0,0,0,0,0,"- ","- ",37.70487,-120.95836,STANISLAUS,UNINCORPORATED,-120.95830855,37.707345500000002
90330362,2016,2016-11-28,9465,2016-11-11,1745,020270,,5,2,9,5000,0,3,5,,2,030,"HICKMAN ROAD","COGSWELL ROAD",25.00,S,N,A,-,N,,,,,,,,,,Y,2,0,2,2,A,-,08,22107,,N,A,C,A,A,H,-,D,D,0,,,Y,,Y,,A,01,2,0,0,0,0,0,0,0,2,"- ","- ",37.609250000000003,-120.75548999999999,STANISLAUS,UNINCORPORATED,-120.75551286,37.609241390000001
90330541,2016,2016-11-28,9465,2016-11-14,0325,020952,,1,3,9,5000,0,1,3,,2,041,"SR-99 (S/B) TO TAYLOR ROAD","TAYLOR ROAD",450.00,N,N,A,-,Y,,,99,,,,R,,,Y,3,0,1,1,A,-,08,22107,,M,F,A,A,A,H,-,D,D,0,,,,,Y,,A,01,0,1,0,0,0,0,0,0,0,"- ","- ",37.538200000000003,-120.8939,STANISLAUS,UNINCORPORATED,-120.8939,37.538200000000003
90330862,2016,2016-11-28,9465,2016-11-15,0535,019982,,2,3,9,5000,0,1,3,,2,011,"STATE ROUTE 99 (NORTHBOUND)","HAMMETT ROAD",300.00,N,N,A,-,Y,,,,,,,,,,N,4,0,1,2,A,-,07,21658,A,N,B,C,A,A,H,-,C,D,0,,,Y,,Y,,C,02,0,0,1,0,0,0,0,0,1,"- ","- ",37.73236,-121.11395,STANISLAUS,UNINCORPORATED,-121.1042892,37.72644141
90331136,2016,2016-11-28,9465,2016-11-15,1747,018292,,2,2,9,5000,0,3,5,,2,040,"DOVER AVENUE","CHURCH LANE",175.00,E,N,C,-,N,,,,,,,,,,N,2,0,1,2,A,-,11,21954,A,N,G,B,D,B,H,-,E,D,0,Y,,,,Y,,N,60,1,0,0,0,1,0,0,0,0,"- ","- ",37.60763,-120.98045999999999,STANISLAUS,UNINCORPORATED,-120.98092591,37.607490009999999
90332178,2016,2016-11-29,9465,2016-11-16,1645,018292,,3,2,9,5000,0,1,3,,2,011,"STATE ROUTE 99 (NORTHBOUND)","HAMMETT ROAD",3168.00,S,N,A,-,Y,,,99,,,,,,,Y,4,0,1,2,A,-,03,22350,,N,C,C,A,A,H,-,B,D,0,,,,,Y,,A,01,0,0,1,0,0,0,0,0,0,"- ","- ",37.71575,-121.09266,STANISLAUS,UNINCORPORATED,-121.09264929,37.71576306
90332213,2016,2016-11-29,9465,2016-11-16,1700,018292,,3,2,9,5000,0,3,5,,2,040,"CARPENTER ROAD","WHITMORE AVENUE",200.00,N,N,A,-,N,,,,,,,,,,N,4,0,2,2,A,-,03,22350,,N,C,C,A,A,H,-,D,D,0,,,,,Y,,A,01,0,0,2,0,0,0,0,0,0,"- ","- ",37.596580000000003,-121.03031,STANISLAUS,UNINCORPORATED,-121.03029336,37.595599249999999
90333874,2016,2016-11-30,9465,2016-11-20,1500,019713,,7,2,9,5000,0,3,5,,2,050,"RIVER ROAD","AZEVEDO ROAD",1056.00,N,N,B,-,N,,,,,,,,,,Y,3,0,1,1,A,-,00,22017,,N,E,I,A,B,H,-,A,D,0,,,,,Y,,A,01,0,1,0,0,0,0,0,0,0,"- ","- ",37.36459,-120.98856000000001,STANISLAUS,UNINCORPORATED,-120.98790796,37.363255799999997
90335063,2016,2016-12-01,9465,2016-11-22,1810,019553,,2,2,9,5000,0,1,3,,2,011,"SR-99 (S/B)","KIERNAN AVENUE",2000.00,S,N,A,-,Y,,,99,,,,,,,Y,4,0,1,2,A,-,03,22350,,N,C,C,A,A,H,-,D,D,0,,,,,Y,,A,01,0,0,1,0,0,0,0,0,0,"- ","- ",37.704790000000003,-121.07646,STANISLAUS,UNINCORPORATED,-121.07643991,37.70481272
90335126,2016,2016-12-01,9465,2016-11-22,1750,019713,,2,2,9,5000,0,1,3,,2,011,"STATE ROUTE 99","PELANDALE AVENUE",50.00,N,N,A,-,Y,,,99,,,,,,,Y,4,0,2,3,A,-,03,22350,,N,C,C,A,A,H,-,C,D,0,,,,,Y,,A,01,0,0,2,0,0,0,0,0,0,"- ","- ",37.699620000000003,-121.07093,STANISLAUS,UNINCORPORATED,-121.07086806,37.69966762
90340215,2016,2016-12-08,9465,2016-11-30,1717,018292,,3,2,9,5000,0,3,5,,2,040,"SERVICE ROAD","STATE ROUTE 99 (SOUTHBOUND)",4.00,W,N,B,-,Y,,,,,,,,,,Y,4,0,1,2,A,-,03,22350,,N,C,C,A,A,H,-,B,D,0,,,,,Y,,A,01,0,0,1,0,0,0,0,0,0,"- ","- ",37.580219999999997,-120.94428000000001,STANISLAUS,UNINCORPORATED,,
90340248,2016,2016-12-08,9465,2016-11-30,1743,018292,,3,2,9,5000,0,3,5,,2,040,"SERVICE ROAD","COLLINS ROAD",160.00,E,N,B,-,N,,,,,,,,,,Y,4,0,4,3,A,-,03,22350,,N,C,C,A,A,H,-,D,D,0,,,,Y,Y,,F,55,0,0,4,0,0,0,0,0,0,"- ","- ",37.580249999999999,-120.94973,STANISLAUS,UNINCORPORATED,-120.94968,37.580253999999996
90340281,2016,2016-12-08,9465,2016-11-30,1535,018457,,3,2,9,5000,0,3,5,,2,010,"DALE ROAD","PIRRONE ROAD",53.00,S,N,A,-,N,,,,,,,,,,Y,4,0,3,2,A,-,08,22107,,N,B,C,A,A,H,-,A,D,0,,,,,Y,,A,01,0,0,3,0,0,0,0,0,0,"- ","- ",37.718330000000002,-121.05027,STANISLAUS,UNINCORPORATED,-121.05025727,37.718364459999997
90342097,2016,2016-12-12,9465,2016-11-01,2100,019982,,2,2,9,5000,0,1,3,,2,011,"STATE ROUTE 99 (NORTHBOUND)","WOODLAND AVENUE",1150.00,N,N,A,-,Y,,,99,,,,,,,Y,1,1,1,2,A,-,08,22107,,N,C,E,A,A,H,-,D,D,0,,,,Y,Y,,A,07,0,0,1,0,0,0,0,0,0,"- ","- ",37.656309999999998,-121.02583,STANISLAUS,UNINCORPORATED,-121.02588007999999,37.656309469999997
90343633,2016,2016-12-13,9465,2016-12-02,0822,019155,,5,1,9,5000,0,1,3,,1,032,"STATE ROUTE 132","LAKE ROAD",4752.00,W,N,A,-,Y,,,132,,,,,,,Y,2,0,2,1,A,-,08,22107,,N,E,I,A,A,H,-,A,D,0,,,,,Y,,A,07,1,1,0,0,0,0,0,0,0,"- ","- ",37.63946,-120.50463000000001,STANISLAUS,UNINCORPORATED,-120.50461034,37.639434250000001
90343898,2016,2016-12-13,9465,2016-12-03,1755,019713,,6,2,9,5000,0,2,4,,2,042,"CROWS LANDING ROAD","OLIVERO ROAD",0.00,,Y,A,-,N,,,,,,,,,,Y,4,0,2,2,A,-,09,21801,A,N,D,C,A,A,H,-,E,D,0,,,,,Y,,A,01,0,0,2,0,0,0,0,0,0,"- ","- ",37.608139999999999,-120.99336,STANISLAUS,UNINCORPORATED,-120.99357993,37.608170000000001
90343926,2016,2016-12-13,9465,2016-12-03,1904,020362,,6,2,9,5000,0,3,5,,2,030,"MITCHELL ROAD","AIRPORT WAY",54.00,N,N,A,-,N,,,,,,,,,,Y,4,0,2,3,A,-,01,23152,A,M,C,C,A,A,H,-,C,A,0,,,,,Y,Y,A,01,0,0,2,0,0,0,0,0,0,"- ","- ",37.373240000000003,-120.5654,STANISLAUS,UNINCORPORATED,-120.94830401999999,37.625743569999997
90345823,2016,2016-12-15,9465,2016-12-06,1259,018274,,2,1,9,5000,0,3,5,,2,030,"FINCH ROAD","MCCLURE ROAD",0.00,,Y,A,-,N,,,,,,,,,,Y,3,0,1,2,A,-,09,21801,A,N,A,C,A,A,H,-,A,D,0,,,,Y,Y,,G,25,0,1,0,0,0,0,0,0,0,"- ","- ",37.62435,-120.92935,STANISLAUS,UNINCORPORATED,-120.92963999,37.624189940000001
90346019,2016,2016-12-15,9465,2016-12-06,2054,018457,,2,2,6,5002,0,1,3,,2,011,"STATE ROUTE 99 (NORTHBOUND)","L STREET",1056.00,N,N,A,-,Y,,,99,,,,,,,Y,3,0,1,2,A,-,08,22107,,N,B,C,A,A,H,-,D,D,0,,,,,Y,,A,07,0,1,0,0,0,0,0,0,0,"- ","- ",37.641680000000001,-121.00972,STANISLAUS,MODESTO,-121.0097167,37.641684949999998
90346203,2016,2016-12-15,9465,2016-12-08,0428,018410,,4,3,9,5000,0,2,4,,2,026,"CLARIBEL ROAD","LANGWORTH ROAD",1300.00,E,N,B,C,N,,,,,,,,,,Y,4,0,1,1,C,-,18,,,N,H,H,A,B,H,-,D,D,0,,,,,Y,,-,"- ",0,0,1,0,0,0,0,0,0,"- ","- ",37.711019999999998,-120.88934,STANISLAUS,UNINCORPORATED,-120.88948637999999,37.711020060000003
90349065,2016,2016-12-20,9465,2016-12-11,1255,019713,,7,1,9,5000,0,1,1,,2,055,"INTERSTATE 5","SPERRY AVENUE U/C",528.00,N,N,B,-,Y,,,5,,,,,,,Y,4,0,2,2,A,-,07,21658,A,M,E,I,A,A,H,-,A,D,0,,,,Y,Y,,G,25,0,0,2,0,0,0,0,0,0,"- ","- ",37.466070000000002,-121.18303,STANISLAUS,UNINCORPORATED,-121.18303228000001,37.466067670000001
90349764,2016,2016-12-20,9465,2016-12-12,2350,018825,,1,3,9,5000,0,1,3,,2,053,"STATE ROUTE 33","GRAYSON ROAD",0.00,,Y,B,-,Y,,,33,,,,,,,Y,2,0,1,2,A,-,12,22450,A,F,D,C,A,A,H,-,C,A,0,,,,,Y,,D,22,1,0,0,0,0,0,0,0,0,"- ","- ",37.546300000000002,-121.19589999999999,STANISLAUS,UNINCORPORATED,-121.195903,37.546295800000003
90350165,2016,2016-12-21,9465,2016-12-12,1030,019517,,1,1,9,5000,0,2,4,,2,043,"WEST MAIN STREET","JENNINGS ROAD",2640.00,E,N,A,-,N,,,,,,,,,,Y,4,0,1,1,A,-,08,22107,,N,F,A,A,A,H,-,A,D,0,,,,,Y,,A,07,0,0,1,0,0,0,0,0,0,"- ","- ",37.493279999999999,-121.05279,STANISLAUS,UNINCORPORATED,-121.05854203,37.494221150000001
90350234,2016,2016-12-21,9465,2016-12-12,1830,019553,,1,2,9,5000,0,1,3,,2,011,"SR-99 (S/B)","BECKWITH ROAD",1000.00,N,N,B,-,Y,,,99,,,,,,,Y,3,0,2,2,A,-,03,22350,,N,C,C,A,A,H,-,D,D,0,,,,,Y,,A,01,0,1,1,0,0,0,0,0,0,"- ","- ",37.687620000000003,-121.05916000000001,STANISLAUS,UNINCORPORATED,-121.05907612,37.68773822
9035260,2020,2020-10-19,5002,2020-01-17,1116,13207,609,5,5,6,5002,0,0,0,,0,043,"RT 132","CREEKWOOD DR",38.00,E,N,A,-,Y,STA,10,132,-,-,18.840,H,-,E,Y,3,0,2,3,A,-,12,21453,A,N,D,C,A,A,H,-,A,A,0,,,,,Y,,-,,0,2,0,0,0,0,0,0,0,"- ","- ",,,STANISLAUS,MODESTO,-120.92624664306641,37.638256072998047
90357839,2016,2016-12-29,9465,2016-12-20,1728,018457,,2,2,9,5000,0,1,3,,2,015,"STATE ROUTE 219 (EASTBOUND)","TULLY ROAD",328.00,W,N,A,-,Y,,,219,,,,,,,N,4,0,1,3,A,-,03,22350,,N,C,C,A,A,H,-,C,A,0,,,,,Y,,D,22,0,0,1,0,0,0,0,0,0,"- ","- ",37.711199999999998,-121.01451,STANISLAUS,UNINCORPORATED,-121.01451038,37.711161140000002
90359914,2016,2017-01-03,9465,2016-12-23,1504,018457,,5,2,9,5000,0,1,3,,2,011,"SR-99 (N/B) TO CARPENTER ROAD","CARPENTER ROAD",150.00,S,N,B,C,Y,,,,,,,,,,N,4,0,1,2,A,-,03,22350,,N,C,C,A,B,H,-,A,A,0,,,,,Y,,A,01,0,0,1,0,0,0,0,0,0,"- ","- ",37.666229999999999,-121.03079,STANISLAUS,UNINCORPORATED,-121.03094307000001,37.66566598
90360263,2016,2017-01-03,9465,2016-12-23,2000,020362,,5,2,9,5000,0,1,3,,2,041,"SR-99 (N/B) TO SR-165 (LANDER AVENUE)","LANDER AVENUE",20.00,S,N,B,C,Y,,,,,,,,,,N,4,0,1,2,A,-,03,22350,,F,C,C,A,B,H,-,C,A,0,,,,,Y,,-,99,0,0,1,0,0,0,0,0,0,"- ","- ",37.282859999999999,-120.50559,STANISLAUS,UNINCORPORATED,,
90361414,2016,2017-01-04,9465,2016-12-22,1130,017787,,4,1,6,5002,0,1,3,,2,011,"STATE ROUTE 99 (NORTHBOUND)","KANSAS AVENUE",968.00,S,N,A,-,Y,,,99,,,,,,,Y,4,0,1,2,A,-,03,22350,,N,C,C,A,A,H,-,A,D,0,,,,,Y,,A,01,0,0,1,0,0,0,0,0,0,"- ","- ",37.644129999999997,-121.01381000000001,STANISLAUS,MODESTO,-121.01377737,37.644183290000001
9036264,2019,2020-01-29,5005,2019-12-26,1900,S02326,PATTE,4,5,3,5005,0,0,0,,0,PPD,"BALDWIN RD","SHEARWATER DR",0.00,,Y,A,-,N,,,,,,,,,,Y,4,0,1,2,A,-,09,21804,A,N,D,C,A,A,H,-,C,D,0,,,,,Y,,A,01,0,0,1,0,0,0,0,0,0,"- ","- ",,,STANISLAUS,PATTERSON,-121.1593017578125,37.472000122070312
90363971,2016,2017-01-09,9465,2016-12-24,2208,020599,,6,3,4,5001,0,3,5,,2,030,"MUSICK AVENUE","LINDSTROM AVENUE",0.00,,Y,A,-,N,,,,,,,,,,N,4,0,2,2,A,-,08,22107,,F,A,C,A,A,H,-,C,D,0,,,,,Y,,A,01,0,0,2,0,0,0,0,0,0,"- ","- ",37.615830000000003,-120.97087000000001,STANISLAUS,CERES,-120.97079998,37.615859890000003
90366992,2017,2017-01-11,9465,2017-01-02,1903,018292,,1,2,9,5000,0,2,4,,2,043,"WEST MAIN ST.","MITCHELL ROAD",15.00,W,N,C,-,N,,,,,,,,,,Y,4,0,1,2,A,-,03,22350,,N,C,C,A,B,H,-,D,D,0,,,,,Y,,A,01,0,0,1,0,0,0,0,0,0,"- ","- ",37.492739999999998,-120.94049,STANISLAUS,UNINCORPORATED,-120.9404617,37.492750289999996
90373212,2017,2017-01-19,9465,2017-01-11,1055,015398,,3,1,9,5000,0,3,5,,2,030,"MITCHELL RD.","FINCH RD.",192.00,N,N,B,-,N,,,,,,,,,,Y,4,0,1,2,A,-,03,22350,,N,C,C,A,B,H,-,A,A,0,,,,,Y,,A,01,0,0,1,0,0,0,0,0,0,"- ","- ",37.623660000000001,-120.94475,STANISLAUS,UNINCORPORATED,-120.94458126000001,37.623702199999997
90375429,2017,2017-01-23,9465,2017-01-13,0825,16320,,5,1,6,5002,0,1,3,,2,041,"STATE ROUTE 99 (NORTHBOUND)","CROWS LANDING ROAD",1690.00,S,N,A,-,Y,,,99,,,,,,,N,4,0,2,2,A,-,03,22350,,N,C,C,A,A,H,-,A,D,0,,,,,Y,,A,07,0,0,2,0,0,0,0,0,0,"- ","- ",37.61721,-120.98690999999999,STANISLAUS,MODESTO,-120.98693308,37.61702021
90375974,2017,2017-01-24,9465,2017-01-14,1140,018825,,6,1,6,5002,0,1,3,,2,011,"STATE ROUTE 99 (NORTHBOUND)","TUOLUMNE BLVD",300.00,S,N,A,-,Y,,,99,,,,,,,Y,4,0,1,4,A,-,03,22350,,N,C,C,A,A,H,-,A,D,0,,,,,Y,,D,22,0,0,1,0,0,0,0,0,0,"- ","- ",37.6265,-120.9965,STANISLAUS,MODESTO,-120.99653918,37.626491289999997
90377193,2017,2017-01-25,9465,2017-01-14,1540,018457,,6,2,9,5000,0,1,3,,2,011,"STATE ROUTE 99 (NORTHBOUND)","STATE ROUTE 219 (KIERNAN AVENUE)",830.00,S,N,A,-,Y,,,99,,,,,,,Y,4,0,3,3,A,-,04,21703,,N,C,C,A,A,H,-,A,D,0,,,,,Y,,A,07,0,0,3,0,0,0,0,0,0,"- ","- ",37.707320000000003,-121.07897,STANISLAUS,UNINCORPORATED,-121.07893537,37.707359510000003
90377684,2017,2017-01-25,9465,2017-01-17,0750,014658,,2,1,9,5000,0,1,3,,2,021,"STATE ROUTE 120","VALLEY HOME ROAD",0.00,,Y,A,-,Y,,,,,,,,,,Y,4,0,1,2,A,-,09,21802,A,N,D,C,A,A,H,-,A,A,0,,,,,Y,,D,22,0,0,1,0,0,0,0,0,0,"- ","- ",37.789900000000003,-120.8558,STANISLAUS,UNINCORPORATED,-120.86389994,37.78859997
90377738,2017,2017-03-01,9465,2017-01-13,1445,018457,,5,2,9,5000,0,3,5,,2,010,"PARADISE ROAD","DUNNING LANE",130.00,W,N,A,-,N,,,,,,,,,,Y,2,0,2,1,C,-,18,,,N,E,I,A,A,H,-,A,D,0,,,,,Y,,-,"- ",1,1,0,0,0,0,0,0,0,"- ","- ",37.615679999999998,-121.03435,STANISLAUS,UNINCORPORATED,-121.03430046,37.615568940000003
90381336,2017,2017-02-28,9465,2017-01-18,1710,019517,,3,2,9,5000,0,3,5,,2,040,"KEYES ROAD","PRAIRIE FLOWER ROAD",618.00,E,N,B,-,N,,,,,,,,,,Y,3,0,1,1,A,-,08,22107,,N,E,I,A,B,C,-,D,D,0,,,,,Y,,A,01,0,1,0,0,0,0,0,0,0,"- ","- ",37.551319999999997,-120.92803000000001,STANISLAUS,UNINCORPORATED,-120.92742835,37.551235550000001
90381427,2017,2017-01-30,9465,2017-01-19,1056,018259,,4,1,5,5007,0,1,3,,2,041,"STATE ROUTE 99 (NORTHBOUND)","TAYLOR ROAD",375.00,S,N,B,-,Y,,,99,,,,,,,Y,4,0,1,1,A,-,08,22107,,N,E,I,A,A,H,-,A,D,0,,,,,Y,,A,01,0,0,1,0,0,0,0,0,0,"- ","- ",37.536000000000001,-120.89149999999999,STANISLAUS,TURLOCK,-120.89142235,37.536038820000002
90381474,2017,2017-01-30,9465,2017-01-19,0850,020651,,4,1,4,5001,0,1,3,,2,041,"STATE ROUTE 99 (NORTHBOUND)","4TH STREET",300.00,S,N,A,-,Y,,,,,,,,,,Y,4,0,1,4,A,-,03,22350,,N,C,C,A,B,H,-,A,D,0,,,,,Y,,A,01,0,0,1,0,0,0,0,0,0,"- ","- ",37.626379999999997,-120.99651,STANISLAUS,CERES,,
90382324,2016,2017-01-31,9465,2016-12-28,2335,015290,,3,3,9,5000,0,1,3,,2,053,"STATE ROUTE 33","ORCHARD ROAD",686.00,S,N,A,-,Y,,,33,,,,,,,Y,1,1,0,2,A,-,01,23152,F,N,A,C,A,A,H,-,D,D,0,,,,Y,Y,Y,A,01,0,0,0,0,0,0,0,0,0,"- ","- ",37.607370000000003,-121.26246,STANISLAUS,UNINCORPORATED,-121.26249202,37.60733493