CASE_ID,ACCIDENT_YEAR,PROC_DATE,JURIS,COLLISION_DATE,COLLISION_TIME,OFFICER_ID,REPORTING_DISTRICT,DAY_OF_WEEK,CHP_SHIFT,POPULATION,CNTY_CITY_LOC,SPECIAL_COND,BEAT_TYPE,CHP_BEAT_TYPE,CITY_DIVISION_LAPD,CHP_BEAT_CLASS,BEAT_NUMBER,PRIMARY_RD,SECONDARY_RD,DISTANCE,DIRECTION,INTERSECTION,WEATHER_1,WEATHER_2,STATE_HWY_IND,CALTRANS_COUNTY,CALTRANS_DISTRICT,STATE_ROUTE,ROUTE_SUFFIX,POSTMILE_PREFIX,POSTMILE,LOCATION_TYPE,RAMP_INTERSECTION,SIDE_OF_HWY,TOW_AWAY,COLLISION_SEVERITY,NUMBER_KILLED,NUMBER_INJURED,PARTY_COUNT,PRIMARY_COLL_FACTOR,PCF_CODE_OF_VIOL,PCF_VIOL_CATEGORY,PCF_VIOLATION,PCF_VIOL_SUBSECTION,HIT_AND_RUN,TYPE_OF_COLLISION,MVIW,PED_ACTION,ROAD_SURFACE,ROAD_COND_1,ROAD_COND_2,LIGHTING,CONTROL_DEVICE,CHP_ROAD_TYPE,PEDESTRIAN_ACCIDENT,BICYCLE_ACCIDENT,MOTORCYCLE_ACCIDENT,TRUCK_ACCIDENT,NOT_PRIVATE_PROPERTY,ALCOHOL_INVOLVED,STWD_VEHTYPE_AT_FAULT,CHP_VEHTYPE_AT_FAULT,COUNT_SEVERE_INJ,COUNT_VISIBLE_INJ,COUNT_COMPLAINT_PAIN,COUNT_PED_KILLED,COUNT_PED_INJURED,COUNT_BICYCLIST_KILLED,COUNT_BICYCLIST_INJURED,COUNT_MC_KILLED,COUNT_MC_INJURED,PRIMARY_RAMP,SECONDARY_RAMP,LATITUDE,LONGITUDE,COUNTY,CITY,POINT_X,POINT_Y
9038252,2020,2020-03-13,5002,2020-01-10,2140,13015,M013,5,5,6,5002,0,0,0,,0,063,"STANDFORD AV","CARVER RD",280.00,W,N,A,-,N,,,,,,,,,,Y,4,0,2,2,A,-,01,23152,C,N,D,C,A,A,H,-,C,D,0,,,,,Y,Y,A,,0,0,2,0,0,0,0,0,0,"- ","- ",,,STANISLAUS,MODESTO,-121.02339935302734,37.689456939697266
9038268,2020,2020-03-13,5002,2020-01-15,0348,10249,M153,3,5,6,5002,0,0,0,,0,073,"SYLVAN AV","ROSELLE AV",0.00,,Y,A,-,N,,,,,,,,,,N,3,0,1,1,A,-,22,23123,A,N,E,-,A,A,H,-,C,D,0,,,,,Y,,-,,0,1,0,0,0,0,0,0,0,"- ","- ",,,STANISLAUS,MODESTO,-120.939689,37.689109999999999
9038276,2020,2020-03-13,5002,2020-01-17,1506,13157,051,5,5,6,5002,0,0,0,,0,061,"WOODLAND AV","YELLOWSTONE AV",3.00,S,N,A,-,N,,,,,,,,,,N,3,0,1,2,A,-,00,27103,,N,C,C,A,A,H,-,A,D,0,,,,,Y,,-,,0,1,0,0,0,0,0,0,0,"- ","- ",,,STANISLAUS,MODESTO,-121.037841796875,37.653129577636719
9038292,2020,2020-03-13,5002,2020-01-16,0519,10249,M269,4,5,6,5002,0,0,0,,0,071,"COFFEE RD","EAST ORANGEBURG AV",0.00,,Y,A,-,N,,,,,,,,,,Y,4,0,1,2,A,-,12,21453,A,N,D,C,A,A,H,-,C,A,0,,,,,Y,,-,,0,0,1,0,0,0,0,0,0,"- ","- ",,,STANISLAUS,MODESTO,-120.97567749023438,37.663551330566406
9038308,2020,2020-03-13,5002,2020-01-20,1657,13060,179,1,5,6,5002,0,0,0,,0,061,"GOLDENWOOD DR","IDYLWOOD CT",30.00,W,N,A,-,N,,,,,,,,,,N,4,0,1,2,A,-,09,21801,,N,D,C,A,A,H,-,B,D,0,,,,,Y,,-,,0,0,1,0,0,0,0,0,0,"- ","- ",,,STANISLAUS,MODESTO,-121.02053070068359,37.667343139648438
9038312,2020,2020-03-13,5002,2020-01-21,0809,13196,M284,2,5,6,5002,0,0,0,,0,071,"EAST ORANGEBURG AV","COFFEE RD",141.00,W,N,A,-,N,,,,,,,,,,Y,4,0,1,4,A,-,03,22350,,N,B,C,A,A,H,-,A,A,0,,,,,Y,,A,,0,0,1,0,0,0,0,0,0,"- ","- ",,,STANISLAUS,MODESTO,-120.97616577148438,37.663566589355469
9038336,2020,2020-02-26,5002,2020-01-22,0717,10437,408,3,5,6,5002,0,0,0,,0,041,"MORTON BL","GRAND ST",340.00,S,N,B,-,N,,,,,,,,,,N,4,0,1,2,A,-,08,22107,,N,B,C,A,B,H,-,B,D,0,,,,Y,Y,,G,,0,0,1,0,0,0,0,0,0,"- ","- ",,,STANISLAUS,MODESTO,,
90385008,2017,2017-02-02,9465,2017-01-24,0845,018825,,2,1,4,5001,0,1,3,,2,041,"SR-99 NORTHBOUND","HATCH ROAD",2610.00,S,N,A,-,Y,,,99,,,,,,N,Y,4,0,2,5,A,-,03,22350,,M,C,C,A,A,H,-,A,D,0,,,,,Y,,A,01,0,0,2,0,0,0,0,0,0,"- ","- ",37.603900000000003,-120.9708,STANISLAUS,CERES,-120.97079626999999,37.603904249999999
9038526,2020,2020-03-13,5002,2020-01-08,1748,11248,M410,3,5,6,5002,0,0,0,,0,041,"7TH ST","G ST",100.00,N,N,A,-,N,,,,,,,,,,N,4,0,1,2,A,-,03,22350,A,F,C,C,A,A,H,-,C,A,0,,,,,Y,,-,,0,0,1,0,0,0,0,0,0,"- ","- ",,,STANISLAUS,MODESTO,-120.99993896484375,37.635654449462891
9038546,2020,2020-03-13,5002,2020-01-12,1802,13118,M537,7,5,6,5002,0,0,0,,0,063,"SISK RD","SULLIVAN CT",0.00,,Y,A,-,N,,,,,,,,,,Y,4,0,1,1,A,-,08,22107,,N,E,I,A,A,H,-,A,D,0,,,,,Y,,A,,0,0,1,0,0,0,0,0,0,"- ","- ",,,STANISLAUS,MODESTO,-121.06014251708984,37.689350128173828
9038558,2020,2020-03-13,5002,2020-01-15,1757,13257,,3,5,6,5002,0,0,0,,0,081,"DOWNEY AV","KIMBLE ST",70.00,E,N,A,-,N,,,,,,,,,,Y,3,0,2,2,A,-,01,23152,A,N,A,C,A,A,H,-,C,D,0,,,,,Y,Y,-,,0,2,0,0,0,0,0,0,0,"- ","- ",,,STANISLAUS,MODESTO,-120.98887634277344,37.6455078125
90386395,2017,2017-02-06,9465,2017-01-22,1110,018998,,7,1,9,5000,0,3,5,,2,040,"SERVICE ROAD","LUCAS ROAD",551.00,E,N,A,-,N,,,,,,,,,,Y,4,0,3,2,A,-,05,21460,A,N,A,C,A,A,H,-,A,D,0,,,,,Y,,A,01,0,0,3,0,0,0,0,0,0,"- ","- ",37.580199999999998,-120.94450000000001,STANISLAUS,UNINCORPORATED,-120.944474,37.580236999999997
90387922,2017,2017-02-07,9465,2017-01-30,1225,015098,,1,1,9,5000,0,1,1,,2,055,"INTERSTATE 5 (NORTHBOUND)","FINK ROAD",5.00,S,N,A,-,Y,,,5,,,,,,,N,4,0,1,1,A,-,08,22107,,N,E,I,A,A,H,-,A,D,0,,,,,Y,,B,01,0,0,1,0,0,0,0,0,0,"- ","- ",37.397359999999999,-121.13799,STANISLAUS,UNINCORPORATED,-121.13799791,37.397354540000002
90395081,2017,2017-02-16,9465,2017-02-10,1320,019713,,5,1,9,5000,0,1,3,,2,041,"STATE ROUTE 99 (NORTHBOUND)","KEYES ROAD O/C",2640.00,S,N,B,-,Y,,,99,,,,,,,N,4,0,2,2,A,-,07,21658,A,N,B,C,A,A,H,-,A,D,0,,,,,Y,,A,01,0,0,2,0,0,0,0,0,0,"- ","- ",37.555630000000001,-120.91552,STANISLAUS,UNINCORPORATED,-120.91553885,37.555608499999998
90396510,2017,2017-02-20,9465,2017-02-11,0750,018825,,6,1,6,5002,0,1,3,,2,011,"SR-99 SOUTHBOUND","TUOLUMNE BLVD",156.00,N,N,B,-,Y,,,99,,,,,,S,Y,4,0,2,2,A,-,08,22107,,N,E,I,A,A,H,-,A,D,0,,,,,Y,,A,01,0,0,2,0,0,0,0,0,0,"- ","- ",37.628,-120.9971,STANISLAUS,MODESTO,-120.99717751,37.627982260000003
90396673,2016,2017-02-21,9465,2016-12-08,2032,019152,,4,2,9,5000,0,3,5,,2,030,"TENAYA DRIVE","DALY AVENUE",80.00,W,N,B,-,N,,,,,,,,,,N,1,1,0,2,A,-,11,21954,A,F,G,B,E,A,H,-,D,D,0,Y,,,,Y,Y,N,60,0,0,0,1,0,0,0,0,0,"- ","- ",37.632939999999998,-120.96326999999999,STANISLAUS,UNINCORPORATED,-120.96345095,37.633040549999997
90397386,2017,2017-02-21,9465,2017-02-13,1400,018292,,1,2,9,5000,0,3,5,,2,040,"HATCH ROAD","CROWS LANDING ROAD",45.00,W,N,A,-,N,,,,,,,,,,N,4,0,2,2,A,-,09,21804,A,F,D,C,A,A,H,-,A,D,0,,,,,Y,,A,01,0,0,2,0,0,0,0,0,0,"- ","- ",37.609430000000003,-120.99412,STANISLAUS,UNINCORPORATED,-120.99381533,37.609468560000003
90399371,2017,2017-02-23,9465,2017-02-15,1350,018382,,3,1,9,5000,0,3,5,,2,030,"RIVERSIDE DRIVE","LAPHAM DRIVE",460.00,S,N,A,-,N,,,,,,,,,,Y,3,0,1,1,A,-,01,23152,G,N,E,I,A,A,H,-,A,D,0,,,,,Y,Y,A,01,0,1,0,0,0,0,0,0,0,"- ","- ",37.63644,-120.94790999999999,STANISLAUS,UNINCORPORATED,-120.94805995,37.63651685
90400864,2017,2017-02-27,9465,2017-02-16,1005,014658,,4,1,9,5000,0,3,5,,2,030,"ALBERS ROAD","DRY CREEK",100.00,S,N,B,-,N,,,,,,,,,,Y,4,0,1,2,A,-,03,22350,,N,C,C,A,A,H,-,A,D,0,,,,,Y,,A,07,0,0,1,0,0,0,0,0,0,"- ","- ",37.645800000000001,-120.8479,STANISLAUS,UNINCORPORATED,,
90401041,2017,2017-02-27,9465,2017-02-17,1730,018457,,5,2,9,5000,0,1,3,,2,011,"STATE ROUTE 99 (SOUTHBOUND)","PELANDALE AVENUE",1584.00,S,N,B,G,Y,,,99,,,,,,,N,4,0,2,2,A,-,03,22350,,N,C,C,A,B,H,-,A,D,0,,,,,Y,,A,01,0,0,2,0,0,0,0,0,0,"- ","- ",37.695509999999999,-121.06780999999999,STANISLAUS,UNINCORPORATED,-121.06791459999999,37.695416209999998
90402073,2017,2017-02-28,9465,2017-02-23,1150,018259,,4,1,9,5000,0,2,4,,2,016,"CLARIBEL ROAD","COFFEE ROAD",100.00,W,N,B,-,N,,,,,,,,,,N,4,0,1,2,A,-,21,22106,,N,C,C,A,A,H,-,A,A,0,,,,,Y,,A,01,0,0,1,0,0,0,0,0,0,"- ","- ",37.710900000000002,-120.9769,STANISLAUS,UNINCORPORATED,-120.97698568,37.711030000000001
90402146,2017,2017-02-28,9465,2017-02-24,0745,018825,,5,1,9,5000,0,3,5,,2,010,"PIRRONE ROAD","INDIAN RIDGE LANE",12.00,E,N,B,-,N,,,,,,,,,,N,4,0,1,2,A,-,10,21950,A,N,G,B,B,A,H,-,A,A,0,Y,,,,Y,,D,22,0,0,1,0,1,0,0,0,0,"- ","- ",37.7181,-121.0817,STANISLAUS,UNINCORPORATED,-121.08179851,37.718209999999999
90404644,2017,2017-03-02,9465,2017-02-16,1120,014737,,4,1,9,5000,0,1,3,,2,011,"STATE ROUTE 99 (NORTHBOUND)","TUOLUMNE BOULEVARD",440.00,S,N,B,-,Y,,,99,,,,,,,N,4,0,1,2,A,-,03,22350,,N,C,C,A,A,H,-,A,D,0,,,,,Y,,A,01,0,0,1,0,0,0,0,0,0,"- ","- ",37.623840000000001,-120.99594999999999,STANISLAUS,UNINCORPORATED,-120.99594071999999,37.623842109999998
90406239,2017,2017-03-06,9465,2017-02-23,1315,019517,,4,1,9,5000,0,3,5,,2,030,"VALENTE WAY","HERNDON ROAD",50.00,W,N,A,-,N,,,,,,,,,,N,4,0,1,2,A,-,08,22107,,N,B,C,A,A,H,-,A,D,0,,,,,Y,,D,22,0,0,1,0,0,0,0,0,0,"- ","- ",37.617609999999999,-120.97556,STANISLAUS,UNINCORPORATED,-120.97549262,37.617600000000003
90407695,2017,2017-03-07,9465,2017-03-02,1450,018457,,4,2,9,5000,0,1,3,,2,015,"STATE ROUTE 219 (EASTBOUND)","TULLY ROAD",736.00,W,N,A,-,Y,,,219,,,,,,,N,4,0,1,2,A,-,03,22350,,N,C,C,A,A,H,-,A,A,0,,,,,Y,,A,01,0,0,1,0,0,0,0,0,0,"- ","- ",37.711199999999998,-121.01569000000001,STANISLAUS,UNINCORPORATED,-121.01569026999999,37.711172830000002
90408843,2017,2017-03-09,9465,2017-02-20,2240,020313,,1,3,9,5000,0,3,5,,2,030,"LUCINDA AVENUE","8TH STREET",8.00,W,N,B,-,Y,,,,,,,,,,Y,2,0,2,3,A,-,12,22450,A,F,A,G,A,B,H,-,D,A,0,,Y,,,Y,,A,01,2,0,0,0,0,0,2,0,0,"- ","- ",37.558520000000001,-120.91446999999999,STANISLAUS,UNINCORPORATED,-120.91438758,37.558530730000001
90409152,2017,2017-03-09,9465,2017-01-26,0535,014658,,4,3,9,5000,0,3,5,,2,020,"OAKDALE-WATERFORD HIGHWAY","ALVARADO ROAD",1970.00,N,N,A,-,N,,,,,,,,,,Y,1,1,2,2,A,-,09,21801,A,N,A,C,A,A,H,-,D,D,0,,,Y,,Y,,A,01,0,2,0,0,0,0,0,1,0,"- ","- ",37.730400000000003,-120.83499999999999,STANISLAUS,UNINCORPORATED,-120.83499931999999,37.73041714
90410960,2017,2017-03-13,9465,2017-03-06,0520,019982,,1,3,9,5000,0,1,3,,2,011,"SR-99 SB",SR-219,1611.00,N,N,A,-,Y,,,99,,,,,,S,Y,3,0,2,3,A,-,08,22107,,N,E,I,A,A,B,-,C,D,0,,,,Y,Y,,D,22,0,1,1,0,0,0,0,0,0,"- ","- ",37.711269999999999,-121.08490999999999,STANISLAUS,UNINCORPORATED,-121.08492689000001,37.71123601
90411232,2017,2017-03-13,9465,2017-03-11,1725,019713,,6,2,9,5000,0,3,5,,2,030,"B STREET","SECOND STREET",0.00,,Y,A,-,N,,,,,,,,,,Y,4,0,1,1,A,-,01,23152,A,N,E,I,A,A,H,-,A,A,0,,,,,Y,Y,A,01,0,0,1,0,0,0,0,0,0,"- ","- ",37.640929999999997,-120.90718,STANISLAUS,UNINCORPORATED,-121.04155996,37.661979889999998
90411297,2017,2017-03-13,9465,2017-03-02,1505,019517,,4,2,9,5000,0,3,5,,2,050,"STUHR ROAD","DRAPER ROAD",0.00,,Y,A,-,N,,,,,,,,,,Y,3,0,2,2,A,-,12,22450,A,N,D,C,A,A,H,-,A,D,0,,,,,Y,,A,01,0,1,1,0,0,0,0,0,0,"- ","- ",37.333289999999998,-121.04921,STANISLAUS,UNINCORPORATED,-121.04925993000001,37.33324004
90412887,2017,2017-03-15,9465,2017-02-20,1225,015098,,1,1,9,5000,0,1,3,,2,012,"STATE ROUTE 132 (MAZE BOULEVARD)","GATES ROAD",0.00,,Y,B,C,Y,,,132,,,,,,,Y,3,0,2,2,A,-,09,21802,A,N,D,C,A,B,H,-,A,A,0,,,,Y,Y,,A,01,0,1,1,0,0,0,0,0,0,"- ","- ",37.637590000000003,-121.15884,STANISLAUS,UNINCORPORATED,-121.15883991,37.637826969999999
90415573,2017,2017-03-20,9465,2017-03-13,1813,018767,,1,2,9,5000,0,3,5,,2,050,"RIVER RD","HILLS FERRY ROAD",10.00,N,N,A,-,N,,,,,,,,,,N,4,0,1,2,A,-,03,22350,,N,C,C,A,A,H,-,A,A,0,,,,,Y,,A,01,0,0,1,0,0,0,0,0,0,"- ","- ",37.3461,-120.97832,STANISLAUS,UNINCORPORATED,-120.97808173999999,37.346310580000001
90416232,2017,2017-03-21,9465,2017-03-13,0140,015290,,1,3,9,5000,0,2,4,,2,026,"CLARIBEL ROAD","ROSELLE AVENUE",1056.00,W,N,A,-,N,,,,,,,,,,Y,2,0,2,2,A,-,05,21460,A,N,A,C,A,A,H,-,D,D,0,,,,,Y,,A,01,2,0,0,0,0,0,0,0,0,"- ","- ",37.710920000000002,-120.94409,STANISLAUS,UNINCORPORATED,-120.94373028,37.710940000000001
90417100,2017,2017-03-22,9465,2017-03-17,1520,019713,,5,2,9,5000,0,3,5,,2,030,"LAKE ROAD","ROBERTS FERRY ROAD",4224.00,E,N,A,-,N,,,,,,,,,,Y,3,0,1,1,A,-,03,22350,,N,F,A,A,A,H,-,A,D,0,,,,,Y,,A,07,0,1,0,0,0,0,0,0,0,"- ","- ",37.624870000000001,-120.6024,STANISLAUS,UNINCORPORATED,-120.60244475,37.624829460000001
90418895,2017,2017-03-23,9465,2017-03-21,2120,015596,,2,2,9,5000,0,3,5,,2,040,"SHILOH ROAD","PARADISE ROAD",4224.00,S,N,A,-,N,,,,,,,,,,Y,3,0,1,1,A,-,01,23152,A,N,E,J,A,A,H,-,A,D,0,,,,,Y,Y,A,01,0,1,0,0,0,0,0,0,0,"- ","- ",37.596989999999998,-121.1341,STANISLAUS,UNINCORPORATED,-121.13416506999999,37.597771119999997
90421258,2017,2017-03-27,9465,2017-03-19,1245,018998,,7,1,6,5002,0,1,3,,2,041,"STATE ROUTE 99 (NORTHBOUND)","CROWS LANDING ROAD",572.00,N,N,A,-,Y,,,99,,,,,,,Y,3,0,1,1,A,-,03,22350,,N,F,A,A,A,H,-,A,D,0,,,Y,,Y,,C,02,0,1,0,0,0,0,0,0,1,"- ","- ",37.620399999999997,-120.995,STANISLAUS,MODESTO,-120.99493998,37.620435669999999
90421594,2017,2017-03-27,9465,2017-03-16,1725,017787,,4,2,9,5000,0,1,3,,2,041,"STATE ROUTE 99 (NORTHBOUND)","7TH STREET U/C",25.00,N,N,B,-,Y,,,99,,,,,,,N,4,0,1,3,A,-,04,21703,,N,C,C,A,A,H,-,A,D,0,,,,,Y,,A,01,0,0,1,0,0,0,0,0,0,"- ","- ",37.617019999999997,-120.98714,STANISLAUS,UNINCORPORATED,-120.98713696,37.617044989999997
90422107,2017,2017-03-28,9465,2017-03-20,1100,018825,,1,1,9,5000,0,3,5,,2,030,"7TH STREET","BLANKENBURG AVENUE",569.00,S,N,B,-,N,,,,,,,,,,Y,3,0,2,3,A,-,09,21801,A,N,D,C,A,A,H,-,A,D,0,,,,,Y,,A,07,0,1,1,0,0,0,0,0,0,"- ","- ",37.619799999999998,-120.98999999999999,STANISLAUS,UNINCORPORATED,-120.98983032,37.61971535
90422734,2017,2017-03-28,9465,2017-03-23,1217,018945,,4,1,9,5000,0,2,4,,2,042,"CROWS LANDING ROAD","WINMOORE WAY",245.00,S,N,A,-,N,,,,,,,,,,N,4,0,2,2,A,-,03,22350,,N,C,C,A,A,H,-,A,D,0,,,,,Y,,D,22,0,0,2,0,0,0,0,0,0,"- ","- ",37.604759999999999,-120.99366999999999,STANISLAUS,UNINCORPORATED,-120.99354,37.604657510000003
90422833,2017,2017-03-28,9465,2017-02-24,2210,020587,,5,3,9,5000,0,3,5,,2,020,"RIVER ROAD","CLEVELAND AVENUE",1761.00,W,N,A,-,N,,,,,,,,,,Y,1,1,0,1,A,-,01,23152,E,N,E,I,A,A,H,-,D,D,0,,,,,Y,,A,01,0,0,0,0,0,0,0,0,0,"- ","- ",37.778190000000002,-120.89031,STANISLAUS,UNINCORPORATED,-120.89020798999999,37.778098739999997
90424200,2017,2017-03-30,9465,2017-03-27,0525,020313,,1,3,9,5000,0,2,4,,2,024,"ALBERS ROAD","PATTERSON ROAD",300.00,S,N,B,-,N,,,,,,,,,,Y,4,0,1,2,A,-,08,22107,,N,D,C,A,A,H,-,D,D,0,,,,,Y,,A,01,0,0,1,0,0,0,0,0,0,"- ","- ",37.731560000000002,-120.83965999999999,STANISLAUS,UNINCORPORATED,-120.83956827,37.731956580000002
90426766,2017,2017-04-04,9465,2017-03-27,0845,018825,,1,1,9,5000,0,1,3,,2,011,"SR-99 NORTHOUND","HAMMETT ROAD",3500.00,S,N,A,-,Y,,,99,,,,,,,Y,3,0,2,2,A,-,03,22350,,N,C,C,A,A,H,-,A,D,0,,,,,Y,,A,01,0,1,1,0,0,0,0,0,0,"- ","- ",37.718499999999999,-121.0956,STANISLAUS,UNINCORPORATED,-121.09557312,37.718532099999997
90426955,2017,2017-04-04,9465,2017-03-26,1535,019713,,7,2,9,5000,0,1,3,,1,032,"STATE ROUTE 132","MART AVENUE",160.00,W,N,A,-,Y,,,132,,,,,,,Y,2,0,4,4,A,-,08,22107,,M,B,C,A,A,H,-,A,D,0,,,,,Y,,A,07,1,3,0,0,0,0,0,0,0,"- ","- ",37.6387,-120.80631,STANISLAUS,UNINCORPORATED,-120.80631096,37.63865114
90427171,2017,2017-04-04,9465,2017-03-28,1330,018767,,2,1,9,5000,0,3,5,,2,030,"SR-132 (YOSEMITE AVE.)","SANTA FE AVENUE",50.00,W,N,A,-,Y,,,132,,,,,,,Y,4,0,1,2,A,-,03,22350,,N,C,C,A,A,H,-,A,D,0,,,,,Y,,A,01,0,0,1,0,0,0,0,0,0,"- ","- ",37.638240000000003,-120.90397,STANISLAUS,UNINCORPORATED,-120.90397,37.638264040000003
90428487,2017,2017-04-05,9465,2017-03-29,0723,015398,,3,1,9,5000,0,3,5,,2,040,"HARDING AVE.","WASHINGTON RD.",0.00,,Y,A,-,N,,,,,,,,,,Y,4,0,3,2,A,-,09,21802,A,N,D,C,A,A,H,-,A,A,0,,,,,Y,,A,01,0,0,3,0,0,0,0,0,0,"- ","- ",37.463619999999999,-120.90351,STANISLAUS,UNINCORPORATED,-120.90363992,37.463579920000001
90430836,2017,2017-04-10,9465,2017-04-03,1600,019155,,1,2,9,5000,0,1,3,,2,011,"STATE ROUTE 99 (S/B)","HAMMETT ROAD",5280.00,S,N,A,-,Y,,,99,,,,,,,Y,4,0,1,2,A,-,03,22350,,N,C,C,A,A,H,-,A,D,0,,,,,Y,,A,01,0,0,1,0,0,0,0,0,0,"- ","- ",37.719290000000001,-121.09693,STANISLAUS,UNINCORPORATED,-121.09690834,37.719315870000003
90432812,2017,2017-04-12,9465,2017-03-28,1331,014737,,2,1,9,5000,0,1,3,,2,011,"STATE ROUTE 99 (SOUTHBOUND)","NORTH NINTH STREET",1100.00,N,N,A,-,Y,,,,,,,,,,Y,3,0,1,3,A,-,17,23114,A,F,E,J,A,A,H,-,A,D,0,,,,,Y,,-,99,0,1,0,0,0,0,0,0,0,"- ","- ",37.66292,-121.02744,STANISLAUS,UNINCORPORATED,-121.02724774000001,37.662897739999998
90432992,2017,2017-04-12,9465,2017-03-31,1740,019517,,5,2,9,5000,0,1,3,,2,052,"STATE ROUTE 132 (MAZE BOULEVARD)","RIVER ROAD/KASSON ROAD",0.00,,Y,A,-,Y,,,132,,,,,,,Y,4,0,2,4,A,-,09,21802,A,N,D,C,A,A,H,-,A,A,0,,,,,Y,,D,22,0,0,2,0,0,0,0,0,0,"- ","- ",37.63982,-121.24781,STANISLAUS,UNINCORPORATED,-121.24780114000001,37.639680470000002
90433875,2017,2017-04-13,9465,2017-04-12,2255,020599,,3,3,9,5000,0,3,5,,2,040,"MOFFETT ROAD","TURNER ROAD",620.00,S,N,A,-,N,,,,,,,,,,N,4,0,1,2,A,-,06,21750,,F,D,C,A,A,H,-,D,D,0,,,,,Y,,D,22,0,0,1,0,0,0,0,0,0,"- ","- ",37.56033,-120.94781,STANISLAUS,UNINCORPORATED,-120.9478999,37.560397360000003
90434135,2017,2017-04-13,9465,2017-04-05,1756,018767,,3,2,9,5000,0,1,3,,1,054,"STATE ROUTE 33","4TH STREET",0.00,,Y,A,-,Y,,,33,,,,,,,Y,3,0,1,2,A,-,09,21801,A,N,A,C,A,A,H,-,A,D,0,,,,,Y,,D,22,0,1,0,0,0,0,0,0,0,"- ","- ",37.394829999999999,-121.07297,STANISLAUS,UNINCORPORATED,-121.07298728000001,37.394816089999999
9043504,2020,2020-10-19,5002,2020-01-30,0919,11531,,4,5,6,5002,0,0,0,,0,043,"RT 132","MCCLURE AV",0.00,,Y,A,-,Y,STA,10,132,-,-,18.640,I,5,W,Y,2,0,1,2,A,-,12,21453,,N,D,C,A,A,H,-,A,A,0,,,,Y,Y,,F,55,1,0,0,0,0,0,0,0,0,"- ","- ",,,STANISLAUS,MODESTO,-120.92991638183594,37.638236999511719
90436980,2017,2017-04-18,9465,2017-04-08,0847,017340,,6,1,9,5000,0,1,3,,1,054,"STATE ROUTE 33","ANDERSON ROAD",0.00,,Y,B,-,Y,,,33,,,,,,,Y,3,0,1,2,A,-,01,23152,A,N,D,C,A,A,H,-,A,A,0,,,,Y,Y,Y,A,01,0,1,0,0,0,0,0,0,0,"- ","- ",37.361899999999999,-121.04585,STANISLAUS,UNINCORPORATED,-121.04585358999999,37.3618971
90437173,2017,2017-04-18,9465,2017-04-09,2155,017167,,7,2,5,5007,0,1,3,,2,041,"STATE ROUTE 99 (NORTHBOUND)","TAYLOR ROAD",2112.00,S,N,A,-,Y,,,99,,,,,,,Y,3,0,1,1,A,-,08,22107,,N,F,A,A,A,H,-,D,D,0,,,,,Y,,A,07,0,1,0,0,0,0,0,0,0,"- ","- ",37.530740000000002,-120.88975000000001,STANISLAUS,TURLOCK,-120.88974843,37.530740430000002
9043766,2020,2020-06-04,5002,2020-02-03,1343,13229,M495,1,5,6,5002,0,0,0,,0,032,"ROBERTSON RD","HAYS ST",0.00,,Y,A,-,N,,,,,,,,,,Y,4,0,1,2,A,-,08,22100,B,N,D,C,A,A,H,-,A,D,0,,,,,Y,,A,,0,0,1,0,0,0,0,0,0,"- ","- ",,,STANISLAUS,MODESTO,-121.01634216308594,37.613300323486328
9043774,2020,2020-06-04,5002,2020-02-01,1318,13060,084,6,5,6,5002,0,0,0,,0,062,"STANDFORD AV","TULLY RD",270.00,W,N,A,-,N,,,,,,,,,,N,4,0,1,2,A,-,21,22106,,N,C,C,A,A,H,-,A,A,0,,,,,Y,,-,,0,0,1,0,0,0,0,0,0,"- ","- ",,,STANISLAUS,MODESTO,-121.01344299316406,37.689353942871094
9043837,2020,2020-06-03,5002,2020-02-03,0750,13268,M271,1,5,6,5002,0,0,0,,0,081,"COFFEE RD","LUCERN AV",106.00,N,N,A,-,N,,,,,,,,,,Y,3,0,1,3,A,-,03,22350,,N,C,C,A,A,H,-,A,D,0,,,,,Y,,-,,0,1,0,0,0,0,0,0,0,"- ","- ",,,STANISLAUS,MODESTO,-120.97557067871094,37.652992248535156
90440905,2017,2017-04-24,9465,2017-04-14,0900,018825,,5,1,9,5000,0,2,4,,2,016,"CLARIBEL ROAD","MCHENRY AVENUE",30.00,E,N,B,-,N,,,,,,,,,,N,4,0,1,2,A,-,03,22350,,N,C,C,A,A,H,-,A,A,0,,,,,Y,,A,08,0,0,1,0,0,0,0,0,0,"- ","- ",37.710999999999999,-120.99469999999999,STANISLAUS,UNINCORPORATED,-120.99480629999999,37.711069500000001
90446465,2017,2017-05-01,9465,2017-04-19,2258,020374,,3,3,9,5000,0,1,3,,2,041,"STATE ROUTE 99 (SOUTHBOUND)","CANAL DRIVE",200.00,N,N,A,-,Y,,,99,,,,,,,Y,4,0,1,2,A,-,07,21658,A,N,C,C,A,A,H,-,D,D,0,,,,Y,Y,,A,07,0,0,1,0,0,0,0,0,0,"- ","- ",37.50027,-120.87421000000001,STANISLAUS,UNINCORPORATED,-120.87421986,37.500264700000002
90446499,2017,2017-05-01,9465,2017-04-20,1255,16320,,4,1,9,5000,0,3,5,,2,030,"LECKRON ROAD","GARNER ROAD",0.00,,Y,A,-,N,,,,,,,,,,Y,4,0,1,2,A,-,09,21802,A,N,D,C,A,A,H,-,A,A,0,,,,Y,Y,,A,01,0,0,1,0,0,0,0,0,0,"- ","- ",37.629179999999998,-120.92301,STANISLAUS,UNINCORPORATED,-120.92304996,37.629169949999998