CASE_ID,ACCIDENT_YEAR,PROC_DATE,JURIS,COLLISION_DATE,COLLISION_TIME,OFFICER_ID,REPORTING_DISTRICT,DAY_OF_WEEK,CHP_SHIFT,POPULATION,CNTY_CITY_LOC,SPECIAL_COND,BEAT_TYPE,CHP_BEAT_TYPE,CITY_DIVISION_LAPD,CHP_BEAT_CLASS,BEAT_NUMBER,PRIMARY_RD,SECONDARY_RD,DISTANCE,DIRECTION,INTERSECTION,WEATHER_1,WEATHER_2,STATE_HWY_IND,CALTRANS_COUNTY,CALTRANS_DISTRICT,STATE_ROUTE,ROUTE_SUFFIX,POSTMILE_PREFIX,POSTMILE,LOCATION_TYPE,RAMP_INTERSECTION,SIDE_OF_HWY,TOW_AWAY,COLLISION_SEVERITY,NUMBER_KILLED,NUMBER_INJURED,PARTY_COUNT,PRIMARY_COLL_FACTOR,PCF_CODE_OF_VIOL,PCF_VIOL_CATEGORY,PCF_VIOLATION,PCF_VIOL_SUBSECTION,HIT_AND_RUN,TYPE_OF_COLLISION,MVIW,PED_ACTION,ROAD_SURFACE,ROAD_COND_1,ROAD_COND_2,LIGHTING,CONTROL_DEVICE,CHP_ROAD_TYPE,PEDESTRIAN_ACCIDENT,BICYCLE_ACCIDENT,MOTORCYCLE_ACCIDENT,TRUCK_ACCIDENT,NOT_PRIVATE_PROPERTY,ALCOHOL_INVOLVED,STWD_VEHTYPE_AT_FAULT,CHP_VEHTYPE_AT_FAULT,COUNT_SEVERE_INJ,COUNT_VISIBLE_INJ,COUNT_COMPLAINT_PAIN,COUNT_PED_KILLED,COUNT_PED_INJURED,COUNT_BICYCLIST_KILLED,COUNT_BICYCLIST_INJURED,COUNT_MC_KILLED,COUNT_MC_INJURED,PRIMARY_RAMP,SECONDARY_RAMP,LATITUDE,LONGITUDE,COUNTY,CITY,POINT_X,POINT_Y
90448621,2017,2017-05-03,9465,2017-04-27,0635,014737,,4,1,9,5000,0,1,3,,2,011,"STATE ROUTE 99 (NORTHBOUND)","HAMMETT ROAD",2640.00,S,N,A,-,Y,,,99,,,,,,,Y,4,0,2,2,A,-,03,22350,,N,C,C,A,A,H,-,A,D,0,,,,,Y,,A,01,0,0,2,0,0,0,0,0,0,"- ","- ",37.719589999999997,-121.09695000000001,STANISLAUS,UNINCORPORATED,-121.09690316,37.719645929999999
9044982,2020,2020-10-19,5002,2020-01-29,0739,11136,M415,3,5,6,5002,0,0,0,,0,041,"I ST","RT 132",5.00,W,N,B,-,Y,STA,10,132,-,L,15.240,I,5,E,N,2,0,1,2,A,-,10,21950,A,N,G,B,B,A,H,-,A,A,0,Y,,,,Y,,-,,1,0,0,0,1,0,0,0,0,"- ","- ",,,STANISLAUS,MODESTO,-121.00101470947266,37.639568328857422
9044986,2020,2020-10-19,5002,2020-01-30,1850,13132,054,4,5,6,5002,0,0,0,,0,083,"SYLVAN AV","RT 108",200.00,E,N,A,-,Y,STA,10,108,-,-,26.060,I,6,E,N,4,0,1,2,A,-,07,21658,A,N,B,C,A,A,H,-,C,D,0,,,,,Y,,-,,0,0,1,0,0,0,0,0,0,"- ","- ",,,STANISLAUS,MODESTO,-120.99439239501953,37.688915252685547
90450682,2017,2017-05-08,9465,2017-04-26,2146,018778,,3,2,9,5000,0,3,5,,2,040,"FULKERTH ROAD","CROWS LANDING ROAD",4200.00,W,N,A,-,N,,,,,,,,,,Y,4,0,2,2,A,-,06,21755,,N,B,C,A,A,H,-,D,D,0,,,,,Y,,A,01,0,0,2,0,0,0,0,0,0,"- ","- ",37.507649999999998,-121.0107,STANISLAUS,UNINCORPORATED,-120.99462,37.507530000000003
90450697,2017,2017-05-08,9465,2017-04-30,2228,020190,,7,3,9,5000,0,1,3,,1,032,"SR-132 E/B","BLOSSOM ROAD",350.00,E,N,A,-,Y,,,132,,,,,,E,Y,4,0,1,1,A,-,08,22107,,N,E,I,A,A,H,-,D,D,0,,,,,Y,,A,01,0,0,1,0,0,0,0,0,0,"- ","- ",37.638350000000003,-120.79546000000001,STANISLAUS,UNINCORPORATED,-120.79545873000001,37.63844126
90452440,2017,2017-05-09,9465,2017-05-01,0715,014658,,1,1,9,5000,0,2,4,,2,016,"CLARIBEL ROAD","OAKDALE ROAD",0.00,,Y,A,-,N,,,,,,,,,,Y,4,0,1,2,D,-,00,,,N,D,C,A,A,H,-,A,A,0,,,,,Y,,-,"- ",0,0,1,0,0,0,0,0,0,"- ","- ",37.710700000000003,-120.95820000000001,STANISLAUS,UNINCORPORATED,-120.9583799,37.710969970000001
90453340,2017,2017-05-10,9465,2017-05-02,0941,014588,,2,1,9,5000,0,1,3,,1,054,"STATE ROUTE 33","STUHR ROAD",0.00,,Y,A,-,Y,,,33,,,,,,,Y,2,0,1,2,A,-,12,22450,A,N,D,C,A,A,H,-,A,A,0,,,,Y,Y,Y,A,08,1,0,0,0,0,0,0,0,0,"- ","- ",37.332999999999998,-121.02734,STANISLAUS,UNINCORPORATED,-121.02738855,37.332981099999998
90453753,2017,2017-05-11,9465,2017-04-29,1923,020362,,6,2,9,5000,0,1,3,,1,032,"STATE ROUTE 132 (YOSEMITE BLVD)","HOPPER ROAD",800.00,E,N,A,-,Y,,,132,,,,,,,N,3,0,1,2,A,-,01,23152,A,M,D,E,A,A,H,-,A,D,0,,,,,Y,Y,D,22,0,1,0,0,0,0,0,0,0,"- ","- ",37.6387,-120.8266,STANISLAUS,UNINCORPORATED,-120.82660002999999,37.638727770000003
90454247,2017,2017-05-11,9465,2017-04-29,1310,014737,,6,1,9,5000,0,1,3,,2,023,"STATE ROUTE 108","MESA DRIVE",140.00,E,N,A,-,Y,,,108,,,,,,,Y,4,0,1,2,A,-,04,21703,,N,C,C,A,A,H,-,A,D,0,,,,,Y,,A,01,0,0,1,0,0,0,0,0,0,"- ","- ",37.74004,-120.91873,STANISLAUS,UNINCORPORATED,-120.91873551,37.740042420000002
90457127,2017,2017-05-16,9465,2017-05-10,0815,014658,,3,1,9,5000,0,1,3,,1,032,"STATE ROUTE 132","CHURCH STREET",0.00,,Y,A,-,Y,,,132,,,,,,,N,4,0,1,2,A,-,09,21802,A,N,D,C,A,A,H,-,A,A,0,,,,,Y,,A,07,0,0,1,0,0,0,0,0,0,"- ","- ",37.638300000000001,-120.9021,STANISLAUS,UNINCORPORATED,-120.90209981,37.638275550000003
9045739,2020,2020-06-10,5001,2020-02-02,1553,831,B204,7,5,4,5001,0,0,0,,0,003,"MITCHELL RD",FOWLER,630.00,N,N,A,-,N,,,,,,,,,,Y,3,0,1,2,A,-,03,22350,,N,C,C,A,A,H,-,A,A,0,,,,,Y,,A,01,0,1,0,0,0,0,0,0,0,"- ","- ",37.594139099121094,-120.93869018554688,STANISLAUS,CERES,-120.93872833251953,37.603740692138672
90458354,2017,2017-05-18,9465,2017-05-05,2220,014913,,5,3,9,5000,0,1,3,,2,041,"SR 99 (SOUTHBOUND) FROM MITCHELL ROAD","MITCHELL ROAD",50.00,S,N,A,-,Y,,,99,,,,R,,,Y,2,0,1,2,A,-,03,22350,,N,C,C,A,A,H,-,C,D,0,,,,,Y,,A,01,1,0,0,0,0,0,0,0,0,"- ","- ",37.575600000000001,-120.93875,STANISLAUS,UNINCORPORATED,-120.93875,37.575600000000001
90458358,2017,2017-05-18,9465,2017-05-10,1709,018274,,3,2,9,5000,0,1,1,,2,055,"INTERSTATE 5 (S/B) TO SPERRY AVENUE","DEL PUERTO CANYON ROAD",207.00,N,N,A,-,Y,,,5,,,,R,,,Y,4,0,1,2,A,-,21,22106,,N,C,C,A,A,H,-,A,D,0,,,,,Y,,A,07,0,0,1,0,0,0,0,0,0,"- ","- ",37.46405,-121.18134999999999,STANISLAUS,UNINCORPORATED,-121.18134999999999,37.46405
90460443,2017,2017-05-22,9465,2017-05-16,0740,020486,,2,1,9,5000,0,3,5,,2,030,"GOLDEN STATE BLVD","EAST KEYS ROAD",422.00,N,N,A,-,N,,,,,,,,,,Y,4,0,1,4,A,-,03,22350,,N,C,C,A,A,H,-,A,A,0,,,,,Y,,A,01,0,0,1,0,0,0,0,0,0,"- ","- ",37.549630000000001,-120.90322,STANISLAUS,UNINCORPORATED,-120.90306078,37.549538300000002
9046181,2020,2020-02-21,5007,2020-01-31,0725,5786,5007,5,5,5,5007,0,0,0,,0,004,"WINTERHAVEN DR","TELLURIDE LN",0.00,,Y,A,-,N,,,,,,,,,,N,4,0,1,2,A,-,10,21950,A,N,G,B,B,A,H,-,A,D,0,Y,,,,Y,,A,08,0,0,1,0,1,0,0,0,0,"- ","- ",,,STANISLAUS,TURLOCK,-120.86773681640625,37.525428771972656
9046268,2020,2020-02-21,5007,2020-01-24,1458,5786,5007,5,5,5,5007,0,0,0,,0,002,"N QUINCY RD","OPPELT WY",0.00,,Y,A,-,N,,,,,,,,,,Y,4,0,1,2,A,-,09,21802,A,N,A,C,A,A,H,-,A,D,0,,,Y,,Y,,A,01,0,0,1,0,0,0,0,0,0,"- ","- ",,,STANISLAUS,TURLOCK,-120.82147216796875,37.494228363037109
90463584,2017,2017-05-25,9465,2017-03-18,0148,020952,,6,3,9,5000,0,1,3,,2,011,"STATE ROUTE 99 (NORTHBOUND)","KANSAS AVENUE",1584.00,N,N,A,-,Y,,,99,,,,,,,Y,2,0,2,1,A,-,01,23152,A,N,E,I,A,A,H,-,D,D,0,,,,,Y,Y,A,01,1,1,0,0,0,0,0,0,0,"- ","- ",37.649999999999999,-121.02119999999999,STANISLAUS,UNINCORPORATED,-121.02126026000001,37.649928889999998
90466282,2017,2017-05-29,9465,2017-05-05,1550,017787,,5,2,9,5000,0,3,5,,2,020,"SIERRA ROAD","WREN ROAD",1742.00,E,N,A,-,N,,,,,,,,,,Y,4,0,1,2,A,-,03,22350,,M,C,C,A,A,H,-,A,D,0,,,,,Y,,A,01,0,0,1,0,0,0,0,0,0,"- ","- ",37.761870000000002,-120.801,STANISLAUS,UNINCORPORATED,-120.80105464,37.76188664
90466355,2017,2017-05-29,9465,2017-05-20,1432,019553,,6,2,9,5000,0,2,4,,2,044,"S CARPENTER ROAD","CROWS LANDING ROAD",11088.00,N,N,A,-,N,,,,,,,,,,Y,3,0,2,2,A,-,06,21750,,N,C,C,A,A,H,-,A,D,0,,,,,Y,,A,01,0,2,0,0,0,0,0,0,0,"- ","- ",37.47343,-121.03084,STANISLAUS,UNINCORPORATED,-121.03094716,37.458884449999999
90469151,2017,2017-06-01,9465,2017-05-26,0540,014588,,5,3,9,5000,0,1,1,,2,055,"INTERSTATE 5 (NORTHBOUND)","KHALSA ROAD",750.00,S,N,B,-,Y,,,5,,,,,,,N,4,0,1,2,A,-,08,22107,,N,C,C,A,B,H,-,A,D,0,,,,,Y,,D,22,0,0,1,0,0,0,0,0,0,"- ","- ",37.563690000000001,-121.2979,STANISLAUS,UNINCORPORATED,-121.29794542,37.563630860000004
90469648,2017,2017-06-02,9465,2017-05-18,1700,019161,,4,2,6,5002,0,1,3,,2,011,"SR-99 (S/B) FROM BECKWITH ROAD","BECKWITH ROAD",300.00,S,N,A,-,Y,,,99,,,,R,,,Y,4,0,1,2,A,-,04,21703,,N,C,C,A,A,H,-,A,D,0,,,,,Y,,A,01,0,0,1,0,0,0,0,0,0,"- ","- ",37.68271,-121.05249000000001,STANISLAUS,MODESTO,-121.05249000000001,37.68271
90473249,2017,2017-06-07,9465,2017-05-29,1520,019553,,1,2,9,5000,0,1,1,,2,055,"INTERSTATE 5 (S/B)","INGRAM CREEK ROAD",300.00,S,N,A,-,Y,,,5,,,,,,,Y,3,0,1,2,A,-,03,22350,,N,C,C,A,A,H,-,A,D,0,,,,,Y,,A,01,0,1,0,0,0,0,0,0,0,"- ","- ",37.538589999999999,-121.26582999999999,STANISLAUS,UNINCORPORATED,-121.2659093,37.538491999999998
90473486,2017,2017-06-08,9465,2017-05-27,1135,018768,,6,1,9,5000,0,2,4,,2,044,"CARPENTER ROAD","TAYLOR ROAD",898.00,N,N,A,-,N,,,,,,,,,,Y,3,0,2,2,A,-,03,22350,,N,A,C,A,A,H,-,A,D,0,,,,,Y,,A,01,0,1,1,0,0,0,0,0,0,"- ","- ",37.539119999999997,-121.03042000000001,STANISLAUS,UNINCORPORATED,-121.03025,37.539189069999999
90474176,2017,2017-06-08,9465,2017-06-06,1630,017787,,2,2,9,5000,0,3,5,,2,020,"LA GRANGE ROAD","COOPERSTOWN ROAD",385.00,N,N,A,-,N,,,,,,,,,,Y,4,0,1,1,A,-,01,23152,A,N,E,I,A,A,H,-,A,D,0,,,,,Y,Y,A,01,0,0,1,0,0,0,0,0,0,"- ","- ",37.682580000000002,-120.46921,STANISLAUS,UNINCORPORATED,-120.46922159,37.682533800000002
90474430,2017,2017-06-09,9465,2017-05-31,0730,014658,,3,1,9,5000,0,3,5,,2,010,"PATTERSON ROAD","CRANE ROAD",0.00,,Y,B,C,N,,,,,,,,,,Y,4,0,2,2,A,-,08,22107,,N,D,C,A,B,H,-,B,A,0,,,,,Y,,D,22,0,0,2,0,0,0,0,0,0,"- ","- ",37.732799999999997,-120.88120000000001,STANISLAUS,UNINCORPORATED,-120.88123988,37.732799989999997
90475530,2017,2017-06-12,9465,2017-05-16,1055,020486,,2,1,9,5000,0,3,5,,2,030,"9TH STREET","WISENOR AVENUE",0.00,,Y,A,-,N,,,,,,,,,,Y,3,0,2,2,A,-,09,21802,A,N,D,C,A,A,H,-,A,D,0,,,,,Y,,A,01,0,1,1,0,0,0,0,0,0,"- ","- ",37.624450000000003,-120.98663999999999,STANISLAUS,UNINCORPORATED,-120.98654986,37.624449970000001
90475664,2017,2017-06-12,9465,2017-06-02,1418,019517,,5,2,6,5002,0,1,3,,2,011,SR-99,"KANSAS AVENUE",480.00,N,N,A,-,Y,,,99,,,,,,,Y,4,0,1,2,A,-,03,22350,,N,C,C,A,A,H,-,A,D,0,,,,,Y,,D,22,0,0,1,0,0,0,0,0,0,"- ","- ",37.64687,-121.01752,STANISLAUS,MODESTO,-121.01757566000001,37.646804439999997
90476003,2017,2017-06-12,9465,2017-06-03,0819,018945,,6,1,9,5000,0,1,3,,2,021,"STATE ROUTE 120","RIVER ROAD",348.00,N,N,A,-,Y,,,120,,,,,,,Y,4,0,1,3,A,-,03,22350,,N,C,C,A,A,H,-,A,A,0,,,,,Y,,A,07,0,0,1,0,0,0,0,0,0,"- ","- ",37.784489999999998,-120.85915,STANISLAUS,UNINCORPORATED,-120.85905264,37.784609400000001
90476229,2017,2017-06-12,9465,2017-06-03,1735,019553,,6,2,9,5000,0,3,5,,2,030,"DAVIS ROAD","LAKE ROAD",4000.00,E,N,A,-,N,,,,,,,,,,Y,4,0,1,1,A,-,01,23152,A,M,E,I,A,A,H,-,A,D,0,,,,,Y,Y,D,22,0,0,1,0,0,0,0,0,0,"- ","- ",37.616370000000003,-120.60478999999999,STANISLAUS,UNINCORPORATED,-120.60462217,37.61630589
9047964,2020,2020-06-11,5007,2020-02-06,0749,5790,5007,4,5,5,5007,0,0,0,,0,005,"FULKERTH RD","GOLDEN STATE BL",99.00,W,N,A,-,N,,,,,,,,,,Y,4,0,1,3,A,-,03,22350,,N,C,C,A,A,H,-,A,A,0,,,,,Y,,D,22,0,0,1,0,0,0,0,0,0,"- ","- ",,,STANISLAUS,TURLOCK,-120.86147800000001,37.507306999999997
90483229,2017,2017-06-21,9465,2017-06-09,1624,018457,,5,2,9,5000,0,1,3,,2,011,"STATE ROUTE 99 (SOUTHBOUND)","BRIGGSMORE AVENUE",514.00,N,N,A,-,Y,,,,,,,,,,Y,4,0,2,3,A,-,03,22350,,N,C,C,A,A,H,-,A,D,0,,,,,Y,,A,07,0,0,2,0,0,0,0,0,0,"- ","- ",37.666780000000003,-121.03294,STANISLAUS,UNINCORPORATED,,
90483533,2017,2017-06-22,9465,2017-05-28,0240,020599,,7,3,9,5000,0,3,5,,2,050,"EAST LAS PALMAS AVENUE","HARTLEY STREET",809.00,E,N,A,-,N,,,,,,,,,,Y,1,1,2,1,A,-,01,23152,F,N,E,I,A,A,H,-,D,D,0,,,,,Y,,A,01,0,2,0,0,0,0,0,0,0,"- ","- ",37.476370000000003,-121.11968,STANISLAUS,UNINCORPORATED,-121.11915827999999,37.476580720000001
90490094,2017,2017-06-28,9465,2017-06-17,1237,018767,,6,1,9,5000,0,1,1,,2,055,"INTERSTATE 5",SR-140,12672.00,N,N,A,-,Y,,,5,,,,,,,Y,2,0,1,1,A,-,01,23152,F,N,E,I,A,A,H,-,A,D,0,,,,,Y,,A,01,1,0,0,0,0,0,0,0,0,"- ","- ",37.294289999999997,-121.10138000000001,STANISLAUS,UNINCORPORATED,-121.10142630999999,37.29427819
90490968,2017,2017-06-29,9465,2017-06-06,0636,013647,,2,1,9,5000,0,2,4,,2,043,"WEAST MAIN STREET","CROWS LANDING ROAD",0.00,,N,A,-,N,,,,,,,,,,Y,4,0,2,2,A,-,08,22107,,N,D,C,A,A,H,-,A,D,0,,,,Y,Y,,A,01,0,0,2,0,0,0,0,0,0,"- ","- ",37.493200000000002,-121.0125,STANISLAUS,UNINCORPORATED,-120.99455989,37.492989979999997
90491116,2017,2017-06-29,9465,2017-06-17,1900,018998,,6,2,9,5000,0,2,4,,2,044,"CARPENTER ROAD","CROWS LANDING ROAD",1400.00,N,N,A,-,N,,,,,,,,,,Y,4,0,1,2,A,-,03,22350,,N,C,C,A,A,H,-,A,D,0,,,,,Y,,A,01,0,0,1,0,0,0,0,0,0,"- ","- ",37.435679999999998,-121.01494,STANISLAUS,UNINCORPORATED,-121.01495977,37.435724700000002
90491793,2017,2017-06-30,9465,2017-06-20,1605,019517,,2,2,9,5000,0,3,5,,2,010,SR-132,"CARPENTER ROAD",560.00,W,N,A,-,Y,,,132,,,,,,,N,4,0,1,2,A,-,03,22350,,N,C,C,A,A,H,-,A,D,0,,,,,Y,,A,01,0,0,1,0,0,0,0,0,0,"- ","- ",37.63861,-121.03274,STANISLAUS,UNINCORPORATED,-121.03274058,37.638664259999999
90492543,2017,2017-07-03,9465,2017-06-20,1402,018457,,2,2,6,5002,0,1,3,,2,011,"STATE ROUTE 99 (NORTHBOUND)","SIERRA DRIVE",10.00,N,N,A,-,Y,,,99,,,,,,,N,4,0,2,2,A,-,03,22350,,N,C,C,A,A,H,-,A,D,0,,,,,Y,,D,22,0,0,2,0,0,0,0,0,0,"- ","- ",37.630859999999998,-120.99766,STANISLAUS,MODESTO,-120.99768019,37.630850289999998
90492793,2017,2017-07-03,9465,2017-06-22,1445,019517,,4,2,9,5000,0,3,5,,2,050,"SYCAMORE AVENUE","MAGNOLIA AVENUE",528.00,S,N,A,-,N,,,,,,,,,,Y,3,0,1,2,A,-,06,21750,,N,C,C,A,A,H,-,A,D,0,,,,,Y,,D,22,0,1,0,0,0,0,0,0,0,"- ","- ",37.509630000000001,-121.13439,STANISLAUS,UNINCORPORATED,-121.13441849,37.50977477
90493948,2017,2017-07-05,9465,2017-06-23,0212,020374,,5,3,9,5000,0,3,5,,2,030,"ROHDE ROAD","REDWOOD ROAD",0.00,,Y,A,-,N,,,,,,,,,,Y,2,0,2,2,A,-,01,23152,A,N,A,C,A,A,H,-,C,A,0,,,,,Y,Y,A,01,1,1,0,0,0,0,0,0,0,"- ","- ",37.342210000000001,-120.56056,STANISLAUS,UNINCORPORATED,-120.93479000000001,37.572749999999999
90494745,2017,2017-07-06,9465,2017-06-25,1612,018382,,7,2,9,5000,0,1,3,,2,052,"RIVER ROAD","STATE ROUTE 132 (MAZE BOULEVARD)",0.00,,Y,A,-,Y,,,,,,,,,,Y,3,0,4,2,A,-,09,21802,A,N,D,C,A,A,D,-,A,A,0,,,,,Y,,A,07,0,3,1,0,0,0,0,0,0,"- ","- ",37.63964,-121.24764,STANISLAUS,UNINCORPORATED,,
90494810,2017,2017-07-06,9465,2017-06-27,0430,015596,,2,3,9,5000,0,1,3,,2,012,SR-132,"PARADISE ROAD",0.00,,Y,A,-,Y,,,132,,,,,,,Y,4,0,1,2,A,-,09,21802,A,N,D,C,A,A,H,-,C,A,0,,,,Y,Y,,D,22,0,0,1,0,0,0,0,0,0,"- ","- ",37.637639999999998,-121.15884,STANISLAUS,UNINCORPORATED,-121.15883993,37.637826969999999
90495105,2017,2017-07-06,9465,2017-06-30,1227,018945,,5,1,9,5000,0,1,3,,1,032,"STATE ROUTE 132","A STREET",370.00,W,N,A,-,Y,,,132,,,,,,,N,4,0,2,2,A,-,03,22350,,N,C,C,A,A,H,-,A,D,0,,,,,Y,,A,01,0,0,2,0,0,0,0,0,0,"- ","- ",37.638330000000003,-120.90961,STANISLAUS,UNINCORPORATED,-120.9096098,37.638246649999999
90495739,2017,2017-07-07,9465,2017-06-23,2010,018998,,5,2,9,5000,0,3,5,,2,040,"HATCH ROAD","CARPENTER ROAD",20.00,E,N,A,-,N,,,,,,,,,,N,4,0,1,2,A,-,21,22106,,N,C,C,A,A,H,-,A,A,0,,,,,Y,,A,01,0,0,1,0,0,0,0,0,0,"- ","- ",37.607500000000002,-121.0301,STANISLAUS,UNINCORPORATED,-121.03037114,37.607343970000002
9049827,2020,2020-05-21,5001,2020-02-24,0717,818,D001,1,5,4,5001,0,0,0,,0,005,"EAST WHITMORE AV","9TH ST",16.00,E,N,A,-,N,,,,,,,,,,N,3,0,1,2,D,-,00,,,N,G,B,B,A,H,-,A,A,0,Y,,,,Y,,-,"- ",0,1,0,0,1,0,0,0,0,"- ","- ",37.594730377197266,-120.94783782958984,STANISLAUS,CERES,-120.94777679443359,37.594760894775391
90498396,2017,2017-07-11,9465,2017-07-02,1656,018778,,7,2,9,5000,0,1,3,,1,032,SR-132,"FLOTO STREET",0.00,,Y,A,-,Y,,,132,,,,,,,Y,4,0,1,2,A,-,09,21801,A,N,A,C,A,A,H,-,A,A,0,,,,,Y,,A,07,0,0,1,0,0,0,0,0,0,"- ","- ",37.661639999999998,-120.45962,STANISLAUS,UNINCORPORATED,-120.45956119,37.661670139999998
90499241,2017,2017-07-12,9465,2017-06-24,1600,019517,,6,2,5,5007,0,1,3,,2,041,SR-99,"W. MAIN STREET",3696.00,S,N,B,-,Y,,,99,,,,,,,Y,1,1,0,1,A,-,08,22107,,N,E,I,A,A,H,-,A,D,0,,,,,Y,,A,07,0,0,0,0,0,0,0,0,0,"- ","- ",37.482329999999997,-120.86462,STANISLAUS,TURLOCK,-120.86453027,37.48239719
90502061,2017,2017-07-17,9465,2017-07-05,1545,019517,,3,2,9,5000,0,1,3,,2,012,SR-132,"GATES ROAD",6348.00,W,N,A,-,Y,,,132,,,,,,,Y,3,0,1,2,A,-,07,21658,A,N,B,C,A,A,H,-,A,D,0,,,,,Y,,D,22,0,1,0,0,0,0,0,0,0,"- ","- ",37.637749999999997,-121.18249,STANISLAUS,UNINCORPORATED,-121.18248991,37.63784888
90502143,2017,2017-07-17,9465,2017-07-08,2101,020457,,6,2,9,5000,0,3,5,,2,040,"9TH STREET","PECOS AVENUE",195.00,S,N,A,-,N,,,,,,,,,,N,4,0,1,2,A,-,11,21954,A,F,G,B,D,A,H,-,C,D,0,Y,,,,Y,,N,60,0,0,1,0,1,0,0,0,0,"- ","- ",37.616079999999997,-120.9838,STANISLAUS,UNINCORPORATED,-120.98340924,37.6150892
90503312,2017,2017-07-18,9465,2017-07-11,0805,012845,,2,1,9,5000,0,1,1,,2,055,"INTERSTATE 5 (NORTHBOUND)","SPERRY AVENUE",1584.00,N,N,A,-,Y,,,5,,,,,,,Y,4,0,1,1,A,-,08,22107,,N,F,A,A,A,H,-,A,D,0,,,,,Y,,A,01,0,0,1,0,0,0,0,0,0,"- ","- ",37.46754,-121.18388,STANISLAUS,UNINCORPORATED,-121.18397079,37.467448050000002
90506329,2017,2017-07-26,9465,2017-03-18,0149,019152,,6,3,6,5002,0,1,3,,2,011,"STATE ROUTE 99 (NORTHBOUND)","KANSAS AVENUE",2088.00,N,N,A,-,Y,,,99,,,,,,,Y,1,1,1,4,A,-,01,23152,A,N,G,B,E,A,H,-,E,D,0,Y,,,,Y,Y,D,22,1,0,0,1,1,0,0,0,0,"- ","- ",37.649909999999998,-121.02084000000001,STANISLAUS,MODESTO,-121.02087906,37.649863859999996
90507960,2017,2017-07-25,9465,2017-07-14,1610,019517,,5,2,9,5000,0,1,1,,2,055,"I-5 S/B TO INGRAM CREEK ROAD","INGRAM CREEK ROAD",45.00,N,N,A,-,Y,,,5,,,,R,,S,N,4,0,1,2,A,-,21,22106,,N,C,C,A,A,H,-,A,D,0,,,,,Y,,A,01,0,0,1,0,0,0,0,0,0,"- ","- ",37.539839999999998,-121.26826,STANISLAUS,UNINCORPORATED,-121.26826,37.539839999999998
90508542,2017,2017-07-26,9465,2017-07-15,2010,020651,,6,2,9,5000,0,3,5,,2,030,"MAIN STREET","MADERA AVENUE",205.00,E,N,A,-,N,,,,,,,,,,N,3,0,1,2,A,-,11,21954,A,N,G,B,D,A,H,-,C,D,0,Y,,,,Y,,N,60,0,1,0,0,1,0,0,0,0,"- ","- ",37.525039999999997,-120.79818,STANISLAUS,UNINCORPORATED,-120.797791,37.525434570000002
90511618,2017,2017-07-28,9465,2017-07-15,1725,019713,,6,2,9,5000,0,2,4,,2,058,"LAS PALMAS AVENUE","JENNINGS ROAD",2640.00,W,N,A,-,N,,,,,,,,,,Y,2,0,1,1,A,-,08,22107,,N,E,I,A,A,H,-,A,D,0,,,,,Y,,A,01,1,0,0,0,0,0,0,0,0,"- ","- ",37.494729999999997,-121.0784,STANISLAUS,UNINCORPORATED,-121.076149,37.495477999999999
90514233,2017,2017-08-01,9465,2017-07-21,1325,018945,,5,1,9,5000,0,1,3,,2,041,"STATE ROUTE 99 (NORTHBOUND)","GOLF ROAD",450.00,S,N,A,-,Y,,,99,,,,,,,Y,4,0,2,3,A,-,03,22350,,N,C,C,A,A,C,-,A,D,0,,,,,Y,,A,08,0,0,2,0,0,0,0,0,0,"- ","- ",37.46613,-120.82935000000001,STANISLAUS,UNINCORPORATED,-120.82939093,37.466025950000002
90514255,2017,2017-08-01,9465,2017-07-17,0950,020313,,1,1,6,5002,0,3,5,,2,010,"CARPENTER ROAD","PARADISE ROAD",0.00,,Y,A,-,N,,,,,,,,,,N,4,0,1,2,A,-,12,21453,A,N,D,C,A,A,H,-,A,D,0,,,,,Y,,A,01,0,0,1,0,0,0,0,0,0,"- ","- ",37.621659999999999,-121.03035,STANISLAUS,MODESTO,-121.03038995,37.616479900000002
90515208,2017,2017-08-02,9465,2017-07-22,1515,019517,,6,2,4,5001,0,1,3,,2,041,SR-99,"HATCH ROAD",2112.00,S,N,A,-,Y,,,99,,,,,,,N,4,0,1,3,A,-,07,21658,A,N,C,C,A,A,H,-,A,D,0,,,,,Y,,-,99,0,0,1,0,0,0,0,0,0,"- ","- ",37.604089999999999,-120.97110000000001,STANISLAUS,CERES,-120.97106015999999,37.604135470000003
90515568,2017,2017-10-18,9465,2017-07-19,1610,019161,,3,2,9,5000,0,3,5,,2,050,"STUHR ROAD","EASTIN ROAD",0.00,,Y,A,-,N,,,,,,,,,,Y,3,0,2,2,A,-,09,21802,A,N,D,C,A,A,H,-,A,D,0,,,,,Y,,D,22,0,2,0,0,0,0,0,0,0,"- ","- ",37.333370000000002,-121.06761,STANISLAUS,UNINCORPORATED,-121.06747991,37.333350090000003
90516762,2017,2017-08-04,9465,2017-07-28,2345,018998,,5,3,5,5007,0,1,3,,2,041,"SR-99 (N/B) TO SR-165 (LANDER AVENUE)","LANDER AVENUE",800.00,S,N,A,-,Y,,,99,,,,R,,,Y,4,0,1,1,A,-,08,22107,,N,F,A,A,A,H,-,D,D,0,,,,,Y,,A,01,0,0,1,0,0,0,0,0,0,"- ","- ",37.472499999999997,-120.84529999999999,STANISLAUS,TURLOCK,-120.84529999999999,37.472499999999997