CASE_ID,ACCIDENT_YEAR,PROC_DATE,JURIS,COLLISION_DATE,COLLISION_TIME,OFFICER_ID,REPORTING_DISTRICT,DAY_OF_WEEK,CHP_SHIFT,POPULATION,CNTY_CITY_LOC,SPECIAL_COND,BEAT_TYPE,CHP_BEAT_TYPE,CITY_DIVISION_LAPD,CHP_BEAT_CLASS,BEAT_NUMBER,PRIMARY_RD,SECONDARY_RD,DISTANCE,DIRECTION,INTERSECTION,WEATHER_1,WEATHER_2,STATE_HWY_IND,CALTRANS_COUNTY,CALTRANS_DISTRICT,STATE_ROUTE,ROUTE_SUFFIX,POSTMILE_PREFIX,POSTMILE,LOCATION_TYPE,RAMP_INTERSECTION,SIDE_OF_HWY,TOW_AWAY,COLLISION_SEVERITY,NUMBER_KILLED,NUMBER_INJURED,PARTY_COUNT,PRIMARY_COLL_FACTOR,PCF_CODE_OF_VIOL,PCF_VIOL_CATEGORY,PCF_VIOLATION,PCF_VIOL_SUBSECTION,HIT_AND_RUN,TYPE_OF_COLLISION,MVIW,PED_ACTION,ROAD_SURFACE,ROAD_COND_1,ROAD_COND_2,LIGHTING,CONTROL_DEVICE,CHP_ROAD_TYPE,PEDESTRIAN_ACCIDENT,BICYCLE_ACCIDENT,MOTORCYCLE_ACCIDENT,TRUCK_ACCIDENT,NOT_PRIVATE_PROPERTY,ALCOHOL_INVOLVED,STWD_VEHTYPE_AT_FAULT,CHP_VEHTYPE_AT_FAULT,COUNT_SEVERE_INJ,COUNT_VISIBLE_INJ,COUNT_COMPLAINT_PAIN,COUNT_PED_KILLED,COUNT_PED_INJURED,COUNT_BICYCLIST_KILLED,COUNT_BICYCLIST_INJURED,COUNT_MC_KILLED,COUNT_MC_INJURED,PRIMARY_RAMP,SECONDARY_RAMP,LATITUDE,LONGITUDE,COUNTY,CITY,POINT_X,POINT_Y
91552760,2021,2021-08-24,9465,2021-04-03,0224,021337,,6,3,9,5000,0,1,3,,2,011,"STATE ROUTE 99 (SOUTHBOUND)","HAMMETT ROAD",4224.00,S,N,A,-,Y,,,99,,,,,,,Y,1,1,1,5,A,-,11,21954,A,N,G,B,D,A,H,-,D,D,0,Y,,,Y,Y,,N,60,0,1,0,1,0,0,0,0,0,"- ","- ",37.716049194335938,-121.09304809570312,STANISLAUS,UNINCORPORATED,-121.09303283691406,37.716075897216797
9155560,2020,2020-11-06,5006,2020-09-05,1137,S01836,MODES,6,5,3,5006,0,0,0,,0,RPD1,"HEARTLAND DR","OAKDALE RD",0.00,,Y,A,-,N,,,,,,,,,,N,3,0,1,2,A,-,11,21950,B,N,G,B,B,A,H,-,A,A,0,Y,,,,Y,,N,60,0,1,0,0,1,0,0,0,0,"- ","- ",,,STANISLAUS,RIVERBANK,-120.95845031738281,37.714630126953125
91556763,2021,2021-08-27,9465,2021-08-13,1028,019730,,5,1,9,5000,0,1,3,,2,041,"STATE ROUTE 99 (NORTHBOUND)","KEYES ROAD",1637.00,S,N,A,-,Y,,,99,,,,,,,Y,3,0,1,4,A,-,03,22350,,N,C,C,A,A,H,-,A,D,0,,,,,Y,,A,01,0,1,0,0,0,0,0,0,0,"- ","- ",37.544700622558594,-120.90110778808594,STANISLAUS,UNINCORPORATED,-120.90108489990234,37.544727325439453
91560693,2021,2021-09-01,9465,2021-08-19,1555,020457,,4,2,9,5000,0,3,5,,2,010,"SUN GLEN DRIVE","PIRRONE ROAD",11.00,N,N,A,-,N,,,,,,,,,,Y,3,0,1,2,A,-,08,22107,,N,D,C,A,A,H,-,A,A,0,,,,,Y,,J,48,0,1,0,0,0,0,0,0,0,"- ","- ",37.718330383300781,-121.08184814453125,STANISLAUS,UNINCORPORATED,-121.08184051513672,37.718238830566406
91562994,2021,2021-09-06,9465,2021-08-29,0410,021337,,7,3,9,5000,0,3,5,,2,040,"CENTRAL AVE","BRADBURY ROAD",1056.00,S,N,A,-,N,,,,,,,,,,Y,3,0,1,1,A,-,01,23152,A,N,F,A,A,A,H,-,D,D,0,,,,,Y,Y,D,22,0,1,0,0,0,0,0,0,0,"- ","- ",37.445888519287109,-120.95826721191406,STANISLAUS,UNINCORPORATED,-120.95820617675781,37.44635009765625
91563578,2021,2021-09-06,9465,2021-08-25,0745,019730,,3,1,9,5000,0,2,4,,2,044,"CARPENTER ROAD","TAYLOR ROAD",0.00,,Y,A,-,N,,,,,,,,,,Y,2,0,1,2,A,-,05,21752,D,N,A,C,A,A,H,-,A,A,0,,,,,Y,,A,01,1,0,0,0,0,0,0,0,0,"- ","- ",37.536670684814453,-121.03044891357422,STANISLAUS,UNINCORPORATED,-121.03044891357422,37.536739349365234
91566250,2021,2021-09-28,9465,2021-08-21,1800,020575,,6,2,9,5000,0,3,5,,2,040,"GRAYSON ROAD","SHILOH ROAD",0.00,,Y,A,-,N,,,,,,,,,,Y,2,0,3,2,A,-,09,21801,A,N,A,C,A,A,H,-,A,D,0,,,,,Y,,A,08,1,2,0,0,0,0,0,0,0,"- ","- ",37.563850402832031,-121.14054107666016,STANISLAUS,UNINCORPORATED,-121.14054107666016,37.563850402832031
91566311,2021,2021-09-09,9465,2021-08-31,0622,020260,,2,1,9,5000,0,3,5,,2,030,"KEYES ROAD","BERKELEY AVENUE",0.00,,Y,A,-,N,,,,,,,,,,Y,3,0,1,2,A,-,12,22450,A,N,D,C,A,A,H,-,A,A,0,,,,Y,Y,,F,25,0,1,0,0,0,0,0,0,0,"- ","- ",37.551071166992188,-120.82908630371094,STANISLAUS,UNINCORPORATED,-120.82872772216797,37.551124572753906
91567315,2021,2021-09-10,9465,2021-09-05,1145,018671,,7,1,9,5000,0,3,5,,2,020,"ORANGE BLOSSOM ROAD","ORANGEBLOSSOM COURT",560.00,E,N,A,-,N,,,,,,,,,,N,4,0,1,1,A,-,08,22107,,N,F,A,A,A,H,-,A,D,0,,,Y,,Y,,C,02,0,0,1,0,0,0,0,0,1,"- ","- ",37.800090789794922,-120.72714233398438,STANISLAUS,UNINCORPORATED,-120.72718048095703,37.799850463867188
91571041,2021,2021-09-15,9465,2021-04-21,0102,021636,,3,3,9,5000,0,1,1,,2,055,"INTERSTATE 5 (NORTHBOUND)","INGRAM CREEK ROAD",5808.00,S,N,A,-,Y,,,5,,,,,,,Y,1,1,1,3,A,-,03,22350,,N,C,D,A,A,H,-,D,D,0,,,,Y,Y,,G,25,0,0,1,0,0,0,0,0,0,"- ","- ",37.52947998046875,-121.254150390625,STANISLAUS,UNINCORPORATED,-121.25415802001953,37.529472351074219
91571273,2021,2021-09-15,9465,2021-09-02,0600,017966,,4,1,9,5000,0,1,3,,2,012,"STATE ROUTE 132","HART ROAD",200.00,E,N,A,-,Y,,,132,,,,,,,Y,4,0,1,2,A,-,05,21460,A,N,A,C,A,A,H,-,D,D,0,,,,,Y,,A,01,0,0,1,0,0,0,0,0,0,"- ","- ",37.637908935546875,-121.12148284912109,STANISLAUS,UNINCORPORATED,-121.12148284912109,37.637916564941406
91572958,2021,2021-09-17,9465,2021-09-11,1850,021066,,6,2,9,5000,0,3,5,,2,030,"WHITMORE AVENUE","QUINCY ROAD",525.00,W,N,A,-,N,,,,,,,,,,Y,4,0,1,2,A,-,03,22350,,N,C,C,A,A,H,-,A,D,0,,,,,Y,,A,01,0,0,1,0,0,0,0,0,0,"- ","- ",37.594680786132812,-120.82174682617188,STANISLAUS,UNINCORPORATED,-120.82170104980469,37.594703674316406
91574675,2021,2021-09-20,9465,2021-09-08,0856,019730,,3,1,9,5000,0,3,5,,2,030,"EAST AVENUE","SANTA FE AVENUE",75.00,W,N,A,-,N,,,,,,,,,,Y,3,0,1,2,C,-,18,,,N,H,F,A,A,H,-,A,A,0,,,,,Y,,-,"- ",0,1,0,0,0,0,0,0,0,"- ","- ",37.4923095703125,-120.76248931884766,STANISLAUS,UNINCORPORATED,-120.76210021972656,37.492271423339844
91575167,2021,2021-09-21,9465,2021-09-05,1003,018324,,7,1,9,5000,0,3,5,,2,010,SR-132,"GATES ROAD",7392.00,W,N,A,-,Y,,,132,,,,,,,N,2,0,1,1,A,-,08,22107,,N,E,I,A,A,H,-,A,D,0,,,,,Y,,A,01,1,0,0,0,0,0,0,0,0,"- ","- ",37.637920379638672,-121.18380737304688,STANISLAUS,UNINCORPORATED,-121.18380737304688,37.637851715087891
91576302,2021,2021-09-22,9465,2021-08-29,2000,020985,,7,2,9,5000,0,3,5,,2,030,"TENAYA DRIVE","KERR AVENUE",320.00,W,N,A,-,N,,,,,,,,,,Y,4,0,1,3,A,-,08,22107,,F,G,I,A,A,H,-,C,D,0,,,,,Y,,A,01,0,0,1,0,0,0,0,0,0,"- ","- ",37.633979797363281,-120.97244262695312,STANISLAUS,UNINCORPORATED,-120.97240447998047,37.633934020996094
91576305,2021,2021-09-22,9465,2021-09-09,1210,019517,,4,1,5,5007,0,1,3,,2,041,"SR-99 N/B","FULKETH ROAD",2640.00,N,N,A,-,Y,,,99,,,,,,N,Y,4,0,1,2,A,-,03,22350,,N,C,E,A,A,H,-,A,D,0,,,,,Y,,A,01,0,0,1,0,0,0,0,0,0,"- ","- ",37.514488220214844,-120.88146209716797,STANISLAUS,TURLOCK,-120.88148498535156,37.514476776123047
91576865,2021,2021-09-22,9465,2021-09-14,1505,020985,,2,2,9,5000,0,2,4,,2,026,"CLARIBEL ROAD","LANGWORTH ROAD",0.00,,Y,A,-,N,,,,,,,,,,Y,3,0,3,2,A,-,12,22450,A,N,D,C,A,A,H,-,A,A,0,,,,,Y,,A,01,0,1,2,0,0,0,0,0,0,"- ","- ",37.710990905761719,-120.89398193359375,STANISLAUS,UNINCORPORATED,-120.89398193359375,37.711017608642578
91577822,2021,2021-09-23,9465,2021-09-15,2340,021239,,3,3,9,5000,0,3,5,,2,040,"MORGAN ROAD","KEYES RD",2450.00,N,N,A,-,N,,,,,,,,,,N,3,0,1,1,A,-,08,22107,,N,E,I,A,A,H,-,D,D,0,,,,,Y,,A,01,0,1,0,0,0,0,0,0,0,"- ","- ",37.554210662841797,-120.97544860839844,STANISLAUS,UNINCORPORATED,-120.97540283203125,37.558017730712891
91578076,2021,2021-09-23,9465,2021-09-13,2030,021022,,1,2,9,5000,0,3,5,,2,030,"LOWE ROAD","JOHN FOX ROAD",5280.00,N,N,A,-,N,,,,,,,,,,Y,4,0,1,1,A,-,01,23152,A,N,E,I,A,A,H,-,D,D,0,,,,,Y,Y,A,01,0,0,1,0,0,0,0,0,0,"- ","- ",37.613609313964844,-120.81999206542969,STANISLAUS,UNINCORPORATED,-120.82386016845703,37.615409851074219
91582322,2021,2021-09-29,9465,2021-09-19,2230,021636,,7,3,4,5001,0,1,3,,2,041,"STATE ROUTE 99 (NORTHBOUND)","WHITMORE AVENUE",890.00,S,N,A,-,Y,,,99,,,,,,,Y,2,0,2,3,A,-,01,23152,A,N,C,C,A,A,H,-,C,D,0,,,,,Y,Y,D,22,1,0,1,0,0,0,0,0,0,"- ","- ",37.592571258544922,-120.95778656005859,STANISLAUS,CERES,-120.95777893066406,37.592578887939453
91585511,2021,2021-10-01,9465,2021-09-20,1500,021235,,1,2,9,5000,0,3,5,,2,040,"SERVICE ROAD","MOFFETT ROAD",0.00,,Y,A,-,N,,,,,,,,,,Y,4,0,1,2,A,-,09,21800,A,N,D,C,A,A,H,-,A,D,0,,,,,Y,,A,01,0,0,1,0,0,0,0,0,0,"- ","- ",37.580249786376953,-120.94782257080078,STANISLAUS,UNINCORPORATED,-120.94781,37.580249999999999
91585513,2021,2021-10-01,9465,2021-09-24,2325,020914,,5,3,9,5000,0,3,5,,2,020,"STEARNS ROAD","TWILDO ROAD",555.00,S,N,A,-,N,,,,,,,,,,Y,3,0,1,1,A,-,01,23152,A,N,E,I,A,A,H,-,D,D,0,,,,,Y,Y,D,22,0,1,0,0,0,0,0,0,0,"- ","- ",37.772010803222656,-120.81817626953125,STANISLAUS,UNINCORPORATED,-120.81821441650391,37.772109985351562
91585516,2021,2021-10-01,9465,2021-09-25,0025,021636,,6,3,9,5000,0,2,4,,2,042,"CROWS LANDING ROAD","HATCH ROAD",15.00,S,N,A,-,N,,,,,,,,,,N,4,0,1,2,A,-,11,21456,B,N,G,B,B,A,H,-,E,A,0,Y,,,,Y,,N,60,0,0,1,0,1,0,0,0,0,"- ","- ",37.609279632568359,-120.99352264404297,STANISLAUS,UNINCORPORATED,-120.99365997314453,37.609428405761719
91588629,2021,2021-10-05,9465,2021-09-20,1625,021235,,1,2,9,5000,0,1,3,,2,011,"STATE ROUTE 99 (NORTHBOUND)","KANSAS AVENUE",800.00,S,N,A,-,Y,,,99,,,,,,,Y,4,0,1,5,A,-,03,22350,,M,C,C,A,A,H,-,A,D,0,,,,,Y,,A,01,0,0,1,0,0,0,0,0,0,"- ","- ",37.6444091796875,-121.01416778564453,STANISLAUS,UNINCORPORATED,-121.01416015625,37.644420623779297
91590625,2021,2021-10-07,9465,2021-09-30,0145,020885,,4,3,9,5000,0,3,5,,2,020,SR-108,"LANCASTER AVENUE",3485.00,E,N,A,-,N,,,,,,,,,,Y,3,0,1,1,A,-,01,23152,E,M,E,I,A,A,H,-,D,D,0,,,,,Y,,A,01,0,1,0,0,0,0,0,0,0,"- ","- ",37.790611267089844,-120.72664642333984,STANISLAUS,UNINCORPORATED,-120.72693634033203,37.790084838867188
91591065,2021,2021-10-07,9465,2021-10-01,1430,020457,,5,2,9,5000,0,1,3,,2,011,"STATE ROUTE 99 (NORTHBOUND)","PELANDALE AVENUE",330.00,S,N,A,-,Y,,,99,,,,,,,Y,3,0,4,3,A,-,03,22350,,N,C,C,A,A,H,-,A,D,0,,,,,Y,,D,22,0,1,3,0,0,0,0,0,0,"- ","- ",37.698581695556641,-121.07008361816406,STANISLAUS,UNINCORPORATED,-121.07005310058594,37.698604583740234
91593288,2021,2021-10-11,9465,2021-09-03,1250,019730,,5,1,9,5000,0,2,4,,2,034,"GEER ROAD","FOX GROVE ACCESS",180.00,N,N,A,-,N,,,,,,,,,,Y,2,0,1,2,A,-,05,21460,A,F,A,C,A,A,H,-,A,D,0,,,,,Y,,A,01,1,0,0,0,0,0,0,0,0,"- ","- ",37.614341735839844,-120.84561920166016,STANISLAUS,UNINCORPORATED,-120.84564971923828,37.614177703857422
91595656,2021,2021-10-13,9465,2021-10-01,0544,018457,,5,3,9,5000,0,3,5,,2,030,"SANTA FE AVE","N. VINCENT AVENUE",0.00,,Y,A,-,N,,,,,,,,,,N,4,0,2,2,A,-,09,21802,A,N,D,C,A,A,H,-,D,A,0,,,,,Y,,A,01,0,0,2,0,0,0,0,0,0,"- ","- ",37.505889892578125,-120.77600860595703,STANISLAUS,UNINCORPORATED,-120.77602386474609,37.505889892578125
91595657,2021,2021-11-30,9465,2021-10-05,2103,018671,,2,2,9,5000,0,1,3,,2,052,SR-132,"MCCRACKEN ROAD",0.00,,Y,A,-,Y,,,132,,,,,,,Y,3,0,2,2,A,-,12,22450,A,N,D,C,A,A,H,-,C,A,0,,,,,Y,,A,01,0,1,1,0,0,0,0,0,0,"- ","- ",37.638301849365234,-121.26946258544922,STANISLAUS,UNINCORPORATED,-121.26946258544922,37.638301849365234
91596764,2021,2021-10-14,9465,2021-07-16,0536,018324,,5,3,9,5000,0,2,4,,2,043,"EASTIN ROAD",SR-33,3456.00,S,N,A,-,N,,,,,,,,,,Y,1,1,1,2,A,-,03,22350,,N,C,C,A,A,H,-,B,D,0,,,,,Y,,D,22,0,0,1,0,0,0,0,0,0,"- ","- ",37.375221252441406,-121.0673828125,STANISLAUS,UNINCORPORATED,-121.06734466552734,37.378543853759766
91597721,2021,2021-10-15,9465,2021-09-17,1845,020575,,5,2,6,5002,0,1,S,,2,004,"SR-99 SOUTHBOUND","KANSAS AVENUE",120.00,S,N,A,-,Y,,,,,,,,,,Y,2,0,1,2,A,-,07,21658,A,F,C,C,A,A,H,-,A,D,0,,,Y,,Y,,A,01,1,0,0,0,0,0,0,0,1,"- ","- ",37.643280029296875,-121.01573181152344,STANISLAUS,MODESTO,-121.01642608642578,37.645828247070312
91599176,2021,2021-10-18,9465,2021-10-08,1900,020985,,5,2,9,5000,0,1,3,,2,011,"STATE ROUTE 99 (NORTHBOUND)","KANSAS AVENUE",150.00,S,N,A,-,Y,,,99,,,,,,,Y,3,0,3,4,A,-,03,22350,,N,E,I,A,A,H,-,C,D,0,,,,,Y,,A,01,0,1,2,0,0,0,0,0,0,"- ","- ",37.64556884765625,-121.01596832275391,STANISLAUS,UNINCORPORATED,-121.01602935791016,37.645500183105469
9160034,2020,2020-10-26,5007,2020-07-30,1856,5783,TPD,4,5,5,5007,0,0,0,,0,PD5,"GEER RD","W SYRACUSE",0.00,,Y,A,-,N,,,,,,,,,,N,3,0,1,2,A,-,07,21658,A,N,B,C,A,A,H,-,A,D,0,,,,,Y,,A,01,0,1,0,0,0,0,0,0,0,"- ","- ",37.501590728759766,-120.84896850585938,STANISLAUS,TURLOCK,-120.84896087646484,37.501579284667969
91600571,2021,2021-10-19,9465,2021-06-13,0210,021770,,7,3,9,5000,0,1,3,,2,011,"STATE ROUTE 99 (NORTHBOUND)","BECKWITH ROAD",3850.00,N,N,A,-,Y,,,99,,,,,,,Y,1,1,0,3,A,-,01,23152,A,M,F,A,A,A,H,-,C,D,0,,,,Y,Y,Y,A,01,0,0,0,0,0,0,0,0,0,"- ","- ",37.691070556640625,-121.06247711181641,STANISLAUS,UNINCORPORATED,-121.06255340576172,37.690975189208984
91601773,2021,2021-10-20,9465,2021-10-10,0105,021337,,7,3,6,5002,0,1,3,,1,032,"STATE ROUTE 132","RUSHING ROAD",4224.00,W,N,A,-,Y,,,,,,,,,,Y,3,0,1,1,A,-,01,23152,A,N,E,I,A,A,H,-,A,D,0,,,,,Y,Y,A,01,0,1,0,0,0,0,0,0,0,"- ","- ",37.640331268310547,-120.57277679443359,STANISLAUS,MODESTO,-120.57235717773438,37.640239715576172
91608037,2021,2021-10-27,9465,2021-10-06,0715,017966,,3,1,6,5002,0,1,3,,2,011,"STATE ROUTE 99 (NORTHBOUND)","PELANDALE AVENUE",2957.00,S,N,A,-,Y,,,99,,,,,,,Y,4,0,2,3,A,-,03,22350,,N,C,C,A,A,H,-,A,D,0,,,,,Y,,D,22,0,0,2,0,0,0,0,0,0,"- ","- ",37.694290161132812,-121.06651306152344,STANISLAUS,MODESTO,-121.06650543212891,37.694297790527344
91621289,2021,2021-11-10,9465,2021-10-29,1600,020833,,5,2,9,5000,0,3,5,,2,050,"LOCUST AVENUE","FIG AVENUE",55.00,N,N,A,-,N,,,,,,,,,,Y,4,0,1,1,A,-,08,22107,,N,E,I,A,A,H,-,A,D,0,,,,,Y,,A,07,0,0,1,0,0,0,0,0,0,"- ","- ",37.461441040039062,-121.11518859863281,STANISLAUS,UNINCORPORATED,-121.11517333984375,37.461399078369141
91622661,2021,2021-11-11,9465,2021-10-14,1555,019713,,4,2,9,5000,0,3,5,,2,050,"WALNUT AVENUE","ELM AVENUE",0.00,,Y,A,-,N,,,,,,,,,,Y,3,0,1,2,A,-,09,21802,A,N,A,C,A,A,H,-,A,A,0,,,,,Y,,D,22,0,1,0,0,0,0,0,0,0,"- ","- ",37.493110656738281,-121.10140228271484,STANISLAUS,UNINCORPORATED,-121.10137176513672,37.493152618408203
91622672,2021,2021-11-11,9465,2021-10-17,2319,021337,,7,3,9,5000,0,2,4,,2,034,SR-132,"CRABTREE RD",380.00,W,N,A,-,Y,,,132,,,,,,,Y,3,0,1,1,A,-,08,22107,,N,E,I,A,B,H,-,D,D,0,,,,,Y,,A,01,0,1,0,0,0,0,0,0,0,"- ","- ",37.643581390380859,-120.61402130126953,STANISLAUS,UNINCORPORATED,-120.61398315429688,37.643569946289062
9162297,2020,2020-10-24,5007,2020-08-12,1055,5792,TPD,3,5,5,5007,0,0,0,,0,PD2,"EAST GLENWOOD AV","ALEXANDER CT",0.00,N,N,A,-,N,,,,,,,,,,Y,3,0,3,2,A,-,08,22107,,N,C,E,A,A,H,-,A,D,0,,,,,Y,,A,01,0,2,1,0,0,0,0,0,0,"- ","- ",37.4747314453125,-120.83595275878906,STANISLAUS,TURLOCK,,
91623917,2021,2021-11-15,9465,2021-05-30,1335,020833,,7,1,9,5000,0,1,3,,2,028,"STATE ROUTE 4","DUNTON ROAD",2376.00,W,N,A,-,Y,,,4,,,,,,,Y,1,1,1,2,A,-,01,23152,F,N,A,2,A,A,H,-,A,D,0,,,,,Y,,A,01,0,0,1,0,0,0,0,0,0,"- ","- ",37.938938140869141,-120.81472015380859,STANISLAUS,UNINCORPORATED,-120.81472778320312,37.938930511474609
91623923,2021,2021-11-15,9465,2021-10-17,2035,021066,,7,2,9,5000,0,1,3,,2,015,SR-219,"CARVER ROAD",530.00,E,N,B,-,Y,,,219,,,,,,,N,4,0,2,2,A,-,01,23152,A,N,C,C,A,A,H,-,D,A,0,,,,,Y,Y,A,01,0,0,2,0,0,0,0,0,0,"- ","- ",37.711330413818359,-121.02023315429688,STANISLAUS,UNINCORPORATED,-121.02023315429688,37.711215972900391
91623927,2021,2021-11-15,9465,2021-10-27,1635,019413,,3,2,5,5007,0,1,3,,2,041,"SR-99 (S/B)","MONTE VISTA AVENUE",3538.00,N,N,A,-,Y,,,99,,,,,,,Y,4,0,1,2,A,-,07,21658,A,N,B,C,A,A,H,-,A,D,0,,,,Y,Y,,F,25,0,0,1,0,0,0,0,0,0,"- ","- ",37.531158447265625,-120.89028167724609,STANISLAUS,TURLOCK,-120.89022827148438,37.531169891357422
91623930,2021,2021-11-15,9465,2021-11-01,2353,021549,,1,3,9,5000,0,1,3,,2,041,"SR-99 (S/B) TO MITCHELL ROAD","MITCHELL ROAD",50.00,N,N,A,-,Y,,,99,,,,R,,,Y,3,0,1,1,A,-,01,23152,A,N,F,C,A,B,H,-,D,D,0,,,Y,,Y,Y,C,02,0,1,0,0,0,0,0,0,1,"- ","- ",37.575641632080078,-120.93894195556641,STANISLAUS,UNINCORPORATED,-120.93894195556641,37.575641632080078
91623946,2021,2021-11-15,9465,2021-10-20,1546,018274,,3,2,9,5000,0,2,4,,2,034,"GEER ROAD","KEYES ROAD",792.00,S,N,B,-,N,,,,,,,,,,Y,4,0,2,2,A,-,03,22350,,N,C,C,A,A,H,-,A,D,0,,,,,Y,,D,22,0,0,2,0,0,0,0,0,0,"- ","- ",37.548900604248047,-120.84706115722656,STANISLAUS,UNINCORPORATED,-120.84707641601562,37.549003601074219
91623959,2021,2021-11-15,9465,2021-10-18,2035,019713,,1,2,9,5000,0,2,4,,2,042,"CROWS LANDING ROAD","COWAN STREET",14.00,E,N,A,-,N,,,,,,,,,,Y,3,0,3,2,A,-,09,21801,A,N,A,C,A,A,H,-,D,D,0,,,,,Y,,A,01,0,3,0,0,0,0,0,0,0,"- ","- ",37.560390472412109,-121.99366760253906,STANISLAUS,UNINCORPORATED,-120.99369049072266,37.560409545898438
91624152,2021,2021-11-15,9465,2021-10-22,0730,017391,,5,1,5,5007,0,1,3,,2,041,"SR-99 NORTHBOUND","MONTE VISTA AVENUE",100.00,S,N,B,C,Y,,,99,,,,,,N,Y,3,0,1,2,A,-,03,22350,,N,C,C,A,B,H,-,A,D,0,,,,,Y,,A,01,0,1,0,0,0,0,0,0,0,"- ","- ",37.520961761474609,-120.885009765625,STANISLAUS,TURLOCK,-120.88495635986328,37.520988464355469
91625522,2021,2021-11-16,9465,2021-10-22,1238,018457,,5,1,9,5000,0,3,5,,2,020,"VALLEY HOME ROAD","FREELOVE ROAD",1584.00,S,N,B,-,N,,,,,,,,,,Y,3,0,4,2,A,-,03,22350,,N,C,C,A,B,H,-,A,D,0,,,,,Y,,D,22,0,2,2,0,0,0,0,0,0,"- ","- ",37.819709777832031,-120.90154266357422,STANISLAUS,UNINCORPORATED,-120.90189361572266,37.820064544677734
9162560,2020,2020-11-04,5001,2020-09-23,1400,803,D004,3,5,4,5001,0,0,0,,0,005,"MITCHELL RD","WHITMORE AV",278.00,S,N,A,-,N,,,,,,,,,,N,4,0,1,2,D,-,00,,,N,B,C,A,A,H,-,A,A,0,,,,,Y,,-,"- ",0,0,1,0,0,0,0,0,0,"- ","- ",37.59375,-120.93817901611328,STANISLAUS,CERES,-120.93869781494141,37.593986511230469
91627360,2021,2021-11-17,9465,2021-10-24,2020,019713,,7,2,9,5000,0,1,1,,2,055,"INTERSTATE 5","INGRAM CREEK ROAD",165.00,N,N,C,-,Y,,,5,,,,,,,N,3,0,2,2,A,-,03,22350,,N,C,C,A,B,H,-,D,D,0,,,,Y,Y,,G,25,0,2,0,0,0,0,0,0,0,"- ","- ",37.540328979492188,-121.26822662353516,STANISLAUS,UNINCORPORATED,-121.26824188232422,37.540317535400391
9162996,2020,2020-12-05,5002,2020-09-18,1550,883,B206,5,5,6,5002,0,0,0,,0,003,"MITCHELL RD","EAST HATCH RD",121.00,S,N,A,-,N,,,,,,,,,,Y,4,0,1,2,A,-,03,22350,,M,D,C,A,A,H,-,A,A,0,,,,,Y,,A,01,0,0,1,0,0,0,0,0,0,"- ","- ",37.609298706054688,-120.93879699707031,STANISLAUS,MODESTO,-120.93875122070312,37.608985900878906
91633072,2021,2021-11-23,9465,2021-11-08,1710,021337,,1,2,9,5000,0,1,3,,2,041,"KEYES ROAD","CENTRAL AVENUE",225.00,W,N,C,-,N,,,,,,,,,,Y,4,0,1,2,C,-,18,,,F,C,C,A,B,H,-,D,D,0,,,,,Y,,-,"- ",0,0,1,0,0,0,0,0,0,"- ","- ",37.551280975341797,-120.95790863037109,STANISLAUS,UNINCORPORATED,-120.95784759521484,37.551300048828125
91633190,2021,2021-11-23,9465,2021-10-24,0037,020642,,7,3,9,5000,0,3,5,,2,030,"SERVICE ROAD","N. WALNUT ROAD",0.00,,Y,C,-,N,,,,,,,,,,N,3,0,2,1,A,-,08,22107,,N,F,A,A,B,H,-,D,A,0,,,Y,,Y,,C,02,0,2,0,0,0,0,0,0,2,"- ","- ",37.580219268798828,-120.86531066894531,STANISLAUS,UNINCORPORATED,-120.86524200439453,37.580257415771484
91633326,2021,2021-11-23,9465,2021-11-04,0540,019730,,4,3,9,5000,0,3,5,,2,040,"CENTRAL AVENUE","TAYLOR ROAD",0.00,,Y,B,-,N,,,,,,,,,,Y,3,0,1,2,A,-,03,22350,,N,C,C,A,A,H,-,D,A,0,,,,,Y,,D,22,0,1,0,0,0,0,0,0,0,"- ","- ",37.533008575439453,-120.95802307128906,STANISLAUS,UNINCORPORATED,-120.9580078125,37.532962799072266
91633523,2021,2021-11-23,9465,2021-06-20,0327,021226,,7,3,9,5000,0,3,5,,2,050,"STUHR ROAD","EASTIN ROAD",2765.00,E,N,A,-,N,,,,,,,,,,Y,1,1,0,1,A,-,01,23152,G,N,F,A,A,A,H,-,D,D,0,,,,,Y,Y,D,22,0,0,0,0,0,0,0,0,0,"- ","- ",37.333290100097656,-121.05776214599609,STANISLAUS,UNINCORPORATED,-121.05796813964844,37.333305358886719