CASE_ID,ACCIDENT_YEAR,PROC_DATE,JURIS,COLLISION_DATE,COLLISION_TIME,OFFICER_ID,REPORTING_DISTRICT,DAY_OF_WEEK,CHP_SHIFT,POPULATION,CNTY_CITY_LOC,SPECIAL_COND,BEAT_TYPE,CHP_BEAT_TYPE,CITY_DIVISION_LAPD,CHP_BEAT_CLASS,BEAT_NUMBER,PRIMARY_RD,SECONDARY_RD,DISTANCE,DIRECTION,INTERSECTION,WEATHER_1,WEATHER_2,STATE_HWY_IND,CALTRANS_COUNTY,CALTRANS_DISTRICT,STATE_ROUTE,ROUTE_SUFFIX,POSTMILE_PREFIX,POSTMILE,LOCATION_TYPE,RAMP_INTERSECTION,SIDE_OF_HWY,TOW_AWAY,COLLISION_SEVERITY,NUMBER_KILLED,NUMBER_INJURED,PARTY_COUNT,PRIMARY_COLL_FACTOR,PCF_CODE_OF_VIOL,PCF_VIOL_CATEGORY,PCF_VIOLATION,PCF_VIOL_SUBSECTION,HIT_AND_RUN,TYPE_OF_COLLISION,MVIW,PED_ACTION,ROAD_SURFACE,ROAD_COND_1,ROAD_COND_2,LIGHTING,CONTROL_DEVICE,CHP_ROAD_TYPE,PEDESTRIAN_ACCIDENT,BICYCLE_ACCIDENT,MOTORCYCLE_ACCIDENT,TRUCK_ACCIDENT,NOT_PRIVATE_PROPERTY,ALCOHOL_INVOLVED,STWD_VEHTYPE_AT_FAULT,CHP_VEHTYPE_AT_FAULT,COUNT_SEVERE_INJ,COUNT_VISIBLE_INJ,COUNT_COMPLAINT_PAIN,COUNT_PED_KILLED,COUNT_PED_INJURED,COUNT_BICYCLIST_KILLED,COUNT_BICYCLIST_INJURED,COUNT_MC_KILLED,COUNT_MC_INJURED,PRIMARY_RAMP,SECONDARY_RAMP,LATITUDE,LONGITUDE,COUNTY,CITY,POINT_X,POINT_Y
9197707,2020,2021-01-19,5007,2020-11-05,1648,5787,TPD,4,5,5,5007,0,0,0,,0,PD3,"LANDER AV","GLENWOOD AV",0.00,E,N,A,-,N,,,,,,,,,,N,4,0,1,2,A,-,08,22107,,F,D,C,A,A,H,-,A,A,0,,,,,Y,,A,01,0,0,1,0,0,0,0,0,0,"- ","- ",37.474899291992188,-120.84956359863281,STANISLAUS,TURLOCK,-120.84902191162109,37.475559234619141
9197709,2020,2021-01-19,5007,2020-11-14,1415,5701,TPD,6,5,5,5007,0,0,0,,0,PD4,"COUNTRYSIDE DR","WEST TUOLUMNE RD",0.00,,Y,A,-,N,,,,,,,,,,Y,4,0,1,2,A,-,12,21453,A,N,D,C,A,A,H,-,A,A,0,,,,,Y,,A,07,0,0,1,0,0,0,0,0,0,"- ","- ",37.514560699462891,-120.8779296875,STANISLAUS,TURLOCK,-120.87801361083984,37.514560699462891
9197715,2020,2021-01-22,5007,2020-11-21,1854,57877,TPD,6,5,5,5007,0,0,0,,0,PD4,"NORTH GOLDEN STATE BL","WEST TUOLUMNE RD",0.00,,Y,A,-,N,,,,,,,,,,Y,4,0,3,3,A,-,01,23152,A,N,A,C,A,A,H,-,C,A,0,,,,,Y,Y,A,01,0,0,3,0,0,0,0,0,0,"- ","- ",37.514629364013672,-120.86946868896484,STANISLAUS,TURLOCK,-120.86949920654297,37.514659881591797
91985026,2023,2023-02-02,9465,2023-02-01,"906 ",018274,,3,1,9,5000,0,1,3,,2,011,"STATE ROUTE 99 (SOUTHBOUND)","CARPENTER ROAD",3168.00,N,N,A,-,Y,STA,,99," ",R,19.141,H,,L,Y,4,0,1,2,A,-,03,22350,,N,C,C,A,A,H,-,A,D,0,,,,Y,Y,,G,25,0,0,1,0,0,0,0,0,0,"- ","- ",37.671680450439453,-121.04003143310547,STANISLAUS,UNINCORPORATED,-121.04001617431641,37.67169189453125
9198554,2020,2021-02-03,5006,2020-11-27,1137,S01836,MODES,5,5,3,5006,0,0,0,,0,RPD1,"CLARIBEL RD","ROSELLE AV",0.00,,Y,A,-,N,,,,,,,,,,Y,4,0,4,4,A,-,12,21453,A,N,A,C,A,A,H,-,A,A,0,,,,,Y,,-,,0,0,4,0,0,0,0,0,0,"- ","- ",,,STANISLAUS,RIVERBANK,-120.94007873535156,37.710941314697266
91986214,2023,2023-02-03,9465,2023-02-02,"655 ",018222,,4,1,9,5000,0,1,3,,2,021,"STATE ROUTE 120","WALNUT AVENUE",125.00,E,N,A,-,Y,STA,,120," "," ",1.564,H,,R,Y,4,0,1,2,A,-,09,21802,A,N,C,C,A,A,H,-,A,A,0,,,,,Y,,A,01,0,0,1,0,0,0,0,0,0,"- ","- ",37.792041778564453,-120.89508056640625,STANISLAUS,UNINCORPORATED,-120.89507293701172,37.792068481445312
91988335,2023,2023-02-07,9465,2023-01-19,1450,019155,,4,2,9,5000,0,3,5,,2,030,"FINCH ROAD","MITCHELL ROAD",450.00,E,N,A,-,N,,,,,,,,,,N,4,0,1,2,A,-,03,22350,,N,C,C,A,A,H,-,A,D,0,,,,,Y,,A,01,0,0,1,0,0,0,0,0,0,"- ","- ",37.623699188232422,-120.94297027587891,STANISLAUS,UNINCORPORATED,-120.94259643554688,37.623691558837891
91988378,2023,2023-02-07,9465,2023-01-27,"410 ",021062,,5,3,9,5000,0,3,5,,2,020,"RODDEN ROAD","28TH MILE ROAD",200.00,E,N,A,-,N,,,,,,,,,,N,4,0,1,1,A,-,08,22107,,N,E,I,A,A,H,-,D,D,0,,,,,Y,Y,D,22,0,0,1,0,0,0,0,0,0,"- ","- ",37.794120788574219,-120.83998107910156,STANISLAUS,UNINCORPORATED,-120.83985900878906,37.794082641601562
91991842,2023,2023-02-10,9465,2023-02-06,"848 ",018363,,1,1,9,5000,0,2,4,,2,042,"CROWS LANDING ROAD","KEYES ROAD",0.00,,Y,A,-,N,,,,,,,,,,Y,3,0,1,2,A,-,09,21800,A,N,D,C,A,A,H,-,A,D,0,,,,,Y,,D,22,0,1,0,0,0,0,0,0,0,"- ","- ",37.551349639892578,-120.99373626708984,STANISLAUS,UNINCORPORATED,-120.99367523193359,37.551319122314453
91992679,2023,2023-02-13,9465,2023-02-04,1930,020914,,6,2,9,5000,0,3,5,,2,030,"SANTA RITA AVENUE","TENAYA DRIVE",40.00,N,N,B,C,N,,,,,,,,,,N,3,0,1,1,A,-,01,23152,A,N,E,I,A,B,H,-,C,A,0,,,,,Y,Y,D,22,0,1,0,0,0,0,0,0,0,"- ","- ",37.633831024169922,-120.97827911376953,STANISLAUS,UNINCORPORATED,-120.97821044921875,37.633781433105469
91992767,2023,2023-02-13,9465,2023-02-06,1514,020012,,1,2,9,5000,0,3,5,,2,030,"MOUNTAIN VIEW ROAD","KEYES ROAD",0.00,,Y,A,-,N,,,,,,,,,,Y,2,0,2,2,A,-,12,22450,A,N,D,C,A,A,H,-,A,A,0,,,Y,,Y,,C,02,1,0,1,0,0,0,0,0,1,"- ","- ",37.551219940185547,-120.87908935546875,STANISLAUS,UNINCORPORATED,-120.87908935546875,37.551223754882812
9199305,2020,2020-12-17,5005,2020-09-13,1630,S02809,PATTE,7,5,3,5005,0,0,0,,0,3B1,"AMERICAN EAGLE","ROADRUNNER DR",0.00,,Y,A,-,N,,,,,,,,,,Y,3,0,1,2,A,-,12,22450,A,N,D,C,A,A,H,-,A,D,0,,,,,Y,,A,01,0,1,0,0,0,0,0,0,0,"- ","- ",,,STANISLAUS,PATTERSON,-121.14496612548828,37.473831176757812
9199317,2020,2021-01-04,5005,2020-08-18,1600,S02809,PATTE,2,5,3,5005,0,0,0,,0,3B1,"LAS PALMAS AV","HARTLEY AV",545.00,E,N,A,-,N,,,,,,,,,,Y,2,0,1,1,D,-,00,,,N,E,I,A,A,H,-,A,D,0,,,,,Y,,-,"- ",1,0,0,0,0,0,0,0,0,"- ","- ",,,STANISLAUS,PATTERSON,-121.11994934082031,37.476219177246094
91994393,2023,2023-02-14,9465,2023-02-09,1830,019182,,4,2,9,5000,0,3,5,,2,010,"PARADISE ROAD","HARRIS AVENUE",375.00,E,N,A,-,N,,,,,,,,,,Y,4,0,2,3,A,-,03,22350,,N,C,C,A,A,H,-,D,D,0,,,,,Y,,A,01,0,0,2,0,0,0,0,0,0,"- ","- ",37.622459411621094,-121.01981353759766,STANISLAUS,UNINCORPORATED,-121.01991271972656,37.622314453125
91995063,2023,2023-02-15,9465,2023-02-01,"825 ",017966,,3,1,9,5000,0,1,3,,2,013,"STATE ROUTE 108","CLARIBEL ROAD",20.00,E,N,A,-,Y,STA,,108," "," ",27.641,H,,R,N,4,0,1,2,A,-,21,22106,,M,C,C,A,A,H,-,A,A,0,,,,,Y,,A,07,0,0,1,0,0,0,0,0,0,"- ","- ",37.711391448974609,-120.99494934082031,STANISLAUS,UNINCORPORATED,-120.99494934082031,37.711391448974609
91995065,2023,2023-02-15,9465,2023-02-09,1319,015761,,4,1,9,5000,0,2,4,,2,024,"ALBERS ROAD","PATTERSON ROAD",0.00,,Y,A,-,N,,,,,,,,,,Y,4,0,2,2,D,-,00,,,N,D,C,A,A,H,-,A,A,0,,,,,Y,,-,"- ",0,0,2,0,0,0,0,0,0,"- ","- ",37.732769012451172,-120.83969879150391,STANISLAUS,UNINCORPORATED,-120.839599609375,37.732780456542969
91997370,2023,2023-02-17,9465,2023-02-14,1615,020012,,2,2,9,5000,0,3,5,,2,030,"MITCHELL ROAD","LAPHAM DRIVE",0.00,,Y,B,-,N,,,,,,,,,,N,4,0,1,2,A,-,03,22350,,N,C,C,A,B,H,-,B,A,0,,,,,Y,,A,01,0,0,1,0,0,0,0,0,0,"- ","- ",37.637889862060547,-120.95712280273438,STANISLAUS,UNINCORPORATED,-120.95722961425781,37.637794494628906
9199748,2020,2021-01-27,5007,2020-10-29,1337,5694,TPD,4,5,5,5007,0,0,0,,0,PD1,"E CHRISTOFFERSEN PKWY",GEER,25.00,E,N,A,-,N,,,,,,,,,,N,4,0,1,2,A,-,07,21658,A,M,C,C,A,A,H,-,A,B,0,,,,,Y,,A,01,0,0,1,0,0,0,0,0,0,"- ","- ",37.529209136962891,-120.84899139404297,STANISLAUS,TURLOCK,-120.84899139404297,37.529388427734375
9199749,2020,2021-01-27,5007,2020-10-30,1507,5767,TPD,5,5,5,5007,0,0,0,,0,PD1,"GEER RD","PEDRAS RD",57.00,N,N,A,-,N,,,,,,,,,,N,4,0,2,2,A,-,03,22350,,M,C,C,A,A,H,-,A,A,0,,,,,Y,,A,01,0,0,2,0,0,0,0,0,0,"- ","- ",37.510940551757812,-120.84884643554688,STANISLAUS,TURLOCK,-120.84897613525391,37.51104736328125
9199868,2020,2021-02-24,5001,2020-12-16,1645,895,C103,3,5,4,5001,0,0,0,,0,004,"MORGAN RD","HACKETT RD",45.00,N,N,A,-,N,,,,,,,,,,N,4,0,1,2,A,-,08,22107,,N,A,C,A,A,H,-,C,A,0,,,,,Y,,A,01,0,0,1,0,0,0,0,0,0,"- ","- ",37.587600708007812,-120.97525787353516,STANISLAUS,CERES,-120.97528839111328,37.587741851806641
91999675,2023,2023-02-22,9465,2023-02-12,1500,019713,,7,2,9,5000,0,3,5,,2,050,"EASTIN ROAD","PUMP ROAD",350.00,N,N,A,-,N,,,,,,,,,,N,3,0,1,1,A,-,01,23152,A,M,F,A,A,A,H,-,A,D,0,,,,,Y,Y,A,01,0,1,0,0,0,0,0,0,0,"- ","- ",37.352840423583984,-121.06678771972656,STANISLAUS,UNINCORPORATED,-121.06683349609375,37.352787017822266
91999735,2023,2023-02-22,9465,2023-02-11,1130,019152,,6,1,9,5000,0,3,5,,2,050,"DIABLO GRANDE PKWY","DEL PUERTO CANYON RD.",10560.00,W,N,A,-,N,,,,,,,,,,N,4,0,1,1,A,-,08,22107,,N,E,I,A,A,H,-,A,D,0,,,,,Y,,A,01,0,0,1,0,0,0,0,0,0,"- ","- ",37.444770812988281,-121.19508361816406,STANISLAUS,UNINCORPORATED,-121.19194793701172,37.437923431396484
92000290,2023,2023-02-22,9465,2023-02-16,1505,019182,,4,2,9,5000,0,3,5,,2,010,"HAMMETT ROAD","COVERT ROAD",0.00,,Y,A,-,N,,,,,,,,,,Y,4,0,1,2,A,-,09,21802,A,N,D,C,A,A,H,-,A,A,0,,,,,Y,,A,01,0,0,1,0,0,0,0,0,0,"- ","- ",37.703548431396484,-121.10482025146484,STANISLAUS,UNINCORPORATED,-121.10484313964844,37.703575134277344
92000965,2023,2023-02-23,9465,2023-02-18,"239 ",021368,,6,3,9,5000,0,3,5,,2,050,"FRANK COX ROAD","HOWARD ROAD",12.00,E,N,A,-,N,,,,,,,,,,Y,4,0,1,1,A,-,03,22350,,N,E,I,A,A,H,-,D,A,0,,,,,Y,,A,01,0,0,1,0,0,0,0,0,0,"- ","- ",37.536720275878906,-121.20439147949219,STANISLAUS,UNINCORPORATED,-121.20449829101562,37.536689758300781
92001289,2023,2023-02-23,9465,2023-02-17,1304,018955,,5,1,9,5000,0,2,4,,2,042,"CROWS LANDING ROAD","MONTE VISTA AVENUE",1098.00,S,N,A,-,N,,,,,,,,,,Y,2,0,2,2,A,-,08,22100,B,N,D,C,A,A,H,-,A,D,0,,,,Y,Y,,D,22,1,1,0,0,0,0,0,0,0,"- ","- ",37.5189208984375,-120.99455261230469,STANISLAUS,UNINCORPORATED,-120.99449157714844,37.518985748291016
92007022,2023,2023-03-01,9465,2023-02-24,"845 ",018671,,5,1,9,5000,0,3,5,,2,030,"E. MONTE VISTA AVE.","WARING ROAD",0.00,,Y,B,C,N,,,,,,,,,,Y,3,0,3,2,A,-,09,21802,A,N,D,C,A,B,H,-,A,A,0,,,,,Y,,A,08,0,1,2,0,0,0,0,0,0,"- ","- ",37.521701812744141,-120.81211090087891,STANISLAUS,UNINCORPORATED,-120.81205749511719,37.521682739257812
92007675,2023,2023-03-02,9465,2023-02-17,"110 ",020885,,5,3,9,5000,0,3,5,,2,010,"SALIDA BLVD","HOPE LANE",0.00,,Y,A,-,N,,,,,,,,,,Y,2,0,1,1,A,-,01,23152,A,N,E,8,A,A,H,-,C,D,0,,,,,Y,Y,A,01,1,0,0,0,0,0,0,0,0,"- ","- ",37.703479766845703,-121.0780029296875,STANISLAUS,UNINCORPORATED,-121.07806396484375,37.703456878662109
92007688,2023,2023-03-02,9465,2023-02-23,1800,019182,,4,2,6,5002,0,1,3,,2,011,"SR-99 SB","BECKWITH ROAD",800.00,S,N,A,-,Y,STA,,99," ",R,20.064,H,,L,N,3,0,1,2,A,-,07,21658,A,N,C,C,A,A,H,-,D,D,0,,,Y,,Y,,A,01,0,1,0,0,0,0,0,0,1,"- ","- ",37.681678771972656,-121.05139923095703,STANISLAUS,MODESTO,-121.05140686035156,37.681678771972656
92008242,2023,2023-03-02,9465,2023-03-01,1825,021022,,3,2,9,5000,0,1,1,,2,055,"INTERSTATE 5 SOUTHBOUND","DEL PUERTO CANYON ROAD",10560.00,S,N,B,G,Y,STA,,5," "," ",14.310,H,,L,Y,3,0,3,1,A,-,08,22107,,N,F,A,A,A,H,-,D,D,0,,,,,Y,,A,01,0,3,0,0,0,0,0,0,0,"- ","- ",37.444171905517578,-121.16629028320312,STANISLAUS,UNINCORPORATED,-121.16628265380859,37.444171905517578
92011279,2023,2023-03-07,9465,2023-02-24,1830,020985,,5,2,9,5000,0,1,3,,1,032,"STATE ROUTE 132","MCDONALD CREEK",60.00,W,N,B,C,Y,STA,,132," "," ",48.693,H,,R,Y,4,0,1,1,A,-,03,22350,,N,F,A,A,B,H,-,D,D,0,,,,,Y,,A,01,0,0,1,0,0,0,0,0,0,"- ","- ",37.652801513671875,-120.42378234863281,STANISLAUS,UNINCORPORATED,-120.42380523681641,37.652782440185547
92014626,2023,2023-03-10,9465,2023-03-04,"105 ",021368,,6,3,9,5000,0,3,5,,2,050,"GRAYSON ROAD","COX ROAD",1314.00,E,N,B,-,N,,,,,,,,,,Y,2,0,1,1,A,-,01,23152,A,N,E,I,A,A,H,-,D,D,0,,,,,Y,Y,A,01,1,0,0,0,0,0,0,0,0,"- ","- ",37.563629150390625,-121.17424774169922,STANISLAUS,UNINCORPORATED,-121.17462921142578,37.563262939453125
92014636,2023,2023-03-10,9465,2023-03-07,1510,019182,,2,2,9,5000,0,1,3,,2,011,"SR-99 (S/B) FROM HAMMETT ROAD","HAMMETT ROAD",915.00,S,N,A,-,Y,STA,,99," ",R,24.094,H,,L,Y,4,0,1,2,A,-,03,22350,,N,C,C,A,A,H,-,A,A,0,,,,,Y,,A,07,0,0,1,0,0,0,0,0,0,"- ","- ",37.723728179931641,-121.10176849365234,STANISLAUS,UNINCORPORATED,-121.10157012939453,37.723823547363281
92014916,2023,2023-03-10,9465,2023-03-08,1920,020457,,3,2,9,5000,0,3,5,,2,020,"WELLSFORD ROAD","MILNES ROAD",634.00,S,N,A,-,N,,,,,,,,,,Y,3,0,2,2,A,-,05,21650,,N,B,2,A,A,H,-,D,D,0,,,,,Y,,A,01,0,2,0,0,0,0,0,0,0,"- ","- ",37.680328369140625,-120.87567138671875,STANISLAUS,UNINCORPORATED,-120.87565612792969,37.680210113525391
92017797,2023,2023-03-14,9465,2023-03-08,"850 ",023200,,3,1,9,5000,0,1,3,,2,041,"STATE ROUTE 99","CROWS LANDING ROAD",1540.00,S,N,B,-,Y,STA,,99," ",R,14.155,H,,R,Y,3,0,3,4,A,-,03,22350,,N,C,C,A,A,H,-,A,D,0,,,,,Y,,D,22,0,1,2,0,0,0,0,0,0,"- ","- ",37.617229461669922,-120.98837280273438,STANISLAUS,UNINCORPORATED,-120.98838043212891,37.617195129394531
92018288,2023,2023-03-15,9465,2023-03-08,"106 ",020833,,3,3,5,5007,0,1,3,,2,041,"STATE ROUTE 99 (NORTHBOUND)","W. LINWOOD AVENUE",750.00,S,N,A,-,Y,STA,,99," ",R,2.200,H,,R,Y,4,0,1,2,A,-,03,22350,,N,C,C,A,A,H,-,D,D,0,,,,Y,Y,,A,01,0,0,1,0,0,0,0,0,0,"- ","- ",37.477550506591797,-120.85797119140625,STANISLAUS,TURLOCK,-120.85796356201172,37.477558135986328
92018404,2023,2023-03-15,9465,2023-03-12,1200,018623,,7,1,9,5000,0,1,3,,2,011,"STATE ROUTE 99 (NORTHBOUND)","KANSAS AVENUE",1000.00,S,N,B,C,Y,STA,,99," ",R,16.506,H,,R,N,3,0,1,1,A,-,08,22107,,N,E,I,A,B,H,-,A,D,0,,,,,Y,,D,22,0,1,0,0,0,0,0,0,0,"- ","- ",37.642971038818359,-121.01194763183594,STANISLAUS,UNINCORPORATED,-121.01188659667969,37.643035888671875
92019322,2023,2023-03-16,9465,2023-03-15,1655,020985,,3,2,9,5000,0,1,3,,2,015,"STATE ROUTE 219 (EASTBOUND)","STATE ROUTE 99 (NORTHBOUND)",100.00,E,N,A,-,Y,STA,,219," "," ",0.143,H,,R,N,4,0,2,2,A,-,03,22350,,N,C,C,A,A,H,-,A,D,0,,,,,Y,,E,22,0,0,2,0,0,0,0,0,0,"- ","- ",37.709300994873047,-121.08061981201172,STANISLAUS,UNINCORPORATED,-121.08055114746094,37.709243774414062
92020782,2023,2023-03-17,9465,2023-03-03,1545,020475,,5,2,9,5000,0,3,5,,2,040,"LANDER AVENUE","HARDING ROAD",0.00,,Y,B,-,N,,,,,,,,,,Y,3,0,2,2,A,-,09,21802,A,N,D,C,A,A,H,-,A,A,0,,,,,Y,,D,22,0,2,0,0,0,0,0,0,0,"- ","- ",37.463520050048828,-120.84905242919922,STANISLAUS,UNINCORPORATED,-120.84906768798828,37.463527679443359
92021304,2023,2023-03-17,9465,2023-03-13,2048,019182,,1,2,6,5002,0,1,3,,2,011,"SR-99 NB","PELANDALE AVENUE",850.00,S,N,A,-,Y,STA,,99," ",R,21.484,H,,R,Y,4,0,1,2,A,-,01,23152,A,M,E,I,A,A,H,-,D,D,0,,,,Y,Y,Y,A,07,0,0,1,0,0,0,0,0,0,"- ","- ",37.696949005126953,-121.06864166259766,STANISLAUS,MODESTO,-121.06874084472656,37.696903228759766
9202315,2020,2021-02-20,5001,2020-12-13,1947,747,C001,7,5,4,5001,0,0,0,,0,005,"EAST WHITMORE AV","5TH ST",0.00,,Y,C,-,N,,,,,,,,,,Y,4,0,4,2,A,-,17,21451,A,N,D,D,A,B,H,-,C,A,0,,,,,Y,,-,,0,0,4,0,0,0,0,0,0,"- ","- ",37.594001770019531,-120.95220184326172,STANISLAUS,CERES,-120.95223999023438,37.594768524169922
92026782,2023,2023-03-23,9465,2023-02-16,"625 ",017966,,4,1,9,5000,0,1,3,,2,011,"STATE ROUTE 99 (SOUTHBOUND)","PELANDALE AVENUE",1584.00,N,N,B,-,Y,STA,,99," ",R,22.048,H,,L,N,4,0,3,4,A,-,07,21658,A,F,B,C,A,A,H,-,B,D,0,,,,,Y,,-,99,0,0,3,0,0,0,0,0,0,"- ","- ",37.703388214111328,-121.07492828369141,STANISLAUS,UNINCORPORATED,-121.07486724853516,37.703433990478516
92027823,2023,2023-03-24,9465,2023-03-22,1450,021066,,3,2,9,5000,0,1,3,,2,045,"SR-165 (LANDER AVENUE)","GREENWAY AVENUE",0.00,,Y,B,-,Y,STA,,165," "," ",0.992,H,,R,Y,4,0,1,2,A,-,09,21802,A,N,D,C,A,A,H,-,A,A,0,,,,,Y,,A,01,0,0,1,0,0,0,0,0,0,"- ","- ",37.467311859130859,-120.84911346435547,STANISLAUS,UNINCORPORATED,-120.84905242919922,37.467308044433594
92030290,2023,2023-04-26,9465,2023-03-17,1745,018767,,5,2,9,5000,0,3,5,,2,010,"SPYRES WAY","GALAXY WAY",0.00,,Y,A,-,N,,,,,,,,,,N,4,0,1,2,A,-,09,21801,A,N,D,C,A,A,H,-,A,D,0,,,,,Y,,A,01,0,0,1,0,0,0,0,0,0,"- ","- ",37.707431793212891,-120.99751281738281,STANISLAUS,UNINCORPORATED,-120.99739074707031,37.707454681396484
92031357,2023,2023-03-29,9465,2023-03-26,2125,021337,,7,2,9,5000,0,3,5,,2,030,"S. ABBIE ST","SR-132 (YOSEMITE AVENUE)",1056.00,S,N,A,-,N,,,,,,,,,,N,3,0,2,2,A,-,01,23152,A,N,E,8,A,A,H,-,D,D,0,,,,,Y,Y,A,01,0,2,0,0,0,0,0,0,0,"- ","- ",37.634910583496094,-120.89924621582031,STANISLAUS,UNINCORPORATED,-120.89928436279297,37.635379791259766
92034555,2023,2023-03-31,9465,2023-03-24,1135,019152,,5,1,9,5000,0,3,5,,2,040,"WEST MAIN ST.","FAITH HOME RD.",0.00,,Y,A,-,N,,,,,,,,,,N,4,0,1,2,D,-,00,,,N,D,D,A,A,H,-,A,A,0,,,,,Y,,-,"- ",0,0,1,0,0,0,0,0,0,"- ","- ",37.492641448974609,-120.92154693603516,STANISLAUS,UNINCORPORATED,-120.92155456542969,37.492622375488281
92034557,2023,2023-03-31,9465,2023-03-29,"800 ",017249,,3,1,9,5000,0,3,5,,2,030,"FINCH RD","GARNER RD",0.00,,Y,B,-,N,,,,,,,,,,Y,3,0,1,2,A,-,09,21802,A,N,D,C,A,A,H,-,A,A,0,,,,,Y,,D,22,0,1,0,0,0,0,0,0,0,"- ","- ",37.625080108642578,-120.92314910888672,STANISLAUS,UNINCORPORATED,-120.92292785644531,37.625049591064453
92036985,2023,2023-04-04,9465,2023-03-26,2200,020833,,7,3,5,5007,0,1,3,,2,041,"STATE ROUTE 99 (NORTHBOUND)","MONTE VISTA AVENUE",1000.00,N,N,A,-,Y,STA,,99," ",R,6.037,H,,R,Y,4,0,1,2,A,-,03,22350,,N,C,C,A,A,H,-,D,D,0,,,,,Y,Y,A,01,0,0,1,0,0,0,0,0,0,"- ","- ",37.527030944824219,-120.88816070556641,STANISLAUS,TURLOCK,-120.88817596435547,37.527023315429688
92041792,2023,2023-09-01,9465,2023-04-01,"918 ",017391,,6,1,9,5000,0,1,3,,2,023,SR-108,"WAMBLE ROAD",0.00,,Y,A,-,Y,STA,,120," "," ",9.239,H,,R,Y,3,0,1,2,A,-,09,21802,A,N,D,C,A,A,H,-,A,D,0,,,,,Y,,A,01,0,1,0,0,0,0,0,0,0,"- ","- ",37.776809692382812,-120.77469635009766,STANISLAUS,UNINCORPORATED,-120.77469635009766,37.776802062988281
92042062,2023,2023-04-11,9465,2023-04-03,"405 ",021770,,1,3,9,5000,0,3,5,,2,030,"LOS CERRITOS ROAD","LAKE ROAD",3168.00,S,N,A,-,N,,,,,,,,,,Y,4,0,2,1,A,-,08,22107,,N,E,I,A,A,H,-,D,D,0,,,,,Y,,A,01,0,0,2,0,0,0,0,0,0,"- ","- ",37.598979949951172,-120.53028869628906,STANISLAUS,UNINCORPORATED,-120.53025054931641,37.599185943603516
92042403,2023,2023-04-11,9465,2023-04-06,"841 ",018222,,4,1,9,5000,0,1,3,,2,015,"STATE ROUTE 219 (KIERNAN AVENUE)","SISK ROAD",0.00,,Y,A,-,Y,STA,,219," "," ",0.351,H,,R,Y,3,0,1,2,A,-,09,21453,C,N,D,C,A,A,H,-,A,A,0,,,,,Y,,A,01,0,1,0,0,0,0,0,0,0,"- ","- ",37.710880279541016,-121.07752990722656,STANISLAUS,UNINCORPORATED,-121.07752990722656,37.710899353027344
92043014,2023,2023-04-12,9465,2023-04-10,"235 ",021226,,1,3,9,5000,0,1,3,,2,052,"STATE ROUTE 132","MCCRACKEN ROAD",1584.00,E,N,A,-,Y,STA,,132," "," ",0.541,H,,R,Y,4,0,1,1,A,-,08,22107,,N,E,I,A,A,H,-,D,D,0,,,,,Y,,-,"- ",0,0,1,0,0,0,0,0,0,"- ","- ",37.63861083984375,-121.26380920410156,STANISLAUS,UNINCORPORATED,-121.26381683349609,37.638660430908203
92044702,2023,2023-04-14,9465,2023-04-09,1530,020885,,7,2,9,5000,0,3,5,,2,030,"NUNES RD","WASHINGTON RD",455.00,E,N,A,-,N,,,,,,,,,,Y,4,0,1,2,A,-,09,21804,A,N,D,C,A,A,H,-,A,D,0,,,,,Y,,A,07,0,0,1,0,0,0,0,0,0,"- ","- ",37.55126953125,-120.90029144287109,STANISLAUS,UNINCORPORATED,-120.90036010742188,37.551242828369141
92046115,2023,2023-04-17,9465,2023-04-06,2110,019152,,4,2,9,5000,0,1,1,,2,055,"INTERSTATE 5","FINK RD.",5808.00,N,N,A,-,Y,STA,,5," "," ",11.851,H,,R,Y,4,0,1,2,A,-,03,22350,,M,C,C,A,A,H,-,D,D,0,,,,,Y,,A,01,0,0,1,0,0,0,0,0,0,"- ","- ",37.411739349365234,-121.14794158935547,STANISLAUS,UNINCORPORATED,-121.14796447753906,37.411731719970703
92047859,2023,2023-04-18,9465,2023-04-09,1940,019713,,7,2,9,5000,0,1,1,,2,056,"INTERSTATE 5 (SOUTHBOUND)","PETE MILLER ROAD OVERCROSSING",520.00,N,N,A,-,Y,STA,,5," "," ",0.793,H,,L,N,3,0,1,2,A,-,01,23152,A,N,C,C,A,A,H,-,D,A,0,,,,,Y,Y,A,01,0,1,0,0,0,0,0,0,0,"- ","- ",37.258430480957031,-121.09226226806641,STANISLAUS,UNINCORPORATED,-121.09222412109375,37.258434295654297
92049910,2023,2023-04-20,9465,2023-04-14,1822,023200,,5,2,9,5000,0,3,5,,2,010,"CARPENTER ROAD","PARADISE ROAD",548.00,S,N,A,-,N,,,,,,,,,,Y,2,0,1,2,A,-,09,21801,A,N,D,C,A,A,H,-,A,D,0,,,Y,,Y,,D,22,1,0,0,0,0,0,0,0,1,"- ","- ",37.614879608154297,-121.03041839599609,STANISLAUS,UNINCORPORATED,-121.03037261962891,37.614974975585938