CASE_ID,ACCIDENT_YEAR,PROC_DATE,JURIS,COLLISION_DATE,COLLISION_TIME,OFFICER_ID,REPORTING_DISTRICT,DAY_OF_WEEK,CHP_SHIFT,POPULATION,CNTY_CITY_LOC,SPECIAL_COND,BEAT_TYPE,CHP_BEAT_TYPE,CITY_DIVISION_LAPD,CHP_BEAT_CLASS,BEAT_NUMBER,PRIMARY_RD,SECONDARY_RD,DISTANCE,DIRECTION,INTERSECTION,WEATHER_1,WEATHER_2,STATE_HWY_IND,CALTRANS_COUNTY,CALTRANS_DISTRICT,STATE_ROUTE,ROUTE_SUFFIX,POSTMILE_PREFIX,POSTMILE,LOCATION_TYPE,RAMP_INTERSECTION,SIDE_OF_HWY,TOW_AWAY,COLLISION_SEVERITY,NUMBER_KILLED,NUMBER_INJURED,PARTY_COUNT,PRIMARY_COLL_FACTOR,PCF_CODE_OF_VIOL,PCF_VIOL_CATEGORY,PCF_VIOLATION,PCF_VIOL_SUBSECTION,HIT_AND_RUN,TYPE_OF_COLLISION,MVIW,PED_ACTION,ROAD_SURFACE,ROAD_COND_1,ROAD_COND_2,LIGHTING,CONTROL_DEVICE,CHP_ROAD_TYPE,PEDESTRIAN_ACCIDENT,BICYCLE_ACCIDENT,MOTORCYCLE_ACCIDENT,TRUCK_ACCIDENT,NOT_PRIVATE_PROPERTY,ALCOHOL_INVOLVED,STWD_VEHTYPE_AT_FAULT,CHP_VEHTYPE_AT_FAULT,COUNT_SEVERE_INJ,COUNT_VISIBLE_INJ,COUNT_COMPLAINT_PAIN,COUNT_PED_KILLED,COUNT_PED_INJURED,COUNT_BICYCLIST_KILLED,COUNT_BICYCLIST_INJURED,COUNT_MC_KILLED,COUNT_MC_INJURED,PRIMARY_RAMP,SECONDARY_RAMP,LATITUDE,LONGITUDE,COUNTY,CITY,POINT_X,POINT_Y
9217695,2021,2021-03-15,5002,2021-01-30,0734,833,B300,6,5,6,5002,0,0,0,,0,003,"HATCH RD","ANGIE AVE",357.00,W,N,A,-,N,,,,,,,,,,N,3,0,1,2,A,-,09,21804,,N,H,A,A,A,H,-,A,D,0,,,Y,,Y,,A,07,0,1,0,0,0,0,0,0,1,"- ","- ",37.611179351806641,-120.94217681884766,STANISLAUS,MODESTO,-120.94137573242188,37.609302520751953
92176975,2023,2023-09-22,9465,2023-09-20,"809 ",018955,,3,1,9,5000,0,2,4,,2,043,"WEST MAIN AVENUE","JENNINGS ROAD",2700.00,E,N,A,-,N,,,,,,,,,,Y,3,0,1,2,A,-,03,22350,,N,C,C,A,A,H,-,A,D,0,,,,Y,Y,,G,25,0,1,0,0,0,0,0,0,0,"- ","- ",37.494159698486328,-121.05831146240234,STANISLAUS,UNINCORPORATED,-121.05834197998047,37.494178771972656
92178616,2023,2023-09-25,9465,2023-09-22,1940,021022,,5,2,9,5000,0,3,5,,2,040,"MITCHELL ROAD","BRADBURY ROAD",1056.00,S,N,A,-,N,,,,,,,,,,N,2,0,2,2,A,-,05,21650,,N,A,C,A,A,H,-,A,D,0,,,,,Y,,A,01,1,0,1,0,0,0,0,0,0,"- ","- ",37.442291259765625,-120.94008636474609,STANISLAUS,UNINCORPORATED,-120.94002532958984,37.446231842041016
92180032,2023,2023-09-26,9465,2023-09-26,1055,018671,,2,1,9,5000,0,3,5,,2,030,"WHITMORE AVENUE","BALDWIN ROAD",225.00,W,N,E,-,N,,,,,,,,,,Y,4,0,2,2,A,-,03,22350,,N,C,C,A,A,G,-,A,D,0,,,,,Y,,A,01,0,0,2,0,0,0,0,0,0,"- ","- ",37.594791412353516,-120.88947296142578,STANISLAUS,UNINCORPORATED,-120.88897705078125,37.594779968261719
92181254,2023,2023-09-27,9465,2023-09-20,1723,019155,,3,2,9,5000,0,1,3,,2,041,"STATE ROUTE 99 (NORTHBOUND)","S. 7TH ST",300.00,N,N,A,-,Y,STA,,99," ",R,14.171,H,,R,N,4,0,1,1,A,-,08,22107,,N,F,A,A,A,H,-,A,D,0,,,,,Y,,A,01,0,0,1,0,0,0,0,0,0,"- ","- ",37.617298126220703,-120.98863983154297,STANISLAUS,UNINCORPORATED,-120.98865509033203,37.617229461669922
92182343,2023,2023-09-28,9465,2023-09-22,"800 ",018274,,5,1,9,5000,0,3,5,,2,030,"KEYES ROAD","DOWNIE ROAD",360.00,E,N,A,-,N,,,,,,,,,,Y,4,0,1,1,A,-,08,22107,,N,E,8,A,A,H,-,A,D,0,,,,,Y,,A,01,0,0,1,0,0,0,0,0,0,"- ","- ",37.551189422607422,-120.77245330810547,STANISLAUS,UNINCORPORATED,-120.77250671386719,37.551158905029297
92182461,2023,2023-09-28,9465,2023-09-27,"450 ",020475,,3,3,9,5000,0,2,4,,2,024,"ALBERS RD","VALK ROAD",2270.00,S,N,A,-,N,,,,,,,,,,Y,4,0,1,1,A,-,08,22107,,N,E,8,A,A,H,-,D,D,0,,,,,Y,,A,01,0,0,1,0,0,0,0,0,0,"- ","- ",37.722000122070312,-120.84501647949219,STANISLAUS,UNINCORPORATED,-120.84834289550781,37.712169647216797
92185507,2023,2023-10-02,9465,2023-09-22,1625,018363,,5,2,9,5000,0,3,5,,2,020,"PLEASANT VALLEY ROAD","VICTORY AVENUE",1275.00,E,N,A,-,N,,,,,,,,,,N,2,0,1,1,B,-,22,,,N,E,I,A,A,H,-,A,D,0,,,Y,,Y,,C,02,1,0,0,0,0,0,0,0,1,"- ","- ",37.805679321289062,-120.91919708251953,STANISLAUS,UNINCORPORATED,-120.91923522949219,37.805736541748047
92189965,2023,2023-10-04,9465,2023-09-28,1535,020985,,4,2,9,5000,0,1,3,,2,012,"STATE ROUTE 132","GATES ROAD",7920.00,W,N,A,-,Y,STA,,132," "," ",4.866,H,,R,Y,2,0,1,1,A,-,08,22107,,N,F,A,A,A,G,-,A,D,0,,,,,Y,,M,93,1,0,0,0,0,0,0,0,0,"- ","- ",37.637748718261719,-121.18612670898438,STANISLAUS,UNINCORPORATED,-121.18612670898438,37.637802124023438
92190021,2023,2023-10-04,9465,2023-09-29,"821 ",019152,,5,1,9,5000,0,2,4,,2,024,"ALBERS RD.","DUSTY LN.",550.00,S,N,A,-,N,,,,,,,,,,N,3,0,1,4,A,-,03,22350,,N,C,C,A,A,H,-,A,D,0,,,,,Y,,A,07,0,1,0,0,0,0,0,0,0,"- ","- ",37.656890869140625,-120.84800720214844,STANISLAUS,UNINCORPORATED,-120.84796142578125,37.658828735351562
92191967,2023,2023-10-05,9465,2023-09-21,1000,017966,,4,1,9,5000,0,3,5,,2,010,"PARADISE ROAD","BAKER ROAD",200.00,E,N,A,-,N,,,,,,,,,,Y,4,0,2,2,A,-,03,22350,,N,C,C,A,A,H,-,A,D,0,,,,,Y,,A,07,0,0,2,0,0,0,0,0,0,"- ","- ",37.609031677246094,-121.09346771240234,STANISLAUS,UNINCORPORATED,-121.09329986572266,37.6090087890625
92192293,2023,2023-10-05,9465,2023-10-04,1525,018955,,3,2,9,5000,0,3,5,,2,020,"STATE ROUTE 132","HARDING ROAD",200.00,W,N,A,-,Y,STA,,132," "," ",24.860,H,,R,N,4,0,1,2,A,-,04,21703,,N,C,C,A,A,H,-,A,D,0,,,,,Y,,A,01,0,0,1,0,0,0,0,0,0,"- ","- ",37.638729095458984,-120.81645965576172,STANISLAUS,UNINCORPORATED,-120.81645965576172,37.638740539550781
92193169,2023,2023-10-06,9465,2023-09-30,1840,019713,,6,2,9,5000,0,1,3,,1,054,"STATE ROUTE 33","MULBERRY AVENUE",0.00,,Y,B,-,Y,STA,,33," "," ",16.555,H,,R,N,4,0,1,2,A,-,09,21802,A,N,D,C,A,A,H,-,B,A,0,,,Y,,Y,,A,07,0,0,1,0,0,0,0,0,1,"- ","- ",37.514110565185547,-121.15988922119141,STANISLAUS,UNINCORPORATED,-121.159912109375,37.514095306396484
92194303,2023,2023-10-09,9465,2023-10-03,1240,018998,,2,1,9,5000,0,3,5,,2,030,"S. 9TH STREET","RIVER ROAD",20.00,W,N,A,-,N,,,,,,,,,,N,4,0,3,2,A,-,03,22350,,N,C,C,A,A,H,-,A,D,0,,,,,Y,,-,"- ",0,0,3,0,0,0,0,0,0,"- ","- ",37.626270294189453,-120.9869384765625,STANISLAUS,UNINCORPORATED,-120.98708343505859,37.626255035400391
92194430,2023,2023-10-09,9465,2023-10-04,1345,021066,,3,1,9,5000,0,1,3,,2,045,"SR-165 (LANDER AVENUE)","GREENWAY AVENUE",110.00,N,N,A,-,Y,STA,,165," "," ",1.018,H,,R,Y,4,0,2,3,A,-,03,22350,,N,C,C,A,A,H,-,D,D,0,,,,Y,Y,,G,25,0,0,2,0,0,0,0,0,0,"- ","- ",37.467681884765625,-120.84902191162109,STANISLAUS,UNINCORPORATED,-120.84904479980469,37.467681884765625
92194550,2023,2023-10-09,9465,2023-10-06,"235 ",021368,,5,3,9,5000,0,1,3,,2,011,"STATE ROUTE 99","SIERRA DRIVE",475.00,N,N,A,-,Y,STA,,99," ",R,15.464,H,,R,Y,4,0,1,1,A,-,08,22107,,N,F,A,A,A,H,-,C,D,0,,,,Y,Y,,-,"- ",0,0,1,0,0,0,0,0,0,"- ","- ",37.632301330566406,-120.99858093261719,STANISLAUS,UNINCORPORATED,-120.99859619140625,37.632293701171875
92196075,2023,2023-10-11,9465,2023-09-29,"740 ",019517,,5,1,9,5000,0,1,3,,2,011,SR-99,SR-219,1584.00,S,N,A,-,Y,STA,,99," ",R,22.194,H,,R,Y,4,0,2,2,A,-,03,22350,,N,C,C,A,A,H,-,A,D,0,,,,,Y,,A,07,0,0,2,0,0,0,0,0,0,"- ","- ",37.70513916015625,-121.07649230957031,STANISLAUS,UNINCORPORATED,-121.07645416259766,37.705165863037109
9220138,2021,2021-06-02,5001,2021-01-21,1142,818,C008,4,5,4,5001,0,0,0,,0,004,"WHITMORE AV","MORGAN RD",263.00,W,N,A,-,N,,,,,,,,,,Y,2,0,1,2,A,-,03,22350,,N,B,C,A,A,H,-,A,A,0,,,,Y,Y,,A,07,1,0,0,0,0,0,0,0,0,"- ","- ",37.594551086425781,-120.97030639648438,STANISLAUS,CERES,-120.97616577148438,37.594844818115234
92204554,2023,2023-10-20,9465,2023-10-15,"803 ",018259,,7,1,9,5000,0,1,1,,2,055,"SB INTERSTATE 5","DEL PUERTO CANYON ROAD",1575.00,S,N,B,-,Y,STA,,5," "," ",15.560,H,,L,Y,4,0,2,1,A,-,01,23152,F,N,F,A,A,A,H,-,A,D,0,,,,,Y,,A,01,0,0,2,0,0,0,0,0,0,"- ","- ",37.4598388671875,-121.17761993408203,STANISLAUS,UNINCORPORATED,-121.17765045166016,37.459827423095703
92204562,2023,2023-10-25,9465,2023-10-14,2110,021239,,6,2,9,5000,0,3,5,,2,040,"SERVICE ROAD","CARPENTER ROAD",1357.00,E,N,A,-,N,,,,,,,,,,Y,3,0,2,2,A,-,01,23152,A,N,A,C,A,A,H,-,C,A,0,,,,,Y,Y,D,22,0,1,1,0,0,0,0,0,0,"- ","- ",37.580478668212891,-121.02545166015625,STANISLAUS,UNINCORPORATED,-121.02555084228516,37.580486297607422
92204701,2023,2023-10-20,9465,2023-10-13,2118,023200,,5,2,9,5000,0,1,3,,2,041,"SR-99 (S/B) TO MITCHELL ROAD","MITCHELL ROAD",0.00,,Y,A,-,Y,STA,,99," ",R,10.158,H,,L,Y,4,0,2,2,A,-,12,21453,A,N,D,C,A,A,H,-,C,A,0,,,,,Y,,A,01,0,0,2,0,0,0,0,0,0,"- ","- ",37.575710296630859,-120.93879699707031,STANISLAUS,UNINCORPORATED,-120.93859100341797,37.575862884521484
92204705,2023,2023-10-20,9465,2023-10-10,1710,019517,,2,2,9,5000,0,1,3,,2,011,SR-99,"CARPENTER ROAD",1310.00,S,N,A,-,Y,STA,,99," ",M,18.263,H,,R,N,4,0,1,2,A,-,03,22350,,N,C,C,A,A,H,-,A,D,0,,,,,Y,,D,22,0,0,1,0,0,0,0,0,0,"- ","- ",37.663631439208984,-121.02777099609375,STANISLAUS,UNINCORPORATED,-121.02778625488281,37.663616180419922
92207973,2023,2023-10-25,9465,2023-10-15,2110,019713,,7,2,9,5000,0,3,5,,2,050,"BELL ROAD","IKE CROW ROAD",1000.00,S,N,A,-,N,,,,,,,,,,Y,4,0,1,1,A,-,03,22350,,M,E,I,A,A,H,-,D,D,0,,,,,Y,,A,01,0,0,1,0,0,0,0,0,0,"- ","- ",37.398780822753906,-121.10346221923828,STANISLAUS,UNINCORPORATED,-121.10324859619141,37.403373718261719
92207988,2023,2023-10-25,9465,2023-10-20,1225,018178,,5,1,9,5000,0,3,5,,2,030,"MITCHELL ROAD","SR-99 NORTHBOUND",50.00,E,N,A,-,N,,,,,,,,,,N,4,0,1,2,A,-,21,22106,,N,C,C,A,A,H,-,A,A,0,,,,,Y,,A,01,0,0,1,0,0,0,0,0,0,"- ","- ",37.576839447021484,-120.93878936767578,STANISLAUS,UNINCORPORATED,-120.93875122070312,37.576519012451172
9221783,2021,2021-03-08,5006,2021-01-06,1734,S01342,,3,5,3,5006,0,0,0,,0,,"RT 108","JACKSON AV",350.00,W,N,A,-,Y,STA,10,108,-,-,31.500,H,-,E,Y,4,0,2,3,A,-,22,23123,5,N,C,C,A,A,H,-,C,A,0,,,,,Y,,A,01,0,0,2,0,0,0,0,0,0,"- ","- ",,,STANISLAUS,RIVERBANK,-120.95093536376953,37.732662200927734
92221913,2023,2023-10-27,9465,2023-10-25,2325,020985,,3,3,6,5002,0,1,3,,2,011,"STATE ROUTE 99 (NORTHBOUND)","L STREET",188.00,S,N,A,-,Y,STA,,99," ",R,16.077,H,,R,Y,2,0,2,2,A,-,01,23152,A,F,B,2,A,A,H,-,C,D,0,,,,,Y,Y,A,01,1,1,0,0,0,0,0,0,0,"- ","- ",37.638858795166016,-121.00621795654297,STANISLAUS,MODESTO,-121.00623321533203,37.638851165771484
92224377,2023,2023-10-31,9465,2023-10-17,1440,019155,,2,2,9,5000,0,1,3,,1,031,"STATE ROUTE 132","I STREET",65.00,W,N,A,-,Y,STA,,132," "," ",20.335,H,,R,N,3,0,1,2,A,-,08,22107,,N,B,G,A,A,H,-,A,D,0,,Y,,,Y,,L,04,0,1,0,0,0,0,1,0,0,"- ","- ",37.638378143310547,-120.89890289306641,STANISLAUS,UNINCORPORATED,-120.89889526367188,37.638278961181641
92225294,2023,2023-11-01,9465,2023-10-18,1740,019517,,3,2,9,5000,0,3,5,,2,040,"BRADBURY ROAD","MITCHELL ROAD",0.00,,Y,A,-,N,,,,,,,,,,Y,4,0,1,2,A,-,09,21800,A,N,D,C,A,A,H,-,A,D,0,,,,,Y,,-,"- ",0,0,1,0,0,0,0,0,0,"- ","- ",37.449108123779297,-120.94001770019531,STANISLAUS,UNINCORPORATED,-120.93997192382812,37.449127197265625
92226281,2023,2023-11-02,9465,2023-10-20,"644 ",019152,,5,1,9,5000,0,3,5,,2,030,"FINCH RD.","MARIPOSA ROAD",6.00,E,N,A,-,N,,,,,,,,,,N,3,0,1,1,A,-,08,22107,,N,E,I,A,A,H,-,C,A,0,,,,,Y,,A,01,0,1,0,0,0,0,0,0,0,"- ","- ",37.623821258544922,-120.93411254882812,STANISLAUS,UNINCORPORATED,-120.93428039550781,37.623729705810547
92226358,2023,2023-11-03,9465,2023-10-14,1525,020457,,6,2,9,5000,0,1,3,,2,021,"STATE ROUTE 120 (LON DALE ROAD)","SAWYER AVENUE",75.00,W,N,A,-,Y,STA,,120," "," ",1.010,H,,R,Y,2,0,2,2,A,-,12,22450,A,N,D,C,A,A,H,-,A,A,0,,,,Y,Y,,A,01,1,1,0,0,0,0,0,0,0,"- ","- ",37.793018341064453,-120.90509796142578,STANISLAUS,UNINCORPORATED,-120.90509796142578,37.79302978515625
92227386,2023,2023-11-03,9465,2023-10-27,1239,018222,,5,1,9,5000,0,1,3,,2,013,"STATE ROUTE 108","ST. FRANCIS AVENUE",888.00,N,N,A,-,Y,STA,,108," "," ",28.514,H,,R,Y,2,0,3,3,A,-,01,23152,F,N,C,C,A,A,H,-,A,D,0,,,,,Y,,A,01,1,1,1,0,0,0,0,0,0,"- ","- ",37.724330902099609,-120.9951171875,STANISLAUS,UNINCORPORATED,-120.99515533447266,37.724330902099609
9222841,2021,2021-03-18,5007,2021-01-20,1653,5800,TPD,3,5,5,5007,0,0,0,,0,PD2,"JESSICA ST","SOUTH 1ST ST",0.00,,Y,A,-,N,,,,,,,,,,N,3,0,1,3,A,-,09,21802,A,N,B,C,A,A,H,-,A,A,0,,,Y,,Y,,A,01,0,1,0,0,0,0,0,0,1,"- ","- ",37.485969543457031,-120.84123992919922,STANISLAUS,TURLOCK,,
9222855,2021,2021-03-18,5001,2021-01-08,2127,755,D206,5,5,4,5001,0,0,0,,0,005,"MITCHELL RD","SERVICE RD",0.00,,Y,A,-,N,,,,,,,,,,Y,2,0,5,2,A,-,12,21453,A,N,A,C,A,A,H,-,C,A,0,,,,,Y,,A,01,2,2,1,0,0,0,0,0,0,"- ","- ",37.580238342285156,-120.93872833251953,STANISLAUS,CERES,-120.93872833251953,37.580245971679688
92229751,2023,2023-11-07,9465,2023-10-05,1640,018259,,4,2,9,5000,0,3,5,,2,030,"MAIN STREET","SAN JOAQUIN AVENUE",0.00,,Y,A,-,N,,,,,,,,,,N,3,0,1,1,A,-,03,22350,,N,E,I,A,A,H,-,A,A,0,,Y,,,Y,,L,04,0,1,0,0,0,0,1,0,0,"- ","- ",37.526878356933594,-120.79540252685547,STANISLAUS,UNINCORPORATED,-120.79538726806641,37.527011871337891
92229760,2023,2023-11-07,9465,2023-10-09,"120 ",021549,,1,3,9,5000,0,1,3,,2,011,"STATE ROUTE 99 (NORTHBOUND)","CARPENTER ROAD",1116.00,S,N,A,-,Y,STA,,99," ",M,18.309,H,,R,Y,4,0,1,1,A,-,08,22107,,M,E,I,A,A,H,-,C,D,0,,,,,Y,,A,01,0,0,1,0,0,0,0,0,0,"- ","- ",37.664169311523438,-121.02832794189453,STANISLAUS,UNINCORPORATED,-121.02841186523438,37.664104461669922
92229871,2023,2023-11-07,9465,2023-08-24,2245,021235,,4,3,9,5000,0,1,3,,2,011,"STATE ROUTE 99 (NORTHBOUND)","CARPENTER ROAD",4118.00,N,N,A,-,Y,STA,,99," ",R,19.315,H,,R,Y,2,0,7,3,A,-,01,23152,F,F,B,C,A,A,H,-,C,D,0,,,,,Y,,A,01,2,2,3,0,0,0,0,0,0,"- ","- ",37.673801422119141,-121.04209899902344,STANISLAUS,UNINCORPORATED,-121.04206085205078,37.673828125
92230096,2023,2023-11-07,9465,2023-10-16,1720,018955,,1,2,9,5000,0,3,5,,2,050,"E. LAS PALMAS AVENUE","SYCAMORE AVENUE",400.00,E,N,A,-,N,,,,,,,,,,N,4,0,1,3,A,-,03,22350,,M,C,C,A,A,H,-,A,D,0,,,,,Y,,A,01,0,0,1,0,0,0,0,0,0,"- ","- ",37.480239868164062,-121.11135864257812,STANISLAUS,UNINCORPORATED,-121.11139678955078,37.480159759521484
92230235,2023,2023-11-07,9465,2023-10-30,"808 ",018274,,1,1,9,5000,0,3,5,,2,030,"MOORE ROAD","SERVICE ROAD",0.00,,Y,A,-,N,,,,,,,,,,Y,4,0,1,2,A,-,12,22450,A,N,D,2,A,A,H,-,A,A,0,,,,,Y,,A,01,0,0,1,0,0,0,0,0,0,"- ","- ",37.580230712890625,-120.93612670898438,STANISLAUS,UNINCORPORATED,-120.93608856201172,37.580272674560547
92234544,2023,2023-11-13,9465,2023-11-02,1115,015761,,4,1,9,5000,0,3,5,,2,030,"CLARIBEL ROAD","LITT ROAD",245.00,W,N,A,-,N,,,,,,,,,,N,4,0,1,1,A,-,08,22107,,N,H,A,A,A,H,-,A,D,0,,,,,Y,,D,22,0,0,1,0,0,0,0,0,0,"- ","- ",37.710868835449219,-120.93309783935547,STANISLAUS,UNINCORPORATED,-120.93290710449219,37.710922241210938
92234566,2023,2023-11-13,9465,2023-11-02,1600,018955,,4,2,9,5000,0,3,5,,2,030,"MITCHELL ROAD","RIVERSIDE DRIVE",15.00,N,N,A,-,N,,,,,,,,,,N,4,0,1,2,A,-,05,21460,A,N,A,C,A,A,H,-,A,D,0,,,,,Y,,A,01,0,0,1,0,0,0,0,0,0,"- ","- ",37.625690460205078,-120.94824981689453,STANISLAUS,UNINCORPORATED,-120.94819641113281,37.625682830810547
92234761,2023,2023-11-13,9465,2023-11-03,1650,021783,,5,2,9,5000,0,3,5,,2,040,"CROWS LANDING ROAD","STATE ROUTE 99",120.00,N,N,A,-,N,,,,,,,,,,N,3,0,1,2,A,-,09,21800,A,N,D,C,A,A,H,-,A,A,0,,,,,Y,,A,01,0,1,0,0,0,0,0,0,0,"- ","- ",37.619838714599609,-120.99362182617188,STANISLAUS,UNINCORPORATED,-120.99358367919922,37.618320465087891
92235604,2023,2023-11-14,9465,2023-11-08,1356,018694,,3,1,9,5000,0,3,5,,2,040,"DALLAS STREET","GLENN AVENUE",25.00,N,N,A,-,N,,,,,,,,,,N,4,0,2,2,A,-,01,23152,A,N,C,C,A,A,H,-,A,A,0,,,,,Y,Y,A,01,0,0,2,0,0,0,0,0,0,"- ","- ",37.602329254150391,-121.00138092041016,STANISLAUS,UNINCORPORATED,-121.0013427734375,37.602279663085938
92239195,2023,2023-11-17,9465,2023-11-07,1720,018955,,2,2,9,5000,0,1,3,,2,012,"STATE ROUTE 132 (WESTBOUND)","DAKOTA ROAD",100.00,E,N,A,-,Y,,,,,,,,,,N,4,0,1,2,A,-,03,22350,,M,C,C,A,A,H,-,A,D,0,,,,,Y,,-,99,0,0,1,0,0,0,0,0,0,"- ","- ",37.645309448242188,-121.06700134277344,STANISLAUS,UNINCORPORATED,-121.06694793701172,37.638240814208984
92240414,2023,2023-11-20,9465,2023-10-16,2131,020642,,1,2,9,5000,0,2,4,,2,044,"CARPENTER ROAD","GRAYSON ROAD",1411.00,N,N,A,-,N,,,,,,,,,,Y,1,1,0,2,A,-,11,21954,A,N,G,B,E,A,H,-,D,D,0,Y,,,,Y,,N,60,0,0,0,1,0,0,0,0,0,"- ","- ",37.569839477539062,-121.03018188476562,STANISLAUS,UNINCORPORATED,-121.03018951416016,37.569816589355469
92241760,2023,2023-11-21,9465,2023-11-16,1810,018363,,4,2,6,5002,0,1,3,,2,011,"STATE ROUTE 99 (SOUTHBOUND)","BECKWITH ROAD",1400.00,N,N,A,-,Y,STA,,99," ",R,20.479,H,,L,N,4,0,1,2,A,-,03,22350,,M,C,C,A,A,H,-,D,A,0,,,,,Y,,-,99,0,0,1,0,0,0,0,0,0,"- ","- ",37.685928344726562,-121.0567626953125,STANISLAUS,MODESTO,-121.05664825439453,37.686031341552734
92243098,2023,2023-11-22,9465,2023-11-01,1515,018457,,3,2,6,5002,0,1,3,,2,011,"STATE ROUTE 99 (SOUTHBOUND)","K STREET",377.00,S,N,A,-,Y,STA,,99," ",R,15.952,H,,R,N,4,0,1,2,A,-,03,22350,,N,C,C,A,A,H,-,A,A,0,,,,,Y,,D,22,0,0,1,0,0,0,0,0,0,"- ","- ",37.63739013671875,-121.00483703613281,STANISLAUS,MODESTO,-121.00465393066406,37.637531280517578
92243873,2023,2023-11-24,9465,2023-11-21,"745 ",019155,,2,1,9,5000,0,3,5,,2,030,"SANTA CRUZ AVENUE","TENAYA DRIVE",40.00,N,N,A,-,N,,,,,,,,,,N,2,0,1,2,A,-,11,21954,A,N,G,B,D,A,H,-,A,D,0,Y,,,Y,Y,,N,60,1,0,0,0,1,0,0,0,0,"- ","- ",37.633808135986328,-120.97479248046875,STANISLAUS,UNINCORPORATED,-120.97476196289062,37.6337890625
92243884,2023,2023-11-24,9465,2023-11-21,1250,018178,,2,1,9,5000,0,2,4,,2,043,"WEST MAIN STREET","MITCHELL ROAD",0.00,,Y,A,-,N,,,,,,,,,,N,4,0,1,2,A,-,12,22450,A,N,D,C,A,A,H,-,A,A,0,,,,,Y,,A,07,0,0,1,0,0,0,0,0,0,"- ","- ",37.492748260498047,-120.94043731689453,STANISLAUS,UNINCORPORATED,-120.94041442871094,37.492748260498047
92243887,2023,2023-11-24,9465,2023-11-20,"755 ",019730,,1,1,9,5000,0,3,5,,2,050,"MARSHALL ROAD","SYCAMORE AVENUE",1426.00,E,N,A,-,N,,,,,,,,,,N,3,0,2,2,A,-,03,22350,,N,C,C,A,A,H,-,A,D,0,,,,,Y,,A,01,0,1,1,0,0,0,0,0,0,"- ","- ",37.434921264648438,-121.07550048828125,STANISLAUS,UNINCORPORATED,-121.07541656494141,37.434947967529297
92244347,2023,2023-11-27,9465,2023-11-20,1210,019730,,1,1,9,5000,0,1,1,,2,055,"INTERSTATE 5 (NORTHBOUND)","INGRAM CREEK ROAD",4435.00,S,N,A,-,Y,STA,,5," "," ",22.163,H,,R,N,4,0,1,2,A,-,03,22350,,N,C,C,A,A,H,-,A,D,0,,,,Y,Y,,A,07,0,0,1,0,0,0,0,0,0,"- ","- ",37.531620025634766,-121.25669097900391,STANISLAUS,UNINCORPORATED,-121.25669097900391,37.531620025634766
92244349,2023,2023-11-27,9465,2023-11-22,1727,022938,,3,2,9,5000,0,3,5,,2,010,"HART ROAD","WOODLAND AVENUE",0.00,,Y,B,-,N,,,,,,,,,,Y,4,0,1,1,A,-,08,22107,,N,E,I,A,A,H,-,D,D,0,,,,,Y,,A,01,0,0,1,0,0,0,0,0,0,"- ","- ",37.652530670166016,-121.1224365234375,STANISLAUS,UNINCORPORATED,-121.12237548828125,37.652435302734375
92244356,2023,2023-11-27,9465,2023-11-16,"725 ",018259,,4,1,9,5000,0,1,3,,2,041,"NB SR-99","THE SOUTH ROADWAY EDGE OF MONTE VISTA AVENUE",50.00,N,N,B,-,Y,STA,,99," ",R,5.646,H,,R,N,4,0,1,2,A,-,03,22350,,N,C,C,A,A,H,-,A,D,0,,,,,Y,,A,01,0,0,1,0,0,0,0,0,0,"- ","- ",37.521858215332031,-120.88548278808594,STANISLAUS,UNINCORPORATED,-120.88542938232422,37.521877288818359
92251634,2023,2023-12-04,9465,2023-11-23,2245,021239,,4,3,9,5000,0,3,5,,2,010,"CARPENTER ROAD","BEVERLY DRIVE",250.00,S,N,A,-,N,,,,,,,,,,N,3,0,3,2,A,-,03,22350,,N,C,C,A,A,H,-,C,D,0,,,,,Y,,A,01,0,1,2,0,0,0,0,0,0,"- ","- ",37.620651245117188,-121.03040313720703,STANISLAUS,UNINCORPORATED,-121.03043365478516,37.620883941650391
92252827,2023,2023-12-05,9465,2023-11-24,1318,018274,,5,1,9,5000,0,3,5,,2,030,"LAKE ROAD","LOS CERRITOS ROAD",15.00,E,N,A,-,N,,,,,,,,,,Y,3,0,1,1,A,-,03,22350,,N,F,A,A,A,H,-,A,D,0,,,,Y,Y,,G,25,0,1,0,0,0,0,0,0,0,"- ","- ",37.607631683349609,-120.53138732910156,STANISLAUS,UNINCORPORATED,-120.53144073486328,37.607700347900391