CASE_ID,ACCIDENT_YEAR,PROC_DATE,JURIS,COLLISION_DATE,COLLISION_TIME,OFFICER_ID,REPORTING_DISTRICT,DAY_OF_WEEK,CHP_SHIFT,POPULATION,CNTY_CITY_LOC,SPECIAL_COND,BEAT_TYPE,CHP_BEAT_TYPE,CITY_DIVISION_LAPD,CHP_BEAT_CLASS,BEAT_NUMBER,PRIMARY_RD,SECONDARY_RD,DISTANCE,DIRECTION,INTERSECTION,WEATHER_1,WEATHER_2,STATE_HWY_IND,CALTRANS_COUNTY,CALTRANS_DISTRICT,STATE_ROUTE,ROUTE_SUFFIX,POSTMILE_PREFIX,POSTMILE,LOCATION_TYPE,RAMP_INTERSECTION,SIDE_OF_HWY,TOW_AWAY,COLLISION_SEVERITY,NUMBER_KILLED,NUMBER_INJURED,PARTY_COUNT,PRIMARY_COLL_FACTOR,PCF_CODE_OF_VIOL,PCF_VIOL_CATEGORY,PCF_VIOLATION,PCF_VIOL_SUBSECTION,HIT_AND_RUN,TYPE_OF_COLLISION,MVIW,PED_ACTION,ROAD_SURFACE,ROAD_COND_1,ROAD_COND_2,LIGHTING,CONTROL_DEVICE,CHP_ROAD_TYPE,PEDESTRIAN_ACCIDENT,BICYCLE_ACCIDENT,MOTORCYCLE_ACCIDENT,TRUCK_ACCIDENT,NOT_PRIVATE_PROPERTY,ALCOHOL_INVOLVED,STWD_VEHTYPE_AT_FAULT,CHP_VEHTYPE_AT_FAULT,COUNT_SEVERE_INJ,COUNT_VISIBLE_INJ,COUNT_COMPLAINT_PAIN,COUNT_PED_KILLED,COUNT_PED_INJURED,COUNT_BICYCLIST_KILLED,COUNT_BICYCLIST_INJURED,COUNT_MC_KILLED,COUNT_MC_INJURED,PRIMARY_RAMP,SECONDARY_RAMP,LATITUDE,LONGITUDE,COUNTY,CITY,POINT_X,POINT_Y
9265659,2020,2021-06-08,5009,2020-07-01,0145,503077,,3,5,2,5009,0,0,0,,0,,"SANTA FE AV","7TH ST",1214.00,N,N,A,-,N,,,,,,,,,,Y,4,0,1,2,A,-,21,22106,,N,D,C,A,A,H,-,D,D,0,,,Y,,Y,Y,C,02,0,0,1,0,0,0,0,0,1,"- ","- ",,,STANISLAUS,HUGHSON,-120.86360168457031,37.591541290283203
9267861,2021,2021-06-02,5002,2021-05-12,1805,858,B206,3,5,6,5002,0,0,0,,0,003,"MITCHELL RD","HATCH RD",40.00,S,N,A,-,N,,,,,,,,,,N,3,0,1,2,A,-,21,22106,,N,C,C,A,A,H,-,A,A,0,,,Y,,Y,,D,22,0,1,0,0,0,0,0,0,1,"- ","- ",37.609298706054688,-120.93879699707031,STANISLAUS,MODESTO,-120.93875122070312,37.609210968017578
9268229,2021,2021-05-26,5001,2021-05-12,1542,858,S3,3,5,4,5001,0,0,0,,0,003,"FOWLER RD","MOFFETT RD",222.00,E,N,A,-,N,,,,,,,,,,Y,4,0,3,2,A,-,09,21804,A,N,D,C,A,A,H,-,A,A,0,,,,,Y,,A,01,0,0,3,0,0,0,0,0,0,"- ","- ",37.602001190185547,-120.94786834716797,STANISLAUS,CERES,-120.94711303710938,37.602008819580078
9269397,2021,2021-05-27,5001,2021-05-18,0740,818,B106,2,5,4,5001,0,0,0,,0,003,"BOOTHE RD","WAYNESBORO DR",31.00,S,N,A,-,N,,,,,,,,,,Y,3,0,1,2,A,-,03,22350,,N,C,C,A,A,H,-,A,A,0,,,,,Y,,A,07,0,1,0,0,0,0,0,0,0,"- ","- ",37.603870391845703,-120.93138885498047,STANISLAUS,CERES,-120.931396484375,37.603786468505859
9269892,2021,2021-06-16,5001,2021-05-26,1735,801,D001,3,5,4,5001,0,0,0,,0,005,"MOFFETT RD","WHITMORE AV",0.00,,Y,A,-,N,,,,,,,,,,N,3,0,1,2,A,-,12,21453,A,M,D,C,A,A,H,-,A,A,0,,,,,Y,,D,22,0,1,0,0,0,0,0,0,0,"- ","- ",37.594730377197266,-120.94783782958984,STANISLAUS,CERES,-120.94783020019531,37.594764709472656
9271688,2021,2021-07-02,5004,2021-05-14,1203,312,RD35,5,5,3,5004,0,0,0,,0,021,"W G ST","EAST F ST",370.00,S,N,A,-,N,,,,,,,,,,N,3,0,2,2,A,-,12,22450,,N,D,D,A,A,H,-,A,D,0,,,,,Y,,A,01,0,2,0,0,0,0,0,0,0,"- ","- ",37.760238647460938,-120.85933685302734,STANISLAUS,OAKDALE,-120.84207916259766,37.767230987548828
9273219,2020,2021-07-02,5008,2020-12-07,1448,S01805,WATER,1,5,2,5008,0,0,0,,0,7B9,"F ST","DORSEY ST",0.00,,Y,A,-,N,,,,,,,,,,N,4,0,1,2,A,-,"- ",,,N,A,B,B,A,H,-,A,A,0,Y,,,,Y,,A,01,0,0,1,0,1,0,0,0,0,"- ","- ",,,STANISLAUS,WATERFORD,-120.76352,37.642670000000003
9273387,2020,2021-06-14,5009,2020-03-01,1014,53229,,7,5,2,5009,0,0,0,,0,,"THOMAS TAYLOR DR","MARIPOSA DR",114.00,S,N,A,-,N,,,,,,,,,,Y,4,0,1,2,A,-,03,22350,,N,C,C,A,A,H,-,A,D,0,,,,,Y,Y,A,01,0,0,1,0,0,0,0,0,0,"- ","- ",,,STANISLAUS,HUGHSON,-120.85578155517578,37.599300384521484
9273482,2021,2021-07-16,5001,2021-06-08,1204,818,B207,2,5,4,5001,0,0,0,,0,003,"HATCH RD","EASTGATE BL",0.00,,Y,A,-,N,,,,,,,,,,Y,2,0,2,2,A,-,17,21451,A,N,A,C,A,A,H,-,A,A,0,,,,,Y,,D,22,1,1,0,0,0,0,0,0,0,"- ","- ",37.609298706054688,-120.92665100097656,STANISLAUS,CERES,-120.92657,37.609298000000003
9275741,2021,2021-06-17,5007,2021-05-28,1831,5505,TPD,5,5,5,5007,0,0,0,,0,PD5,"NORTH OLIVE AV","STAR AV",17.00,S,N,A,-,N,,,,,,,,,,Y,4,0,1,2,A,-,09,21804,A,N,D,C,A,A,H,-,A,D,0,,,,,Y,,A,01,0,0,1,0,0,0,0,0,0,"- ","- ",37.502300262451172,-120.83921813964844,STANISLAUS,TURLOCK,-120.83985137939453,37.502353668212891
9278753,2021,2021-06-18,5007,2021-04-27,2131,5764,TPD,2,5,5,5007,0,0,0,,0,PD3,"WEST MAIN ST","NORTH SODERQUIST RD",0.00,,Y,A,-,N,,,,,,,,,,Y,4,0,2,2,A,-,12,21453,A,N,D,D,A,A,H,-,C,A,0,,,,,Y,Y,A,07,0,0,2,0,0,0,0,0,0,"- ","- ",37.492740631103516,-120.86251068115234,STANISLAUS,TURLOCK,-120.86256408691406,37.492702484130859
9278754,2021,2021-06-17,5007,2021-04-25,0408,5801,TPD,7,5,5,5007,0,0,0,,0,PD4,"SHADY LN","SUNNY LN",174.00,W,N,A,-,N,,,,,,,,,,Y,4,0,1,3,A,-,03,22350,A,M,C,-,A,A,H,-,C,D,0,,,,,Y,,A,01,0,0,1,0,0,0,0,0,0,"- ","- ",37.531349182128906,-120.86357116699219,STANISLAUS,TURLOCK,-120.86472320556641,37.531131744384766
9279962,2021,2021-08-27,5007,2021-06-23,1222,5714,TPD,3,5,5,5007,0,0,0,,0,PD1,"SANTA MARIA PL","SAI LN",237.00,S,N,A,-,N,,,,,,,,,,Y,3,0,3,2,A,-,00,22106,A,N,D,C,A,A,H,-,A,D,0,,,,,Y,,A,01,0,1,2,0,0,0,0,0,0,"- ","- ",37.529788970947266,-120.84803771972656,STANISLAUS,TURLOCK,-120.84835815429688,37.530120849609375
9282348,2021,2021-06-30,5009,2021-05-28,0448,503768,5000,5,5,2,5009,0,0,0,,0,0H1,"EAST WHITMORE AV","CHARLES ST",0.00,,Y,A,-,N,,,,,,,,,,Y,4,0,2,3,A,-,09,21802,A,N,D,C,A,A,H,-,C,A,0,,,,,Y,,-,,0,0,2,0,0,0,0,0,0,"- ","- ",,,STANISLAUS,HUGHSON,-120.86544799804688,37.594810485839844
9283315,2021,2021-07-15,5006,2021-05-22,1625,503807,5006,6,5,3,5006,0,0,0,,0,0R1,"OAKDALE RD","CLARIBEL RD",50.00,N,N,A,-,N,,,,,,,,,,N,4,0,1,2,A,-,21,22106,,N,C,C,A,A,H,-,A,A,0,,,,,Y,,-,,0,0,1,0,0,0,0,0,0,"- ","- ",,,STANISLAUS,RIVERBANK,-120.95832061767578,37.711097717285156
9284178,2021,2021-07-21,5001,2021-06-22,1536,9665,B103,2,5,4,5001,0,0,0,,0,003,"MITCHELL RD","FOWLER RD",13.00,S,N,A,-,N,,,,,,,,,,Y,4,0,1,1,A,-,08,22107,,N,E,I,A,A,H,-,A,A,0,,,,,Y,,A,01,0,0,1,0,0,0,0,0,0,"- ","- ",37.602001190185547,-120.938720703125,STANISLAUS,CERES,-120.938720703125,37.601974487304688
9284845,2021,2021-07-08,5002,2021-06-09,1636,528,A210,3,5,6,5002,0,0,0,,0,001,"EAST HATCH RD","HERNDON RD",880.00,E,N,A,-,N,,,,,,,,,,Y,3,0,1,2,A,-,17,21451,A,N,D,C,A,A,H,-,A,A,0,,,,,Y,,A,01,0,1,0,0,0,0,0,0,0,"- ","- ",37.609359741210938,-120.97422790527344,STANISLAUS,MODESTO,-120.97119140625,37.609359741210938
92877713,2024,2024-07-29,9465,2024-07-06,1239,021241,,6,1,9,5000,0,3,5,,2,050,"CROWS LANDING ROAD","CARPENTER ROAD",1901.00,S,N,A,-,N,,,,,,,,,,Y,4,0,1,1,A,-,03,22350,,N,F,A,A,A,H,-,A,D,0,,,,,Y,Y,A,01,0,0,1,0,0,0,0,0,0,"- ","- ",37.428180694580078,-121.01563262939453,STANISLAUS,UNINCORPORATED,-121.01553344726562,37.428417205810547
9288081,2021,2021-07-07,5007,2021-05-31,1530,5804,TPD,1,5,5,5007,0,0,0,,0,PD4,"W CHRISTOFFERSEN PKWY","NORTH WALNUT RD",9.00,W,N,A,-,N,,,,,,,,,,Y,2,0,1,1,A,-,08,22107,,N,E,I,A,A,H,-,A,A,0,,,Y,,Y,,C,02,1,0,0,0,0,0,0,0,1,"- ","- ",37.529129028320312,-120.86696624755859,STANISLAUS,TURLOCK,-120.86708831787109,37.529159545898438
9296981,2021,2021-09-30,5001,2021-08-09,1901,833,C103,1,5,4,5001,0,0,0,,0,004,"HACKETT RD","MORGAN RD",0.00,,Y,A,-,N,,,,,,,,,,N,4,0,1,2,A,-,17,21451,A,N,A,C,A,A,H,-,A,A,0,,,,,Y,,A,07,0,0,1,0,0,0,0,0,0,"- ","- ",37.587600708007812,-120.97525787353516,STANISLAUS,CERES,-120.97528839111328,37.587619781494141
9300141,2021,2021-08-06,5001,2021-06-23,1044,849,D208,3,5,4,5001,0,0,0,,0,005,"E SERVICE RD","MITCHELL RD",199.00,E,N,A,-,N,,,,,,,,,,Y,3,0,2,2,A,-,08,22107,,N,D,C,A,A,H,-,D,D,0,,,,,Y,,A,01,0,1,1,0,0,0,0,0,0,"- ","- ",37.580238342285156,-120.93872833251953,STANISLAUS,CERES,-120.93804168701172,37.58026123046875
9300635,2021,2021-08-12,5007,2021-06-12,1140,5696,TPD,6,5,5,5007,0,0,0,,0,PD2,"EAST OLIVE AV","NORTH PALM ST",262.00,E,N,A,-,N,,,,,,,,,,Y,3,0,1,2,C,-,18,,,N,C,E,A,A,H,-,A,D,0,,,,,Y,,-,"- ",0,1,0,0,0,0,0,0,0,"- ","- ",37.498241424560547,-120.84342193603516,STANISLAUS,TURLOCK,-120.84329986572266,37.498008728027344
9302165,2021,2021-08-11,5007,2021-06-12,1253,5799,TPD,6,5,5,5007,0,0,0,,0,PD5,"DELS LN","W HAWKEYE",0.00,,Y,A,-,N,,,,,,,,,,Y,2,0,2,2,A,-,03,22350,,N,C,C,A,A,H,-,A,A,0,,,,,Y,,A,01,1,0,1,0,0,0,0,0,0,"- ","- ",37.50762939453125,-120.85935974121094,STANISLAUS,TURLOCK,-120.85810089111328,37.507373809814453
9315556,2021,2021-10-13,5007,2021-08-02,2113,5755,TPD,1,5,5,5007,0,0,0,,0,PD2,"EAST AV","ROSE ST",213.00,W,N,A,-,N,,,,,,,,,,Y,3,0,1,2,A,-,08,22107,,N,C,E,A,A,H,-,D,D,0,,,,,Y,,A,01,0,1,0,0,0,0,0,0,0,"- ","- ",37.492439270019531,-120.83902740478516,STANISLAUS,TURLOCK,-120.83906555175781,37.492691040039062
9315572,2021,2021-10-13,5007,2021-08-03,0902,5783,TPD,2,5,5,5007,0,0,0,,0,PD3,"LOCUST ST","HIGH ST",0.00,,Y,A,-,N,,,,,,,,,,Y,3,0,2,2,A,-,12,22450,A,N,D,C,A,A,H,-,A,D,0,,,,,Y,,A,01,0,1,1,0,0,0,0,0,0,"- ","- ",37.490501403808594,-120.85018157958984,STANISLAUS,TURLOCK,-120.85015106201172,37.490482330322266
9316378,2021,2021-09-18,5001,2021-08-25,1707,528,B206,3,5,4,5001,0,0,0,,0,003,"RHONE DR","BERN CT",80.00,E,N,A,-,N,,,,,,,,,,Y,4,0,1,2,A,-,01,23152,F,N,C,E,A,A,H,-,A,D,0,,,,,Y,,A,01,0,0,1,0,0,0,0,0,0,"- ","- ",37.60546875,-120.9344482421875,STANISLAUS,CERES,-120.93456268310547,37.605712890625
9320190,2021,2023-06-17,5002,2021-03-03,1356,11531,,3,5,6,5002,0,0,0,,0,073,"SYLVAN AV","WOOD SORREL DR",0.00,,Y,B,-,N,,,,,,,,,,Y,1,1,2,2,A,-,09,21802,A,N,F,I,A,A,C,D,A,A,0,,,Y,,Y,Y,A,01,0,1,1,0,0,0,0,1,0,"- ","- ",37.688648223876953,-120.95358276367188,STANISLAUS,MODESTO,-120.95339202880859,37.688949584960938
9320345,2021,2022-02-03,5004,2021-12-18,2343,209,RD10,6,5,3,5004,0,0,0,,0,022,"N OAK AV","MAGNOLIA ST",94.00,S,N,A,-,N,,,,,,,,,,Y,1,1,0,2,A,-,17,21712,B,N,H,A,A,A,H,-,C,D,0,,,,,Y,,A,71,0,0,0,0,0,0,0,0,0,"- ","- ",37.767078399658203,-120.86238098144531,STANISLAUS,OAKDALE,-120.86257934570312,37.767051696777344
9320396,2021,2022-02-16,5007,2021-11-17,1654,5800,TPD,3,5,5,5007,0,0,0,,0,PD2,"LANDER AV","BERNELL AV",0.00,,Y,A,-,N,,,,,,,,,,Y,1,1,0,2,A,-,10,21950,A,N,G,B,B,A,H,-,B,A,0,Y,,,,Y,,D,22,0,0,0,1,0,0,0,0,0,"- ","- ",37.4835205078125,-120.84896087646484,STANISLAUS,TURLOCK,-120.84896850585938,37.483551025390625
9321106,2021,2022-10-20,5006,2021-02-17,0227,S987,MODES,3,5,3,5006,0,0,0,,0,,"RT 219","ROSELLE AV",400.00,W,N,A,-,N,,,,,,,,,,Y,1,1,0,2,A,-,17,21208,A,N,C,G,A,A,H,-,D,A,0,,Y,,,Y,Y,L,04,0,0,0,0,0,1,0,0,0,"- ","- ",,,STANISLAUS,RIVERBANK,,
9322621,2021,2021-11-02,5007,2021-09-09,2044,5785,TPD,4,5,5,5007,0,0,0,,0,PD3,"WEST MAIN ST","NORTH TULLY RD",0.00,,Y,B,-,N,,,,,,,,,,Y,3,0,3,2,A,-,12,21453,A,N,D,C,A,A,H,-,C,A,0,,,,,Y,,A,01,0,1,2,0,0,0,0,0,0,"- ","- ",37.492740631103516,-120.86727905273438,STANISLAUS,TURLOCK,-120.86727905273438,37.492740631103516
9325596,2021,2021-10-23,5001,2021-09-13,1819,706,C103,1,5,4,5001,0,0,0,,0,004,"MORGAN RD","FANNELL DR",0.00,,Y,A,-,N,,,,,,,,,,Y,3,0,1,2,A,-,01,23152,A,F,D,C,A,A,H,-,A,A,0,,,,,Y,Y,A,07,0,1,0,0,0,0,0,0,0,"- ","- ",37.589080810546875,-120.97525787353516,STANISLAUS,CERES,-120.97528839111328,37.589065551757812
9325598,2021,2021-10-23,5001,2021-09-02,1911,665,A001,4,5,4,5001,0,0,0,,0,001,"WHITMORE AV","MOFFETT RD",0.00,,Y,A,-,N,,,,,,,,,,Y,4,0,2,2,A,-,17,21451,A,N,D,C,A,A,H,-,B,A,0,,,,,Y,,A,01,0,0,2,0,0,0,0,0,0,"- ","- ",37.594730377197266,-120.94783782958984,STANISLAUS,CERES,-120.94783020019531,37.594764709472656
9327428,2021,2021-10-21,5001,2021-09-24,2252,755,C004,5,5,4,5001,0,0,0,,0,005,"PARK ST","6TH ST",107.00,E,N,A,-,N,,,,,,,,,,Y,3,0,1,2,A,-,01,23152,A,N,C,E,A,A,H,-,D,B,0,,,,,Y,Y,A,01,0,1,0,0,0,0,0,0,0,"- ","- ",37.588790893554688,-120.95063018798828,STANISLAUS,CERES,-120.95065307617188,37.588615417480469
93281142,2024,2024-08-02,9465,2024-07-25,1225,019730,,4,1,9,5000,0,1,3,,2,021,"STATE ROUTE 120","PIONEER AVENUE",0.00,,Y,A,-,Y,STA,,120," "," ",0.518,H,,R,N,3,0,4,3,A,-,09,21802,A,N,A,C,A,A,H,-,A,A,0,,,,,Y,,A,01,0,3,1,0,0,0,0,0,0,"- ","- ",37.793281555175781,-120.91388702392578,STANISLAUS,UNINCORPORATED,-120.91388702392578,37.793304443359375
9336384,2021,2021-09-30,5006,2021-04-30,2150,503178,,5,5,3,5006,0,0,0,,0,,"OAKDALE RD","CRAWFORD RD",49.00,S,N,A,-,N,,,,,,,,,,Y,4,0,1,3,A,-,08,22107,,N,B,C,A,A,D,-,C,A,0,,,,,Y,,D,,0,0,1,0,0,0,0,0,0,"- ","- ",,,STANISLAUS,RIVERBANK,,
9336821,2021,2021-09-27,5006,2021-08-01,1802,503177,RIVER,7,5,3,5006,0,0,0,,0,RPD1,"DON AV","WARD AV",310.00,S,N,A,-,N,,,,,,,,,,N,4,0,1,2,A,-,09,21804,A,N,D,C,A,A,H,-,A,D,0,,,,,Y,,A,01,0,0,1,0,0,0,0,0,0,"- ","- ",,,STANISLAUS,RIVERBANK,-120.94541168212891,37.730049133300781
9337736,2021,2021-10-23,5006,2021-07-24,2240,503115,RPD,6,5,3,5006,0,0,0,,0,RP1,"8TH ST","PATTERSON RD",70.00,N,N,A,-,Y,,,,,,,,,,N,2,0,1,2,C,-,18,,,N,G,B,E,A,H,-,C,D,0,Y,,,,Y,Y,-,"- ",1,0,0,0,1,0,0,0,0,"- ","- ",,,STANISLAUS,RIVERBANK,-120.92684936523438,37.732872009277344
9338129,2021,2021-09-27,5007,2021-08-01,1838,5801,TPD,7,5,5,5007,0,0,0,,0,PD2,"LANDER AV","ROSEWOOD DR",0.00,,Y,A,-,N,,,,,,,,,,N,3,0,1,2,A,-,09,21801,A,N,D,C,A,A,H,-,B,D,0,,,Y,,Y,,A,01,0,1,0,0,0,0,0,0,1,"- ","- ",37.476741790771484,-120.8489990234375,STANISLAUS,TURLOCK,-120.84902191162109,37.476737976074219
9338630,2021,2021-10-05,5007,2021-08-21,1900,5796,TPD,6,5,5,5007,0,0,0,,0,PD3,"WEST MAIN ST","N KILROY RD",0.00,,Y,A,-,N,,,,,,,,,,Y,3,0,1,2,A,-,00,24153,,N,D,C,A,A,H,-,A,A,0,,,,,Y,,A,01,0,1,0,0,0,0,0,0,0,"- ","- ",37.492271423339844,-120.87583160400391,STANISLAUS,TURLOCK,-120.87631225585938,37.492801666259766
9338874,2021,2021-11-12,5007,2021-09-01,0924,5799,TPD,3,5,5,5007,0,0,0,,0,PD3,"SOUTH AV","S SODERQUIST RD",0.00,,Y,A,-,N,,,,,,,,,,Y,3,0,2,2,A,-,12,22450,,N,D,C,A,A,H,-,A,A,0,,,,,Y,,A,01,0,1,1,0,0,0,0,0,0,"- ","- ",37.485431671142578,-120.86263275146484,STANISLAUS,TURLOCK,-120.86266326904297,37.485431671142578
9339750,2021,2021-10-29,5001,2021-10-05,1540,859,C013,2,5,4,5001,0,0,0,,0,004,"W WHITMORE AV","LODI AV",130.00,W,N,A,-,N,,,,,,,,,,N,3,0,2,3,A,-,04,21703,,N,C,C,A,A,H,-,A,D,0,,,,,Y,,D,22,0,1,1,0,0,0,0,0,0,"- ","- ",37.594829559326172,-120.99365997314453,STANISLAUS,CERES,-120.98950958251953,37.594863891601562
9339988,2021,2021-10-15,5007,2021-08-22,1541,5785,TPD,7,5,5,5007,0,0,0,,0,PD4,"NORTH GOLDEN STATE BL","ROBERTS RD",355.00,S,N,A,-,N,,,,,,,,,,,3,0,1,2,A,-,03,22350,,M,C,C,A,A,H,-,A,D,0,,,,,Y,,A,07,0,1,0,0,0,0,0,0,0,"- ","- ",37.525581359863281,-120.88159942626953,STANISLAUS,TURLOCK,-120.88080596923828,37.524875640869141
9344276,2021,2021-10-25,5008,2021-08-02,1916,S01805,MODES,1,5,2,5008,0,0,0,,0,7Q3,"YOSEMITE BL","E ST",0.00,,Y,A,-,Y,STA,10,132,-,-,28.190,H,-,E,N,4,0,1,2,A,-,01,23153,A,N,D,C,A,A,H,-,A,D,0,,,,,Y,Y,I,11,0,0,1,0,0,0,0,0,0,"- ","- ",,,STANISLAUS,WATERFORD,-120.75648498535156,37.639339447021484
9348355,2021,2021-11-06,5007,2021-10-05,2040,5755,TPD,2,5,5,5007,0,0,0,,0,PD2,"EAST OLIVE AV","NORTH DENAIR AV",0.00,,Y,A,-,N,,,,,,,,,,Y,4,0,2,2,A,-,12,22450,A,N,D,C,A,A,H,-,C,A,0,,,,,Y,,D,22,0,0,2,0,0,0,0,0,0,"- ","- ",37.498489379882812,-120.84213256835938,STANISLAUS,TURLOCK,-120.84195709228516,37.498977661132812
9348610,2020,2022-05-02,5007,2020-11-06,1729,5793,TPD,5,5,5,5007,0,0,0,,0,PD2,"LANDER AV","HIGH ST",0.00,,Y,A,-,N,,,,,,,,,,Y,2,0,1,2,A,-,11,21453,D,N,G,B,B,A,H,-,C,A,0,Y,,,,Y,,N,60,1,0,0,0,1,0,0,0,0,"- ","- ",37.490268707275391,-120.84896850585938,STANISLAUS,TURLOCK,-120.84897613525391,37.490478515625
9351202,2021,2021-11-13,5007,2021-10-18,1425,5802,TPD,1,5,5,5007,0,0,0,,0,PD3,"S TEGNER RD","WEST MAIN ST",1322.00,N,N,A,-,N,,,,,,,,,,Y,4,0,2,1,A,-,01,23153,B,N,E,I,A,A,H,-,A,B,0,,,,,Y,Y,A,01,0,0,2,0,0,0,0,0,0,"- ","- ",,,STANISLAUS,TURLOCK,-120.88539886474609,37.492679595947266
9351203,2021,2021-11-13,5007,2021-10-15,2057,"DE LA CR",TPD,5,5,5,5007,0,0,0,,0,PD2,"LANDER AV","RT 99",0.00,,Y,A,-,N,,,,,,,,,,Y,4,0,1,2,A,-,12,21453,A,N,D,C,A,A,H,-,C,A,0,,,,,Y,,A,01,0,0,1,0,0,0,0,0,0,"- ",NO,37.474559783935547,-120.8489990234375,STANISLAUS,TURLOCK,-120.84904479980469,37.473751068115234
9351447,2021,2021-12-10,5007,2021-10-12,1925,5755,TPD,2,5,5,5007,0,0,0,,0,PD2,"EAST LINWOOD AV","5TH ST",266.00,W,N,A,-,N,,,,,,,,,,N,3,0,1,2,A,-,13,22515,A,N,D,E,A,A,H,-,C,D,0,,,,,Y,,D,22,0,1,0,0,0,0,0,0,0,"- ","- ",37.477909088134766,-120.83699798583984,STANISLAUS,TURLOCK,-120.83695983886719,37.478126525878906
9352943,2021,2021-11-08,5007,2021-09-23,2252,5793,TPD,4,5,5,5007,0,0,0,,0,PD2,"LANDER AV","EAST GLENWOOD AV",0.00,,Y,A,-,N,,,,,,,,,,Y,2,0,1,2,A,-,10,21950,A,F,G,B,D,A,H,-,C,A,0,Y,,,,Y,,A,01,1,0,0,0,1,0,0,0,0,"- ","- ",37.472099304199219,-120.84903717041016,STANISLAUS,TURLOCK,-120.84902191162109,37.475559234619141
9352962,2021,2021-11-09,5007,2021-10-04,2034,5794,TPD,1,5,5,5007,0,0,0,,0,PD1,"NORTH BERKELEY AV","EAST CANAL DR",30.00,W,N,A,-,N,,,,,,,,,,Y,4,0,2,2,A,-,01,23152,A,F,C,C,A,A,H,-,C,A,0,,,,,Y,Y,A,01,0,0,2,0,0,0,0,0,0,"- ","- ",37.500118255615234,-120.83074951171875,STANISLAUS,TURLOCK,-120.83074951171875,37.500141143798828
9357227,2021,2021-12-16,5002,2021-10-13,1555,528,A204,3,5,6,5002,0,0,0,,0,001,"EAST HATCH RD","STONUM RD",270.00,W,N,A,-,N,,,,,,,,,,Y,3,0,2,4,A,-,03,22350,,N,C,C,A,A,H,-,A,D,0,,,,,Y,,D,22,0,2,0,0,0,0,0,0,0,"- ","- ",37.608718872070312,-120.96263885498047,STANISLAUS,MODESTO,-120.9625244140625,37.609214782714844
9357228,2021,2021-12-16,5001,2021-10-16,1002,508,A008,6,5,4,5001,0,0,0,,0,004,"EAST WHITMORE AV","ROCKEFELLER DR",32.00,W,N,A,-,N,,,,,,,,,,Y,3,0,1,3,A,-,09,21801,A,N,A,C,A,A,H,-,A,D,0,,,,,Y,,A,01,0,1,0,0,0,0,0,0,0,"- ","- ",37.5948486328125,-120.97032165527344,STANISLAUS,CERES,-120.97039794921875,37.594829559326172
9359493,2021,2021-11-20,5007,2021-09-26,2017,5797,TPD,7,5,5,5007,0,0,0,,0,PD4,"W CHRISTOPHER PKWY","CROWELL RD",95.00,E,N,A,-,N,,,,,,,,,,Y,3,0,1,2,A,-,01,23152,A,N,C,C,A,A,H,-,C,A,0,,,,,Y,Y,A,01,0,1,0,0,0,0,0,0,0,"- ","- ",37.529331207275391,-120.86235809326172,STANISLAUS,TURLOCK,-120.86202239990234,37.529350280761719
9361440,2021,2021-12-03,5001,2021-10-20,0832,803,A202,3,5,4,5001,0,0,0,,0,001,"EVANS RD","CENTRAL AV",156.00,W,N,B,-,N,,,,,,,,,,N,4,0,1,2,A,-,09,21804,A,N,D,G,A,A,H,-,A,D,0,,Y,,,Y,,D,22,0,0,1,0,0,0,1,0,0,"- ","- ",37.602588653564453,-120.95584106445312,STANISLAUS,CERES,-120.95753479003906,37.602676391601562
9361817,2021,2021-11-29,5002,2021-10-16,1020,875,A208,6,5,6,5002,0,0,0,,0,001,"EAST HATCH RD","RICHLAND AV",388.00,E,N,A,-,N,,,,,,,,,,Y,3,0,3,2,A,-,09,21804,A,N,D,C,A,A,H,-,A,A,0,,,,,Y,,-,,0,3,0,0,0,0,0,0,0,"- ","- ",37.608871459960938,-120.96443176269531,STANISLAUS,MODESTO,-120.96485900878906,37.609199523925781
9361882,2021,2021-11-17,5007,2021-10-05,0647,5805,TPD,2,5,5,5007,0,0,0,,0,004,"TAYLOR RD","NORTH WALNUT RD",40.00,W,N,A,-,N,,,,,,,,,,N,4,0,2,2,A,-,03,22350,,N,C,C,A,A,H,-,A,D,0,,,,,Y,,B,01,0,0,2,0,0,0,0,0,0,"- ","- ",37.536701202392578,-120.86528015136719,STANISLAUS,TURLOCK,-120.86686706542969,37.536678314208984
9361929,2021,2022-01-10,5001,2021-11-01,0607,833,A008,1,5,4,5001,0,0,0,,0,004,"MORGAN RD","EAST WHITMORE AV",1383.00,N,N,A,-,N,,,,,,,,,,Y,2,0,2,2,A,-,03,22350,,N,C,E,A,A,H,-,C,D,0,,,,Y,Y,,A,01,2,0,0,0,0,0,0,0,0,"- ","- ",37.598991394042969,-120.97450256347656,STANISLAUS,CERES,-120.97528076171875,37.598628997802734
9362449,2021,2021-12-16,5007,2021-11-03,2036,5793,TPD,3,5,5,5007,0,0,0,,0,PD5,"NORTH OLIVE AV","EAST HAWKEYE AV",0.00,,Y,A,-,N,,,,,,,,,,Y,3,0,2,2,A,-,12,21453,A,N,D,C,A,A,H,-,C,A,0,,,,,Y,,A,01,0,1,1,0,0,0,0,0,0,"- ","- ",37.507278442382812,-120.83985900878906,STANISLAUS,TURLOCK,-120.83985137939453,37.507293701171875