CASE_ID,ACCIDENT_YEAR,PROC_DATE,JURIS,COLLISION_DATE,COLLISION_TIME,OFFICER_ID,REPORTING_DISTRICT,DAY_OF_WEEK,CHP_SHIFT,POPULATION,CNTY_CITY_LOC,SPECIAL_COND,BEAT_TYPE,CHP_BEAT_TYPE,CITY_DIVISION_LAPD,CHP_BEAT_CLASS,BEAT_NUMBER,PRIMARY_RD,SECONDARY_RD,DISTANCE,DIRECTION,INTERSECTION,WEATHER_1,WEATHER_2,STATE_HWY_IND,CALTRANS_COUNTY,CALTRANS_DISTRICT,STATE_ROUTE,ROUTE_SUFFIX,POSTMILE_PREFIX,POSTMILE,LOCATION_TYPE,RAMP_INTERSECTION,SIDE_OF_HWY,TOW_AWAY,COLLISION_SEVERITY,NUMBER_KILLED,NUMBER_INJURED,PARTY_COUNT,PRIMARY_COLL_FACTOR,PCF_CODE_OF_VIOL,PCF_VIOL_CATEGORY,PCF_VIOLATION,PCF_VIOL_SUBSECTION,HIT_AND_RUN,TYPE_OF_COLLISION,MVIW,PED_ACTION,ROAD_SURFACE,ROAD_COND_1,ROAD_COND_2,LIGHTING,CONTROL_DEVICE,CHP_ROAD_TYPE,PEDESTRIAN_ACCIDENT,BICYCLE_ACCIDENT,MOTORCYCLE_ACCIDENT,TRUCK_ACCIDENT,NOT_PRIVATE_PROPERTY,ALCOHOL_INVOLVED,STWD_VEHTYPE_AT_FAULT,CHP_VEHTYPE_AT_FAULT,COUNT_SEVERE_INJ,COUNT_VISIBLE_INJ,COUNT_COMPLAINT_PAIN,COUNT_PED_KILLED,COUNT_PED_INJURED,COUNT_BICYCLIST_KILLED,COUNT_BICYCLIST_INJURED,COUNT_MC_KILLED,COUNT_MC_INJURED,PRIMARY_RAMP,SECONDARY_RAMP,LATITUDE,LONGITUDE,COUNTY,CITY,POINT_X,POINT_Y
94839074,2025,2025-09-10,9465,2025-09-06,1150,021066,,6,1,9,5000,0,1,3,,1,031,SR-132,"EUCALYPTUS AVENUE",0.00,,Y,A,-,Y,STA,,132," "," ",26.943,H,,R,N,2,0,1,2,A,-,09,21802,A,N,D,C,A,A,H,-,A,A,0,,,,,Y,,M,46,1,0,0,0,0,0,0,0,0,"- ","- ",37.638229370117188,-120.77863311767578,STANISLAUS,UNINCORPORATED,-120.77863311767578,37.638248443603516
9484321,2022,2022-08-17,5007,2022-07-30,1157,5749,TPD,6,5,5,5007,0,0,0,,0,PD5,"WEST HAWKEYE AV","DELS LN",0.00,,Y,A,-,N,,,,,,,,,,Y,4,0,1,2,D,-,00,,,N,A,C,A,A,H,-,A,A,0,,,,,Y,,-,"- ",0,0,1,0,0,0,0,0,0,"- ","- ",37.507350921630859,-120.85807800292969,STANISLAUS,TURLOCK,-120.85810089111328,37.507373809814453
9484600,2022,2022-08-24,5007,2022-08-02,1329,5789,TPD,2,5,5,5007,0,0,0,,0,PD4,"PEDRAS RD","GEER RD",489.00,W,N,A,-,N,,,,,,,,,,N,4,0,1,2,A,-,09,21804,A,N,C,C,A,A,H,-,A,A,0,,,,,Y,,A,01,0,0,1,0,0,0,0,0,0,"- ","- ",37.510719299316406,-120.85076141357422,STANISLAUS,TURLOCK,-120.85066223144531,37.510910034179688
94848638,2025,2025-09-17,9465,2025-09-12,1608,023453,,5,2,9,5000,0,3,5,,2,040,"BRADBURY ROAD","MORGAN ROAD",0.00,,Y,A,-,N,,,,,,,,,,Y,3,0,1,2,A,-,09,21802,A,N,D,C,A,A,H,-,A,D,0,,,,,Y,,A,01,0,1,0,0,0,0,0,0,0,"- ","- ",37.44927978515625,-120.97637939453125,STANISLAUS,UNINCORPORATED,-120.97639465332031,37.449298858642578
94856587,2025,2025-09-23,9465,2025-09-22,"615 ",018222,,1,1,9,5000,0,2,4,,2,024,"ALBERS ROAD","PATTERSON ROAD",295.00,S,N,A,-,N,,,,,,,,,,Y,4,0,4,2,A,-,03,22350,,N,C,C,A,A,H,-,D,A,0,,,,,Y,,A,01,0,0,4,0,0,0,0,0,0,"- ","- ",37.731910705566406,-120.83953857421875,STANISLAUS,UNINCORPORATED,-120.83956909179688,37.731971740722656
94857911,2025,2025-09-24,9465,2025-09-17,1540,020822,,3,2,9,5000,0,3,5,,2,040,"WHITMORE AVENUE","LODI AVENUE",45.00,E,N,A,-,N,,,,,,,,,,N,4,0,1,2,A,-,03,22350,,N,C,C,A,A,H,-,A,D,0,,,,,Y,,A,01,0,0,1,0,0,0,0,0,0,"- ","- ",37.59490966796875,-120.98885345458984,STANISLAUS,UNINCORPORATED,-120.98890686035156,37.594860076904297
9486184,2022,2022-09-16,5007,2022-08-27,1311,5789,,6,5,5,5007,0,0,0,,0,002,"WEST F ST","9TH ST",0.00,,Y,A,-,N,,,,,,,,,,N,4,0,2,2,A,-,12,22450,,N,D,C,A,A,H,-,A,A,0,,,,,Y,,A,01,0,0,2,0,0,0,0,0,0,"- ","- ",,,STANISLAUS,TURLOCK,-120.84811401367188,37.482776641845703
94863483,2025,2025-09-29,9465,2025-09-13,1855,023100,,6,2,9,5000,0,1,3,,2,012,"STATE ROUTE 132","SOUTH DAKOTA AVENUE",2585.00,W,N,A,-,Y,STA,,132," "," ",10.903,H,,R,N,4,0,4,3,A,-,03,22350,,N,C,C,A,A,H,-,B,D,0,,,,,Y,,A,01,0,0,4,0,0,0,0,0,0,"- ","- ",37.638210296630859,-121.07624053955078,STANISLAUS,UNINCORPORATED,-121.07624053955078,37.638198852539062
94869539,2025,2025-10-02,9465,2025-06-16,1610,019713,,1,2,9,5000,0,1,3,,1,032,"STATE ROUTE 132","RUSHING ROAD",16579.00,E,N,A,-,Y,STA,,132," "," ",42.983,H,,R,Y,1,1,0,1,A,-,08,22107,,N,F,A,A,A,H,-,A,D,0,,,,,Y,,D,22,0,0,0,0,0,0,0,0,0,"- ","- ",37.638561248779297,-120.50583648681641,STANISLAUS,UNINCORPORATED,-120.50583648681641,37.638553619384766
94874302,2025,2025-11-13,9465,2025-09-29,1650,020642,,1,2,9,5000,0,3,5,,2,010,"STATE ROUTE 108","COFFEE ROAD",0.00,,Y,B,-,Y,STA,,108," "," ",30.049,H,,R,Y,4,0,1,2,A,-,09,21802,A,N,D,C,A,A,H,-,A,A,0,,,,,Y,,A,01,0,0,1,0,0,0,0,0,0,"- ","- ",37.732738494873047,-120.97696685791016,STANISLAUS,UNINCORPORATED,-120.97696685791016,37.732761383056641
94879595,2025,2025-12-05,9465,2025-10-04,1445,020822,,6,2,9,5000,0,3,5,,2,030,"GOLDEN STATE BLVD","DAUBENBERGER RD",148.00,N,N,A,-,N,,,,,,,,,,Y,4,0,5,2,A,-,08,22107,,N,F,C,A,A,H,-,A,D,0,,,,,Y,,A,01,0,0,5,0,0,0,0,0,0,"- ","- ",37.4718017578125,-120.82145690917969,STANISLAUS,UNINCORPORATED,-120.82147216796875,37.471752166748047
94879977,2025,2025-10-09,9465,2025-09-30,1831,021549,,2,2,9,5000,0,3,5,,2,010,"TOOMES ROAD","BACON ROAD",0.00,,Y,A,-,N,,,,,,,,,,Y,4,0,2,2,A,-,09,21802,A,N,D,C,A,A,H,-,A,A,0,,,,,Y,,A,01,0,0,2,0,0,0,0,0,0,"- ","- ",37.696338653564453,-121.09564208984375,STANISLAUS,UNINCORPORATED,-121.09564971923828,37.696292877197266
94881070,2025,2025-10-10,9465,2025-10-05,2500,022784,,7,4,9,5000,0,3,5,,2,010,"SOUTH MODESTO MAIN CANAL ROAD","SISK ROAD",130.00,E,N,A,-,N,,,,,,,,,,N,4,0,1,1,A,-,08,22107,,N,E,I,A,A,H,-,D,D,0,,,,,Y,,D,22,0,0,1,0,0,0,0,0,0,"- ","- ",37.727710723876953,-121.07743835449219,STANISLAUS,UNINCORPORATED,,
94881378,2025,2025-10-10,9465,2025-10-06,1150,020885,,1,1,6,5002,0,1,3,,2,041,"SR-99 NORTHBOUND","CROWS LANDING RD",30.00,N,N,A,-,Y,STA,,99," ",R,14.495,H,,R,Y,4,0,2,3,A,-,03,22350,,N,C,C,A,A,H,-,A,D,0,,,,,Y,,D,22,0,0,2,0,0,0,0,0,0,"- ","- ",37.619148254394531,-120.99379730224609,STANISLAUS,MODESTO,-120.99385070800781,37.619113922119141
94887089,2025,2025-10-15,9465,2025-10-08,1400,018178,,3,2,9,5000,0,3,5,,2,040,"COMMONS ROAD","CLAYTON ROAD",0.00,,Y,A,-,N,,,,,,,,,,Y,4,0,1,2,A,-,09,21802,A,N,D,C,A,A,H,-,A,A,0,,,,,Y,,D,22,0,0,1,0,0,0,0,0,0,"- ","- ",37.481758117675781,-120.91287231445312,STANISLAUS,UNINCORPORATED,-120.91283416748047,37.481742858886719
94888406,2025,2025-10-16,9465,2025-10-12,1910,021239,,7,2,9,5000,0,1,3,,2,041,"SR-99 SOUTHBOUND TO HATCH ROAD","HATCH ROAD",330.00,S,N,A,-,Y,STA,,99," ",R,13.320,H,,L,N,4,0,1,2,A,-,03,22350,,N,C,C,A,A,H,-,C,A,0,,,,,Y,,A,07,0,0,1,0,0,0,0,0,0,"- ","- ",37.609779357910156,-120.97760772705078,STANISLAUS,UNINCORPORATED,-120.97740173339844,37.609916687011719
94889277,2025,2025-10-16,9465,2025-10-14,"513 ",019152,,2,3,9,5000,0,1,3,,2,022,"STATE ROUTE 120","LANCASTER RD.",10560.00,E,N,B,C,N,,,,,,,,,,N,3,0,1,1,A,-,08,22107,,N,E,I,A,B,H,-,D,D,0,,,,,Y,,D,22,0,1,0,0,0,0,0,0,0,"- ","- ",37.788810729980469,-120.72808837890625,STANISLAUS,UNINCORPORATED,-120.71445465087891,37.806419372558594
94889537,2025,2025-10-16,9465,2025-10-01,1422,017966,,3,2,6,5002,0,1,3,,2,011,"STATE ROUTE 99 (SOUTHBOUND)","H"" STREET""",100.00,S,N,B,-,Y,STA,,99," ",R,15.737,H,,R,N,4,0,2,2,A,-,03,22350,,N,C,C,A,A,H,-,A,D,0,,,,,Y,,A,01,0,0,2,0,0,0,0,0,0,"- ","- ",37.6351318359375,-121.00215911865234,STANISLAUS,MODESTO,-121.00196838378906,37.635272979736328
94889829,2025,2025-10-16,9465,2025-10-14,"500 ",018178,,2,3,9,5000,0,3,5,,2,040,"S. WASHINGTON ROAD","IDAHO ROAD",400.00,S,N,B,-,N,,,,,,,,,,Y,4,0,1,2,A,-,03,22350,,N,A,C,A,B,F,-,D,D,0,,,,,Y,,A,01,0,0,1,0,0,0,0,0,0,"- ","- ",37.453289031982422,-120.90358734130859,STANISLAUS,UNINCORPORATED,-120.90360260009766,37.453311920166016
94895574,2025,2025-11-14,9465,2025-10-03,1958,023174,,5,2,9,5000,0,3,5,,2,010,"CARPENTER ROAD","ELM STREET",0.00,,Y,A,-,N,,,,,,,,,,N,3,0,1,2,A,-,12,22450,A,N,D,C,A,A,H,-,C,A,0,,,,,Y,,A,07,0,1,0,0,0,0,0,0,0,"- ","- ",37.643211364746094,-121.03031921386719,STANISLAUS,UNINCORPORATED,-121.03024291992188,37.643245697021484
94895713,2025,2025-10-21,9465,2025-10-10,"815 ",020822,,5,1,9,5000,0,3,5,,2,010,"KILLIGREW DRIVE","NORRIS WAY",10.00,N,N,A,-,N,,,,,,,,,,N,4,0,1,2,A,-,05,21752,D,N,B,C,A,A,H,-,A,D,0,,,Y,,Y,,D,22,0,0,1,0,0,0,0,0,1,"- ","- ",37.699050903320312,-121.08708190917969,STANISLAUS,UNINCORPORATED,-121.08710479736328,37.698986053466797
94905402,2025,2025-11-13,9465,2025-09-28,"225 ",023020,,7,3,9,5000,0,1,3,,2,012,SR-132,"GATES ROAD",9082.00,W,N,A,-,N,,,,,,,,,,N,3,0,1,2,A,-,11,21956,A,N,G,B,E,A,H,-,D,D,0,Y,,,,Y,Y,N,60,0,1,0,0,1,0,0,0,0,"- ","- ",37.638111114501953,-121.19040679931641,STANISLAUS,UNINCORPORATED,-121.19025421142578,37.638034820556641
94905416,2025,2025-10-28,9465,2025-10-09,"1   ",022499,,4,3,6,5002,0,1,3,,2,011,"SR-99 N/B","PELANDALE AVENUE",1667.00,S,N,A,-,Y,STA,,99," ",R,21.333,H,,R,Y,3,0,2,2,A,-,01,23152,F,N,E,2,A,D,H,-,C,D,0,,,,,Y,,A,01,0,1,1,0,0,0,0,0,0,"- ","- ",37.695030212402344,-121.06729888916016,STANISLAUS,MODESTO,-121.06723022460938,37.695068359375
94905886,2025,2025-10-29,9465,2025-10-24,"920 ",020985,,5,1,9,5000,0,3,5,,2,010,"THORSEN AVENUE","TRIPLETT STREET",156.00,E,N,A,-,N,,,,,,,,,,Y,4,0,1,1,A,-,08,22107,,N,E,8,A,A,H,-,A,D,0,,,,,Y,,A,01,0,0,1,0,0,0,0,0,0,"- ","- ",37.68511962890625,-120.97199249267578,STANISLAUS,UNINCORPORATED,-120.97205352783203,37.685054779052734
94906315,2025,2025-10-29,9465,2025-08-01,"510 ",019730,,5,3,9,5000,0,2,4,,2,024,"ALBERS ROAD","DUSTY LANE",1531.00,N,N,A,-,N,,,,,,,,,,N,1,1,0,2,A,-,06,21750,A,N,B,C,A,A,H,-,D,D,0,,,Y,,Y,,C,02,0,0,0,0,0,0,0,1,0,"- ","- ",37.664688110351562,-120.84805297851562,STANISLAUS,UNINCORPORATED,-120.84799957275391,37.664543151855469
94914576,2025,2025-11-06,9465,2025-10-31,1855,022229,,5,2,9,5000,0,3,5,,2,030,"RIVER ROAD","S. 9TH ST.",30.00,E,N,A,-,N,,,,,,,,,,N,4,0,1,2,A,-,21,22106,,N,C,C,A,A,H,-,C,D,0,,,,,Y,,A,01,0,0,1,0,0,0,0,0,0,"- ","- ",37.626201629638672,-120.98683166503906,STANISLAUS,UNINCORPORATED,-120.98696899414062,37.626194000244141
94914986,2025,2025-11-13,9465,2025-10-21,"505 ",024804,,2,3,9,5000,0,1,3,,2,041,"SR-99 NORTHBOUND","CROWS LANDING ROAD",100.00,N,N,A,-,Y,STA,,99," ",R,14.513,H,,R,Y,2,0,2,3,A,-,08,22107,,N,B,C,A,A,H,-,D,D,0,,,,Y,Y,,A,01,1,1,0,0,0,0,0,0,0,"- ","- ",37.619319915771484,-120.9940185546875,STANISLAUS,UNINCORPORATED,-120.99405670166016,37.619300842285156
94916830,2025,2025-11-07,9465,2025-11-03,1750,022749,,1,2,9,5000,0,2,4,,2,043,"W MAIN AVE","S CARPENTER RD",325.00,E,N,A,-,N,,,,,,,,,,N,4,0,1,2,A,-,03,22350,,N,C,C,A,A,H,-,D,D,0,,,,,Y,,A,07,0,0,1,0,0,0,0,0,0,"- ","- ",37.493320465087891,-121.02970886230469,STANISLAUS,UNINCORPORATED,-121.02976226806641,37.493278503417969
94917338,2025,2025-11-10,9465,2025-10-22,"905 ",017966,,3,1,9,5000,0,3,5,,2,010,"MCHENRY AVENUE","HOGUE ROAD",800.00,N,N,B,-,N,,,,,,,,,,N,4,0,1,2,A,-,03,22350,,N,C,C,A,A,H,-,A,D,0,,,,,Y,,A,01,0,0,1,0,0,0,0,0,0,"- ","- ",37.753711700439453,-120.99566650390625,STANISLAUS,UNINCORPORATED,-120.99559020996094,37.750358581542969
94918973,2025,2025-11-11,9465,2025-11-01,1155,021066,,6,1,9,5000,0,2,4,,2,016,"CLARIBEL ROAD","COFFEE ROAD",65.00,W,N,A,-,N,,,,,,,,,,N,4,0,1,2,A,-,03,22350,,N,C,C,A,A,H,-,A,D,0,,,,,Y,,A,01,0,0,1,0,0,0,0,0,0,"- ","- ",37.710990905761719,-120.97701263427734,STANISLAUS,UNINCORPORATED,-120.97686767578125,37.710979461669922
9491908,2022,2022-09-15,5007,2022-08-30,0742,5776,TPD,2,5,5,5007,0,0,0,,0,PD4,"WEST MONTE VISTA AV","NORTH WALNUT RD",0.00,,Y,A,-,N,,,,,,,,,,Y,4,0,2,2,A,-,12,21453,A,N,D,C,A,A,H,-,A,A,0,,,,,Y,,D,22,0,0,2,0,0,0,0,0,0,"- ","- ",,,STANISLAUS,TURLOCK,-120.86725616455078,37.521865844726562
94919269,2025,2025-11-11,9465,2025-09-29,"530 ",018259,,1,3,9,5000,0,3,5,,2,050,SR-33,"MCCRACKEN ROAD",375.00,S,N,B,-,Y,STA,,33," "," ",25.621,H,,R,Y,4,0,1,2,A,-,09,21804,A,N,D,C,A,A,H,-,D,D,0,,,,,Y,,A,07,0,0,1,0,0,0,0,0,0,"- ","- ",37.6126708984375,-121.26834106445312,STANISLAUS,UNINCORPORATED,-121.26834106445312,37.612667083740234
94921329,2025,2025-11-12,9465,2025-11-06,1000,021066,,4,1,9,5000,0,2,4,,2,044,"CARPENTER ROAD","FULKERTH ROAD",0.00,,Y,A,-,N,,,,,,,,,,Y,4,0,2,2,A,-,09,21802,A,N,D,C,A,A,H,-,A,A,0,,,,,Y,,A,01,0,0,2,0,0,0,0,0,0,"- ","- ",37.507831573486328,-121.0308837890625,STANISLAUS,UNINCORPORATED,-121.03087615966797,37.507797241210938
9492429,2022,2022-09-14,5007,2022-08-29,1651,5797,TPD,1,5,5,5007,0,0,0,,0,PD1,"EAST MONTE VISTA AV","NORTH OLIVE AV",0.00,,Y,A,-,N,,,,,,,,,,Y,3,0,2,2,A,-,12,21453,A,N,D,C,A,A,H,-,A,A,0,,,,,Y,,A,01,0,1,1,0,0,0,0,0,0,"- ","- ",37.521858215332031,-120.83988189697266,STANISLAUS,TURLOCK,-120.83986663818359,37.521873474121094
94924825,2025,2025-11-12,9465,2025-10-15,1115,018259,,3,1,9,5000,0,3,5,,2,050,"HOWARD ROAD","FRANK COX ROAD",20.00,N,N,A,-,N,,,,,,,,,,Y,4,0,1,1,A,-,03,22350,,N,E,I,A,A,H,-,A,D,0,,,,,Y,,A,07,0,0,1,0,0,0,0,0,0,"- ","- ",37.536750793457031,-121.20439910888672,STANISLAUS,UNINCORPORATED,-121.20450592041016,37.536735534667969
94927673,2025,2025-11-13,9465,2025-11-05,1815,022749,,3,2,9,5000,0,1,3,,2,041,"SR-99 S/B","PINE ST O/C",1056.00,N,N,A,-,Y,STA,,99," ",R,11.478,H,,L,Y,4,0,1,2,A,-,03,22350,,N,C,C,A,B,H,-,C,D,0,,,,,Y,,A,01,0,0,1,0,0,0,0,0,0,"- ","- ",37.589900970458984,-120.95506286621094,STANISLAUS,UNINCORPORATED,-120.95501708984375,37.589931488037109
94931203,2025,2025-11-14,9465,2025-10-04,1625,023379,,6,2,9,5000,0,3,5,,2,050,"DRAPER ROAD","HOYER ROAD",1426.00,N,N,A,-,N,,,,,,,,,,Y,2,0,1,2,A,-,09,21804,A,N,A,C,A,A,H,-,A,D,0,,,,,Y,Y,A,01,1,0,0,0,0,0,0,0,0,"- ","- ",37.315158843994141,-121.04926300048828,STANISLAUS,UNINCORPORATED,-121.04922485351562,37.31512451171875
94931304,2025,2025-11-14,9465,2025-10-14,"645 ",017966,,2,1,9,5000,0,3,5,,2,010,"COFFEE ROAD","CLARIBEL ROAD",100.00,N,N,B,-,N,,,,,,,,,,N,2,0,2,2,A,-,08,22107,,N,D,G,A,B,H,-,B,A,0,,Y,,,Y,,L,04,1,0,1,0,0,0,1,0,0,"- ","- ",37.711441040039062,-120.97664642333984,STANISLAUS,UNINCORPORATED,-120.97663879394531,37.711254119873047
94931348,2025,2025-11-14,9465,2025-10-29,1300,019713,,3,1,9,5000,0,3,5,,2,040,"VIVIAN ROAD","KEYES ROAD",3696.00,S,N,A,-,N,,,,,,,,,,N,2,0,2,2,A,-,01,23152,A,N,B,C,A,A,H,-,A,D,0,,,,,Y,Y,D,22,1,0,1,0,0,0,0,0,0,"- ","- ",37.53778076171875,-121.04859924316406,STANISLAUS,UNINCORPORATED,-121.04856872558594,37.541278839111328
94935487,2025,2025-11-18,9465,2025-11-11,"930 ",018222,,2,1,9,5000,0,1,3,,2,021,"STATE ROUTE 120","RODDEN ROAD",0.00,,Y,A,-,Y,STA,,120," "," ",3.789,H,,R,Y,3,0,2,2,A,-,12,21453,A,N,D,C,A,A,H,-,A,A,0,,,,,Y,,A,01,0,1,1,0,0,0,0,0,0,"- ","- ",37.783779144287109,-120.85804748535156,STANISLAUS,UNINCORPORATED,-120.85803985595703,37.783786773681641
94937157,2025,2025-11-19,9465,2025-11-05,1125,024804,,3,1,9,5000,0,1,3,,2,015,"SR-99 (S/B) TO SR-219 (BROADWAY AVENUE)","BROADWAY AVENUE",0.00,,Y,B,-,Y,STA,,219," "," ",0.084,H,,L,Y,3,0,1,2,A,-,12,21453,A,N,D,C,A,A,H,-,A,A,0,,,,,Y,,A,01,0,1,0,0,0,0,0,0,0,"- ","- ",37.708740234375,-121.08164978027344,STANISLAUS,UNINCORPORATED,-121.08151245117188,37.708709716796875
94940111,2025,2025-11-20,9465,2025-11-17,1715,020642,,1,2,9,5000,0,1,3,,2,012,"STATE ROUTE 132","PARADISE ROAD",0.00,,Y,C,-,Y,STA,,132," "," ",6.351,H,,R,Y,4,0,1,2,A,-,09,21802,A,N,D,C,A,B,H,-,C,A,0,,,,,Y,,D,22,0,0,1,0,0,0,0,0,0,"- ","- ",37.637798309326172,-121.15891265869141,STANISLAUS,UNINCORPORATED,-121.15891265869141,37.637790679931641
94941478,2025,2025-11-21,9465,2025-11-20,"935 ",021066,,4,1,9,5000,0,1,3,,1,032,SR-132,"CRABTREE ROAD",3150.00,E,N,C,-,Y,STA,,132," "," ",37.262,H,,R,Y,3,0,1,1,A,-,08,22107,,N,E,I,A,B,H,-,A,D,0,,,,,Y,,A,01,0,1,0,0,0,0,0,0,0,"- ","- ",37.642490386962891,-120.60250854492188,STANISLAUS,UNINCORPORATED,-120.60253143310547,37.642467498779297
94945163,2025,2025-11-24,9465,2025-11-16,1140,020833,,7,1,9,5000,0,3,5,,2,030,"SERVICE ROAD","ESMAR ROAD",0.00,,Y,B,-,N,,,,,,,,,,N,4,0,1,2,A,-,09,21802,A,N,D,C,A,B,H,-,A,A,0,,,,,Y,,A,07,0,0,1,0,0,0,0,0,0,"- ","- ",37.580280303955078,-120.92954254150391,STANISLAUS,UNINCORPORATED,-120.92955017089844,37.580284118652344
94948802,2025,2025-11-26,9465,2025-11-19,1407,018274,,3,2,9,5000,0,3,5,,2,040,"PECOS AVENUE","S. 7TH STREET",95.00,E,N,B,-,N,,,,,,,,,,N,4,0,1,2,A,-,03,22350,,N,C,C,A,A,H,-,A,D,0,,,,,Y,,D,22,0,0,1,0,0,0,0,0,0,"- ","- ",37.615261077880859,-120.98448181152344,STANISLAUS,UNINCORPORATED,-120.98448944091797,37.615264892578125
94948841,2025,2025-11-26,9465,2025-11-19,1250,019730,,3,1,9,5000,0,1,3,,1,031,"STATE ROUTE 132","A STREET",40.00,E,N,A,-,Y,STA,,132," "," ",19.832,H,,R,N,4,0,1,2,A,-,03,22350,,N,C,C,A,A,H,-,A,D,0,,,,,Y,,A,01,0,0,1,0,0,0,0,0,0,"- ","- ",37.638259887695312,-120.90802764892578,STANISLAUS,UNINCORPORATED,-120.90802764892578,37.638252258300781
94949313,2025,2025-11-26,9465,2025-11-23,"45  ",022229,,7,3,9,5000,0,1,1,,2,055,"I-5 N/B","DIABLO GRANDE PKWY",10560.00,N,N,A,-,Y,STA,,5," "," ",17.897,H,,R,N,4,0,1,2,A,-,03,22350,,N,C,C,A,A,H,-,D,D,0,,,,,Y,,A,07,0,0,1,0,0,0,0,0,0,"- ","- ",37.486778259277344,-121.20333099365234,STANISLAUS,UNINCORPORATED,-121.20334625244141,37.486766815185547
94951206,2025,2026-01-30,9465,2025-11-24,1830,024804,,1,2,9,5000,0,3,5,,2,030,"WHITMORE AVENUE","HICKMAN ROAD",0.00,,Y,B,-,N,,,,,,,,,,N,3,0,3,2,A,-,12,22450,A,N,D,2,A,A,H,-,D,A,0,,,,,Y,,D,22,0,3,0,0,0,0,0,0,0,"- ","- ",37.594779968261719,-120.75566101074219,STANISLAUS,UNINCORPORATED,-120.755615234375,37.594764709472656
94951213,2025,2025-12-01,9465,2025-11-23,1105,019730,,7,1,9,5000,0,3,5,,2,030,"MOORE ROAD","SERVICE ROAD",0.00,,Y,B,-,N,,,,,,,,,,N,4,0,1,2,A,-,09,21802,A,N,D,C,A,A,H,-,A,A,0,,,,,Y,,A,01,0,0,1,0,0,0,0,0,0,"- ","- ",37.580230712890625,-120.93612670898438,STANISLAUS,UNINCORPORATED,-120.93608856201172,37.580272674560547
94951240,2025,2025-12-01,9465,2025-11-17,1635,020642,,1,2,9,5000,0,3,5,,2,010,"ROBERTSON ROAD","CARPENTER ROAD",170.00,E,N,C,-,N,,,,,,,,,,N,4,0,4,5,A,-,03,22350,,F,C,C,A,B,H,-,A,A,0,,,,,Y,,-,99,0,0,4,0,0,0,0,0,0,"- ","- ",37.613239288330078,-121.02969360351562,STANISLAUS,UNINCORPORATED,-121.02982330322266,37.613231658935547
94951627,2025,2025-12-01,9465,2025-11-20,2000,023020,,4,2,6,5002,0,1,3,,2,011,"SR-99 N/B","KANSAS AVENUE",160.00,N,N,A,-,Y,STA,,99," ",R,16.867,H,,R,N,4,0,1,1,A,-,01,23152,A,N,E,I,A,B,H,-,D,D,0,,,,,Y,Y,A,01,0,0,1,0,0,0,0,0,0,"- ","- ",37.646358489990234,-121.01687622070312,STANISLAUS,MODESTO,-121.01680755615234,37.646411895751953
94953891,2025,2025-12-02,9465,2025-11-27,"45  ",023295,,4,3,9,5000,0,3,5,,2,020,"RIVER ROAD","CLEVELAND ROAD",280.00,E,N,A,-,N,,,,,,,,,,Y,2,0,5,2,A,-,01,23152,A,F,A,C,A,A,H,-,D,D,0,,,,,Y,Y,A,01,3,2,0,0,0,0,0,0,0,"- ","- ",37.779930114746094,-120.88343048095703,STANISLAUS,UNINCORPORATED,-120.883544921875,37.779899597167969
94954791,2025,2025-12-02,9465,2025-11-23,"743 ",018274,,7,1,9,5000,0,1,3,,2,015,"SR-219 (KIERNAN AVE)","AMERICAN AVENUE",686.00,E,N,B,-,Y,STA,,219," "," ",2.490,H,,R,N,4,0,2,2,A,-,07,21658,A,N,B,C,A,A,H,-,A,D,0,,,,Y,Y,,F,26,0,0,2,0,0,0,0,0,0,"- ","- ",37.711410522460938,-121.03851318359375,STANISLAUS,UNINCORPORATED,-121.03851318359375,37.711315155029297
94956147,2025,2025-12-03,9465,2025-11-26,1700,020642,,3,2,9,5000,0,1,3,,2,011,"SR-99 (NORTHBOUND)","CARPENTER ROAD",1795.00,N,N,B,-,Y,STA,,99," ",M,18.888,H,,R,Y,4,0,1,2,A,-,01,23152,A,N,C,C,A,A,H,-,D,D,0,,,,,Y,Y,A,01,0,0,1,0,0,0,0,0,0,"- ","- ",37.669338226318359,-121.03672027587891,STANISLAUS,UNINCORPORATED,-121.03669738769531,37.669353485107422
94959216,2025,2025-12-05,9465,2025-11-30,1655,022767,,7,2,6,5002,0,1,3,,2,011,"SR-99 S/B","BECKWITH ROAD",500.00,N,N,B,-,Y,STA,,99," ",R,20.514,H,,L,N,3,0,2,2,A,-,03,22350,,N,C,C,A,A,H,-,C,A,0,,,,,Y,,A,07,0,1,1,0,0,0,0,0,0,"- ","- ",37.686389923095703,-121.05709075927734,STANISLAUS,MODESTO,-121.05712127685547,37.686363220214844