CASE_ID,ACCIDENT_YEAR,PROC_DATE,JURIS,COLLISION_DATE,COLLISION_TIME,OFFICER_ID,REPORTING_DISTRICT,DAY_OF_WEEK,CHP_SHIFT,POPULATION,CNTY_CITY_LOC,SPECIAL_COND,BEAT_TYPE,CHP_BEAT_TYPE,CITY_DIVISION_LAPD,CHP_BEAT_CLASS,BEAT_NUMBER,PRIMARY_RD,SECONDARY_RD,DISTANCE,DIRECTION,INTERSECTION,WEATHER_1,WEATHER_2,STATE_HWY_IND,CALTRANS_COUNTY,CALTRANS_DISTRICT,STATE_ROUTE,ROUTE_SUFFIX,POSTMILE_PREFIX,POSTMILE,LOCATION_TYPE,RAMP_INTERSECTION,SIDE_OF_HWY,TOW_AWAY,COLLISION_SEVERITY,NUMBER_KILLED,NUMBER_INJURED,PARTY_COUNT,PRIMARY_COLL_FACTOR,PCF_CODE_OF_VIOL,PCF_VIOL_CATEGORY,PCF_VIOLATION,PCF_VIOL_SUBSECTION,HIT_AND_RUN,TYPE_OF_COLLISION,MVIW,PED_ACTION,ROAD_SURFACE,ROAD_COND_1,ROAD_COND_2,LIGHTING,CONTROL_DEVICE,CHP_ROAD_TYPE,PEDESTRIAN_ACCIDENT,BICYCLE_ACCIDENT,MOTORCYCLE_ACCIDENT,TRUCK_ACCIDENT,NOT_PRIVATE_PROPERTY,ALCOHOL_INVOLVED,STWD_VEHTYPE_AT_FAULT,CHP_VEHTYPE_AT_FAULT,COUNT_SEVERE_INJ,COUNT_VISIBLE_INJ,COUNT_COMPLAINT_PAIN,COUNT_PED_KILLED,COUNT_PED_INJURED,COUNT_BICYCLIST_KILLED,COUNT_BICYCLIST_INJURED,COUNT_MC_KILLED,COUNT_MC_INJURED,PRIMARY_RAMP,SECONDARY_RAMP,LATITUDE,LONGITUDE,COUNTY,CITY,POINT_X,POINT_Y
9757263,2024,2024-12-11,5004,2024-11-16,1632,366,RD44,6,5,3,5004,0,0,0,,0,041,"E G ST","VENTANAS AV",0.00,,Y,A,-,N,,,,,,,,,,Y,3,0,2,2,A,-,03,22350,,N,C,C,A,A,H,-,B,D,0,,,,,Y,,A,01,0,2,0,0,0,0,0,0,0,"- ","- ",37.768169403076172,-120.83412170410156,STANISLAUS,OAKDALE,-120.83396148681641,37.768222808837891
9757815,2025,2025-05-01,5006,2025-03-10,"630 ",99999,,1,5,3,5006,0,0,0,,0,,"RT 108","HOT SPRINGS LN",400.00,W,N,A,-,Y,STA,10,108,-,-,30.510,H,-,W,Y,4,0,1,1,A,-,08,22107,,N,E,I,A,A,H,-,D,D,0,,,,,Y,,A,01,0,0,1,0,0,0,0,0,0,"- ","- ",37.732769012451172,-120.96855926513672,STANISLAUS,RIVERBANK,-120.96842193603516,37.732719421386719
9761116,2024,2025-01-27,5001,2024-12-07,"725 ",508,C301,6,5,4,5001,0,0,0,,0,004,"CENTRAL AV","SERVICE RD",0.00,,Y,E,-,N,,,,,,,,,,Y,3,0,1,2,A,-,12,21453,A,N,D,C,A,A,H,-,A,A,0,,,,Y,Y,,-,"- ",0,1,0,0,0,0,0,0,0,"- ","- ",37.580268859863281,-120.95697784423828,STANISLAUS,CERES,-120.95693206787109,37.580284118652344
9763874,2025,2025-01-28,5007,2025-01-08,"655 ",5708,TPD,3,5,5,5007,0,0,0,,0,PD3,"TULLY RD","JOETT DR",0.00,,Y,A,-,N,,,,,,,,,,Y,4,0,2,2,A,-,09,21802,A,N,D,C,A,A,H,-,B,A,0,,,,,Y,,A,07,0,0,2,0,0,0,0,0,0,"- ","- ",37.502880096435547,-120.87174987792969,STANISLAUS,TURLOCK,-120.87176513671875,37.502872467041016
9765422,2025,2025-02-20,5007,2025-01-19,1313,5764,TPD,7,5,5,5007,0,0,0,,0,PD3,"GOLDEN STATE BL","FULKERTH RD",460.00,S,N,A,-,N,,,,,,,,,,Y,3,0,1,1,A,-,08,22107,,N,E,J,A,A,H,-,A,D,0,,,,,Y,,A,01,0,1,0,0,0,0,0,0,0,"- ","- ",34.507289886474609,-120.86106109619141,STANISLAUS,TURLOCK,-120.86024475097656,37.506587982177734
9766076,2025,2025-02-27,5007,2025-02-05,1028,5708,TPD,3,5,5,5007,0,0,0,,0,PD5,"EAST CANAL DR","NORTH PALM ST",0.00,,Y,A,-,N,,,,,,,,,,Y,4,0,1,2,A,-,09,21802,A,N,D,C,A,A,H,-,A,A,0,,,,,Y,,A,07,0,0,1,0,0,0,0,0,0,"- ","- ",37.500339508056641,-120.84658813476562,STANISLAUS,TURLOCK,-120.84658813476562,37.50048828125
9766455,2025,2025-03-03,5007,2025-01-29,1737,5810,,3,5,5,5007,0,0,0,,0,,"WEST OLIVE AV","N BROADWAY AV",19.00,E,N,A,-,N,,,,,,,,,,N,3,0,1,2,A,-,12,21453,A,N,D,C,A,A,H,-,A,A,0,,,,,Y,,A,01,0,1,0,0,0,0,0,0,0,"- ","- ",,,STANISLAUS,TURLOCK,-120.84866333007812,37.494094848632812
9766813,2025,2025-04-08,5007,2025-03-24,1917,5608,TPD,1,5,5,5007,0,0,0,,0,1917,"LANDER AV","LINWOOD AV",0.00,,Y,A,-,N,,,,,,,,,,Y,3,0,2,2,A,-,01,23152,A,F,D,C,A,A,H,-,C,A,0,,,,,Y,Y,A,01,0,2,0,0,0,0,0,0,0,"- ","- ",37.478000640869141,-120.84799957275391,STANISLAUS,TURLOCK,-120.84899139404297,37.478176116943359
9768034,2024,2025-01-02,5004,2024-11-11,"623 ",376,RD38,1,5,3,5004,0,0,0,,0,041,"EAST F ST","N MAAG AV",0.00,E,N,A,-,N,,,,,,,,,,Y,3,0,2,3,A,-,07,21658,,N,C,C,A,A,H,-,A,A,0,,,,,Y,,A,01,0,2,0,0,0,0,0,0,0,"- ","- ",37.772628784179688,-120.83126068115234,STANISLAUS,OAKDALE,-120.83129119873047,37.772640228271484
9768365,2024,2024-12-30,5007,2024-11-25,1243,7046,TPD,1,5,5,5007,0,0,0,,0,PD2,"S GOLDEN STATE BLVD","EAST MAIN ST",186.00,N,N,B,-,N,,,,,,,,,,N,4,0,1,2,A,-,03,22350,,N,C,C,A,B,H,-,A,A,0,,,,,Y,,D,22,0,0,1,0,0,0,0,0,0,"- ","- ",37.493610382080078,-120.84515380859375,STANISLAUS,TURLOCK,-120.84600830078125,37.494659423828125
9770993,2024,2025-01-23,5007,2024-12-06,"845 ",7046,TPD,5,5,5,5007,0,0,0,,0,PD2,"LANDER AV","W GLENWOOD AV",0.00,,N,E,-,N,,,,,,,,,,Y,4,0,1,3,A,-,03,22350,,N,C,C,A,B,H,-,A,A,0,,,,Y,Y,,A,01,0,0,1,0,0,0,0,0,0,"- ","- ",37.472099304199219,-120.84903717041016,STANISLAUS,TURLOCK,-120.84902954101562,37.472122192382812
9772315,2024,2025-01-14,5007,2024-12-17,1644,5826,TPD,2,5,5,5007,0,0,0,,0,PD3,"FULKERTH RD","TEGNER RD",318.00,W,N,B,-,N,,,,,,,,,,Y,3,0,1,2,A,-,03,22350,,N,C,C,A,A,H,-,B,A,0,,,,,Y,,A,01,0,1,0,0,0,0,0,0,0,"- ","- ",37.507228851318359,-120.88543701171875,STANISLAUS,TURLOCK,-120.88653564453125,37.507232666015625
9772316,2024,2025-01-15,5007,2024-12-23,1013,5774,TPD,1,5,5,5007,0,0,0,,0,PD6,"COUNTRYSIDE DR","COUNTRYSIDE DR 2901",0.00,,Y,A,-,N,,,,,,,,,,Y,3,0,2,2,A,-,17,21451,A,N,D,C,A,A,H,-,A,A,0,,,,,Y,,A,01,0,2,0,0,0,0,0,0,0,"- ","- ",37.519371032714844,-120.88130187988281,STANISLAUS,TURLOCK,-120.89949035644531,38.737430572509766
9774240,2024,2025-01-17,5007,2024-12-28,1758,,TPD,6,5,5,5007,0,0,0,,0,PD1,"GEER RD","E CHRISTOFFERSEN PKWY",44.00,S,N,A,-,N,,,,,,,,,,N,4,0,1,2,A,-,03,22350,,F,C,C,A,A,H,-,C,A,0,,,,,Y,,A,01,0,0,1,0,0,0,0,0,0,"- ","- ",37.528388977050781,-120.84825897216797,STANISLAUS,TURLOCK,-120.84908294677734,37.529270172119141
9774613,2025,2025-01-21,5007,2025-01-08,1809,5755,TPD,3,5,5,5007,0,0,0,,0,PD3,"NORTH TULLY RD","ROTH WY",0.00,,Y,A,-,N,,,,,,,,,,Y,3,0,3,2,A,-,01,23152,A,N,D,C,A,A,H,-,C,A,0,,,,,Y,Y,A,07,0,3,0,0,0,0,0,0,0,"- ","- ",37.50579833984375,-120.87175750732422,STANISLAUS,TURLOCK,-120.87175750732422,37.50579833984375
9782292,2025,2025-02-12,5007,2025-01-26,2216,7012,TPD,7,5,5,5007,0,0,0,,0,PD4,"GEER RD","WEST HAWKEYE AV",30.00,N,N,A,-,N,,,,,,,,,,Y,3,0,2,3,A,-,01,23152,A,F,B,C,A,A,H,-,C,A,0,,,,,Y,Y,A,01,0,2,0,0,0,0,0,0,0,"- ","- ",37.52191162109375,-120.85809326171875,STANISLAUS,TURLOCK,-120.84896850585938,37.507381439208984
9782609,2024,2025-02-24,5007,2024-12-31,2320,7012,TPD,2,5,5,5007,0,0,0,,0,PD3,"TULLY RD","HOMER WY",61.00,,N,A,-,N,,,,,,,,,,Y,3,0,3,2,A,-,03,22350,,N,D,C,A,A,H,-,C,D,0,,,,,Y,,A,01,0,3,0,0,0,0,0,0,0,"- ","- ",37.494148254394531,-120.86881256103516,STANISLAUS,TURLOCK,-120.86881256103516,37.494152069091797
9787673,2025,2025-05-06,5007,2025-04-01,2057,6973,TPD,2,5,5,5007,0,0,0,,0,PD5,"GEER RD","HAWKEYE AV",0.00,,Y,A,-,N,,,,,,,,,,N,3,0,1,2,A,-,12,21453,A,N,D,C,A,A,H,-,C,A,0,,,,,Y,,A,01,0,1,0,0,0,0,0,0,0,"- ","- ",,,STANISLAUS,TURLOCK,-120.84896850585938,37.507301330566406
9791683,2025,2025-03-20,5007,2025-02-21,"818 ",5791,TPD,5,5,5,5007,0,0,0,,0,PD3,"SOUTH WALNUT RD","S TULLY RD",444.00,S,N,A,-,N,,,,,,,,,,Y,3,0,1,2,D,-,00,,,N,H,I,A,A,H,-,A,D,0,,,Y,,Y,,-,"- ",0,1,0,0,0,0,0,0,1,"- ","- ",37.486129760742188,-120.86779022216797,STANISLAUS,TURLOCK,-120.86737060546875,37.486400604248047
9791745,2024,2025-03-10,5007,2024-12-27,1833,5732,TPD,5,5,5,5007,0,0,0,,0,PD6,"COUNTRYSIDE DR","RETREAT DR",0.00,,Y,A,-,N,,,,,,,,,,Y,4,0,1,2,A,-,17,21451,A,N,A,C,A,A,H,-,C,A,0,,,,,Y,,A,01,0,0,1,0,0,0,0,0,0,"- ","- ",37.518001556396484,-120.88069915771484,STANISLAUS,TURLOCK,-120.87940979003906,37.517669677734375
9792126,2025,2025-03-18,5007,2025-02-25,"936 ",5769,TPD,2,5,5,5007,0,0,0,,0,PD5,"W HAWKEYE AVE","DELS LN",0.00,,Y,A,-,N,,,,,,,,,,N,3,0,1,2,A,-,12,21453,A,N,D,C,A,A,H,-,A,A,0,,,,,Y,,A,01,0,1,0,0,0,0,0,0,0,"- ","- ",37.507350921630859,-120.85807800292969,STANISLAUS,TURLOCK,-120.85810089111328,37.507373809814453
9794372,2025,2025-03-26,5007,2025-03-08,2132,5610,TPD,6,5,5,5007,0,0,0,,0,PD1,"QUINCY RD","CANAL AV",0.00,,Y,A,-,N,,,,,,,,,,N,3,0,1,2,A,-,10,21950,A,F,G,B,B,A,H,-,D,A,0,Y,,,,Y,,A,01,0,1,0,0,1,0,0,0,0,"- ","- ",37.500118255615234,-120.82145690917969,STANISLAUS,TURLOCK,-120.82147216796875,37.500400543212891
9798384,2025,2025-06-03,5007,2025-04-29,"809 ",5802,TPD,2,5,5,5007,0,0,0,,0,PD2,"N JOHNSON RD","TOKAY AV",140.00,N,N,A,-,N,,,,,,,,,,N,3,0,1,2,A,-,06,21755,A,F,G,B,F,A,H,-,A,D,0,Y,,,,Y,,A,07,0,1,0,0,1,0,0,0,0,"- ","- ",37.498649597167969,-120.82611083984375,STANISLAUS,TURLOCK,-120.82611846923828,37.499053955078125
9798385,2025,2025-06-02,5007,2025-04-28,"737 ",5802,TPD,1,5,5,5007,0,0,0,,0,PD2,"EAST GLENWOOD AV","5TH ST",373.00,E,N,A,-,N,,,,,,,,,,Y,3,0,5,2,A,-,09,21804,A,N,D,C,A,A,H,-,A,D,0,,,,,Y,,A,01,0,2,3,0,0,0,0,0,0,"- ","- ",37.473579406738281,-120.83474731445312,STANISLAUS,TURLOCK,-120.83446502685547,37.474502563476562
9798523,2025,2025-06-10,5007,2025-05-24,1051,7035,TPD,6,5,5,5007,0,0,0,,0,PD1,"COLORADO AV","E CHRISTOFFERSEN PKWY",0.00,,Y,A,-,N,,,,,,,,,,Y,3,0,2,2,A,-,12,21453,A,N,D,C,A,A,H,-,A,A,0,,,,,Y,,A,07,0,1,1,0,0,0,0,0,0,"- ","- ",37.529148101806641,-120.83512115478516,STANISLAUS,TURLOCK,-120.83509063720703,37.529090881347656
9798524,2025,2025-06-10,5007,2025-05-19,1525,5708,TPD,1,5,5,5007,0,0,0,,0,PD4,"ADDISON DR","MILLERTON WY",22.00,E,N,A,-,N,,,,,,,,,,N,3,0,1,2,A,-,09,21804,A,N,D,C,A,A,H,-,A,D,0,,,Y,,Y,,C,03,0,1,0,0,0,0,0,0,1,"- ","- ",37.534248352050781,-120.8668212890625,STANISLAUS,TURLOCK,-120.86728668212891,37.534271240234375
9800824,2025,2025-05-22,5004,2025-04-28,"120 ",384,CO,1,5,3,5004,0,0,0,,0,0CO,"RT 120","LUNDY RD",0.00,,Y,A,-,Y,STA,10,120,-,-,6.720,I,5,E,Y,3,0,1,1,D,-,00,,,N,A,D,A,A,H,-,D,D,0,,,,,Y,,-,"- ",0,1,0,0,0,0,0,0,0,"- ","- ",36.77825927734375,-119.41793060302734,STANISLAUS,OAKDALE,-120.82015228271484,37.775428771972656
9802437,2025,2025-04-18,5007,2025-03-27,1934,5694,TPD,4,5,5,5007,0,0,0,,0,PD6,"COUNTRYSIDE DR","MONTE VISTA",958.00,S,N,B,-,N,,,,,,,,,,Y,4,0,3,2,A,-,17,21451,A,N,D,C,A,A,H,-,B,A,0,,,,,Y,,A,01,0,0,3,0,0,0,0,0,0,"- ","- ",37.52191162109375,-120.88128662109375,STANISLAUS,TURLOCK,-120.88082885742188,37.519256591796875
9802763,2025,2025-04-29,5007,2025-04-02,1107,5791,TPD,3,5,5,5007,0,0,0,,0,PD5,"GOLDEN STATE BL","CANAL DR",50.00,S,N,A,-,N,,,,,,,,,,Y,4,0,1,2,A,-,03,22350,,F,C,C,A,A,H,-,A,A,0,,,,,Y,,A,07,0,0,1,0,0,0,0,0,0,"- ","- ",37.500358581542969,-120.85082244873047,STANISLAUS,TURLOCK,-120.8507080078125,37.500267028808594
9803397,2025,2025-04-30,5004,2025-04-03,1436,389,CO,4,5,3,5004,0,0,0,,0,0CO,"CRANE RD","W J ST",0.00,,Y,A,-,N,,,,,,,,,,N,3,0,1,1,A,-,06,21755,,N,A,I,A,A,H,-,A,D,0,,,,,Y,,D,22,0,1,0,0,0,0,0,0,0,"- ","- ",,,STANISLAUS,OAKDALE,-120.88166046142578,37.753147125244141
9805615,2025,2025-05-06,5002,2025-04-02,1159,818,A205,3,5,6,5002,0,0,0,,0,001,"HATCH RD","HERNDON AV",866.00,E,N,A,-,N,,,,,,,,,,Y,4,0,3,2,A,-,09,21801,A,N,A,C,A,A,H,-,A,A,0,,,,,Y,,A,07,0,0,3,0,0,0,0,0,0,"- ","- ",37.609298706054688,-120.93879699707031,STANISLAUS,MODESTO,-120.97123718261719,37.609359741210938
9806532,2025,2025-05-07,5007,2025-04-10,1402,5764,TPD,4,5,5,5007,0,0,0,,0,PD2,"LANDER AV","LINWOOD AV",31.00,S,N,A,-,N,,,,,,,,,,Y,3,0,1,2,A,-,03,22350,,N,C,C,A,A,H,-,A,A,0,,,,,Y,,A,01,0,1,0,0,0,0,0,0,0,"- ","- ",37.478168487548828,-120.84896087646484,STANISLAUS,TURLOCK,-120.84899139404297,37.478096008300781
9808599,2025,2025-07-28,5007,2025-07-03,1903,5804,TPD,4,5,5,5007,0,0,0,,0,PD3,"FULKERTH RD","NORTH GOLDEN STATE BL",19.00,N,N,A,-,N,,,,,,,,,,Y,3,0,1,2,A,-,01,23152,A,N,D,C,A,A,H,-,A,A,0,,,Y,,Y,Y,C,02,0,1,0,0,0,0,0,0,1,"- ","- ",37.507289886474609,-120.86106109619141,STANISLAUS,TURLOCK,-120.86131286621094,37.507419586181641
9810467,2025,2025-06-18,5007,2025-05-04,"834 ",5802,TPD,7,5,5,5007,0,0,0,,0,PD2,"GOLDEN STATE BL","EAST AV",0.00,,Y,A,-,N,,,,,,,,,,Y,4,0,1,2,D,-,00,,,N,D,C,A,A,H,-,A,A,0,,,,,Y,,-,"- ",0,0,1,0,0,0,0,0,0,"- ","- ",37.492000579833984,-120.84300231933594,STANISLAUS,TURLOCK,-120.84371185302734,37.492641448974609
9810526,2025,2025-06-24,5007,2025-04-29,1535,5694,TPD,2,5,5,5007,0,0,0,,0,PD4,"CHRISTOFFERSEN PKWY","MOUNTAIN VIEW RD",789.00,W,N,A,-,N,,,,,,,,,,Y,4,0,4,4,A,-,03,22350,,N,C,C,A,A,H,-,A,D,0,,,,,Y,,A,01,0,0,4,0,0,0,0,0,0,"- ","- ",37.527999877929688,-120.88500213623047,STANISLAUS,TURLOCK,-120.88335418701172,37.529121398925781
9812121,2025,2025-10-08,5007,2025-08-28,1758,5811,,4,5,5,5007,0,0,0,,0,,"COLORADO AV","MAIN ST",0.00,,Y,B,-,N,,,,,,,,,,N,3,0,1,2,A,-,12,22450,A,N,H,G,A,A,H,-,A,A,0,,Y,,,Y,,L,04,0,1,0,0,0,0,1,0,0,"- ","- ",,,STANISLAUS,TURLOCK,-120.83526611328125,37.502307891845703
9812148,2025,2025-10-23,5004,2025-09-10,1104,400,RD23,3,5,3,5004,0,0,0,,0,022,"WEST F ST","WILLOWWOOD DR",0.00,,Y,A,-,Y,STA,10,108,-,-,36.770,H,-,E,N,4,0,1,2,A,-,04,21703,,N,C,C,A,A,H,-,A,D,0,,,,,Y,,A,07,0,0,1,0,0,0,0,0,0,"- ","- ",37.756881713867188,-120.87026214599609,STANISLAUS,OAKDALE,-120.87059783935547,37.756889343261719
9812792,2025,2025-11-14,5007,2025-10-17,1011,6973,TPD,5,5,5,5007,0,0,0,,0,PD1,"FOSBERG RD","FULLERTON DR",0.00,,Y,A,-,N,,,,,,,,,,Y,4,0,2,2,A,-,09,21804,A,N,D,C,A,A,H,-,A,D,0,,,,,Y,,A,01,0,0,2,0,0,0,0,0,0,"- ","- ",37.526599884033203,-120.84439086914062,STANISLAUS,TURLOCK,-120.84435272216797,37.526588439941406
9813112,2025,2025-11-21,5007,2025-10-25,1043,6973,TPD,6,5,5,5007,0,0,0,,0,PD1,"EAST HAWKEYE AV","SMITH DR",0.00,,Y,B,-,N,,,,,,,,,,Y,3,0,1,2,A,-,08,22107,,F,E,B,F,A,H,-,A,D,0,Y,,,,Y,,A,01,0,1,0,0,1,0,0,0,0,"- ","- ",37.507488250732422,-120.82338714599609,STANISLAUS,TURLOCK,-120.82411193847656,37.507221221923828
9817120,2025,2025-06-23,5004,2025-05-30,1506,400,RD63,5,5,3,5004,0,0,0,,0,002,"N YOSEMITE AV","E A ST",1388.00,N,N,A,-,Y,STA,10,120,-,-,4.390,H,-,W,N,3,0,1,2,A,-,09,21804,A,N,D,C,A,A,H,-,A,D,0,,,,,Y,,A,01,0,1,0,0,0,0,0,0,0,"- ","- ",37.775630950927734,-120.85310363769531,STANISLAUS,OAKDALE,-120.85269165039062,37.776199340820312
9821713,2025,2025-08-19,5007,2025-06-30,2333,5802,TPD,1,5,5,5007,0,0,0,,0,PD2,"LANDER AV","EAST GLENWOOD AV",0.00,,Y,A,-,N,,,,,,,,,,Y,3,0,1,2,A,-,12,21453,A,N,D,C,A,A,H,-,C,A,0,,,,,Y,,A,01,0,1,0,0,0,0,0,0,0,"- ","- ",37.475559234619141,-120.84902191162109,STANISLAUS,TURLOCK,-120.84902191162109,37.475559234619141
9821750,2025,2025-08-21,5007,2025-07-30,1336,5608,,3,5,5,5007,0,0,0,,0,002,"E OLIVE AVE","NORTH PALM ST",0.00,,Y,A,-,N,,,,,,,,,,Y,3,0,1,2,A,-,17,21451,A,N,D,C,A,A,H,-,A,A,0,,,Y,,Y,,A,01,0,1,0,0,0,0,0,0,1,"- ","- ",,,STANISLAUS,TURLOCK,-120.84397125244141,37.497528076171875
9822002,2025,2025-08-29,5007,2025-08-10,"20  ",5791,TPD,7,5,5,5007,0,0,0,,0,PD2,"5TH ST","EAST LINWOOD AV",92.00,N,N,A,-,N,,,,,,,,,,Y,3,0,1,1,A,-,03,22350,,N,A,I,A,A,H,-,C,D,0,,,,,Y,,A,01,0,1,0,0,0,0,0,0,0,"- ","- ",37.478370666503906,-120.83567047119141,STANISLAUS,TURLOCK,-120.83603668212891,37.478118896484375
9822790,2025,2025-09-18,5007,2025-08-24,1320,5732,TPD,7,5,5,5007,0,0,0,,0,PD3,"RT 99","FULKERTH RD",0.00,,N,A,-,Y,STA,10,99,-,R,4.356,R,4,N,Y,3,0,1,3,A,-,12,21453,A,N,D,C,A,A,H,-,A,A,0,,,,,Y,,A,01,0,1,0,0,0,0,0,0,0,NF,"- ",37.502819061279297,-120.87528228759766,STANISLAUS,TURLOCK,-120.87625122070312,37.504650115966797
9825010,2025,2025-10-08,5004,2025-09-23,1454,364,RD11,2,5,3,5004,0,0,0,,0,022,"WALNUT ST","MAXWELL AV",65.00,W,N,A,-,N,,,,,,,,,,Y,3,0,1,2,A,-,05,21651,B,N,A,C,A,A,H,-,A,D,0,,,,,Y,,A,01,0,1,0,0,0,0,0,0,0,"- ","- ",37.769371032714844,-120.85527038574219,STANISLAUS,OAKDALE,-120.85499572753906,37.769119262695312
9826448,2025,2025-06-30,5007,2025-06-05,1621,5701,TPD,4,5,5,5007,0,0,0,,0,PD1,"WEST MONTE VISTA AV","GEER RD",64.00,W,N,A,-,N,,,,,,,,,,N,4,0,2,3,A,-,03,22350,,N,C,C,A,A,H,-,A,A,0,,,,,Y,,D,22,0,0,2,0,0,0,0,0,0,"- ","- ",37.521961212158203,-120.84890747070312,STANISLAUS,TURLOCK,-120.84908294677734,37.521888732910156
9826574,2025,2025-07-25,5007,2025-06-03,1141,5769,TPD,2,5,5,5007,0,0,0,,0,PD3,"FULKERTH RD","RT 99",0.00,,Y,A,-,Y,MER,10,99,-,R,4.356,R,4,N,Y,3,0,1,2,D,-,00,,,N,D,C,A,A,H,-,A,A,0,,,,,Y,,-,"- ",0,1,0,0,0,0,0,0,0,"- ",NF,37.507259368896484,-120.87708282470703,STANISLAUS,TURLOCK,-120.34524536132812,37.198677062988281
9826575,2025,2025-07-03,5007,2025-05-31,1812,5694,TPD,6,5,5,5007,0,0,0,,0,PD2,"LANDER AV","LINWOOD AV",70.00,N,N,A,-,N,,,,,,,,,,Y,3,0,1,4,A,-,03,22350,,F,C,C,A,A,H,-,A,A,0,,,,,Y,,A,01,0,1,0,0,0,0,0,0,0,"- ","- ",37.478168487548828,-120.84896087646484,STANISLAUS,TURLOCK,-120.84898376464844,37.478370666503906
9827187,2025,2025-12-08,5007,2025-06-04,1027,7035,TPD,3,5,5,5007,0,0,0,,0,PD1,"GEER RD","E SPRINGER DR",0.00,,Y,A,-,N,,,,,,,,,,N,3,0,1,2,-,-,"- ",,,N,D,G,A,A,H,-,A,A,0,,Y,,,Y,,A,08,0,1,0,0,0,0,1,0,0,"- ","- ",37.532951354980469,-120.84905242919922,STANISLAUS,TURLOCK,-120.84903717041016,37.532943725585938
9829253,2025,2025-06-30,5007,2025-05-21,1048,5825,TPD,3,5,5,5007,0,0,0,,0,PD2,"EAST AV","NORTH BERKELEY AV",120.00,E,N,A,-,N,,,,,,,,,,Y,3,0,1,2,A,-,09,21804,,N,B,C,A,A,H,-,A,D,0,,,,,Y,,A,01,0,1,0,0,0,0,0,0,0,"- ","- ",37.492668151855469,-120.83074951171875,STANISLAUS,TURLOCK,-120.83034515380859,37.492668151855469
9829402,2025,2025-06-27,5007,2025-06-09,1925,7097,TPD,1,5,5,5007,0,0,0,,0,PD1,"GEER RD","NORTH AV",30.00,W,N,A,-,N,,,,,,,,,,N,3,0,1,2,A,-,17,21451,A,N,D,C,A,A,H,-,A,A,0,,,,,Y,,A,01,0,1,0,0,0,0,0,0,0,"- ","- ",37.510059356689453,-120.84884643554688,STANISLAUS,TURLOCK,-120.84898376464844,37.510051727294922
9833099,2025,2025-07-16,5007,2025-06-17,1941,5814,TPD,2,5,5,5007,0,0,0,,0,PD5,"WEST MAIN ST","N ORANGE ST",0.00,,Y,A,-,N,,,,,,,,,,N,4,0,1,2,A,-,09,21801,A,N,D,C,A,A,H,-,A,D,0,,,,,Y,,A,01,0,0,1,0,0,0,0,0,0,"- ","- ",37.492748260498047,-120.85265350341797,STANISLAUS,TURLOCK,-120.85263061523438,37.492748260498047
9866014,2024,2025-08-04,5007,2024-10-08,1335,5701,"TPD ",2,5,5,5007,0,0,0,,0,PD2,"EAST AV","BERKELEY AV",0.00,,Y,A,-,N,,,,,,,,,,Y,3,0,1,2,A,-,09,21800,A,N,D,C,A,A,H,-,A,A,0,,,,,Y,,A,07,0,1,0,0,0,0,0,0,0,"- ","- ",37.492668151855469,-120.83074951171875,STANISLAUS,TURLOCK,-120.83075714111328,37.492668151855469
9868015,2025,2025-08-11,5004,2025-07-15,1249,400,RD36,2,5,3,5004,0,0,0,,0,031,"SOUTH YOSEMITE AV","G ST",6.00,S,N,A,-,N,,,,,,,,,,N,3,0,1,4,A,-,03,22350,,N,H,C,A,A,H,-,A,D,0,,,,,Y,,A,01,0,1,0,0,0,0,0,0,0,"- ","- ",37.765468597412109,-120.84626007080078,STANISLAUS,OAKDALE,-120.84628295898438,37.765476226806641
9868020,2025,2025-08-11,5004,2025-07-23,1126,364,RD15,3,5,3,5004,0,0,0,,0,032,"EAST E ST","N YOSEMITE AV",0.00,,Y,A,-,N,,,,,,,,,,Y,3,0,2,2,A,-,17,21461,A,N,D,D,A,A,H,-,A,D,0,,,,,Y,,A,01,0,2,0,0,0,0,0,0,0,"- ","- ",37.767799377441406,-120.84780883789062,STANISLAUS,OAKDALE,-120.84783935546875,37.767814636230469
9875602,2025,2025-10-28,5007,2025-08-15,"952 ",7094,TPD,5,5,5,5007,0,0,0,,0,PD2,"N GOLDEN STATE BLVD","W MAIN",0.00,E,N,A,-,N,,,,,,,,,,N,3,0,1,2,A,-,12,21453,,N,D,C,A,A,H,-,A,A,0,,,,,Y,,A,01,0,1,0,0,0,0,0,0,0,"- ","- ",37.494651794433594,-120.84597015380859,STANISLAUS,TURLOCK,-120.84600830078125,37.494655609130859
9876060,2025,2025-09-16,5007,2025-08-29,2045,5813,TPD,5,5,5,5007,0,0,0,,0,PD3,"SOUTH ORANGE ST","SOUTH AV",0.00,,Y,A,-,N,,,,,,,,,,Y,3,0,2,2,A,-,17,21451,A,N,D,C,A,A,H,-,C,A,0,,,,,Y,,A,01,0,2,0,0,0,0,0,0,0,"- ","- ",37.485530853271484,-120.85266876220703,STANISLAUS,TURLOCK,-120.85266876220703,37.485504150390625
9876181,2025,2025-09-16,5007,2025-08-20,1423,5770,TPD,3,5,5,5007,0,0,0,,0,PD2,"SOUTH GOLDEN STATE BL","EAST MAIN ST",37.00,S,N,A,-,N,,,,,,,,,,N,3,0,1,2,A,-,08,22107,,N,D,G,A,A,H,-,A,A,0,,Y,,,Y,,L,04,0,1,0,0,0,0,1,0,0,"- ","- ",37.494060516357422,-120.84677886962891,STANISLAUS,TURLOCK,-120.84592437744141,37.494586944580078