CASE_ID,ACCIDENT_YEAR,PROC_DATE,JURIS,COLLISION_DATE,COLLISION_TIME,OFFICER_ID,REPORTING_DISTRICT,DAY_OF_WEEK,CHP_SHIFT,POPULATION,CNTY_CITY_LOC,SPECIAL_COND,BEAT_TYPE,CHP_BEAT_TYPE,CITY_DIVISION_LAPD,CHP_BEAT_CLASS,BEAT_NUMBER,PRIMARY_RD,SECONDARY_RD,DISTANCE,DIRECTION,INTERSECTION,WEATHER_1,WEATHER_2,STATE_HWY_IND,CALTRANS_COUNTY,CALTRANS_DISTRICT,STATE_ROUTE,ROUTE_SUFFIX,POSTMILE_PREFIX,POSTMILE,LOCATION_TYPE,RAMP_INTERSECTION,SIDE_OF_HWY,TOW_AWAY,COLLISION_SEVERITY,NUMBER_KILLED,NUMBER_INJURED,PARTY_COUNT,PRIMARY_COLL_FACTOR,PCF_CODE_OF_VIOL,PCF_VIOL_CATEGORY,PCF_VIOLATION,PCF_VIOL_SUBSECTION,HIT_AND_RUN,TYPE_OF_COLLISION,MVIW,PED_ACTION,ROAD_SURFACE,ROAD_COND_1,ROAD_COND_2,LIGHTING,CONTROL_DEVICE,CHP_ROAD_TYPE,PEDESTRIAN_ACCIDENT,BICYCLE_ACCIDENT,MOTORCYCLE_ACCIDENT,TRUCK_ACCIDENT,NOT_PRIVATE_PROPERTY,ALCOHOL_INVOLVED,STWD_VEHTYPE_AT_FAULT,CHP_VEHTYPE_AT_FAULT,COUNT_SEVERE_INJ,COUNT_VISIBLE_INJ,COUNT_COMPLAINT_PAIN,COUNT_PED_KILLED,COUNT_PED_INJURED,COUNT_BICYCLIST_KILLED,COUNT_BICYCLIST_INJURED,COUNT_MC_KILLED,COUNT_MC_INJURED,PRIMARY_RAMP,SECONDARY_RAMP,LATITUDE,LONGITUDE,COUNTY,CITY,POINT_X,POINT_Y
9876182,2025,2025-10-08,5007,2025-08-21,1851,,TPD,4,5,5,5007,0,0,0,,0,PD1,"BAYLOR AV","LOYOLA WY",0.00,,Y,A,-,N,,,,,,,,,,N,3,0,1,2,A,-,12,22450,,N,H,G,A,A,H,-,A,A,0,,Y,,,Y,,L,04,0,1,0,0,0,0,1,0,0,"- ","- ",37.511810302734375,-120.84626770019531,STANISLAUS,TURLOCK,-120.84628295898438,37.511810302734375
9882261,2025,2025-10-31,5007,2025-10-04,"35  ",5803,TPD,6,5,5,5007,0,0,0,,0,PD4,"WEST MONTE VISTA AV","FOUR SEASONS DR",223.00,W,N,A,-,N,,,,,,,,,,Y,3,0,1,2,A,-,01,23152,A,N,A,C,A,A,H,-,C,D,0,,,,Y,Y,Y,A,01,0,1,0,0,0,0,0,0,0,"- ","- ",37.521839141845703,-120.87095642089844,STANISLAUS,TURLOCK,-120.87174987792969,37.52178955078125
9882463,2025,2025-10-23,5007,2025-09-19,1832,7046,TPD,5,5,5,5007,0,0,0,,0,PD5,"N OLIVE AVE","EAST HAWKEYE AV",455.00,S,N,A,-,N,,,,,,,,,,Y,2,0,1,1,D,-,00,,,N,A,I,A,A,H,-,B,D,0,,,,,Y,,-,"- ",1,0,0,0,0,0,0,0,0,"- ","- ",37.507278442382812,-120.83985900878906,STANISLAUS,TURLOCK,-120.83985900878906,37.50604248046875
9882466,2025,2025-10-23,5007,2025-09-25,1030,5765,TPD,4,5,5,5007,0,0,0,,0,,"EAST F ST","SOUTH 1ST ST",0.00,,Y,A,-,N,,,,,,,,,,Y,4,0,1,2,A,-,12,22450,A,N,D,C,A,A,H,-,A,A,0,,,,,Y,,A,07,0,0,1,0,0,0,0,0,0,"- ","- ",37.488361358642578,-120.84034729003906,STANISLAUS,TURLOCK,-120.84035491943359,37.4884033203125
9882978,2025,2025-11-07,5004,2025-09-04,2247,385,RD36,4,5,3,5004,0,0,0,,0,031,"SOUTH YOSEMITE AV","EAST F ST",0.00,,N,-,-,N,,,,,,,,,,Y,3,0,3,4,A,-,"- ",,,N,-,-,A,-,-,-,-,-,0,,,,,Y,,A,01,0,3,0,0,0,0,0,0,0,"- ","- ",37.766250610351562,-120.84681701660156,STANISLAUS,OAKDALE,-120.84706115722656,37.766647338867188
9885298,2025,2025-11-05,5007,2025-10-12,1848,7078,TPD,7,5,5,5007,0,0,0,,0,PD1,"EAST MONTE VISTA AV","NORTH OLIVE AV",0.00,,N,A,-,N,,,,,,,,,,Y,3,0,3,2,A,-,12,21453,A,N,D,D,A,A,H,-,C,A,0,,,,,Y,,D,22,0,3,0,0,0,0,0,0,0,"- ","- ",37.521858215332031,-120.83988189697266,STANISLAUS,TURLOCK,-120.83986663818359,37.521873474121094
9885581,2025,2025-11-06,5007,2025-10-19,1412,5802,TPD,7,5,5,5007,0,0,0,,0,PD2,"SOUTH GOLDEN STATE BL","MARSHALL ST",0.00,,Y,A,-,N,,,,,,,,,,Y,4,0,2,2,A,-,12,21453,A,N,D,C,A,A,H,-,A,A,0,,,,,Y,,A,01,0,0,2,0,0,0,0,0,0,"- ","- ",37.493099212646484,-120.84420776367188,STANISLAUS,TURLOCK,-120.84423065185547,37.493091583251953
9887267,2025,2025-12-10,5007,2025-11-03,1638,5825,TPD,1,5,5,5007,0,0,0,,0,PD3,"VERMONT AV","WEST AV SOUTH",0.00,,Y,A,-,N,,,,,,,,,,Y,4,0,1,2,A,-,12,22450,A,N,D,C,A,A,H,-,A,D,0,,,,,Y,Y,A,01,0,0,1,0,0,0,0,0,0,"- ","- ",37.487960815429688,-120.85803985595703,STANISLAUS,TURLOCK,-120.85804748535156,37.487960815429688
9892721,2025,2026-01-15,5004,2025-11-23,1951,385,RD65,7,5,3,5004,0,0,0,,0,041,"EAST F ST","LUNDY RD",50.00,W,N,E,-,N,,,,,,,,,,Y,3,0,2,2,A,-,13,22500,H,N,C,E,A,A,H,-,D,D,0,,,,,Y,,E,22,0,2,0,0,0,0,0,0,0,"- ","- ",37.775848388671875,-120.81832122802734,STANISLAUS,OAKDALE,-120.82033538818359,37.775428771972656
9894564,2025,2025-12-24,5001,2025-11-10,1034,818,C006,1,5,4,5001,0,0,0,,0,004,"RAILROAD AV","KINSER RD",376.00,N,N,A,-,N,,,,,,,,,,Y,3,0,2,2,A,-,03,22350,,N,D,C,A,A,H,-,A,D,0,,,,,Y,,A,08,0,2,0,0,0,0,0,0,0,"- ","- ",37.591941833496094,-120.95845794677734,STANISLAUS,CERES,-120.95829010009766,37.591903686523438
9894645,2025,2025-12-24,5007,2025-11-08,1150,5826,TPD,6,5,5,5007,0,0,0,,0,PD3,"NORTH TULLY RD","CHAKKAR ESTATES DR",104.00,N,N,A,-,N,,,,,,,,,,Y,3,0,2,2,A,-,09,21804,,N,B,C,A,A,H,-,A,D,0,,,,,Y,,A,01,0,1,1,0,0,0,0,0,0,"- ","- ",37.501110076904297,-120.87174987792969,STANISLAUS,TURLOCK,-120.87177276611328,37.501384735107422
9894647,2025,2025-12-19,5007,2025-11-20,"654 ",5833,TPD,4,5,5,5007,0,0,0,,0,PD3,"FULKERTH RD","NORTH SODERQUIST RD",6.00,W,N,B,C,N,,,,,,,,,,Y,4,0,1,1,C,-,18,,,N,E,I,A,B,H,-,A,D,0,,,,,Y,,-,"- ",0,0,1,0,0,0,0,0,0,"- ","- ",37.507259368896484,-120.86235809326172,STANISLAUS,TURLOCK,-120.86240386962891,37.507301330566406
9895164,2025,2026-01-09,5004,2025-12-02,1019,354,RD54,2,5,3,5004,0,0,0,,0,041,"SOUTH YOSEMITE AV","DELANO DR",0.00,,Y,A,-,N,,,,,,,,,,N,4,0,1,2,A,-,08,22107,,N,D,C,A,A,H,-,A,D,0,,,,,Y,,D,23,0,0,1,0,0,0,0,0,0,"- ","- ",37.75823974609375,-120.84114074707031,STANISLAUS,OAKDALE,-120.84117126464844,37.758293151855469
9895719,2025,2026-01-22,5007,2025-12-09,"815 ",5701,TPD,2,5,5,5007,0,0,0,,0,002,"GOLF RD","EAST GLENWOOD AV",1409.00,S,N,B,-,N,,,,,,,,,,Y,3,0,4,2,A,-,05,21460,C,N,D,C,A,A,G,-,A,D,0,,,,Y,Y,,A,01,0,3,1,0,0,0,0,0,0,"- ","- ",37.470699310302734,-120.83043670654297,STANISLAUS,TURLOCK,-120.83074188232422,37.470611572265625
9896003,2025,2026-01-13,5007,2025-11-19,1912,5807,,3,5,5,5007,0,0,0,,0,,"COUNTRYSIDE DR","COUNTRYSIDE DR 2801",19.00,N,N,A,-,N,,,,,,,,,,Y,3,0,1,2,A,-,17,21451,A,N,A,C,A,A,H,-,C,A,0,,,,,Y,,A,08,0,1,0,0,0,0,0,0,0,"- ","- ",,,STANISLAUS,TURLOCK,-120.89949035644531,38.737430572509766
9896624,2025,2026-03-04,5004,2025-01-06,1744,364,RD15,1,5,3,5004,0,0,0,,0,032,"N YOSEMITE AV","E E ST",0.00,,Y,A,-,Y,STA,10,120,-,-,5.020,I,5,W,N,3,0,3,2,A,-,08,22107,,N,A,D,A,A,H,-,C,D,0,,,,,Y,,D,22,0,2,1,0,0,0,0,0,0,"- ","- ",37.767799377441406,-120.84780883789062,STANISLAUS,OAKDALE,-120.84785461425781,37.767860412597656
9900315,2025,2026-02-19,5007,2025-12-10,1852,5804,TPD,3,5,5,5007,0,0,0,,0,PD2,"LANDER AV","EAST LINWOOD AV",0.00,,Y,B,-,N,,,,,,,,,,Y,4,0,2,2,A,-,12,21453,A,N,D,C,A,A,H,-,C,A,0,,,,,Y,,A,01,0,0,2,0,0,0,0,0,0,"- ","- ",37.478168487548828,-120.84896087646484,STANISLAUS,TURLOCK,-120.84899139404297,37.478176116943359
9902328,2025,2026-01-13,5007,2025-12-14,1815,5832,TPD,7,5,5,5007,0,0,0,,0,PD1,"NORTH AV","GEER RD",0.00,,N,A,-,N,,,,,,,,,,N,3,0,2,3,A,-,10,21950,A,N,A,B,B,A,H,-,C,A,0,Y,,,,Y,,A,01,0,2,0,0,2,0,0,0,0,"- ","- ",37.510288238525391,-120.84835815429688,STANISLAUS,TURLOCK,-120.84898376464844,37.510047912597656
9902663,2025,2026-01-20,5001,2025-12-20,1737,831,C103,6,5,4,5001,0,0,0,,0,004,"HACKETT RD","MORGAN RD",24.00,W,N,B,-,N,,,,,,,,,,Y,3,0,2,2,A,-,17,21451,A,N,D,C,A,A,H,-,C,A,0,,,,,Y,,A,01,0,2,0,0,0,0,0,0,0,"- ","- ",37.587600708007812,-120.97525787353516,STANISLAUS,CERES,-120.97537231445312,37.587619781494141
9903631,2025,2026-01-27,5007,2025-12-05,1657,5804,TPD,5,5,5,5007,0,0,0,,0,PD3,"WEST MAIN ST","N WASHINGTON RD",0.00,,Y,A,-,N,,,,,,,,,,Y,4,0,1,2,A,-,12,21453,A,N,D,C,A,A,H,-,C,A,0,,,,,Y,,A,01,0,0,1,0,0,0,0,0,0,"- ","- ",37.492660522460938,-120.90355682373047,STANISLAUS,TURLOCK,-120.90357971191406,37.492660522460938
6290240,2014,2014-04-04,9465,2014-01-28,1448,18216,,2,2,9,5000,0,2,4,,2,024,"ALBERS RD","RT 132",1320.00,N,N,B,-,N,,,,,,,,,,Y,1,1,2,2,A,-,01,23152,E,N,A,C,A,A,H,-,A,D,0,,,,,Y,,D,22,2,0,0,0,0,0,0,0,0,"- ","- ",37.646129999999999,-120.84793000000001,STANISLAUS,UNINCORPORATED,-120.84779899999999,37.642355000000002
6290647,2014,2014-06-04,5002,2014-03-17,1727,10320,095,1,5,6,5002,0,0,0,,0,074,"RT 108","CORALWOOD RD",0.00,,Y,A,-,Y,STA,10,108,-,-,26.510,I,5,E,Y,1,1,0,2,A,-,01,23152,A,N,D,C,A,A,H,-,A,A,0,,,Y,,Y,Y,C,02,0,0,0,0,0,0,0,1,0,"- ","- ",,,STANISLAUS,MODESTO,-120.99449933,37.695494889999999
6291034,2014,2014-10-15,9465,2014-05-03,2030,18894,,6,2,9,5000,0,2,4,,2,044,"CARPENTER RD","WHITMORE AV",20.00,N,N,A,-,N,,,,,,,,,,Y,1,1,2,3,A,-,01,23152,A,F,C,C,A,A,H,-,D,A,0,,,,,Y,Y,A,01,1,1,0,0,0,0,0,0,0,"- ","- ",37.595289999999999,-121.03034,STANISLAUS,UNINCORPORATED,-121.03028999999999,37.595104929999998
6291470,2014,2015-12-29,5001,2014-06-13,0011,611,,5,5,4,5001,0,0,0,,0,005,"ROEDING RD","MITCHELL RD",118.00,W,N,A,-,N,,,,,,,,,,Y,1,1,0,1,A,-,03,22350,,N,F,A,A,A,H,-,C,A,0,,,,,Y,Y,-,,0,0,0,0,0,0,0,0,0,"- ","- ",,,STANISLAUS,CERES,-120.9391672,37.587467310000001
6292060,2014,2015-04-08,9465,2014-08-22,1945,18671,,5,2,9,5000,0,1,3,,2,023,"RT 120","KENNEDY RD",4224.00,W,N,A,-,Y,STA,10,120,-,R,15.580,H,-,W,Y,1,1,1,1,A,-,08,22107,,N,E,I,A,A,H,-,A,D,0,,,,,Y,,A,01,0,0,1,0,0,0,0,0,0,"- ","- ",37.80321,-120.67738,STANISLAUS,UNINCORPORATED,-120.67799358000001,37.803309519999999
6292506,2015,2017-04-04,5002,2015-05-24,0205,11252,M153,7,5,6,5002,0,0,0,,0,076,"ROSELLE AV","SYLVAN AV",1500.00,N,N,A,-,N,,,,,,,,,,Y,1,1,0,1,A,-,01,23152,A,N,F,I,A,A,H,-,D,D,0,,,,,Y,Y,-,,0,0,0,0,0,0,0,0,0,"- ","- ",,,STANISLAUS,MODESTO,,
6337532,2014,2014-06-04,5002,2014-01-13,1508,10093,M515,1,5,6,5002,0,0,0,,0,031,"HATCH RD","DALLAS ST",0.00,,Y,A,-,N,,,,,,,,,,N,4,0,1,2,A,-,09,21801,A,F,D,C,A,A,H,-,A,A,0,,,,,Y,,A,,0,0,1,0,0,0,0,0,0,"- ","- ",,,STANISLAUS,MODESTO,-121.00150992,37.60921991
6337536,2014,2014-06-04,5002,2014-01-09,1645,11629,531,4,5,6,5002,0,0,0,,0,067,"DALE RD","VENEMAN AV",150.00,N,N,A,-,N,,,,,,,,,,N,4,0,1,2,A,-,03,22350,,N,G,G,A,A,H,-,B,A,0,,Y,,,Y,,L,,0,0,1,0,0,0,1,0,0,"- ","- ",,,STANISLAUS,MODESTO,-121.04987951,37.689761869999998
6340887,2014,2014-06-02,5002,2014-01-18,1534,11022,260,6,5,6,5002,0,0,0,,0,071,"DOWNEY AV","I ST",0.00,,Y,A,-,N,,,,,,,,,,Y,3,0,1,3,A,-,02,22400,B,N,E,E,A,A,H,-,A,D,0,,,Y,,Y,,A,,0,1,0,0,0,0,0,0,1,"- ","- ",,,STANISLAUS,MODESTO,-120.99137987,37.645509939999997
6340891,2014,2014-06-02,5002,2014-01-16,0646,10320,M026,4,5,6,5002,0,0,0,,0,064,"PELANDALE AV","TULLY RD",0.00,,Y,A,-,N,,,,,,,,,,Y,4,0,1,2,A,-,12,21453,A,M,D,C,A,A,H,-,C,A,0,,,,,Y,,A,,0,0,1,0,0,0,0,0,0,"- ","- ",,,STANISLAUS,MODESTO,-121.01277997,37.700679950000001
6340899,2014,2014-06-02,5002,2014-01-16,1150,11521,289,4,5,6,5002,0,0,0,,0,072,"ROSE AV","IRENE AV",0.00,,Y,A,-,N,,,,,,,,,,N,4,0,1,2,A,-,08,22107,,N,B,G,A,A,H,-,A,B,0,,Y,,,Y,,A,,0,0,1,0,0,0,1,0,0,"- ","- ",,,STANISLAUS,MODESTO,-120.96649987000001,37.654899909999997
6340918,2014,2014-06-03,5002,2014-01-09,1815,10188,290,4,5,6,5002,0,0,0,,0,072,"SCENIC DR","COFFEE RD",18.00,W,N,A,-,N,,,,,,,,,,N,4,0,1,2,A,-,09,21804,A,N,D,G,A,A,H,-,C,A,0,,Y,,,Y,,L,,0,0,1,0,0,0,1,0,0,"- ","- ",,,STANISLAUS,MODESTO,-120.97556784,37.64900188
6343528,2016,2016-03-29,5002,2016-03-10,1013,10228,M146,4,5,6,5002,0,0,0,,0,072,"COFFEE RD","SPANOS CT",0.00,,Y,B,-,N,,,,,,,,,,Y,3,0,4,2,A,-,08,22107,,N,D,C,A,A,H,-,A,A,0,,,,,Y,,D,,0,1,3,0,0,0,0,0,0,"- ","- ",,,STANISLAUS,MODESTO,-120.97569991,37.6698199
6343532,2016,2016-03-29,5002,2016-03-12,0207,11622,389,6,5,6,5002,0,0,0,,0,041,"ALLEY SOUTH OF J ST",16TH,300.00,W,N,A,-,N,,,,,,,,,,Y,4,0,2,2,A,-,03,22350,,M,D,C,A,B,H,-,C,D,0,,,,,Y,Y,A,,0,0,2,0,0,0,0,0,0,"- ","- ",,,STANISLAUS,MODESTO,,
6343538,2016,2016-03-28,5002,2016-03-08,1342,11606,M145,2,5,6,5002,0,0,0,,0,072,"COFFEE RD","CELESTE DR",0.00,,Y,A,-,N,,,,,,,,,,Y,4,0,1,2,A,-,09,21802,A,N,D,C,A,A,H,-,A,A,0,,,,,Y,,D,,0,0,1,0,0,0,0,0,0,"- ","- ",,,STANISLAUS,MODESTO,-120.97572996,37.671849989999998
6343540,2016,2016-03-28,5002,2016-03-09,0703,11808,214,3,5,6,5002,0,0,0,,0,082,"WEST ORANGEBURG AV","ENSLEN AV",473.00,E,N,A,-,N,,,,,,,,,,Y,4,0,3,2,A,-,09,21804,,N,D,C,A,A,H,-,A,A,0,,,,,Y,,A,,0,0,3,0,0,0,0,0,0,"- ","- ",,,STANISLAUS,MODESTO,-120.99914612000001,37.663785949999998
6343543,2016,2016-03-28,5002,2016-03-08,1819,10657,145,2,5,6,5002,0,0,0,,0,072,"COFFEE RD","CELESTE AV",0.00,,Y,B,-,N,,,,,,,,,,Y,4,0,2,2,A,-,09,21802,A,N,D,C,A,A,H,-,A,A,0,,,,,Y,,-,,0,0,2,0,0,0,0,0,0,"- ","- ",,,STANISLAUS,MODESTO,-120.97572996,37.671849989999998
6347866,2016,2017-02-03,5004,2016-03-06,1136,204,RD11,7,5,3,5004,0,0,0,,0,00N,"RT 108","GILBERT AV",3.00,W,N,B,-,Y,STA,10,108,-,-,37.830,I,5,E,N,4,0,1,2,A,-,03,22350,,N,G,B,B,A,H,-,A,D,0,Y,,,,Y,,A,01,0,0,1,0,1,0,0,0,0,"- ","- ",37.763779999999997,-120.85372,STANISLAUS,OAKDALE,-120.85366203,37.763876160000002
6351269,2016,2016-03-29,5002,2016-03-11,1016,11317,097,5,5,6,5002,0,0,0,,0,083,"STANDIFORD AV","MCHENRY AV",360.00,W,N,B,C,N,,,,,,,,,,N,4,0,1,2,A,-,05,21650,1,N,D,G,A,B,H,-,A,D,0,,Y,,,Y,,L,,0,0,1,0,0,0,1,0,0,"- ","- ",,,STANISLAUS,MODESTO,-120.99555377999999,37.689121569999998
6351276,2016,2016-03-29,5002,2016-03-16,0912,11744,295,3,5,6,5002,0,0,0,,0,071,"EAST ORANGEBURG AV","ROSE AV",0.00,,Y,A,-,N,,,,,,,,,,Y,4,0,1,2,A,-,12,22450,,N,D,C,A,A,H,-,A,D,0,,,,,Y,,D,,0,0,1,0,0,0,0,0,0,"- ","- ",,,STANISLAUS,MODESTO,-120.9666299,37.66365991
6351279,2016,2016-03-29,5002,2016-03-17,0845,11758,068,4,5,6,5002,0,0,0,,0,063,"CHANCELLOR AV","STANDIFORD AV",0.00,,Y,A,-,N,,,,,,,,,,N,4,0,1,2,A,-,09,21804,A,N,D,G,A,A,H,-,A,D,0,,Y,,,Y,,A,,0,0,1,0,0,0,1,0,0,"- ","- ",,,STANISLAUS,MODESTO,-121.01481995,37.689390000000003
6353725,2014,2016-02-22,9465,2014-01-04,1815,19201,,6,2,9,5000,0,1,3,,1,032,"RT 132","HOPPER RD",15.00,W,N,A,-,Y,STA,10,132,-,-,24.140,H,-,E,Y,4,0,1,2,A,-,08,22107,,M,D,C,A,A,H,-,D,D,0,,,,,Y,,A,08,0,0,1,0,0,0,0,0,0,"- ","- ",37.638829999999999,-120.82935000000001,STANISLAUS,UNINCORPORATED,-120.82954933000001,37.638725350000001
6356654,2014,2014-06-25,9465,2014-01-20,1515,012845,,1,2,9,5000,0,3,5,,2,020,"ORANGE BLOSSOM RD","BONSON COURT",1300.00,W,N,A,-,N,,,,,,,,,,Y,4,0,3,3,A,-,03,22350,,N,C,C,A,A,H,-,A,D,0,,,,,Y,,A,01,0,0,3,0,0,0,0,0,0,"- ","- ",37.789270000000002,-120.75239999999999,STANISLAUS,UNINCORPORATED,-120.75006727,37.789258869999998
6356663,2014,2016-02-22,9465,2014-01-20,2043,012351,,1,2,6,5002,0,1,3,,2,011,"RT 99","PELANDALE AV",1584.00,S,N,A,-,Y,STA,10,99,-,R,21.440,H,-,N,Y,3,0,1,1,A,-,08,22107,,N,E,I,A,A,H,-,D,D,1,,,,,Y,,D,22,0,1,0,0,0,0,0,0,0,"- ","- ",37.695860000000003,-121.06806,STANISLAUS,MODESTO,-121.06818341,37.69618852
6356666,2014,2014-06-24,9465,2014-01-12,2230,018363,,7,3,9,5000,0,3,5,,2,030,"B ST","3RD ST",650.00,N,N,A,-,N,,,,,,,,,,N,4,0,1,1,A,-,01,23152,A,N,E,I,A,A,H,-,D,D,0,,,,,Y,Y,D,22,0,0,1,0,0,0,0,0,0,"- ","- ",37.644120000000001,-120.90716,STANISLAUS,UNINCORPORATED,-120.90715466,37.643984779999997
6356686,2014,2014-06-09,9465,2014-01-20,1605,018825,,1,2,9,5000,0,2,4,,2,043,"WEST MAIN ST","CROWS LANDING RD",160.00,E,N,A,-,N,,,,,,,,,,Y,3,0,4,2,A,-,09,21801,A,N,A,C,A,A,H,-,A,D,0,,,,,Y,,D,22,0,1,3,0,0,0,0,0,0,"- ","- ",37.493000000000002,-120.99399,STANISLAUS,UNINCORPORATED,-120.99400854,37.492986969999997
6357114,2014,2014-06-26,9465,2014-01-23,1545,17542,,4,2,9,5000,0,3,5,,2,010,"PIRRONE RD","PIRRONE CT",528.00,N,N,A,-,N,,,,,,,,,,N,4,0,1,2,A,-,09,21804,A,N,D,C,A,A,H,-,A,D,0,,,,,Y,,A,01,0,0,1,0,0,0,0,0,0,"- ","- ",37.7669,-121.0928,STANISLAUS,UNINCORPORATED,-121.08966095,37.71722527
6357589,2014,2014-06-17,5002,2014-01-17,0715,11267,M151,5,5,6,5002,0,0,0,,0,076,"ESTA AV","AMOS CT",0.00,,Y,A,-,N,,,,,,,,,,N,3,0,1,2,A,-,05,21650,1,N,D,G,A,A,H,-,B,B,0,,Y,,,Y,,L,,0,1,0,0,0,0,1,0,0,"- ","- ",,,STANISLAUS,MODESTO,-120.93508986000001,37.678619930000004
6370228,2014,2014-06-12,5002,2014-01-19,0258,10412,558,7,5,6,5002,0,0,0,,0,031,"MODESTO AV","USTICK RD",240.00,E,N,A,-,N,,,,,,,,,,Y,3,0,2,1,A,-,01,23152,A,N,A,I,A,A,H,-,C,D,0,,,,,Y,Y,A,,0,1,1,0,0,0,0,0,0,"- ","- ",,,STANISLAUS,MODESTO,,
6376159,2014,2014-06-18,5002,2014-02-14,1206,10320,385,5,5,6,5002,0,0,0,,0,040,"14TH ST","L ST",128.00,S,N,A,-,N,,,,,,,,,,N,3,0,1,2,A,-,11,21954,A,N,G,B,D,A,H,-,A,D,0,Y,,,,Y,,N,,0,1,0,0,1,0,0,0,0,"- ","- ",,,STANISLAUS,MODESTO,-120.99852602,37.645032540000003
6376316,2014,2016-01-29,9465,2014-02-03,0745,15596,,1,1,9,5000,0,1,3,,2,041,"RT 99","CROWS LANDING RD",800.00,S,N,A,-,Y,STA,10,99,-,R,14.120,H,-,N,Y,4,0,1,2,A,-,03,22350,,N,C,C,A,A,H,-,A,D,1,,,,,Y,,A,01,0,0,1,0,0,0,0,0,0,"- ","- ",37.617269999999998,-120.98954999999999,STANISLAUS,UNINCORPORATED,-120.98769716,37.617113099999997
6376567,2014,2014-06-25,9465,2014-01-24,1755,019073,,5,2,6,5002,0,1,3,,2,011,"RT 99","TUOLUMNE BL",355.00,N,N,A,-,Y,,,99,,,,,,,N,4,0,1,3,A,-,03,22350,,M,C,C,A,A,H,-,C,D,0,,,,,Y,,-,99,0,0,1,0,0,0,0,0,0,"- ","- ",37.63026,-120.99764999999999,STANISLAUS,MODESTO,-120.99774312,37.630225330000002
6376575,2014,2014-06-25,9465,2014-01-31,1235,017288,,5,1,9,5000,0,2,4,,2,034,"GEER RD","KEYES RD",55.00,N,N,A,-,N,,,,,,,,,,N,4,0,1,3,A,-,21,22106,,N,C,C,A,A,H,-,A,A,0,,,,,Y,,-,"- ",0,0,1,0,0,0,0,0,0,"- ","- ",37.551259999999999,-120.84706,STANISLAUS,UNINCORPORATED,-120.84707917,37.551331040000001
6376591,2014,2016-03-05,9465,2014-01-24,1305,014889,,5,1,9,5000,0,1,3,,2,028,"RT 4","DUNTON RD",2112.00,W,N,A,-,Y,STA,10,4,-,-,4.940,H,-,E,Y,3,0,1,1,A,-,08,22107,,N,F,A,A,A,H,-,A,D,0,,,Y,,Y,,C,02,0,1,0,0,0,0,0,0,1,"- ","- ",37.938029999999998,-120.81350999999999,STANISLAUS,UNINCORPORATED,-120.83657044,37.944766190000003
6376687,2014,2014-06-19,9465,2014-02-03,1510,18216,,1,2,9,5000,0,3,5,,2,030,"7TH ST","SANTA FE AV",0.00,,Y,A,-,N,,,,,,,,,,Y,2,0,2,2,A,-,09,21802,A,N,D,C,A,A,H,-,A,A,0,,,,,Y,,A,01,1,1,0,0,0,0,0,0,0,"- ","- ",37.588509999999999,-120.86038000000001,STANISLAUS,UNINCORPORATED,-120.86095994,37.588949909999997
6377601,2014,2014-06-09,5002,2014-01-13,1812,11315,M99,1,5,6,5002,0,0,0,,0,073,"LAKEWOOD AV","EAST ORANGEBURG AV",3.00,S,N,A,-,N,,,,,,,,,,Y,4,0,1,4,A,-,03,22350,,N,C,B,B,A,H,-,C,D,0,Y,,,,Y,,A,,0,0,1,0,1,0,0,0,0,"- ","- ",,,STANISLAUS,MODESTO,-120.93937,37.663551759999997
6377613,2014,2014-07-21,5002,2014-01-14,1235,11242,M857,2,5,6,5002,0,0,0,,0,061,"COLDWELL AV","CAMPUS WY",313.00,W,N,A,-,N,,,,,,,,,,Y,2,0,2,6,C,-,18,,,N,C,C,-,A,H,-,A,D,0,Y,,,,Y,,-,"- ",1,1,0,0,1,0,0,0,0,"- ","- ",,,STANISLAUS,MODESTO,,
6377828,2014,2014-06-10,5002,2014-01-09,1106,10096,M59,4,5,6,5002,0,0,0,,0,072,"BRIGGSMORE AV","OAKDALE RD",10.00,W,N,A,-,N,,,,,,,,,,Y,4,0,1,3,A,-,09,21453,B,N,C,C,A,A,H,-,A,A,0,,,,,Y,,A,,0,0,1,0,0,0,0,0,0,"- ","- ",,,STANISLAUS,MODESTO,-120.95759455,37.667180000000002
6377836,2014,2014-06-10,5002,2014-01-25,1620,10096,M944,6,5,6,5002,0,0,0,,0,075,"EAST RUMBLE RD","NIABELL PL",422.00,W,N,A,-,N,,,,,,,,,,N,3,0,1,2,A,-,11,21954,A,N,G,B,D,A,H,-,A,D,0,Y,,,,Y,,N,,0,1,0,0,1,0,0,0,0,"- ","- ",,,STANISLAUS,MODESTO,-120.97330719999999,37.681710000000002
6378346,2014,2014-06-14,5002,2014-02-06,1148,10320,M027,4,5,6,5002,0,0,0,,0,063,"STANDIFORD AV","TULLY RD",85.00,E,N,B,C,N,,,,,,,,,,Y,4,0,1,6,A,-,03,22350,,N,D,-,A,B,H,-,A,A,0,,,,,Y,,A,,0,0,1,0,0,0,0,0,0,"- ","- ",,,STANISLAUS,MODESTO,-121.01221626,37.689328690000004
6378352,2014,2014-06-18,5002,2014-02-08,1025,1025,M275,6,5,6,5002,0,0,0,,0,071,"SCENIC DR",BODEM,180.00,W,N,B,-,N,,,,,,,,,,Y,4,0,3,2,A,-,03,22350,,N,D,C,A,B,H,-,A,D,0,,,,,Y,,A,,0,0,3,0,0,0,0,0,0,"- ","- ",,,STANISLAUS,MODESTO,-120.98589882,37.646603399999996
6378364,2014,2014-06-18,5002,2014-02-06,1444,10478,M013,4,5,6,5002,0,0,0,,0,064,"STANDIFORD AV","SHAWNEE DR",0.00,,Y,B,-,N,,,,,,,,,,Y,4,0,2,2,A,-,09,21801,A,N,D,C,A,B,H,-,A,A,0,,,,,Y,,A,,0,0,2,0,0,0,0,0,0,"- ","- ",,,STANISLAUS,MODESTO,-121.02658993,37.68951989