CASE_ID,ACCIDENT_YEAR,PROC_DATE,JURIS,COLLISION_DATE,COLLISION_TIME,OFFICER_ID,REPORTING_DISTRICT,DAY_OF_WEEK,CHP_SHIFT,POPULATION,CNTY_CITY_LOC,SPECIAL_COND,BEAT_TYPE,CHP_BEAT_TYPE,CITY_DIVISION_LAPD,CHP_BEAT_CLASS,BEAT_NUMBER,PRIMARY_RD,SECONDARY_RD,DISTANCE,DIRECTION,INTERSECTION,WEATHER_1,WEATHER_2,STATE_HWY_IND,CALTRANS_COUNTY,CALTRANS_DISTRICT,STATE_ROUTE,ROUTE_SUFFIX,POSTMILE_PREFIX,POSTMILE,LOCATION_TYPE,RAMP_INTERSECTION,SIDE_OF_HWY,TOW_AWAY,COLLISION_SEVERITY,NUMBER_KILLED,NUMBER_INJURED,PARTY_COUNT,PRIMARY_COLL_FACTOR,PCF_CODE_OF_VIOL,PCF_VIOL_CATEGORY,PCF_VIOLATION,PCF_VIOL_SUBSECTION,HIT_AND_RUN,TYPE_OF_COLLISION,MVIW,PED_ACTION,ROAD_SURFACE,ROAD_COND_1,ROAD_COND_2,LIGHTING,CONTROL_DEVICE,CHP_ROAD_TYPE,PEDESTRIAN_ACCIDENT,BICYCLE_ACCIDENT,MOTORCYCLE_ACCIDENT,TRUCK_ACCIDENT,NOT_PRIVATE_PROPERTY,ALCOHOL_INVOLVED,STWD_VEHTYPE_AT_FAULT,CHP_VEHTYPE_AT_FAULT,COUNT_SEVERE_INJ,COUNT_VISIBLE_INJ,COUNT_COMPLAINT_PAIN,COUNT_PED_KILLED,COUNT_PED_INJURED,COUNT_BICYCLIST_KILLED,COUNT_BICYCLIST_INJURED,COUNT_MC_KILLED,COUNT_MC_INJURED,PRIMARY_RAMP,SECONDARY_RAMP,LATITUDE,LONGITUDE,COUNTY,CITY,POINT_X,POINT_Y
7160368,2016,2016-01-20,5002,2016-01-07,2207,11023,42,4,5,6,5002,0,0,0,,0,484,"ROUSE AV",MAMILANE,0.00,,Y,A,-,N,,,,,,,,,,Y,4,0,1,2,A,-,12,22450,A,N,D,C,A,A,H,-,C,A,0,,,,,Y,,A,,0,0,1,0,0,0,0,0,0,"- ","- ",,,STANISLAUS,MODESTO,-121.01686993,37.620539899999997
7160376,2016,2016-01-20,5002,2016-01-08,2126,11775,008,5,5,6,5002,0,0,0,,0,062,SISK,"EARL ST",0.00,,Y,A,-,N,,,,,,,,,,Y,4,0,2,2,A,-,09,21801,A,N,H,C,A,A,H,-,C,A,0,,,,,Y,,A,,0,0,2,0,0,0,0,0,0,"- ","- ",,,STANISLAUS,MODESTO,-121.04446995000001,37.676239950000003
7160384,2016,2016-01-20,5002,2016-01-09,2259,11776,857,6,5,6,5002,0,0,0,,0,051,"TULLY RD","COLDWELL AV",0.00,,Y,A,-,N,,,,,,,,,,Y,4,0,1,2,A,-,12,21453,A,N,D,C,A,A,H,-,C,A,0,,,,,Y,,A,,0,0,1,0,0,0,0,0,0,"- ","- ",,,STANISLAUS,MODESTO,-121.01203989,37.653199979999997
7160396,2015,2016-01-20,5002,2015-01-11,0542,11776,M079,7,5,6,5002,0,0,0,,0,062,"WEST BRIGGSMORE AV",PRESCOTT,270.00,E,N,A,-,N,,,,,,,,,,Y,3,0,2,2,A,-,05,21651,B,N,A,C,A,A,H,-,C,D,0,,,,,Y,Y,A,,0,2,0,0,0,0,0,0,0,"- ","- ",,,STANISLAUS,MODESTO,-121.03017473,37.67060085
7160400,2016,2016-01-20,5002,2016-01-11,0750,10424,510,1,5,6,5002,0,0,0,,0,044,"7TH ST","TUOLUMNE BL",606.00,S,N,A,-,N,,,,,,,,,,Y,4,0,1,2,A,-,04,21703,,N,C,C,A,A,H,-,A,A,0,,,,,Y,,A,,0,0,1,0,0,0,0,0,0,"- ","- ",,,STANISLAUS,MODESTO,-120.99466,37.63015
7165378,2015,2017-02-04,5006,2015-12-09,2213,501342,MODES,3,5,3,5006,0,0,0,,0,RP1,"ATCHISON ST","1ST ST",15.00,E,N,A,-,Y,STA,10,108,-,-,32.452,I,5,E,N,4,0,1,2,A,-,12,21453,A,N,D,D,A,A,H,-,C,A,0,,,,,Y,,-,"- ",0,0,1,0,0,0,0,0,0,"- ","- ",,,STANISLAUS,RIVERBANK,-120.93900744,37.737937170000002
7165521,2016,2016-01-25,5001,2016-01-10,1303,600,,7,5,4,5001,0,0,0,,0,001,"N CENTRAL WY","HERNDON RD",0.00,,Y,A,-,N,,,,,,,,,,Y,3,0,2,2,A,-,12,21453,A,N,D,C,A,A,H,-,A,A,0,,,,,Y,,-,,0,1,1,0,0,0,0,0,0,"- ","- ",,,STANISLAUS,CERES,-120.95745986999999,37.595759909999998
7165560,2016,2016-01-25,5007,2016-01-05,1530,5602,,2,5,5,5007,0,0,0,,0,005,"NORTH GOLDEN STATE BL","W SYRACUSE",0.00,,Y,C,-,N,,,,,,,,,,Y,3,0,2,3,A,-,01,23152,A,N,D,C,A,B,H,-,-,D,0,,,,,Y,Y,A,01,0,1,1,0,0,0,0,0,0,"- ","- ",,,STANISLAUS,TURLOCK,-120.85236987,37.501699960000003
7167255,2015,2016-08-12,5002,2015-12-09,1519,11186,120,3,5,6,5002,0,0,0,,0,053,"EAST BRIGGSMORE AV","RT 108",720.00,E,N,A,-,N,,,,,,,,,,Y,2,0,1,3,A,-,09,21802,A,N,D,C,A,A,H,-,A,A,0,,,Y,,Y,,A,01,1,0,0,0,0,0,0,0,1,"- ","- ",,,STANISLAUS,MODESTO,-120.991563,37.670064000000004
7170038,2015,2016-02-03,5003,2015-04-14,2116,N216,RDNM,2,5,2,5003,0,0,0,,0,0NM,"MERCED ST","N ST",0.00,,Y,A,-,N,,,,,,,,,,N,3,0,1,2,A,-,17,21451,A,N,A,C,A,A,H,-,C,A,0,,,Y,,Y,Y,C,03,0,1,0,0,0,0,0,0,1,"- ","- ",,,STANISLAUS,NEWMAN,-121.02061995,37.313710020000002
7170054,2015,2016-02-03,5003,2015-08-22,1119,N216,RDNM,6,5,2,5003,0,0,0,,0,0NM,"N ST","TULARE ST",0.00,,Y,A,-,N,,,,,,,,,,Y,4,0,1,2,A,-,09,21802,A,N,D,C,A,A,H,-,A,D,0,,,,,Y,,A,01,0,0,1,0,0,0,0,0,0,"- ","- ",37.316209999999998,-121.02158,STANISLAUS,NEWMAN,-121.02158986000001,37.316220049999998
7170058,2015,2016-02-05,5003,2015-09-04,1005,N287,RDNM,5,5,2,5003,0,0,0,,0,0NM,"DRISKELL AV","WOOD DUCK WY",15.00,E,N,A,-,N,,,,,,,,,,N,4,0,1,2,A,-,04,21703,,N,C,C,A,A,H,-,A,D,0,,,,,Y,,D,22,0,0,1,0,0,0,0,0,0,"- ","- ",,,STANISLAUS,NEWMAN,-121.01035843,37.318259230000002
7170671,2016,2017-02-11,5006,2016-01-07,1526,S987,MODES,4,5,3,5006,0,0,0,,0,,"RT 108","8TH ST",0.00,,Y,A,-,Y,STA,10,108,-,-,33.130,I,5,W,Y,4,0,1,2,A,-,03,22350,,N,B,C,A,A,H,-,A,A,0,,,,,Y,,A,01,0,0,1,0,0,0,0,0,0,"- ","- ",,,STANISLAUS,RIVERBANK,-120.92732793,37.73786818
7170985,2016,2016-02-01,5002,2016-01-15,1144,11317,134,5,5,6,5002,0,0,0,,0,073,"OAKDALE RD","MABLE AV",270.00,S,N,A,-,N,,,,,,,,,,Y,4,0,2,3,A,-,03,22350,,N,C,C,A,A,H,-,A,A,0,,,,,Y,,A,,0,0,2,0,0,0,0,0,0,"- ","- ",,,STANISLAUS,MODESTO,-120.95808134000001,37.69550856
7171082,2015,2016-02-01,5003,2015-02-04,1350,N273,RDNM,3,5,2,5003,0,0,0,,0,0NM,"S ST","INYO AV",204.00,S,N,A,-,N,,,,,,,,,,N,4,0,1,2,A,-,08,22107,,N,D,C,A,A,H,-,A,D,0,,,,,Y,,A,07,0,0,1,0,0,0,0,0,0,"- ","- ",,,STANISLAUS,NEWMAN,-121.02691178000001,37.310580000000002
7174213,2016,2017-02-11,5006,2016-01-05,1730,SQ28,,2,5,3,5006,0,0,0,,0,001,"ATCHISON ST","8TH ST",0.00,,Y,C,-,Y,STA,10,108,-,-,33.140,H,-,W,N,4,0,1,2,A,-,00,22380,,N,-,C,A,B,H,-,C,A,0,,,,,Y,,A,01,0,0,1,0,0,0,0,0,0,"- ","- ",,,STANISLAUS,RIVERBANK,-120.92716098,37.737829920000003
7176875,2016,2016-02-08,5007,2016-01-18,1017,5766,STNLS,1,5,5,5007,0,0,0,,0,005,"EAST HAWKEYE AV","NORTH OLIVE AV",145.00,W,N,A,-,N,,,,,,,,,,Y,4,0,1,2,A,-,09,21804,A,N,B,C,A,A,H,-,A,D,0,,,,,Y,,-,,0,0,1,0,0,0,0,0,0,"- ","- ",,,STANISLAUS,TURLOCK,-120.84034981000001,37.507294309999999
7176877,2016,2016-02-08,5007,2016-01-20,1710,5743,5007,3,5,5,5007,0,0,0,,0,002,"OAK ST","LYONS AV",29.00,N,N,A,-,N,,,,,,,,,,N,2,0,1,2,A,-,21,22106,,N,G,B,D,B,H,-,B,D,0,Y,,,,Y,,A,01,1,0,0,0,1,0,0,0,0,"- ","- ",,,STANISLAUS,TURLOCK,-120.83677844,37.499239629999998
7179526,2016,2016-02-10,5002,2016-01-23,1754,11804,158,6,5,6,5002,0,0,0,,0,072,"OAKDALE RD",CELESTE,21.00,N,N,A,-,N,,,,,,,,,,Y,4,0,1,3,A,-,09,21802,A,N,B,C,A,A,H,-,C,A,0,,,,,Y,,D,,0,0,1,0,0,0,0,0,0,"- ","- ",,,STANISLAUS,MODESTO,-120.95769,37.672337669999997
7179534,2016,2016-02-10,5002,2016-01-23,0051,11084,M198,6,5,6,5002,0,0,0,,0,061,"KEARNEY AV","LEONARD AV",135.00,N,N,C,-,N,,,,,,,,,,Y,4,0,2,1,A,-,08,22107,,N,E,J,A,B,H,-,C,D,0,,,,,Y,,A,,0,0,2,0,0,0,0,0,0,"- ","- ",,,STANISLAUS,MODESTO,-121.01662014,37.65507066
7179566,2016,2016-02-10,5002,2016-01-29,0708,11788,595,5,5,6,5002,0,0,0,,0,071,"EAST ORANGEBURG AV","PALMDALE DR",110.00,W,N,B,-,N,,,,,,,,,,Y,3,0,1,2,A,-,05,21651,,M,A,E,A,A,H,-,A,D,0,,,,,Y,,A,,0,1,0,0,0,0,0,0,0,"- ","- ",,,STANISLAUS,MODESTO,-120.92771997,37.663616939999997
7179574,2016,2016-02-10,5002,2016-01-21,1816,10096,M415,4,5,6,5002,0,0,0,,0,044,"9TH ST","J ST",120.00,N,N,B,-,N,,,,,,,,,,Y,4,0,1,4,A,-,08,22107,,N,C,C,A,A,H,-,C,D,0,,,,,Y,,A,,0,0,1,0,0,0,0,0,0,"- ","- ",,,STANISLAUS,MODESTO,-121.00156996,37.63999544
7184050,2016,2016-02-16,5004,2016-01-28,1926,236,RD51,4,5,3,5004,0,0,0,,0,00S,"WARNERVILLE RD","S STEARNS RD",4069.00,W,N,C,-,N,,,,,,,,,,N,3,0,1,1,A,-,03,22350,,N,E,I,A,B,E,-,D,D,0,,,,,Y,,A,01,0,1,0,0,0,0,0,0,0,"- ","- ",37.747369999999997,-120.83351,STANISLAUS,OAKDALE,-120.83060741,37.742684509999997
7184930,2016,2016-02-25,5004,2016-02-01,1029,166,RD14,1,5,3,5004,0,0,0,,0,00N,"N 6TH","N 6TH 418",0.00,,Y,A,-,N,,,,,,,,,,Y,4,0,1,3,A,-,21,22106,,N,B,C,A,A,H,-,A,D,0,,,,,Y,,A,01,0,0,1,0,0,0,0,0,0,"- ","- ",,,STANISLAUS,OAKDALE,-120.846069,37.771929999999998
7185121,2016,2016-03-03,5002,2016-02-05,0833,71821,198,5,5,6,5002,0,0,0,,0,061,"COLDWELL AV","NORTH 9TH ST",42.00,E,N,A,-,N,,,,,,,,,,Y,4,0,1,3,C,-,18,,,N,C,C,A,A,H,-,A,A,0,,,,Y,Y,,-,"- ",0,0,1,0,0,0,0,0,0,"- ","- ",,,STANISLAUS,MODESTO,-121.01795493,37.653199999999998
7185161,2016,2016-02-19,5002,2016-01-27,1641,10791,M99,3,5,6,5002,0,0,0,,0,045,"MITCHELL RD",FINCH,14.00,N,N,A,-,N,,,,,,,,,,Y,4,0,1,2,A,-,03,22350,,N,C,C,A,A,H,-,A,A,0,,,,,Y,,A,,0,0,1,0,0,0,0,0,0,"- ","- ",,,STANISLAUS,MODESTO,-120.94407147,37.62342975
7185165,2016,2017-02-11,5002,2016-01-29,2200,11334,460,5,5,6,5002,0,0,0,,0,045,"YOSEMITE BL","S SANTA CRUZ",10.00,E,N,C,-,Y,STA,10,132,-,-,16.210,H,-,W,Y,4,0,1,2,A,-,03,22350,,N,D,C,A,B,G,H,C,A,0,,,,Y,Y,,A,,0,0,1,0,0,0,0,0,0,"- ","- ",,,STANISLAUS,MODESTO,-120.97404859,37.638207889999997
7185531,2016,2016-02-18,5002,2016-02-01,2226,10331,M99,1,5,6,5002,0,0,0,,0,041,"WEST HATCH RD","USTICK RD",100.00,W,N,A,-,N,,,,,,,,,,N,2,0,1,2,D,-,00,,,F,G,B,E,A,H,-,D,D,0,Y,,,,Y,,-,"- ",1,0,0,0,1,0,0,0,0,"- ","- ",,,STANISLAUS,MODESTO,-121.01210444,37.606351979999999
7185539,2016,2016-02-18,5002,2016-02-07,1706,11775,537,7,5,6,5002,0,0,0,,0,063,"PELANDALE AV","SISK RD",427.00,E,N,A,-,N,,,,,,,,,,Y,3,0,2,2,A,-,09,21804,A,N,D,C,A,A,H,-,A,D,0,,,,,Y,,-,,0,1,1,0,0,0,0,0,0,"- ","- ",,,STANISLAUS,MODESTO,-121.0674648,37.700085199999997
7185559,2016,2016-02-18,5002,2016-02-06,1204,11742,M146,6,5,6,5002,0,0,0,,0,072,"EAST BRIGGSMORE AV","COFFEE RD",0.00,,Y,A,-,N,,,,,,,,,,Y,4,0,2,2,A,-,07,21658,A,N,D,C,A,A,H,-,A,A,0,,,,,Y,,A,,0,0,2,0,0,0,0,0,0,"- ","- ",,,STANISLAUS,MODESTO,-120.97570991000001,37.667149999999999
7185605,2016,2016-02-17,5002,2016-01-27,1201,11824,714,3,5,6,5002,0,0,0,,0,042,"5TH ST","SIERRA DR",0.00,,Y,A,-,N,,,,,,,,,,N,3,0,1,2,A,-,12,22450,,N,B,G,A,A,H,-,A,A,0,,Y,,,Y,,L,,0,1,0,0,0,0,1,0,0,"- ","- ",,,STANISLAUS,MODESTO,-120.99882992000001,37.631009910000003
7186165,2016,2016-03-10,5007,2016-01-26,1324,5710,,2,5,5,5007,0,0,0,,0,001,"NORTH OLIVE AV","EAST HAWKEYE AV",0.00,,Y,A,-,N,,,,,,,,,,N,4,0,1,2,A,-,08,22107,,N,D,C,A,A,H,-,A,A,0,,,,,Y,,A,01,0,0,1,0,0,0,0,0,0,"- ","- ",,,STANISLAUS,TURLOCK,-120.83984999,37.507289970000002
7188998,2016,2016-02-23,5007,2016-02-05,0800,5767,5007,5,5,5,5007,0,0,0,,0,A11,"EAST MONTE VISTA AV","NORTH BERKELEY AV",0.00,,Y,A,-,N,,,,,,,,,,N,4,0,1,2,A,-,10,21950,A,N,G,B,B,A,H,-,A,A,0,Y,,,,Y,,-,"- ",0,0,1,0,1,0,0,0,0,"- ","- ",,,STANISLAUS,TURLOCK,-120.83080986,37.521819909999998
7192716,2016,2016-03-11,5002,2016-02-02,0813,10644,352,2,5,6,5002,0,0,0,,0,041,"WHITMORE AV","NICKERSON DR",0.00,,Y,B,-,N,,,,,,,,,,Y,4,0,1,2,A,-,09,21802,A,N,D,-,A,A,H,-,A,D,0,,,,Y,Y,,G,,0,0,1,0,0,0,0,0,0,"- ","- ",,,STANISLAUS,MODESTO,-120.98558998999999,37.59489997
7194598,2016,2016-03-03,5007,2016-02-23,0726,5714,5007,2,5,5,5007,0,0,0,,0,002,"BOTHUN RD","EAST AV",528.00,S,N,A,-,N,,,,,,,,,,N,3,0,1,2,A,-,10,21952,,N,G,B,F,A,H,-,A,D,0,Y,,,,Y,,A,07,0,1,0,0,1,0,0,0,0,"- ","- ",,,STANISLAUS,TURLOCK,-120.83176557,37.491210090000003
7195368,2016,2016-03-01,5002,2016-02-21,1119,11742,M180,7,5,6,5002,0,0,0,,0,061,"CARPENTER RD","19TH ST",0.00,,Y,A,-,N,,,,,,,,,,Y,4,0,2,2,A,-,09,21801,,F,A,C,A,A,H,-,A,D,0,,,,,Y,,-,,0,0,2,0,0,0,0,0,0,"- ","- ",,,STANISLAUS,MODESTO,,
7195381,2016,2016-03-09,5002,2016-01-27,1840,11808,024,3,5,6,5002,0,0,0,,0,062,"PRESCOTT RD","BRIGGSMORE AV",101.00,N,N,A,-,N,,,,,,,,,,Y,3,0,2,3,A,-,08,22107,,N,F,C,A,-,H,-,B,A,0,,,,,Y,,A,,0,1,1,0,0,0,0,0,0,"- ","- ",,,STANISLAUS,MODESTO,-121.03092789999999,37.670104440000003
7195383,2016,2016-02-29,5001,2016-02-16,1339,796,,2,5,4,5001,0,0,0,,0,001,"HATCH RD","SAN MIGUEL LN",0.00,,Y,A,-,N,,,,,,,,,,N,4,0,1,2,D,-,00,,,N,D,C,A,A,H,-,A,A,0,,,,,Y,,-,"- ",0,0,1,0,0,0,0,0,0,"- ","- ",,,STANISLAUS,CERES,,
7195395,2016,2016-03-09,5002,2016-02-14,1058,11770,090,7,5,6,5002,0,0,0,,0,062,"CARVER RD","GULFSTREAM DR",0.00,,Y,A,-,N,,,,,,,,,,Y,4,0,1,2,A,-,08,22103,,N,D,C,A,A,H,-,A,D,0,,,,,Y,,-,,0,0,1,0,0,0,0,0,0,"- ","- ",,,STANISLAUS,MODESTO,-121.02215990000001,37.672249989999997
7195427,2016,2016-03-09,5002,2016-02-17,1255,11566,495,3,5,6,5002,0,0,0,,0,032,"ROBERTSON RD","HAYS ST",0.00,,Y,B,-,N,,,,,,,,,,N,3,0,1,2,A,-,11,21954,A,N,G,B,-,A,H,-,A,D,0,Y,,,,Y,,-,,0,1,0,0,1,0,0,0,0,"- ","- ",,,STANISLAUS,MODESTO,-121.01633991999999,37.613299910000002
7195619,2016,2017-02-11,5002,2016-01-28,0745,11078,M99,4,5,6,5002,0,0,0,,0,046,"RT 132","NORTH RIVERSIDE DR",0.00,,Y,E,-,Y,STA,10,132,-,-,17.650,I,6,W,N,4,0,1,2,A,-,09,21804,A,N,D,G,A,B,H,-,A,A,0,,Y,,,Y,,L,04,0,0,1,0,0,0,1,0,0,"- ","- ",,,STANISLAUS,MODESTO,-120.94807197,37.638172040000001
7196748,2016,2016-03-08,5007,2016-02-07,2014,5740,,7,5,5,5007,0,0,0,,0,,"GOLDEN STATE BL",FULKERTH,0.00,,Y,A,-,N,,,,,,,,,,Y,4,0,1,2,A,-,17,21451,A,N,D,C,A,A,H,-,C,A,0,,,,,Y,,-,,0,0,1,0,0,0,0,0,0,"- ","- ",,,STANISLAUS,TURLOCK,,
7199907,2017,2017-02-03,5002,2017-01-15,2149,11226,M146,7,5,6,5002,0,0,0,,0,072,"EAST BRIGGSMORE AV","COFFEE RD",800.00,W,N,A,-,N,,,,,,,,,,Y,1,1,1,1,A,-,03,22350,,N,E,I,A,A,H,-,C,D,0,,,,,Y,,A,01,0,1,0,0,0,0,0,0,0,"- ","- ",,,STANISLAUS,MODESTO,-120.97845395,37.666981589999999
7201170,2016,2016-03-14,5002,2016-02-24,2305,11233,M352,3,5,6,5002,0,0,0,,0,032,"CARPENTER RD","CALIFORNIA AV",136.00,S,N,A,-,N,,,,,,,,,,Y,4,0,1,2,A,-,03,22350,,F,C,C,A,A,H,-,D,D,0,,,,,Y,,-,,0,0,1,0,0,0,0,0,0,"- ","- ",,,STANISLAUS,MODESTO,-121.03054184,37.631026560000002
7201178,2016,2016-03-14,5002,2016-02-18,1942,11310,427,4,5,6,5002,0,0,0,,0,033,"PARADISE RD","ALTURAS AV",0.00,,Y,A,-,N,,,,,,,,,,N,3,0,1,2,A,-,12,22450,A,F,D,G,A,A,H,-,C,D,0,,Y,,,Y,,L,,0,1,0,0,0,0,1,0,0,"- ","- ",,,STANISLAUS,MODESTO,-121.01064995999999,37.628759940000002
7201182,2016,2016-03-14,5002,2016-02-23,1300,11566,M99,2,5,6,5002,0,0,0,,0,061,"TULLY RD","TRINITY AV",0.00,,Y,A,-,N,,,,,,,,,,N,4,0,1,2,A,-,10,21950,A,F,G,B,D,A,H,-,A,D,0,Y,,,,Y,,D,,0,0,1,0,1,0,0,0,0,"- ","- ",,,STANISLAUS,MODESTO,-121.01206999,37.6554699
7201261,2016,2016-03-14,5002,2016-02-23,0739,11758,410,2,5,6,5002,0,0,0,,0,041,"7TH ST","G ST",0.00,,Y,A,-,N,,,,,,,,,,N,4,0,1,2,A,-,10,21950,A,N,G,B,B,A,H,-,A,A,0,Y,,,,Y,,A,,0,0,1,0,1,0,0,0,0,"- ","- ",,,STANISLAUS,MODESTO,-120.99970994,37.635449970000003
7201291,2016,2016-03-28,5002,2016-03-01,2121,11675,415,2,5,6,5002,0,0,0,,0,041,"9TH ST","J ST",0.00,,Y,A,-,N,,,,,,,,,,Y,4,0,2,2,A,-,12,21453,A,N,D,C,A,A,H,-,C,A,0,,,,,Y,,D,,0,0,2,0,0,0,0,0,0,"- ","- ",,,STANISLAUS,MODESTO,-121.00127997,37.639759929999997
7201328,2016,2016-03-14,5002,2016-03-02,1844,11742,M045,3,5,6,5002,0,0,0,,0,052,"WEST BRIGGSMORE AV","TULLY RD",75.00,W,N,A,-,N,,,,,,,,,,Y,3,0,3,4,A,-,03,22350,,N,C,C,A,A,H,-,D,A,0,,,,,Y,,A,,0,1,2,0,0,0,0,0,0,"- ","- ",,,STANISLAUS,MODESTO,-121.01250906,37.670465610000001
7204340,2016,2017-02-11,5002,2016-03-03,1355,11758,M99,4,5,6,5002,0,0,0,,0,082,"MCHENRY AV","SHEILA CT",0.00,,Y,B,-,Y,STA,10,108,-,-,25.250,I,5,E,Y,4,0,1,2,A,-,12,22450,,N,D,C,A,A,H,-,A,D,0,,,,,Y,,A,,0,0,1,0,0,0,0,0,0,"- ","- ",,,STANISLAUS,MODESTO,-120.99421841,37.676987429999997
7206814,2016,2017-02-11,5004,2016-02-06,1650,239,RD62,6,5,3,5004,0,0,0,,0,00N,"RT 108","MAAG AV",2204.00,E,N,A,-,Y,STA,10,120,-,-,0.646,H,-,E,Y,4,0,2,2,A,-,04,21703,,N,C,C,A,A,H,-,A,D,0,,,,,Y,,A,01,0,0,2,0,0,0,0,0,0,"- ","- ",,,STANISLAUS,OAKDALE,-120.9116593,37.79324879
7207906,2016,2016-03-17,5001,2016-03-07,1439,528,,1,5,4,5001,0,0,0,,0,003,"FOWLER RD","GLEN RIDGE",0.00,,Y,B,-,N,,,,,,,,,,N,4,0,1,2,A,-,09,21804,A,N,D,C,A,A,H,-,A,D,0,,,,,Y,,-,,0,0,1,0,0,0,0,0,0,"- ","- ",,,STANISLAUS,CERES,-120.93816996,37.602019910000003
8001054,2016,2016-04-05,5002,2016-03-23,1116,11136,M021,3,5,6,5002,0,0,0,,0,062,"STANDIFORD AV","SISK RD",42.00,E,N,A,-,N,,,,,,,,,,N,4,0,1,2,A,-,03,22350,,N,C,C,A,A,H,-,A,A,0,,,,Y,Y,,G,,0,0,1,0,0,0,0,0,0,"- ","- ",,,STANISLAUS,MODESTO,-121.05064822,37.684894659999998
8001056,2016,2016-03-30,5002,2016-03-14,1218,10644,352,1,5,6,5002,0,0,0,,0,033,"5TH ST","H ST",20.00,S,N,B,-,N,,,,,,,,,,N,4,0,1,2,A,-,12,21453,A,N,D,G,A,A,H,-,A,A,0,,Y,,,Y,,L,,0,0,1,0,0,0,1,0,0,"- ","- ",,,STANISLAUS,MODESTO,-121.00268198000001,37.634940530000002
8001082,2016,2016-04-19,5002,2016-03-11,1954,11679,M99,5,5,6,5002,0,0,0,,0,073,"CLAUS RD","SYLVAN AV",300.00,S,N,C,-,N,,,,,,,,,,Y,4,0,1,2,A,-,09,21804,A,N,D,C,A,B,H,-,C,D,0,,,,,Y,,D,,0,0,1,0,0,0,0,0,0,"- ","- ",,,STANISLAUS,MODESTO,-120.92153415999999,37.688256160000002
8001161,2016,2016-03-30,5007,2016-03-03,1922,L12,,4,5,5,5007,0,0,0,,0,,"N OLIVE","E TUOLUMNE",314.00,S,N,C,-,N,,,,,,,,,,Y,4,0,1,2,A,-,07,21658,A,N,D,E,A,B,H,-,D,D,0,,,,,Y,,-,"- ",0,0,1,0,0,0,0,0,0,"- ","- ",,,STANISLAUS,TURLOCK,-120.83977957,37.513747860000002
8001245,2016,2016-04-01,5002,2016-03-11,1528,10153,M134,5,5,6,5002,0,0,0,,0,073,SYLVAN,"KINGSWOOD DR",0.00,,Y,A,-,N,,,,,,,,,,N,4,0,1,2,A,-,09,21802,A,N,D,C,A,A,H,-,A,A,0,,,,,Y,,A,,0,0,1,0,0,0,0,0,0,"- ","- ",,,STANISLAUS,MODESTO,-120.97408987999999,37.688879890000003
8003060,2015,2016-03-25,5002,2015-12-23,2258,11622,409,3,5,6,5002,0,0,0,,0,044,"B ST","9TH ST",0.00,,Y,A,-,N,,,,,,,,,,Y,4,0,2,2,A,-,01,23152,A,F,A,C,A,A,H,-,C,A,0,,,,,Y,Y,D,,0,0,2,0,0,0,0,0,0,"- ","- ",,,STANISLAUS,MODESTO,-120.99201995,37.632119950000003
8005469,2016,2016-03-30,5005,2016-02-22,1409,SF62,PATTE,1,5,3,5005,0,0,0,,0,316,PALOMINO,"NEW FOREST",0.00,,Y,A,-,N,,,,,,,,,,Y,3,0,1,2,A,-,12,22450,A,N,D,C,A,A,H,-,A,A,0,,,Y,,Y,,A,01,0,1,0,0,0,0,0,0,1,"- ","- ",,,STANISLAUS,PATTERSON,-121.15353992999999,37.466369989999997
8011232,2016,2016-04-12,5007,2016-03-26,2313,5743,5007,6,5,5,5007,0,0,0,,0,002,"LANDER AV","D ST",396.00,S,N,A,-,N,,,,,,,,,,Y,2,0,2,2,A,-,01,23152,A,F,E,I,A,A,H,-,C,D,0,,,,,Y,Y,D,22,1,1,0,0,0,0,0,0,0,"- ","- ",,,STANISLAUS,TURLOCK,-120.84897893,37.484442530000003
8012219,2015,2016-04-14,5005,2015-11-25,2118,S01788,PATTE,3,5,3,5005,0,0,0,,0,,SPERRY,CLOVER,22.00,N,N,A,-,N,,,,,,,,,,Y,4,0,2,2,A,-,08,22107,,N,D,C,A,A,H,-,C,A,0,,,,,Y,,-,,0,0,2,0,0,0,0,0,0,"- ","- ",,,STANISLAUS,PATTERSON,-121.13633507999999,37.464348340000001
8013760,2016,2017-02-03,5002,2016-03-30,2005,11750,M99,3,5,6,5002,0,0,0,,0,082,"RT 108",BOWEN,50.00,,N,A,-,Y,STA,10,108,-,-,25.050,H,-,E,N,4,0,1,2,A,-,03,22350,,F,C,C,A,A,H,-,C,A,0,,,,,Y,,D,,0,0,1,0,0,0,0,0,0,"- ","- ",,,STANISLAUS,MODESTO,-120.9941831,37.674042700000001
8013832,2016,2016-04-15,5002,2016-04-04,2037,11742,M159,1,5,6,5002,0,0,0,,0,072,"BRIGGSMORE AV","OAKDALE RD",1050.00,E,N,A,-,N,,,,,,,,,,N,3,0,1,2,A,-,00,21956,B,N,B,B,E,A,H,-,D,D,0,Y,,,,Y,,-,,0,1,0,0,1,0,0,0,0,"- ","- ",,,STANISLAUS,MODESTO,-120.95400284999999,37.667627269999997
8013840,2016,2016-04-15,5002,2016-04-02,1714,11778,M723,6,5,6,5002,0,0,0,,0,071,"SCENIC DR","FONTANA CT",68.00,W,N,A,-,N,,,,,,,,,,Y,4,0,2,2,A,-,03,22350,,N,C,C,A,A,H,-,A,D,0,,,,,Y,,-,,0,0,2,0,0,0,0,0,0,"- ","- ",,,STANISLAUS,MODESTO,-120.94007008,37.654892439999998
8021685,2016,2016-04-15,5002,2016-04-03,1914,11859,M99,7,5,6,5002,0,0,0,,0,063,"SISK RD","VINTAGE DR",0.00,,Y,A,-,N,,,,,,,,,,N,3,0,1,2,A,-,05,21202,A,N,D,G,A,A,H,-,A,A,0,,Y,,,Y,,-,,0,1,0,0,0,0,1,0,0,"- ","- ",,,STANISLAUS,MODESTO,-121.06228987999999,37.69115996
8021689,2016,2016-04-15,5002,2016-04-01,1541,11758,309,5,5,6,5002,0,0,0,,0,071,SCENIC,OAKDALE,0.00,,Y,A,-,N,,,,,,,,,,N,4,0,1,2,-,-,"- ",,,N,C,C,A,A,H,-,A,A,0,,,,,Y,,-,"- ",0,0,1,0,0,0,0,0,0,"- ","- ",,,STANISLAUS,MODESTO,-120.95738996999999,37.653069909999999
8021693,2016,2016-04-15,5002,2016-04-01,1841,11795,M090,5,5,6,5002,0,0,0,,0,0C2,"CARVER RD","GULFSTREAM DR",0.00,,Y,A,-,N,,,,,,,,,,N,4,0,1,2,A,-,08,22107,,N,D,C,A,A,H,-,C,A,0,,,,,Y,,-,,0,0,1,0,0,0,0,0,0,"- ","- ",,,STANISLAUS,MODESTO,-121.02215990000001,37.672249989999997