CASE_ID,ACCIDENT_YEAR,PROC_DATE,JURIS,COLLISION_DATE,COLLISION_TIME,OFFICER_ID,REPORTING_DISTRICT,DAY_OF_WEEK,CHP_SHIFT,POPULATION,CNTY_CITY_LOC,SPECIAL_COND,BEAT_TYPE,CHP_BEAT_TYPE,CITY_DIVISION_LAPD,CHP_BEAT_CLASS,BEAT_NUMBER,PRIMARY_RD,SECONDARY_RD,DISTANCE,DIRECTION,INTERSECTION,WEATHER_1,WEATHER_2,STATE_HWY_IND,CALTRANS_COUNTY,CALTRANS_DISTRICT,STATE_ROUTE,ROUTE_SUFFIX,POSTMILE_PREFIX,POSTMILE,LOCATION_TYPE,RAMP_INTERSECTION,SIDE_OF_HWY,TOW_AWAY,COLLISION_SEVERITY,NUMBER_KILLED,NUMBER_INJURED,PARTY_COUNT,PRIMARY_COLL_FACTOR,PCF_CODE_OF_VIOL,PCF_VIOL_CATEGORY,PCF_VIOLATION,PCF_VIOL_SUBSECTION,HIT_AND_RUN,TYPE_OF_COLLISION,MVIW,PED_ACTION,ROAD_SURFACE,ROAD_COND_1,ROAD_COND_2,LIGHTING,CONTROL_DEVICE,CHP_ROAD_TYPE,PEDESTRIAN_ACCIDENT,BICYCLE_ACCIDENT,MOTORCYCLE_ACCIDENT,TRUCK_ACCIDENT,NOT_PRIVATE_PROPERTY,ALCOHOL_INVOLVED,STWD_VEHTYPE_AT_FAULT,CHP_VEHTYPE_AT_FAULT,COUNT_SEVERE_INJ,COUNT_VISIBLE_INJ,COUNT_COMPLAINT_PAIN,COUNT_PED_KILLED,COUNT_PED_INJURED,COUNT_BICYCLIST_KILLED,COUNT_BICYCLIST_INJURED,COUNT_MC_KILLED,COUNT_MC_INJURED,PRIMARY_RAMP,SECONDARY_RAMP,LATITUDE,LONGITUDE,COUNTY,CITY,POINT_X,POINT_Y
8109821,2016,2016-08-26,5001,2016-08-15,1300,818,D006,1,5,4,5001,0,0,0,,0,005,"WHITMORE AV","FAITH HOME RD",0.00,,Y,A,-,N,,,,,,,,,,Y,4,0,2,2,A,-,12,22450,,N,D,C,A,A,H,-,A,A,0,,,,,Y,,A,07,0,0,2,0,0,0,0,0,0,"- ","- ",37.594799999999999,-120.92046999999999,STANISLAUS,CERES,-120.92046986,37.594829900000001
8112321,2016,2017-03-03,5002,2016-08-11,0821,11317,M99,4,5,6,5002,0,0,0,,0,041,"L ST","6TH ST",61.00,E,N,A,-,Y,STA,10,132,-,-,14.780,H,-,W,Y,4,0,4,3,A,-,03,22350,,N,C,C,A,A,H,-,A,A,0,,,,,Y,,D,,0,0,4,0,0,0,0,0,0,"- ","- ",,,STANISLAUS,MODESTO,-121.0062671,37.639666400000003
8112323,2016,2016-09-06,5002,2016-08-12,1756,11751,M409,5,5,6,5002,0,0,0,,0,041,"9TH ST","B ST",0.00,,Y,A,-,N,,,,,,,,,,Y,3,0,1,2,A,-,09,21801,A,N,D,C,A,A,H,-,A,A,0,,,Y,,Y,,E,,0,1,0,0,0,0,0,0,1,"- ","- ",,,STANISLAUS,MODESTO,-120.99201995,37.632119950000003
8112382,2016,2016-10-14,5002,2016-08-23,1831,11751,M554,2,5,6,5002,0,0,0,,0,031,"W WHITMORE AV","S CARPENTER",2025.00,E,N,A,-,N,,,,,,,,,,Y,3,0,3,2,A,-,09,21804,A,N,C,C,A,A,H,-,A,D,0,,,,,Y,,A,,0,1,2,0,0,0,0,0,0,"- ","- ",,,STANISLAUS,MODESTO,-121.02330086000001,37.595055989999999
8112484,2016,2016-09-01,5002,2016-08-13,2213,10145,M067,6,5,6,5002,0,0,0,,0,063,"STANDIFORD AV","CARVER RD",48.00,W,N,A,-,N,,,,,,,,,,Y,4,0,2,2,A,-,01,23152,A,N,D,C,A,A,H,-,C,D,0,,,,,Y,Y,A,,0,0,2,0,0,0,0,0,0,"- ","- ",,,STANISLAUS,MODESTO,-121.02259583,37.689443189999999
8112504,2016,2016-09-01,5002,2016-08-12,2330,11717,M515,5,5,6,5002,0,0,0,,0,031,"DALLAS ST","WEST HATCH RD",50.00,S,N,A,-,N,,,,,,,,,,Y,4,0,1,3,A,-,03,22350,,F,D,C,A,A,H,-,C,A,0,,,,,Y,,A,,0,0,1,0,0,0,0,0,0,"- ","- ",,,STANISLAUS,MODESTO,-121.0014595,37.609088700000001
8112524,2016,2016-09-01,5002,2016-08-16,2300,11531,712,2,5,6,5002,0,0,0,,0,032,"PARADISE RD","CHICAGO AV",295.00,W,N,A,-,N,,,,,,,,,,N,3,0,1,2,D,-,00,,,N,G,B,D,A,H,-,D,D,0,Y,,,,Y,Y,-,"- ",0,1,0,0,1,0,0,0,0,"- ","- ",,,STANISLAUS,MODESTO,-121.01535774,37.625447000000001
8112540,2016,2016-09-01,5002,2016-08-16,2046,10096,280,2,5,6,5002,0,0,0,,0,071,"COOLIDGE AV","COFFEE RD",0.00,,Y,A,-,N,,,,,,,,,,N,3,0,1,2,A,-,10,21950,A,N,G,B,D,A,H,-,C,D,0,Y,,,,Y,Y,D,,0,1,0,0,1,0,0,0,0,"- ","- ",,,STANISLAUS,MODESTO,-120.97570994,37.665339879999998
8113247,2016,2016-09-07,5001,2016-08-25,1643,610,M1,4,5,4,5001,0,0,0,,0,005,"4TH ST","LAWRENCE ST",0.00,,Y,A,-,N,,,,,,,,,,N,4,0,1,2,A,-,10,21950,A,N,G,B,E,A,H,-,A,D,0,Y,,,,Y,,-,,0,0,1,0,1,0,0,0,0,"- ","- ",37.590130000000002,-120.94982,STANISLAUS,CERES,-120.95335999,37.590149910000001
8113825,2016,2017-05-05,5004,2016-08-24,1300,187,RD11,3,5,3,5004,0,0,0,,0,00N,"WEST F ST","GILBERT AV",0.00,,Y,A,-,Y,STA,10,108,-,-,37.830,I,5,E,N,4,0,1,2,A,-,10,21950,A,N,G,B,B,A,H,-,A,A,0,Y,,,,Y,,D,22,0,0,1,0,1,0,0,0,0,"- ","- ",37.763779999999997,-120.85372,STANISLAUS,OAKDALE,-120.85366203,37.763876160000002
8114239,2016,2016-09-12,5001,2016-08-03,1514,795,A003,3,5,4,5001,0,0,0,,0,001,"E CENTRAL AV","WHITMORE AV",0.00,,Y,A,-,N,,,,,,,,,,Y,4,0,1,2,A,-,12,21453,A,N,D,C,A,A,H,-,A,A,0,,,,,Y,,A,01,0,0,1,0,0,0,0,0,0,"- ","- ",37.594810000000003,-120.95811999999999,STANISLAUS,CERES,-120.95689985999999,37.594759920000001
8114551,2016,2016-09-08,5006,2016-08-13,1753,S01019,555,6,5,3,5006,0,0,0,,0,,"PATTERSON RD","1ST ST",56.00,W,N,A,-,N,,,,,,,,,,N,3,0,1,2,A,-,00,21760,B,N,B,G,A,A,H,-,A,A,0,,Y,,,Y,,-,,0,1,0,0,0,0,1,0,0,"- ","- ",,,STANISLAUS,RIVERBANK,-120.93827352,37.732705090000003
8118185,2016,2016-09-09,5007,2016-08-25,2035,5765,5007,4,5,5,5007,0,0,0,,0,005,"NORTH GOLDEN STATE BL","CANAL DR",0.00,S,N,A,-,N,,,,,,,,,,Y,4,0,1,2,A,-,01,23153,A,N,C,C,A,A,H,-,B,A,0,,,,,Y,Y,A,01,0,0,1,0,0,0,0,0,0,"- ","- ",,,STANISLAUS,TURLOCK,-120.85081996,37.500369939999999
8118696,2016,2016-09-13,5002,2016-08-31,1650,11854,387,3,5,6,5002,0,0,0,,0,041,"13TH ST","H ST",0.00,,Y,A,-,N,,,,,,,,,,N,4,0,1,2,A,-,05,21650,,N,D,G,A,A,H,-,A,D,0,,Y,,,Y,,-,,0,0,1,0,0,0,1,0,0,"- ","- ",,,STANISLAUS,MODESTO,-120.99515993999999,37.640699920000003
8118711,2016,2016-09-13,5002,2016-08-25,1402,11812,M99,4,5,6,5002,0,0,0,,0,081,ORANGEBURG,"COLLEGE AVE",300.00,W,N,A,-,N,,,,,,,,,,Y,4,0,2,2,A,-,09,21804,A,N,B,C,A,A,H,-,A,D,0,,,,,Y,,-,,0,0,2,0,0,0,0,0,0,"- ","- ",,,STANISLAUS,MODESTO,-121.0086459,37.663965060000002
8118715,2016,2016-09-13,5002,2016-08-25,1405,10588,M99,4,5,6,5002,0,0,0,,0,041,"H ST","15TH ST",0.00,,Y,A,-,N,,,,,,,,,,Y,3,0,1,2,A,-,12,22450,,N,F,-,A,A,H,-,A,A,0,,,,,Y,,-,,0,1,0,0,0,0,0,0,0,"- ","- ",,,STANISLAUS,MODESTO,-120.99319997000001,37.642179910000003
8122226,2016,2016-09-14,5002,2016-09-06,2029,521,A308,2,5,6,5002,0,0,0,,0,001,"EAST HATCH RD","E HATCH RD 1421",0.00,,N,A,-,N,,,,,,,,,,N,4,0,4,4,A,-,09,21800,A,N,D,C,A,A,H,-,C,A,0,,,Y,,Y,,C,02,0,0,4,0,0,0,0,0,1,"- ","- ",37.60962,-120.97157,STANISLAUS,MODESTO,-120.971529,37.609350999999997
8127146,2016,2016-09-22,5002,2016-09-08,0845,10253,M377,4,5,6,5002,0,0,0,,0,033,"MARTIN LUTHER KING WY","MAPLE ST",0.00,,Y,A,-,N,,,,,,,,,,N,4,0,1,2,A,-,11,21954,A,F,B,B,D,A,H,-,A,D,0,Y,,,,Y,,N,,0,0,1,0,1,0,0,0,0,"- ","- ",,,STANISLAUS,MODESTO,-121.01184994,37.637639919999998
8127162,2016,2016-11-14,5002,2016-09-11,1119,11861,415,7,5,6,5002,0,0,0,,0,041,"9TH ST","I ST",0.00,,Y,A,-,N,,,,,,,,,,Y,4,0,4,2,-,-,"- ",,,N,A,C,A,A,H,-,A,A,0,,,,,Y,,-,"- ",0,0,4,0,0,0,0,0,0,"- ","- ",,,STANISLAUS,MODESTO,-121.00017995,37.638779890000002
8127170,2016,2016-09-22,5002,2016-09-07,1423,11213,2,3,5,6,5002,0,0,0,,0,002,"MOUNT VERNON DR","DEBONAIRE DR",4.00,W,N,A,-,N,,,,,,,,,,Y,4,0,2,2,A,-,04,21703,,N,C,C,A,A,H,-,A,A,0,,,,,Y,,A,,0,0,2,0,0,0,0,0,0,"- ","- ",,,STANISLAUS,MODESTO,-121.02610047,37.676232830000004
8127175,2016,2016-11-10,5002,2016-09-09,0753,11023,M276,5,5,6,5002,0,0,0,,0,081,"EAST FAIRMONT AV","EL VECINO AV",0.00,,Y,A,-,N,,,,,,,,,,Y,3,0,2,2,B,-,22,,,N,D,C,A,A,H,-,A,A,0,,,,,Y,,-,"- ",0,1,1,0,0,0,0,0,0,"- ","- ",,,STANISLAUS,MODESTO,-120.98017999,37.657229889999996
8127179,2016,2016-09-22,5002,2016-09-02,0748,10116,510,5,5,6,5002,0,0,0,,0,041,"TUOLUMNE BL","7TH ST",0.00,,Y,A,-,N,,,,,,,,,,N,3,0,1,2,A,-,09,21804,B,N,D,G,A,A,H,-,A,A,0,,Y,,,Y,,A,,0,1,0,0,0,0,1,0,0,"- ","- ",,,STANISLAUS,MODESTO,-120.99465992,37.630149899999999
8127187,2016,2016-09-22,5002,2016-09-06,0948,10253,M198,2,5,6,5002,0,0,0,,0,061,"KEARNEY AV","LEONARD AV",0.00,,Y,A,-,N,,,,,,,,,,N,4,0,1,2,A,-,12,22450,,N,D,G,A,A,H,-,A,A,0,,Y,,,Y,,D,,0,0,1,0,0,0,1,0,0,"- ","- ",,,STANISLAUS,MODESTO,-121.01662989,37.65469994
8127195,2016,2016-09-23,5002,2016-09-07,1708,11854,M134,3,5,6,5002,0,0,0,,0,073,"COFFEE RD","MONTANA DR",0.00,,Y,A,-,N,,,,,,,,,,Y,3,0,2,3,A,-,04,21703,,N,C,C,A,A,H,-,A,-,0,,,,,Y,,A,,0,1,1,0,0,0,0,0,0,"- ","- ",,,STANISLAUS,MODESTO,-120.97627987,37.697999979999999
8127214,2016,2016-09-23,5002,2016-08-18,2043,11773,M058,4,5,6,5002,0,0,0,,0,061,"CARPENTER RD","BLUE GUM AV",0.00,,Y,A,-,N,,,,,,,,,,N,3,0,1,2,A,-,12,21453,A,M,D,G,A,A,H,-,C,A,0,,Y,,,Y,,A,,0,1,0,0,0,0,1,0,0,"- ","- ",,,STANISLAUS,MODESTO,-121.03112989,37.66052998
8128380,2016,2016-09-27,5007,2016-08-27,1845,5766,STANI,6,5,5,5007,0,0,0,,0,004,"TAYLOR RD","WALNUT RD",24.00,W,N,A,-,N,,,,,,,,,,Y,4,0,1,1,A,-,12,22450,,N,E,I,A,A,H,-,A,A,0,,,,,Y,,A,01,0,0,1,0,0,0,0,0,0,"- ","- ",,,STANISLAUS,TURLOCK,-120.86681276,37.536679999999997
8129990,2016,2017-03-03,5002,2016-08-25,0057,11226,M257,4,5,6,5002,0,0,0,,0,081,"MCHENRY AV",FRANCES,115.00,S,N,A,-,Y,STA,10,108,-,-,23.600,H,-,E,Y,2,0,2,2,A,-,08,22107,,N,B,C,A,A,H,-,C,D,0,,,,,Y,,A,01,1,1,0,0,0,0,0,0,0,"- ","- ",,,STANISLAUS,MODESTO,-120.99390373,37.653258039999997
8130049,2016,2016-10-14,5007,2016-08-09,1740,5701,,2,5,5,5007,0,0,0,,0,002,"LANDER AV","RT 99",167.00,N,N,A,-,N,,,,,,,,,,Y,4,0,1,3,A,-,03,22350,,N,C,C,A,A,H,-,A,A,0,,,,,Y,,A,07,0,0,1,0,0,0,0,0,0,"- ",NF,,,STANISLAUS,TURLOCK,,
81303170,2020,2020-09-11,5002,2020-08-26,0547,13060,M024,3,5,6,5002,0,0,0,,0,MP62,"SISK RD","PLAZA PARKWAY",1198.00,S,N,A,-,N,,,,,,,,,,Y,4,0,2,2,A,-,08,22107,,N,D,C,A,A,H,-,B,D,0,,,,,Y,,A,01,0,0,2,0,0,0,0,0,0,"- ","- ",,,STANISLAUS,MODESTO,-121.03546142578125,37.668731689453125
81303228,2020,2020-09-11,5002,2020-09-06,1945,10096,,7,5,6,5002,0,0,0,,0,MP31,"WHITMORE AVE","CARPENTER RD",2500.00,E,N,A,-,N,,,,,,,,,,Y,2,0,2,3,A,-,01,23152,A,N,C,C,A,A,H,-,D,D,0,,,,,Y,Y,A,01,1,0,1,0,0,0,0,0,0,"- ","- ",,,STANISLAUS,MODESTO,-121.02165985107422,37.595050811767578
81313207,2020,2020-09-28,5002,2020-09-13,1408,11697,M217,7,5,6,5002,0,0,0,,0,MP81,"COLLEGE AVE","ROSEBURG AVE",0.00,,Y,A,-,N,,,,,,,,,,Y,3,0,1,2,A,-,12,21453,A,N,D,C,A,A,H,-,A,A,0,,,,,Y,,A,01,0,1,0,0,0,0,0,0,0,"- ","- ",,,STANISLAUS,MODESTO,-121.00755310058594,37.660308837890625
81313212,2020,2020-09-28,5002,2020-09-14,0902,11136,M407,1,5,6,5002,0,0,0,,0,MP41,"SR 132 (D ST)","12TH ST",0.00,,Y,B,-,Y,,,,,,,,,,N,2,0,1,2,A,-,10,21950,A,N,G,B,B,A,H,-,A,D,0,Y,,,,Y,,A,01,1,0,0,0,1,0,0,0,0,"- ","- ",,,STANISLAUS,MODESTO,,
81313229,2020,2020-09-28,5002,2020-09-18,0905,11621,M260,5,5,6,5002,0,0,0,,0,MP81,"JOHNSON ST","MODESTO AVE",0.00,,Y,A,-,N,,,,,,,,,,N,3,0,1,2,A,-,09,21802,A,N,D,C,A,A,H,-,A,A,0,,,Y,,Y,,A,07,0,1,0,0,0,0,0,0,1,"- ","- ",,,STANISLAUS,MODESTO,-120.99150085449219,37.649639129638672
81313242,2020,2020-09-28,5002,2020-09-22,2035,11793,M143,2,5,6,5002,0,0,0,,0,MP72,"COFFEE RD","FLOYD AVE",419.00,S,N,A,-,N,,,,,,,,,,Y,3,0,1,2,A,-,09,21804,A,N,C,C,A,A,H,-,C,D,0,,,Y,,Y,,A,01,0,1,0,0,0,0,0,0,1,"- ","- ",,,STANISLAUS,MODESTO,-120.97580718994141,37.676860809326172
81313243,2020,2020-09-28,5002,2020-09-23,0930,13288,,3,5,6,5002,0,0,0,,0,MP43,"RIVERSIDE DR","MILLER AVE",0.00,,Y,A,-,N,,,,,,,,,,Y,4,0,2,2,A,-,09,21802,A,N,D,C,A,A,H,-,A,A,0,,,,,Y,,A,01,0,0,2,0,0,0,0,0,0,"- ","- ",,,STANISLAUS,MODESTO,-120.94806671142578,37.640041351318359
81313246,2020,2020-09-28,5002,2020-09-23,1846,13028,M002,3,5,6,5002,0,0,0,,0,MP63,"PELANDALE AVE","HONEY CREEK RD",60.00,E,N,A,-,N,,,,,,,,,,Y,4,0,1,3,A,-,03,22350,,N,C,C,A,A,H,-,A,D,0,,,,,Y,,A,01,0,0,1,0,0,0,0,0,0,"- ","- ",,,STANISLAUS,MODESTO,-121.05437469482422,37.700233459472656
81313247,2020,2020-09-28,5002,2020-09-22,1730,13280,M962,2,5,6,5002,0,0,0,,0,MP41,"6TH ST","L ST",0.00,,Y,A,-,Y,,,,,,,,,,N,4,0,3,2,A,-,12,21453,A,N,D,C,A,A,H,-,A,A,0,,,,,Y,,A,07,0,0,3,0,0,0,0,0,0,"- ","- ",,,STANISLAUS,MODESTO,-121.00640869140625,37.639568328857422
81313258,2020,2020-09-28,5002,2020-09-01,0220,13325,,2,5,6,5002,0,0,0,,0,MP61,"TORRID AVE","DIABLO AVE",0.00,,Y,A,-,N,,,,,,,,,,Y,4,0,1,1,A,-,03,22350,,F,E,I,A,A,H,-,C,A,0,,,,,Y,,A,01,0,0,1,0,0,0,0,0,0,"- ","- ",,,STANISLAUS,MODESTO,-121.03325653076172,37.649509429931641
81313259,2020,2020-09-28,5002,2020-09-02,1205,13213,M100,3,5,6,5002,0,0,0,,0,MP83,"RUMBLE RD","EDWARD AVE",0.00,,Y,A,-,N,,,,,,,,,,N,3,0,2,2,A,-,09,21802,A,N,D,C,A,A,H,-,A,A,0,,,,,Y,,A,01,0,1,1,0,0,0,0,0,0,"- ","- ",,,STANISLAUS,MODESTO,-120.98735809326172,37.681720733642578
81313264,2020,2020-09-28,5002,2020-09-05,2110,13325,,6,5,6,5002,0,0,0,,0,MP71,"SCENIC DR","ROSE AVE",0.00,,Y,A,-,N,,,,,,,,,,Y,4,0,1,2,A,-,17,21451,A,N,B,C,A,A,H,-,C,A,0,,,,,Y,,A,01,0,0,1,0,0,0,0,0,0,"- ","- ",,,STANISLAUS,MODESTO,-120.96646881103516,37.651401519775391
81313265,2020,2020-09-28,5002,2020-09-05,1252,13172,M605,6,5,6,5002,0,0,0,,0,MP71,"SCENIC DR","LAKEWOOD AVE",0.00,,Y,A,-,N,,,,,,,,,,N,4,0,1,2,A,-,09,21801,A,F,D,C,A,A,H,-,A,A,0,,,,,Y,,A,07,0,0,1,0,0,0,0,0,0,"- ","- ",,,STANISLAUS,MODESTO,-120.93921661376953,37.655029296875
81314566,2020,2020-09-30,5002,2020-09-12,2150,13300,,6,5,6,5002,0,0,0,,0,MP41,"H ST","7TH ST",0.00,,Y,A,-,N,,,,,,,,,,Y,4,0,2,2,A,-,21,22106,,N,H,C,A,A,H,-,C,A,0,,,,,Y,,A,01,0,0,2,0,0,0,0,0,0,"- ","- ",,,STANISLAUS,MODESTO,-121.00083160400391,37.636428833007812
81314568,2020,2020-09-30,5002,2020-09-18,1150,13110,M510,5,5,6,5002,0,0,0,,0,MP41,"TUOLUMNE BLVD","CALAVERAS AVE",0.00,,Y,A,-,N,,,,,,,,,,Y,4,0,1,2,A,-,09,21801,A,N,B,C,A,A,H,-,A,D,0,,,,,Y,,A,01,0,0,1,0,0,0,0,0,0,"- ","- ",,,STANISLAUS,MODESTO,-120.99559783935547,37.628761291503906
81316152,2020,2020-10-02,5002,2020-09-20,1938,11046,M429,7,5,6,5002,0,0,0,,0,MP32,"TUOLUMNE BLVD","ROSELAWN AVE",0.00,,Y,A,-,N,,,,,,,,,,Y,4,0,1,2,A,-,17,21451,A,N,D,C,A,A,H,-,C,A,0,,,,,Y,,A,01,0,0,1,0,0,0,0,0,0,"- ","- ",,,STANISLAUS,MODESTO,-121.00492858886719,37.627830505371094
81318889,2020,2020-10-07,5002,2020-09-28,1338,13262,M198,1,5,6,5002,0,0,0,,0,MP61,"TULLY RD","COLDWELL AVE",0.00,,Y,-,-,N,,,,,,,,,,Y,4,0,1,2,A,-,11,21451,C,F,D,C,A,A,H,-,A,A,0,,,,,Y,,D,22,0,0,1,0,0,0,0,0,0,"- ","- ",,,STANISLAUS,MODESTO,-121.01203918457031,37.6531982421875
81318895,2020,2020-10-07,5002,2020-09-29,0300,13268,M294,2,5,6,5002,0,0,0,,0,MP71,"SCENIC DR","ROSE AVE",3.00,W,N,A,-,N,,,,,,,,,,N,4,0,1,1,A,-,05,21650,,N,E,I,A,A,H,-,C,D,0,,Y,,,Y,,L,04,0,0,1,0,0,0,1,0,0,"- ","- ",,,STANISLAUS,MODESTO,-120.96647644042969,37.651397705078125
81318900,2020,2020-10-07,5002,2020-09-29,2005,11793,M057,2,5,6,5002,0,0,0,,0,MP83,"RUMBLE RD","MC HENRY AVE",0.00,,Y,A,-,Y,,,,,,,,,,Y,4,0,1,2,A,-,03,22350,,F,C,C,A,A,H,-,C,A,0,,,,,Y,,A,01,0,0,1,0,0,0,0,0,0,"- ","- ",,,STANISLAUS,MODESTO,-120.99417877197266,37.681781768798828
81318903,2020,2020-10-07,5002,2020-09-29,1920,13028,M021,2,5,6,5002,0,0,0,,0,MP63,"BECKWITH RD","HWY 99 (ON RAMP)",50.00,W,N,A,-,Y,,,,,,,,,,Y,4,0,1,2,A,-,03,22350,,F,C,C,A,A,H,-,C,A,0,,,,,Y,,A,01,0,0,1,0,0,0,0,0,0,"- ","- ",,,STANISLAUS,MODESTO,-121.05339050292969,37.683338165283203
81318906,2020,2020-10-07,5002,2020-10-01,1327,11697,M097,4,5,6,5002,0,0,0,,0,MP83,"THELMA LN","SWAIN DR",0.00,,Y,A,-,N,,,,,,,,,,Y,4,0,2,2,A,-,09,21803,A,N,D,C,A,A,H,-,A,D,0,,,,,Y,Y,A,01,0,0,2,0,0,0,0,0,0,"- ","- ",,,STANISLAUS,MODESTO,-120.99075317382812,37.690208435058594
81318911,2020,2020-10-07,5002,2020-10-02,1049,13286,,5,5,6,5002,0,0,0,,0,MP31,"NICKERSON DR","WHITMORE AVE",342.00,N,N,B,-,N,,,,,,,,,,N,2,0,1,2,A,-,11,21954,A,N,G,B,E,A,H,-,A,D,0,Y,,,,Y,,N,60,1,0,0,0,1,0,0,0,0,"- ","- ",,,STANISLAUS,MODESTO,-120.98558807373047,37.595840454101562
81318912,2020,2020-10-07,5002,2020-10-02,1915,13068,,5,5,6,5002,0,0,0,,0,MP41,"15TH ST","I ST",0.00,,Y,B,-,N,,,,,,,,,,N,3,0,1,2,A,-,10,21950,A,N,G,B,B,A,H,-,C,B,0,Y,,,Y,Y,,F,26,0,1,0,0,1,0,0,0,0,"- ","- ",,,STANISLAUS,MODESTO,-120.99445343017578,37.643161773681641
81323226,2020,2020-10-14,5002,2020-09-26,1153,13232,M355,6,5,6,5002,0,0,0,,0,MP33,"CARPENTER RD","MAZE BLVD",222.00,S,N,A,-,Y,,,,,,,,,,Y,4,0,1,2,A,-,08,22107,,N,B,C,A,A,H,-,A,A,0,,,,,Y,,A,07,0,0,1,0,0,0,0,0,0,"- ","- ",,,STANISLAUS,MODESTO,-121.03041839599609,37.638111114501953
81323240,2020,2020-10-14,5002,2020-10-06,0953,13344,M023,2,5,6,5002,0,0,0,,0,MP62,"SISK RD","PLAZA PARKWAY",211.00,N,N,A,-,N,,,,,,,,,,Y,3,0,2,1,A,-,03,22350,,N,E,I,A,A,H,-,A,D,0,,,,,Y,,A,01,0,1,1,0,0,0,0,0,0,"- ","- ",,,STANISLAUS,MODESTO,-121.038818359375,37.671531677246094
81323241,2020,2020-10-14,5002,2020-10-06,1411,11236,146,2,5,6,5002,0,0,0,,0,MP72,"BRIGGSMORE AVE","ROSE AVE",0.00,,Y,B,-,N,,,,,,,,,,Y,4,0,1,2,A,-,12,21453,A,N,D,C,A,A,H,-,A,A,0,,,,,Y,,A,07,0,0,1,0,0,0,0,0,0,"- ","- ",,,STANISLAUS,MODESTO,-120.96665954589844,37.667469024658203
81323255,2020,2020-10-14,5002,2020-10-09,1341,13300,RD01,5,5,6,5002,0,0,0,,0,MP62,"CARVER RD","BRIGGSMORE AVE",0.00,,Y,A,-,N,,,,,,,,,,N,4,0,1,2,A,-,09,21801,A,N,A,C,A,A,H,-,A,A,0,,,,,Y,,A,01,0,0,1,0,0,0,0,0,0,"- ","- ",,,STANISLAUS,MODESTO,-121.02214050292969,37.671489715576172
81323256,2020,2020-10-14,5002,2020-10-10,0814,13110,M419,6,5,6,5002,0,0,0,,0,MP41,"I ST","6TH ST",0.00,,Y,A,-,N,,,,,,,,,,Y,4,0,2,2,A,-,12,21453,A,N,D,C,A,A,H,-,A,A,0,,,,,Y,Y,A,01,0,0,2,0,0,0,0,0,0,"- ","- ",,,STANISLAUS,MODESTO,-121.00298309326172,37.636650085449219
8132802,2016,2016-11-28,5007,2016-09-25,1353,5505,TURLO,7,5,5,5007,0,0,0,,0,004,"NORTH WALNUT RD",BLUETHROAT,0.00,,Y,A,-,N,,,,,,,,,,Y,4,0,1,2,A,-,09,21802,A,N,-,C,A,A,H,-,A,A,0,,,,,Y,,A,01,0,0,1,0,0,0,0,0,0,"- ","- ",,,STANISLAUS,TURLOCK,-120.86716986,37.524019959999997
8132853,2016,2016-10-14,5007,2016-09-27,0824,5724,COUNT,2,5,5,5007,0,0,0,,0,002,"A ST","SOUTH BROADWAY BL",0.00,,Y,A,-,N,,,,,,,,,,N,4,0,1,2,A,-,10,21950,C,N,-,B,B,A,H,-,A,A,0,Y,,Y,,Y,,C,02,0,0,1,0,1,0,0,0,0,"- ","- ",,,STANISLAUS,TURLOCK,-120.84646999,37.49211992
81335282,2020,2020-10-30,5002,2020-08-08,0446,13157,M045,6,5,6,5002,0,0,0,,0,MP82,"BRIGGSMORE AVE","COLLEGE AVE",50.00,W,N,A,-,N,,,,,,,,,,Y,4,0,1,2,A,-,09,21804,A,N,C,C,A,A,H,-,C,A,0,,,,,Y,,A,01,0,0,1,0,0,0,0,0,0,"- ","- ",,,STANISLAUS,MODESTO,-121.00785064697266,37.670490264892578
81335291,2020,2020-10-30,5002,2020-10-22,1107,11621,M385,4,5,6,5002,0,0,0,,0,MP41,"14TH ST","K ST",0.00,,Y,A,-,Y,,,,,,,,,,Y,3,0,2,2,A,-,12,21453,A,N,D,C,A,A,H,-,A,A,0,,,Y,,Y,,D,22,0,1,1,0,0,0,0,0,1,"- ","- ",,,STANISLAUS,MODESTO,-120.99765777587891,37.64434814453125
81337468,2020,2020-11-03,5002,2020-10-24,1524,11712,134,6,5,6,5002,0,0,0,,0,MP73,"OAKDALE RD","CLARATINA AVE",0.00,,Y,A,-,N,,,,,,,,,,Y,4,0,2,2,A,-,09,21801,A,N,D,C,A,A,H,-,A,D,0,,,,,Y,,A,01,0,0,2,0,0,0,0,0,0,"- ","- ",,,STANISLAUS,MODESTO,-120.95816802978516,37.699821472167969
81338742,2020,2020-11-04,5002,2020-10-22,1708,13257,,4,5,6,5002,0,0,0,,0,MP61,"ORANGEBURG AVE","EVERGREEN AVE",0.00,,Y,A,-,N,,,,,,,,,,Y,4,0,1,2,A,-,07,21658,A,F,B,C,A,A,H,-,A,D,0,,,,,Y,,M,47,0,0,1,0,0,0,0,0,0,"- ","- ",,,STANISLAUS,MODESTO,-121.03037261962891,37.667469024658203
8134010,2016,2016-10-04,5002,2016-09-18,1237,11267,537,7,5,6,5002,0,0,0,,0,063,"SISK RD","VINTAGE DR",600.00,N,N,A,-,N,,,,,,,,,,Y,4,0,1,2,A,-,09,21804,A,N,D,C,A,A,H,-,A,A,0,,,,,Y,,A,,0,0,1,0,0,0,0,0,0,"- ","- ",,,STANISLAUS,MODESTO,-121.06375359,37.692316849999997
8134026,2016,2016-11-29,5002,2016-09-15,0752,10257,318,4,5,6,5002,0,0,0,,0,043,"ENCINA AV","WEXFORD WY",0.00,W,N,A,-,N,,,,,,,,,,N,4,0,1,2,A,-,09,21804,A,N,D,D,A,A,H,-,A,D,0,,,,,Y,,A,,0,0,1,0,0,0,0,0,0,"- ","- ",,,STANISLAUS,MODESTO,-120.94902,37.645229929999999
8134078,2016,2016-10-04,5002,2016-09-23,1433,10257,420,5,5,6,5002,0,0,0,,0,033,"H ST","6TH ST",0.00,W,N,A,-,N,,,,,,,,,,N,4,0,1,2,A,-,03,22350,,N,C,C,A,A,H,-,A,D,0,,,,,Y,,A,,0,0,1,0,0,0,0,0,0,"- ","- ",,,STANISLAUS,MODESTO,-121.00183998,37.635659920000002
81362529,2020,2020-12-10,5002,2020-10-13,1521,13095,M496,2,5,6,5002,0,0,0,,0,MP32,"ROBERTSON RD","MARSEILLE LN",200.00,E,N,A,-,N,,,,,,,,,,N,4,0,1,2,A,-,06,21750,A,F,B,C,A,A,H,-,A,D,0,,,,,Y,,-,99,0,0,1,0,0,0,0,0,0,"- ","- ",,,STANISLAUS,MODESTO,-121.01435089111328,37.613311767578125