CASE_ID,ACCIDENT_YEAR,PROC_DATE,JURIS,COLLISION_DATE,COLLISION_TIME,OFFICER_ID,REPORTING_DISTRICT,DAY_OF_WEEK,CHP_SHIFT,POPULATION,CNTY_CITY_LOC,SPECIAL_COND,BEAT_TYPE,CHP_BEAT_TYPE,CITY_DIVISION_LAPD,CHP_BEAT_CLASS,BEAT_NUMBER,PRIMARY_RD,SECONDARY_RD,DISTANCE,DIRECTION,INTERSECTION,WEATHER_1,WEATHER_2,STATE_HWY_IND,CALTRANS_COUNTY,CALTRANS_DISTRICT,STATE_ROUTE,ROUTE_SUFFIX,POSTMILE_PREFIX,POSTMILE,LOCATION_TYPE,RAMP_INTERSECTION,SIDE_OF_HWY,TOW_AWAY,COLLISION_SEVERITY,NUMBER_KILLED,NUMBER_INJURED,PARTY_COUNT,PRIMARY_COLL_FACTOR,PCF_CODE_OF_VIOL,PCF_VIOL_CATEGORY,PCF_VIOLATION,PCF_VIOL_SUBSECTION,HIT_AND_RUN,TYPE_OF_COLLISION,MVIW,PED_ACTION,ROAD_SURFACE,ROAD_COND_1,ROAD_COND_2,LIGHTING,CONTROL_DEVICE,CHP_ROAD_TYPE,PEDESTRIAN_ACCIDENT,BICYCLE_ACCIDENT,MOTORCYCLE_ACCIDENT,TRUCK_ACCIDENT,NOT_PRIVATE_PROPERTY,ALCOHOL_INVOLVED,STWD_VEHTYPE_AT_FAULT,CHP_VEHTYPE_AT_FAULT,COUNT_SEVERE_INJ,COUNT_VISIBLE_INJ,COUNT_COMPLAINT_PAIN,COUNT_PED_KILLED,COUNT_PED_INJURED,COUNT_BICYCLIST_KILLED,COUNT_BICYCLIST_INJURED,COUNT_MC_KILLED,COUNT_MC_INJURED,PRIMARY_RAMP,SECONDARY_RAMP,LATITUDE,LONGITUDE,COUNTY,CITY,POINT_X,POINT_Y
81362534,2020,2020-12-10,5002,2020-10-15,1119,11789,,4,5,6,5002,0,0,0,,0,MP62,"CARVER RD","BRIGGSMORE AVE",12.00,N,N,A,-,N,,,,,,,,,,Y,4,0,2,3,A,-,03,22350,,N,C,C,A,A,H,-,A,A,0,,,,,Y,,A,07,0,0,2,0,0,0,0,0,0,"- ","- ",,,STANISLAUS,MODESTO,-121.02214050292969,37.671524047851562
81362550,2020,2020-12-10,5002,2020-10-17,1400,13068,,6,5,6,5002,0,0,0,,0,MP41,"9TH ST","G ST",0.00,,Y,A,-,N,,,,,,,,,,N,4,0,1,2,A,-,09,21453,B,F,D,C,A,A,H,-,A,A,0,,,,,Y,,A,01,0,0,1,0,0,0,0,0,0,"- ","- ",,,STANISLAUS,MODESTO,-120.99784851074219,37.636859893798828
81362573,2020,2020-12-10,5002,2020-10-23,1833,13229,M301,5,5,6,5002,0,0,0,,0,MP71,"ORANGEBURG AVE","CHRISTIANSEN DR",22.00,W,N,A,-,N,,,,,,,,,,Y,4,0,1,2,A,-,03,22350,,N,C,C,A,A,H,-,B,D,0,,,,,Y,,J,48,0,0,1,0,0,0,0,0,0,"- ","- ",,,STANISLAUS,MODESTO,-120.9512939453125,37.663570404052734
81362583,2020,2020-12-10,5002,2020-10-26,1455,13262,,1,5,6,5002,0,0,0,,0,MP32,"CARPENTER RD","ROBERTSON RD",415.00,S,N,A,-,N,,,,,,,,,,Y,4,0,1,2,A,-,03,22350,,N,C,C,A,A,H,-,A,A,0,,,,,Y,Y,A,01,0,0,1,0,0,0,0,0,0,"- ","- ",,,STANISLAUS,MODESTO,-121.03046417236328,37.612091064453125
81362585,2020,2020-12-10,5002,2020-10-26,1827,11793,M065,1,5,6,5002,0,0,0,,0,MP82,"MC HENRY AVE","BRIGGSMORE AVE",65.00,N,N,A,-,Y,,,,,,,,,,N,4,0,1,3,A,-,03,22350,,N,C,C,A,A,H,-,A,A,0,,,,,Y,,A,01,0,0,1,0,0,0,0,0,0,"- ","- ",,,STANISLAUS,MODESTO,-120.99402618408203,37.670749664306641
81362632,2020,2020-12-10,5002,2020-11-05,1857,13126,,4,5,6,5002,0,0,0,,0,MP73,"OAKDALE RD","SYLVAN AVE",297.00,N,N,A,-,N,,,,,,,,,,Y,4,0,1,1,A,-,08,22107,,N,E,I,A,A,H,-,C,A,0,,,,,Y,,A,01,0,0,1,0,0,0,0,0,0,"- ","- ",,,STANISLAUS,MODESTO,-120.95799255371094,37.689785003662109
81362639,2020,2020-12-10,5002,2020-11-06,1029,13191,M153,5,5,6,5002,0,0,0,,0,MP73,"ROSELLE AVE","SYLVAN AVE",296.00,N,N,B,-,N,,,,,,,,,,Y,4,0,1,2,A,-,08,22103,,N,D,C,A,A,H,-,A,D,0,,,,,Y,,A,01,0,0,1,0,0,0,0,0,0,"- ","- ",,,STANISLAUS,MODESTO,,
81362649,2020,2020-12-10,5002,2020-11-07,0128,13157,M215,6,5,6,5002,0,0,0,,0,MP81,"MC HENRY AVE","ORANGEBURG AVE",0.00,,Y,A,-,Y,,,,,,,,,,Y,4,0,1,3,A,-,01,23152,A,N,D,C,A,A,H,-,C,A,0,,,,,Y,Y,A,01,0,0,1,0,0,0,0,0,0,"- ","- ",,,STANISLAUS,MODESTO,-120.99392700195312,37.663688659667969
81362651,2020,2020-12-10,5002,2020-11-06,0223,13322,M210,5,5,6,5002,0,0,0,,0,MP71,"OAKDALE RD","SCENIC DR",0.00,,Y,A,-,N,,,,,,,,,,Y,4,0,1,1,A,-,01,23152,A,N,E,I,A,A,H,-,C,A,0,,,,,Y,Y,A,01,0,0,1,0,0,0,0,0,0,"- ","- ",,,STANISLAUS,MODESTO,-120.95738983154297,37.653068542480469
81362690,2020,2020-12-10,5002,2020-11-12,1900,13068,,4,5,6,5002,0,0,0,,0,MP41,"YOSEMITE BLVD","GROVELAND ST",0.00,,Y,A,-,Y,,,,,,,,,,Y,2,0,1,1,A,-,03,22350,,N,F,A,A,A,B,-,C,D,0,,,Y,,Y,,C,02,1,0,0,0,0,0,0,0,1,"- ","- ",,,STANISLAUS,MODESTO,-120.98712921142578,37.6373291015625
81362692,2020,2020-12-10,5002,2020-11-14,0915,13286,M427,6,5,6,5002,0,0,0,,0,MP33,"TUOLUMNE BLVD","ALTURAS AVE",0.00,,Y,B,-,N,,,,,,,,,,Y,4,0,2,3,A,-,12,22450,A,N,B,E,A,A,H,-,A,A,0,,,,,Y,,A,01,0,0,2,0,0,0,0,0,0,"- ","- ",,,STANISLAUS,MODESTO,-121.01064300537109,37.627819061279297
81362696,2020,2020-12-10,5002,2020-11-15,0715,13336,,7,5,6,5002,0,0,0,,0,MP41,"9TH ST","G ST",0.00,,Y,E,-,Y,,,,,,,,,,Y,3,0,2,2,A,-,12,21453,A,N,D,C,A,A,H,-,A,A,0,,,,,Y,,D,23,0,2,0,0,0,0,0,0,0,"- ","- ",,,STANISLAUS,MODESTO,-120.99784851074219,37.636859893798828
81362699,2020,2020-12-10,5002,2020-11-15,1703,11046,,7,5,6,5002,0,0,0,,0,MP31,"HATCH RD","DALLAS ST",101.00,W,N,A,-,N,,,,,,,,,,Y,4,0,1,4,A,-,03,22350,,N,C,C,A,A,H,-,C,D,0,,,,,Y,,A,01,0,0,1,0,0,0,0,0,0,"- ","- ",,,STANISLAUS,MODESTO,-121.00183868408203,37.609130859375
81362706,2020,2020-12-10,5002,2020-11-17,0430,11675,424,2,5,6,5002,0,0,0,,0,MP41,"G ST","6TH ST",0.00,,Y,A,-,N,,,,,,,,,,Y,3,0,3,2,A,-,12,21453,A,N,D,C,A,A,H,-,C,A,0,,,,Y,Y,,A,01,0,1,2,0,0,0,0,0,0,"- ","- ",,,STANISLAUS,MODESTO,-121.00070190429688,37.634719848632812
81362709,2020,2020-12-10,5002,2020-11-17,2123,11765,,2,5,6,5002,0,0,0,,0,MP72,"BRIGGSMORE AVE","OAKDALE RD",0.00,,Y,C,-,N,,,,,,,,,,Y,4,0,1,1,A,-,08,22107,,N,E,J,A,B,H,-,C,A,0,,,,,Y,,A,01,0,0,1,0,0,0,0,0,0,"- ","- ",,,STANISLAUS,MODESTO,-120.95755767822266,37.667179107666016
81362715,2020,2020-12-10,5002,2020-11-18,1453,11531,M269,3,5,6,5002,0,0,0,,0,072,"COFFEE RD","ORANGEBURG AVE",225.00,N,N,B,-,N,,,,,,,,,,Y,4,0,1,2,A,-,09,21804,A,N,D,C,A,A,H,-,A,D,0,,,,,Y,,A,07,0,0,1,0,0,0,0,0,0,"- ","- ",,,STANISLAUS,MODESTO,-120.97568511962891,37.664169311523438
81362724,2020,2020-12-10,5002,2020-11-19,1650,13315,,4,5,6,5002,0,0,0,,0,MP71,"ORANGEBURG AVE","ROSE AVE",0.00,,Y,A,-,N,,,,,,,,,,Y,4,0,1,2,A,-,09,21802,A,N,D,C,A,A,H,-,B,A,0,,,,,Y,,A,07,0,0,1,0,0,0,0,0,0,"- ","- ",,,STANISLAUS,MODESTO,-120.96662902832031,37.663658142089844
81362744,2020,2020-12-10,5002,2020-11-24,1007,13287,RD01,2,5,6,5002,0,0,0,,0,MP61,"MERCY AVE","LAHONTAN DR",132.00,N,N,A,-,N,,,,,,,,,,Y,3,0,1,2,A,-,08,22107,,N,B,E,A,A,H,-,A,A,0,,,,,Y,,A,01,0,1,0,0,0,0,0,0,0,"- ","- ",,,STANISLAUS,MODESTO,-121.04463958740234,37.649253845214844
81362746,2020,2020-12-10,5002,2020-11-24,1338,13304,199,2,5,6,5002,0,0,0,,0,MP61,"NORTH CARPENTER RD","TORRID AV",13.00,S,Y,A,-,N,,,,,,,,,,Y,4,0,1,2,A,-,09,21802,A,N,D,C,A,A,H,-,A,A,0,,,Y,,Y,,A,01,0,0,1,0,0,0,0,0,1,"- ","- ",,,STANISLAUS,MODESTO,-121.03096008300781,37.64947509765625
81362753,2020,2020-12-10,5002,2020-11-27,0138,11854,M200,5,5,6,5002,0,0,0,,0,MP82,"GRANGER AVE","COLLEGE AVE",3.00,E,N,A,-,N,,,,,,,,,,Y,3,0,2,1,A,-,01,23152,A,N,E,I,A,A,H,-,C,A,0,,,,,Y,Y,A,01,0,2,0,0,0,0,0,0,0,"- ","- ",,,STANISLAUS,MODESTO,-121.00765228271484,37.66754150390625
81362755,2020,2020-12-10,5002,2020-11-27,0955,13032,MP61,5,5,6,5002,0,0,0,,0,MP43,"BRIGGSMORE AVE","SISK RD",120.00,W,N,A,-,N,,,,,,,,,,N,4,0,1,2,A,-,07,21658,A,N,B,C,A,A,H,-,A,A,0,,,,,Y,,D,22,0,0,1,0,0,0,0,0,0,"- ","- ",,,STANISLAUS,MODESTO,-121.03137969970703,37.667789459228516
81362759,2020,2020-12-10,5002,2020-11-28,1255,13286,M395,6,5,6,5002,0,0,0,,0,MP41,"G ST","16TH ST",0.00,,Y,-,-,N,,,,,,,,,,N,4,0,1,2,A,-,07,21658,A,N,B,C,A,A,H,-,A,D,0,,,,,Y,,A,01,0,0,1,0,0,0,0,0,0,"- ","- ",,,STANISLAUS,MODESTO,-120.99114227294922,37.641910552978516
81362763,2020,2020-12-10,5002,2020-11-29,1440,11754,M314,7,5,6,5002,0,0,0,,0,MP43,"ENCINA AVE","TRASK LN",87.00,W,N,A,-,N,,,,,,,,,,N,3,0,1,2,A,-,08,22107,,N,B,C,A,A,H,-,A,A,0,,,,,Y,,A,01,0,1,0,0,0,0,0,0,0,"- ","- ",,,STANISLAUS,MODESTO,-120.95304870605469,37.645221710205078
81362774,2020,2020-12-10,5002,2020-11-30,1824,13303,M294,1,5,6,5002,0,0,0,,0,MP71,"SCENIC DR","ROSE AVE",0.00,,Y,A,-,N,,,,,,,,,,Y,2,0,1,2,A,-,09,21801,A,N,A,D,A,A,H,-,C,A,0,,,Y,,Y,,A,01,1,0,0,0,0,0,0,0,1,"- ","- ",,,STANISLAUS,MODESTO,-120.96646881103516,37.651401519775391
81362776,2020,2020-12-10,5002,2020-12-01,0728,10043,M144,2,5,6,5002,0,0,0,,0,MP72,"PORTOLA WAY","CHAPALA WAY",45.00,N,N,A,-,N,,,,,,,,,,N,4,0,1,2,A,-,05,21202,A,N,A,G,A,A,H,-,A,A,0,,Y,,,Y,,L,04,0,0,1,0,0,0,1,0,0,"- ","- ",,,STANISLAUS,MODESTO,-120.96898651123047,37.677494049072266
81362777,2020,2020-12-10,5002,2020-12-01,0914,13304,RD359,2,5,6,5002,0,0,0,,0,MP33,"S EMERALD AVE","SANDBURG AVE",6.00,S,Y,A,-,N,,,,,,,,,,Y,4,0,2,2,A,-,09,21802,A,N,B,C,A,A,H,-,A,A,0,,,,,Y,,A,01,0,0,2,0,0,0,0,0,0,"- ","- ",,,STANISLAUS,MODESTO,-121.02101898193359,37.636402130126953
81362786,2020,2020-12-10,5002,2020-12-05,0236,13095,M148,6,5,6,5002,0,0,0,,0,MP73,"FLOYD AVE","ORCHARD PARK WAY",148.00,W,N,A,-,N,,,,,,,,,,Y,2,0,1,1,A,-,01,23152,A,N,E,I,A,A,H,-,C,A,0,,,,,Y,Y,A,01,1,0,0,0,0,0,0,0,0,"- ","- ",,,STANISLAUS,MODESTO,-120.95451354980469,37.678199768066406
81362792,2020,2020-12-10,5002,2020-12-07,1553,11754,M318,1,5,6,5002,0,0,0,,0,MP43,"RIVERSIDE DR","BELLAMY ST",0.00,,Y,A,-,N,,,,,,,,,,N,4,0,1,2,A,-,09,21801,A,N,A,C,A,A,H,-,A,A,0,,,,,Y,,A,01,0,0,1,0,0,0,0,0,0,"- ","- ",,,STANISLAUS,MODESTO,-120.94808959960938,37.642429351806641
81363972,2020,2020-12-11,5002,2020-10-22,1104,13201,M054,4,5,6,5002,0,0,0,,0,MP83,"STANDIFORD AVE","SHERWOOD AVE",600.00,W,N,A,-,N,,,,,,,,,,N,4,0,1,2,A,-,07,21658,A,N,B,C,A,A,H,-,A,D,0,,,,,Y,,A,01,0,0,1,0,0,0,0,0,0,"- ","- ",,,STANISLAUS,MODESTO,-120.99953460693359,37.689182281494141
81363974,2020,2020-12-11,5002,2020-10-25,1645,13300,RD04,7,5,6,5002,0,0,0,,0,MP73,"KODIAK DR","MARZIPAN LN",150.00,W,N,B,-,N,,,,,,,,,,N,3,0,1,2,A,-,10,21954,B,F,G,B,E,A,H,-,A,D,0,Y,,,,Y,,A,01,0,1,0,0,1,0,0,0,0,"- ","- ",,,STANISLAUS,MODESTO,-120.94178771972656,37.681613922119141
81363995,2020,2020-12-11,5002,2020-11-24,1631,13301,M149,2,5,6,5002,0,0,0,,0,MP72,"CELESTE DR","ALTHOFF WAY",0.00,,Y,A,-,N,,,,,,,,,,Y,4,0,1,2,A,-,12,22450,A,N,D,C,A,A,H,-,B,D,0,,,,,Y,,A,01,0,0,1,0,0,0,0,0,0,"- ","- ",,,STANISLAUS,MODESTO,-120.95952606201172,37.672290802001953
8136672,2016,2016-10-07,5002,2016-09-24,1209,10588,098,6,5,6,5002,0,0,0,,0,083,"DRAGOO PARK DR","SYLVAN AV",0.00,,Y,A,-,N,,,,,,,,,,N,4,0,1,3,A,-,09,21801,A,N,A,C,A,A,H,-,A,A,0,,,,,Y,,A,,0,0,1,0,0,0,0,0,0,"- ","- ",,,STANISLAUS,MODESTO,-120.98474985,37.688969960000001
8136692,2016,2016-10-07,5002,2016-09-22,1450,10152,166,4,5,6,5002,0,0,0,,0,072,"MAID MARIANE LN","MERLE AV",0.00,,Y,A,-,N,,,,,,,,,,N,3,0,1,2,A,-,09,21803,A,N,D,G,A,-,H,-,A,A,0,,Y,,,Y,,L,,0,1,0,0,0,0,1,0,0,"- ","- ",,,STANISLAUS,MODESTO,-120.93028990000001,37.67084989
8136716,2016,2016-10-07,5002,2016-09-26,2251,11531,420,1,5,6,5002,0,0,0,,0,033,"PARADISE AV","JEFFERSON AV",0.00,E,N,A,-,N,,,,,,,,,,N,3,0,3,2,A,-,01,23152,A,N,C,C,A,A,H,-,C,A,0,,,,,Y,Y,A,,0,1,2,0,0,0,0,0,0,"- ","- ",,,STANISLAUS,MODESTO,-121.00883999,37.630270000000003
81368025,2020,2020-12-16,5002,2020-12-14,0125,13157,M365,1,5,6,5002,0,0,0,,0,MP41,"N FRANKLIN ST","KANSAS AVE",100.00,N,N,C,-,N,,,,,,,,,,Y,4,0,1,1,A,-,03,22350,,N,E,I,A,B,H,-,C,D,0,,,,,Y,Y,A,07,0,0,1,0,0,0,0,0,0,"- ","- ",,,STANISLAUS,MODESTO,-121.01190948486328,37.645931243896484
81368932,2020,2020-12-17,5002,2020-12-10,1720,13068,,4,5,6,5002,0,0,0,,0,,"8TH ST","L ST",0.00,,Y,A,-,Y,,,,,,,,,,Y,4,0,1,2,A,-,09,21802,A,N,D,C,A,A,H,-,C,D,0,,,,,Y,,A,01,0,0,1,0,0,0,0,0,0,"- ","- ",,,STANISLAUS,MODESTO,-121.00447845458984,37.640979766845703
81373548,2020,2020-12-23,5002,2020-10-27,1905,13312,M134,2,5,6,5002,0,0,0,,0,MP73,"OAKDALE RD","SYLVAN AVE",351.00,N,N,A,-,N,,,,,,,,,,Y,4,0,1,2,A,-,09,21801,A,N,D,C,A,A,H,-,C,D,0,,,,,Y,,A,01,0,0,1,0,0,0,0,0,0,"- ","- ",,,STANISLAUS,MODESTO,-120.95800018310547,37.689933776855469
81374460,2020,2020-12-24,5002,2020-12-21,1306,11413,247,1,5,6,5002,0,0,0,,0,MP81,"VIRGINIA AVE","NEEDHAM ST",0.00,,Y,E,-,N,,,,,,,,,,Y,4,0,2,3,A,-,12,21453,A,F,D,C,A,A,H,-,A,A,0,,,,,Y,,A,01,0,0,2,0,0,0,0,0,0,"- ","- ",,,STANISLAUS,MODESTO,-121.00277709960938,37.645858764648438
81377525,2020,2020-12-30,5002,2020-12-20,1401,11845,M515,7,5,6,5002,0,0,0,,0,MP31,"HATCH RD","DALLAS ST",36.00,W,N,A,-,N,,,,,,,,,,N,4,0,2,2,B,-,22,,,N,C,C,A,A,H,-,A,A,0,,,,,Y,,J,48,0,0,2,0,0,0,0,0,0,"- ","- ",,,STANISLAUS,MODESTO,-121.00162506103516,37.609188079833984
81377527,2020,2020-12-30,5002,2020-12-22,1022,13344,RD180,2,5,6,5002,0,0,0,,0,MP61,"NORTH CARPENTER RD","9TH ST.",0.00,,Y,F,-,N,,,,,,,,,,Y,4,0,4,2,A,-,09,21801,A,N,A,C,A,A,H,-,A,D,0,,,,,Y,,D,22,0,0,4,0,0,0,0,0,0,"- ","- ",,,STANISLAUS,MODESTO,-121.03125,37.664440155029297
81377537,2020,2020-12-30,5002,2020-12-28,1146,11136,M419,1,5,6,5002,0,0,0,,0,MP41,"6TH ST","I ST",0.00,,Y,B,-,Y,,,,,,,,,,Y,3,0,1,2,A,-,12,21453,A,N,D,C,A,A,H,-,A,A,0,,,,,Y,,A,01,0,1,0,0,0,0,0,0,0,"- ","- ",,,STANISLAUS,MODESTO,-121.00298309326172,37.636650085449219
8138590,2016,2017-02-18,5002,2016-09-07,1944,1110,465,3,5,6,5002,0,0,0,,0,042,"RT 132","SANTA ANA AV",0.00,,Y,A,-,Y,STA,10,132,-,-,16.090,I,5,E,N,4,0,1,2,A,-,10,21950,A,F,D,B,B,A,H,-,C,D,0,Y,,,,Y,,D,,0,0,1,0,1,0,0,0,0,"- ","- ",,,STANISLAUS,MODESTO,-120.97624115000001,37.638214929999997
81387173,2021,2021-01-14,5002,2021-01-07,1609,13126,,4,5,6,5002,0,0,0,,0,MP72,"CLAUS RD","MERLE AVE",549.00,N,N,A,-,N,,,,,,,,,,N,4,0,1,2,A,-,03,22350,,N,C,C,A,A,H,-,A,D,0,,,,,Y,,A,01,0,0,1,0,0,0,0,0,0,"- ","- ",,,STANISLAUS,MODESTO,-120.92137145996094,37.672435760498047
81387178,2021,2021-01-14,5002,2021-01-08,1248,13196,,5,5,6,5002,0,0,0,,0,MP83,"RUMBLE RD","MC HENRY AVE",132.00,E,N,A,-,Y,,,,,,,,,,N,3,0,1,1,C,-,18,,,N,H,A,A,A,H,-,A,D,0,,,,,Y,,-,"- ",0,1,0,0,0,0,0,0,0,"- ","- ",,,STANISLAUS,MODESTO,-120.99417877197266,37.681781768798828
81387185,2021,2021-01-14,5002,2021-01-11,1423,10152,M595,1,5,6,5002,0,0,0,,0,MP71,"SCENIC DR","SPRINGCREEK DR",500.00,W,N,A,-,N,,,,,,,,,,Y,3,0,1,3,A,-,08,22107,,N,C,E,A,A,B,-,A,D,0,,,,,Y,,A,01,0,1,0,0,0,0,0,0,0,"- ","- ",,,STANISLAUS,MODESTO,-120.92922210693359,37.657203674316406
81387883,2021,2021-01-15,5002,2021-01-01,0256,13194,M608,5,5,6,5002,0,0,0,,0,MP43,"PENNY LN","MARY TODD LN",450.00,W,N,A,-,N,,,,,,,,,,N,3,0,1,2,A,-,11,21950,B,F,G,B,E,A,H,-,C,A,0,Y,,,,Y,Y,N,60,0,1,0,0,1,0,0,0,0,"- ","- ",,,STANISLAUS,MODESTO,-120.93661499023438,37.64544677734375
81387900,2021,2021-01-15,5002,2021-01-13,0100,13060,,3,5,6,5002,0,0,0,,0,MP71,"PEPPERMINT DR","PEPPERMINT COURT",58.00,W,N,A,-,N,,,,,,,,,,N,4,0,2,3,A,-,08,22107,,N,B,E,A,A,H,-,C,D,0,,,,,Y,,A,01,0,0,2,0,0,0,0,0,0,"- ","- ",,,STANISLAUS,MODESTO,-120.95549011230469,37.659534454345703
81391070,2020,2021-01-20,5002,2020-12-19,0950,13252,M187,6,5,6,5002,0,0,0,,0,MP61,"TULLY RD","MADRONE DR",0.00,,Y,A,-,N,,,,,,,,,,Y,4,0,1,2,A,-,09,21802,A,N,D,C,A,A,H,-,A,A,0,,,,,Y,,A,01,0,0,1,0,0,0,0,0,0,"- ","- ",,,STANISLAUS,MODESTO,-121.01222991943359,37.669139862060547
81391072,2020,2021-01-20,5002,2020-12-26,1712,11845,M516,6,5,6,5002,0,0,0,,0,MP31,"CROWS LANDING RD","BAROZZI AVE",123.00,S,N,A,-,N,,,,,,,,,,Y,4,0,1,2,A,-,08,22107,,N,B,C,A,A,H,-,C,A,0,,,,,Y,,A,01,0,0,1,0,0,0,0,0,0,"- ","- ",,,STANISLAUS,MODESTO,-120.99369049072266,37.61090087890625
81391073,2020,2021-01-20,5002,2020-12-28,1929,11845,M148,1,5,6,5002,0,0,0,,0,MP73,"FLOYD AVE","PRIDMORE AVE",0.00,,Y,A,-,N,,,,,,,,,,Y,4,0,2,2,A,-,09,21802,A,N,D,C,A,A,H,-,C,A,0,,,,,Y,,A,01,0,0,2,0,0,0,0,0,0,"- ","- ",,,STANISLAUS,MODESTO,-120.96388244628906,37.678058624267578
81391087,2021,2021-01-20,5002,2021-01-15,1247,13196,M065,5,5,6,5002,0,0,0,,0,MP82,"MC HENRY AVE","TOKAY AVE",0.00,,Y,A,-,Y,,,,,,,,,,Y,3,0,2,2,A,-,12,21453,A,N,D,D,A,A,H,-,A,A,0,,,,,Y,,A,01,0,1,1,0,0,0,0,0,0,"- ","- ",,,STANISLAUS,MODESTO,-120.99405670166016,37.6727294921875
81392421,2021,2021-01-22,5002,2021-01-06,1449,13028,M057,3,5,6,5002,0,0,0,,0,MP63,"PRESCOTT RD","SNYDER AVE",0.00,,Y,-,-,N,,,,,,,,,,Y,4,0,3,2,A,-,12,21453,A,N,A,C,A,A,H,-,A,A,0,,,,,Y,,-,"- ",0,0,3,0,0,0,0,0,0,"- ","- ",,,STANISLAUS,MODESTO,-121.03169250488281,37.696914672851562
81392432,2021,2021-01-22,5002,2021-01-18,1741,11813,,1,5,6,5002,0,0,0,,0,MP71,"EL VISTA AVE","SCENIC DR",50.00,S,N,A,-,N,,,,,,,,,,Y,3,0,1,7,A,-,01,23152,A,M,C,C,A,A,H,-,C,A,0,,,,,Y,Y,D,22,0,1,0,0,0,0,0,0,0,"- ","- ",,,STANISLAUS,MODESTO,-120.95738983154297,37.652931213378906
81392434,2021,2021-01-22,5002,2021-01-18,2019,11046,,1,5,6,5002,0,0,0,,0,MP31,"CROWS LANDING RD","IMPERIAL AVE",0.00,,Y,A,-,N,,,,,,,,,,Y,4,0,2,2,A,-,09,21804,A,N,D,C,A,A,H,-,C,D,0,,,,,Y,Y,A,01,0,0,2,0,0,0,0,0,0,"- ","- ",,,STANISLAUS,MODESTO,-120.99353790283203,37.600685119628906
81395437,2021,2021-01-28,5002,2021-01-25,1157,11248,M515,1,5,6,5002,0,0,0,,0,MP31,"DALLAS ST","HATCH RD",50.00,S,N,A,-,N,,,,,,,,,,Y,4,0,1,2,A,-,08,22107,,F,D,C,A,A,H,-,A,A,0,,,,,Y,,A,01,0,0,1,0,0,0,0,0,0,"- ","- ",,,STANISLAUS,MODESTO,-121.00145721435547,37.609088897705078
81395441,2021,2021-01-28,5002,2021-01-26,1512,11248,M429,2,5,6,5002,0,0,0,,0,MP32,"TUOLUMNE BLVD","ROSELAWN AVE",0.00,,Y,A,-,N,,,,,,,,,,Y,4,0,1,2,A,-,12,21453,A,N,D,C,A,A,H,-,A,A,0,,,,,Y,,A,01,0,0,1,0,0,0,0,0,0,"- ","- ",,,STANISLAUS,MODESTO,-121.00492858886719,37.627830505371094
81400269,2021,2021-02-02,5002,2021-01-25,2112,13060,154,1,5,6,5002,0,0,0,,0,MP71,"BRIGGSMORE AVE","OAKDALE RD",686.00,E,N,A,-,N,,,,,,,,,,Y,4,0,1,1,A,-,03,22350,,N,A,J,A,A,H,-,C,D,0,,,,,Y,,A,01,0,0,1,0,0,0,0,0,0,"- ","- ",,,STANISLAUS,MODESTO,-120.95521545410156,37.667240142822266
81401254,2021,2021-02-03,5002,2021-01-23,1614,13095,M156,6,5,6,5002,0,0,0,,0,MP73,"SYLVAN AVE","MC REYNOLDS AVE",0.00,,Y,A,-,N,,,,,,,,,,N,2,0,1,1,A,-,08,22107,,N,F,A,A,A,H,-,A,A,0,,,Y,,Y,,C,02,1,0,0,0,0,0,0,0,1,"- ","- ",,,STANISLAUS,MODESTO,-120.94438934326172,37.688949584960938
81401262,2021,2021-02-03,5002,2021-01-24,1841,11740,M005,7,5,6,5002,0,0,0,,0,MP63,"STANDIFORD AVE","CONANT AVE",9.00,E,N,C,-,N,,,,,,,,,,N,2,0,2,3,A,-,10,21950,A,N,G,B,B,B,H,-,C,A,0,Y,,,,Y,,A,01,1,0,1,0,2,0,0,0,0,"- ","- ",,,STANISLAUS,MODESTO,-121.04061889648438,37.685741424560547
81401278,2021,2021-02-03,5002,2021-01-31,2239,13194,M468,7,5,6,5002,0,0,0,,0,MP42,"LARKIN AVE","THRASHER AVE",0.00,,Y,A,-,N,,,,,,,,,,Y,4,0,1,2,A,-,09,21802,A,F,D,C,A,A,H,-,C,A,0,,,,,Y,,A,01,0,0,1,0,0,0,0,0,0,"- ","- ",,,STANISLAUS,MODESTO,-120.97034454345703,37.629196166992188
81402146,2021,2021-02-04,5002,2021-01-13,1324,13344,,3,5,6,5002,0,0,0,,0,099,"MORGAN RD","E WHITMORE AVE",0.00,,Y,A,-,N,,,,,,,,,,Y,4,0,2,2,A,-,12,21453,A,N,D,C,A,A,H,-,A,A,0,,,,,Y,,-,"- ",0,0,2,0,0,0,0,0,0,"- ","- ",,,STANISLAUS,MODESTO,-120.97525787353516,37.594825744628906
81402155,2021,2021-02-04,5002,2021-01-20,2150,13025,M224,3,5,6,5002,0,0,0,,0,MP81,"MC HENRY AVE","ROSEBURG AVE",0.00,,Y,A,-,Y,,,,,,,,,,Y,3,0,1,2,A,-,12,21453,A,N,D,C,A,A,H,-,C,A,0,,,,,Y,,A,07,0,1,0,0,0,0,0,0,0,"- ","- ",,,STANISLAUS,MODESTO,-120.99385833740234,37.660060882568359
81406476,2021,2021-02-11,5002,2021-02-07,1034,10043,M134,7,5,6,5002,0,0,0,,0,MP73,"SYLVAN AVE","CARSON OAK DR",250.00,W,N,A,-,N,,,,,,,,,,Y,3,0,1,1,C,-,18,,,N,E,I,A,A,H,-,A,A,0,,,,,Y,,-,"- ",0,1,0,0,0,0,0,0,0,"- ","- ",37.688709259033203,-120.96042633056641,STANISLAUS,MODESTO,-120.96113586425781,37.688972473144531
81406481,2021,2021-02-11,5002,2021-02-07,2001,11813,,7,5,6,5002,0,0,0,,0,,"COLLEGE AVE","GRANGER AVE",3.00,S,N,A,-,N,,,,,,,,,,N,4,0,1,2,A,-,10,21950,A,N,G,B,B,A,H,-,C,A,0,Y,,,,Y,,A,01,0,0,1,0,1,0,0,0,0,"- ","- ",37.66754150390625,-121.00755310058594,STANISLAUS,MODESTO,-121.00765991210938,37.667530059814453