CASE_ID,ACCIDENT_YEAR,PROC_DATE,JURIS,COLLISION_DATE,COLLISION_TIME,OFFICER_ID,REPORTING_DISTRICT,DAY_OF_WEEK,CHP_SHIFT,POPULATION,CNTY_CITY_LOC,SPECIAL_COND,BEAT_TYPE,CHP_BEAT_TYPE,CITY_DIVISION_LAPD,CHP_BEAT_CLASS,BEAT_NUMBER,PRIMARY_RD,SECONDARY_RD,DISTANCE,DIRECTION,INTERSECTION,WEATHER_1,WEATHER_2,STATE_HWY_IND,CALTRANS_COUNTY,CALTRANS_DISTRICT,STATE_ROUTE,ROUTE_SUFFIX,POSTMILE_PREFIX,POSTMILE,LOCATION_TYPE,RAMP_INTERSECTION,SIDE_OF_HWY,TOW_AWAY,COLLISION_SEVERITY,NUMBER_KILLED,NUMBER_INJURED,PARTY_COUNT,PRIMARY_COLL_FACTOR,PCF_CODE_OF_VIOL,PCF_VIOL_CATEGORY,PCF_VIOLATION,PCF_VIOL_SUBSECTION,HIT_AND_RUN,TYPE_OF_COLLISION,MVIW,PED_ACTION,ROAD_SURFACE,ROAD_COND_1,ROAD_COND_2,LIGHTING,CONTROL_DEVICE,CHP_ROAD_TYPE,PEDESTRIAN_ACCIDENT,BICYCLE_ACCIDENT,MOTORCYCLE_ACCIDENT,TRUCK_ACCIDENT,NOT_PRIVATE_PROPERTY,ALCOHOL_INVOLVED,STWD_VEHTYPE_AT_FAULT,CHP_VEHTYPE_AT_FAULT,COUNT_SEVERE_INJ,COUNT_VISIBLE_INJ,COUNT_COMPLAINT_PAIN,COUNT_PED_KILLED,COUNT_PED_INJURED,COUNT_BICYCLIST_KILLED,COUNT_BICYCLIST_INJURED,COUNT_MC_KILLED,COUNT_MC_INJURED,PRIMARY_RAMP,SECONDARY_RAMP,LATITUDE,LONGITUDE,COUNTY,CITY,POINT_X,POINT_Y
81618044,2021,2021-11-08,5002,2021-10-20,1143,13300,RD01,3,5,6,5002,0,0,0,,0,MP32,"G ST","5TH ST",0.00,,Y,A,-,N,,,,,,,,,,Y,4,0,1,2,A,-,09,21801,A,N,D,C,A,A,H,-,A,D,0,,,,,Y,,A,07,0,0,1,0,0,0,0,0,0,"- ","- ",37.634029388427734,-121.00160980224609,STANISLAUS,MODESTO,-121.03657531738281,37.665504455566406
81618047,2021,2021-11-08,5002,2021-10-20,1446,13342,M097,3,5,6,5002,0,0,0,,0,MP83,"SR108 (MCHENRY AVE)","UNION AVE",271.00,N,N,A,-,Y,,,108,,,,,,,Y,4,0,2,2,A,-,09,21801,A,N,D,C,A,A,H,-,A,D,0,,,,,Y,,A,01,0,0,2,0,0,0,0,0,0,"- ","- ",37.693168640136719,-120.99440765380859,STANISLAUS,MODESTO,-120.99437713623047,37.693172454833984
81618052,2021,2021-11-08,5002,2021-10-21,1528,13375,M199,4,5,6,5002,0,0,0,,0,MP83,"TULLY RD","RUMBLE RD",30.00,S,N,B,-,N,,,,,,,,,,N,4,0,1,2,A,-,03,22350,,N,C,C,A,A,H,-,A,A,0,,,,,Y,,I,11,0,0,1,0,0,0,0,0,0,"- ","- ",37.682098388671875,-121.01239013671875,STANISLAUS,MODESTO,-121.01239013671875,37.681987762451172
81618074,2021,2021-11-08,5002,2021-10-29,1716,13132,M378,5,5,6,5002,0,0,0,,0,MP33,"CALIFORNIA AVE","MADISON ST",0.00,,Y,A,-,N,,,,,,,,,,Y,3,0,1,2,A,-,09,21802,A,N,D,C,A,A,H,-,A,A,0,,,,,Y,,A,07,0,1,0,0,0,0,0,0,0,"- ","- ",37.63140869140625,-121.01039123535156,STANISLAUS,MODESTO,-121.01036834716797,37.631431579589844
81618078,2021,2021-11-08,5002,2021-10-30,0850,13138,M024,6,5,6,5002,0,0,0,,0,MP62,"EICHER AVE","AULSTON AVE",183.00,E,N,A,-,N,,,,,,,,,,Y,4,0,1,3,A,-,08,22107,,N,C,C,A,A,H,-,A,D,0,,,,,Y,,A,01,0,0,1,0,0,0,0,0,0,"- ","- ",37.675529479980469,-121.03437805175781,STANISLAUS,MODESTO,-121.03363037109375,37.675502777099609
81618095,2021,2021-11-08,5002,2021-11-02,1405,11531,,2,5,6,5002,0,0,0,,0,MP73,"SYLVAN AVE","LITT RD",0.00,,Y,A,-,N,,,,,,,,,,N,4,0,1,2,A,-,09,21803,A,N,D,C,A,A,H,-,A,A,0,,,,,Y,,A,01,0,0,1,0,0,0,0,0,0,"- ","- ",,,STANISLAUS,MODESTO,-120.93080902099609,37.688972473144531
81618101,2021,2021-11-08,5002,2021-11-03,1553,11793,M080,3,5,6,5002,0,0,0,,0,MP63,"STANDIFORD AVE","CHANCELLOR AVE",200.00,W,N,A,-,N,,,,,,,,,,Y,4,0,1,2,A,-,09,21804,A,N,D,C,A,A,H,-,A,D,0,,,,,Y,,A,01,0,0,1,0,0,0,0,0,0,"- ","- ",37.689411163330078,-121.01474761962891,STANISLAUS,MODESTO,-121.01551055908203,37.689388275146484
81623874,2021,2021-11-15,5002,2021-11-01,1133,11136,M325,1,5,6,5002,0,0,0,,0,MP71,"LAKEWOOD AVE","LARAMIE DR",0.00,,Y,B,-,N,,,,,,,,,,Y,4,0,2,2,A,-,09,21802,A,N,D,C,A,A,H,-,A,A,0,,,,,Y,,A,01,0,0,2,0,0,0,0,0,0,"- ","- ",,,STANISLAUS,MODESTO,-120.93928527832031,37.66033935546875
81623879,2021,2021-11-15,5002,2021-11-03,1324,13401,MP906,3,5,6,5002,0,0,0,,0,MP71,"COFFEE RD","BRIGHTON AVE",380.00,S,N,A,-,N,,,,,,,,,,Y,4,0,2,2,A,-,03,22350,,N,C,C,A,A,H,-,A,D,0,,,,,Y,,D,22,0,0,2,0,0,0,0,0,0,"- ","- ",37.661090850830078,-120.97602844238281,STANISLAUS,MODESTO,-120.97563934326172,37.660224914550781
81631238,2021,2021-11-22,5002,2021-11-08,2243,11740,M114,1,5,6,5002,0,0,0,,0,MP72,"ROSE AVE","FLOYD AVE",14.00,S,N,A,C,N,,,,,,,,,,N,4,0,1,2,A,-,10,21950,A,N,G,B,B,B,H,-,C,A,0,Y,,,,Y,,A,01,0,0,1,0,1,0,0,0,0,"- ","- ",,,STANISLAUS,MODESTO,-120.96683502197266,37.678020477294922
81631244,2021,2021-11-22,5002,2021-11-17,1625,11531,,3,5,6,5002,0,0,0,,0,MP81,"SCENIC DR","BODEM ST",0.00,,Y,A,-,N,,,,,,,,,,N,4,0,1,2,A,-,12,21453,A,N,D,C,A,A,H,-,B,A,0,,,,,Y,,A,07,0,0,1,0,0,0,0,0,0,"- ","- ",37.646671295166016,-120.98580932617188,STANISLAUS,MODESTO,-120.98533630371094,37.646820068359375
81635785,2021,2021-11-29,5002,2021-11-10,0930,13110,M021,3,5,6,5002,0,0,0,,0,MP63,"STANDIFORD AVE","CONANT AVE",170.00,W,N,A,-,N,,,,,,,,,,Y,3,0,1,1,C,-,18,,,N,E,I,A,A,H,-,A,A,0,,,,,Y,,-,"- ",0,1,0,0,0,0,0,0,0,"- ","- ",37.685920715332031,-121.04067230224609,STANISLAUS,MODESTO,-121.04123687744141,37.685707092285156
81642822,2021,2021-12-06,5002,2021-11-11,1342,11793,M537,4,5,6,5002,0,0,0,,0,MP63,"SISK RD","TARGET CENTER",0.00,,Y,A,-,N,,,,,,,,,,Y,4,0,1,2,A,-,09,21801,A,F,D,C,A,A,H,-,A,A,0,,,,,Y,,A,01,0,0,1,0,0,0,0,0,0,"- ","- ",37.694091796875,-121.06566619873047,STANISLAUS,MODESTO,-121.06542205810547,37.693889617919922
81642826,2021,2021-12-06,5002,2021-11-12,2122,13287,RD04,5,5,6,5002,0,0,0,,0,MP61,"CARPENTER RD","CARPENTER LN",5.00,N,N,E,-,N,,,,,,,,,,Y,4,0,1,1,A,-,08,22107,,N,E,I,A,A,H,-,C,D,0,,,,,Y,,A,01,0,0,1,0,0,0,0,0,0,"- ","- ",37.650398254394531,-121.03096008300781,STANISLAUS,MODESTO,-121.03101348876953,37.650413513183594
81642842,2021,2021-12-06,5002,2021-11-20,1730,13343,,6,5,6,5002,0,0,0,,0,MP71,"OAKDALE RD","WYLIE DR",92.00,S,N,A,-,N,,,,,,,,,,N,4,0,1,2,A,-,06,21760,C,F,D,G,A,A,H,-,C,D,0,,Y,,Y,Y,,F,26,0,0,1,0,0,0,1,0,0,"- ","- ",37.6580810546875,-120.95745849609375,STANISLAUS,MODESTO,-120.95751190185547,37.657867431640625
81642853,2021,2021-12-06,5002,2021-11-28,0025,10467,477,7,5,6,5002,0,0,0,,0,MP42,"MITCHELL RD","FINCH RD",38.00,N,N,A,-,N,,,,,,,,,,Y,3,0,1,4,A,-,01,23152,A,N,C,C,A,A,H,-,C,A,0,,,,,Y,Y,A,01,0,1,0,0,0,0,0,0,0,"- ","- ",,,STANISLAUS,MODESTO,-120.94414520263672,37.623462677001953
81642859,2021,2021-12-06,5002,2021-12-03,1415,11531,,5,5,6,5002,0,0,0,,0,MP71,"COFFEE RD","MORRIS AVE",0.00,,Y,A,-,N,,,,,,,,,,Y,4,0,2,2,A,-,09,21802,A,N,A,C,A,A,H,-,A,A,0,,,,,Y,,A,07,0,0,2,0,0,0,0,0,0,"- ","- ",37.650890350341797,-120.97556304931641,STANISLAUS,MODESTO,-120.97556304931641,37.650871276855469
81643247,2021,2021-12-06,5006,2021-11-18,0814,S02582,RIVER,4,5,3,5006,0,0,0,,0,,"GLOW RD","ROSELLE AVE",2.00,W,N,E,-,N,,,,,,,,,,N,4,0,1,2,A,-,21,22106,,N,C,C,A,A,H,-,A,A,0,,,,,Y,,A,07,0,0,1,0,0,0,0,0,0,"- ","- ",37.714710235595703,-120.94011688232422,STANISLAUS,RIVERBANK,-120.94013977050781,37.714561462402344
81646798,2021,2021-12-08,5001,2021-11-18,1831,895,,4,5,4,5001,0,0,0,,0,003,"MITCHELL RD","ROSEWOOD AVE",630.00,S,N,A,-,N,,,,,,,,,,N,4,0,2,2,A,-,12,21453,A,N,D,C,A,A,H,-,C,A,0,,,,,Y,,A,01,0,0,2,0,0,0,0,0,0,"- ","- ",,,STANISLAUS,CERES,-120.93872833251953,37.604259490966797
81648504,2021,2021-12-10,5001,2021-12-01,1309,747,,3,5,4,5001,0,0,0,,0,005,"MITCHELL RD","ROEDING RD",0.00,,Y,A,-,N,,,,,,,,,,Y,4,0,4,2,A,-,12,21453,A,N,D,C,A,A,H,-,A,A,0,,,,,Y,,A,01,0,0,4,0,0,0,0,0,0,"- ","- ",,,STANISLAUS,CERES,-120.93875885009766,37.587474822998047
81649633,2021,2021-12-13,5002,2021-11-11,1437,13213,,4,5,6,5002,0,0,0,,0,,"SISK RD","RUMBLE RD",300.00,N,N,A,-,N,,,,,,,,,,N,4,0,1,2,A,-,07,21658,A,N,D,G,A,A,H,-,A,D,0,,Y,,,Y,,L,04,0,0,1,0,0,0,1,0,0,"- ","- ",37.682239532470703,-121.04985046386719,STANISLAUS,MODESTO,-121.04981231689453,37.6829833984375
81649644,2021,2021-12-13,5002,2021-12-02,1757,11144,,4,5,6,5002,0,0,0,,0,MP73,"SYLVAN AVE","KINGSWOOD DR",200.00,W,N,A,-,N,,,,,,,,,,N,4,0,1,2,A,-,03,22350,,F,C,C,A,A,H,-,C,A,0,,,,,Y,,-,99,0,0,1,0,0,0,0,0,0,"- ","- ",37.688880920410156,-120.97406005859375,STANISLAUS,MODESTO,-120.97477722167969,37.688888549804688
8165286,2016,2016-12-22,5002,2016-10-28,1903,11773,M156,5,5,6,5002,0,0,0,,0,073,"OAKDALE RD","BRIDEWOOD WY",400.00,N,N,B,-,N,,,,,,,,,,Y,4,0,1,3,A,-,03,22350,,N,C,C,A,D,H,-,C,D,0,,,,,Y,,A,,0,0,1,0,0,0,0,0,0,"- ","- ",,,STANISLAUS,MODESTO,-120.95805283,37.693068420000003
8165290,2016,2016-11-10,5002,2016-10-28,1244,11267,180,5,5,6,5002,0,0,0,,0,061,"WEST ORANGEBURG AV",EVERGREEN,1800.00,S,N,B,C,N,,,,,,,,,,Y,4,0,2,3,A,-,03,22350,,N,G,B,F,B,H,-,A,D,0,Y,,,,Y,,A,,0,0,2,0,2,0,0,0,0,"- ","- ",,,STANISLAUS,MODESTO,-121.02634891,37.664161780000001
8165325,2016,2016-11-10,5002,2016-10-19,1230,11790,M265,3,5,6,5002,0,0,0,,0,082,"SUNRISE AV","COOLIDGE AV",250.00,N,N,A,-,N,,,,,,,,,,Y,4,0,1,2,A,-,08,22103,,N,D,C,A,A,H,-,A,D,0,,,,,Y,,A,,0,0,1,0,0,0,0,0,0,"- ","- ",,,STANISLAUS,MODESTO,-120.98483767,37.666116529999996
8165330,2016,2016-11-10,5002,2016-10-31,1440,11813,M150,1,5,6,5002,0,0,0,,0,073,"OAKDALE RD","FLOYD AV",260.00,N,N,A,-,N,,,,,,,,,,Y,3,0,1,3,A,-,09,21801,A,N,A,C,A,A,H,-,A,D,0,,,,,Y,,A,,0,1,0,0,0,0,0,0,0,"- ","- ",,,STANISLAUS,MODESTO,-120.95778256,37.678793730000002
8165463,2016,2017-05-08,5002,2016-11-05,0541,11812,,6,5,6,5002,0,0,0,,0,041,"RT 132","G ST",0.00,,Y,A,-,Y,STA,10,132,-,L,15.440,I,5,E,Y,4,0,1,2,A,-,12,21453,A,N,D,C,A,A,H,-,C,A,0,,,,,Y,,-,"- ",0,0,1,0,0,0,0,0,0,"- ","- ",,,STANISLAUS,MODESTO,-120.9981781,37.637211399999998
8165480,2016,2016-11-14,5002,2016-11-03,1315,11621,260,4,5,6,5002,0,0,0,,0,081,"JOHNSON ST","MODESTO AV",0.00,,Y,A,-,N,,,,,,,,,,N,4,0,1,2,A,-,09,21802,A,F,D,C,A,A,H,-,A,A,0,,,,,Y,,A,,0,0,1,0,0,0,0,0,0,"- ","- ",,,STANISLAUS,MODESTO,-120.99149989,37.649639950000001
8165496,2016,2016-12-22,5002,2016-11-05,0317,11857,M419,6,5,6,5002,0,0,0,,0,041,"6TH ST","K ST",0.00,,Y,A,-,N,,,,,,,,,,Y,4,0,1,2,A,-,09,21802,A,N,D,C,A,A,H,-,A,A,0,,,,,Y,,E,,0,0,1,0,0,0,0,0,0,"- ","- ",,,STANISLAUS,MODESTO,-121.00525996,37.638599890000002
8165508,2016,2016-11-14,5002,2016-11-03,1816,11765,359,4,5,6,5002,0,0,0,,0,033,"CARPENTER RD","CALIFORNIA AV",0.00,,Y,A,-,N,,,,,,,,,,N,4,0,1,2,A,-,00,24400,B,N,D,E,A,A,H,-,C,D,0,,,,,Y,,-,,0,0,1,0,0,0,0,0,0,"- ","- ",,,STANISLAUS,MODESTO,-121.03054992,37.631399960000003
81655684,2021,2021-12-20,5002,2021-11-12,1548,11531,,5,5,6,5002,0,0,0,,0,MP43,"SR-132 (YOSEMITE BL)","CREEKWOOD DR",137.00,E,N,A,-,Y,,,,,,,,,,Y,3,0,1,1,A,-,08,22107,,N,E,I,A,A,H,-,A,D,0,,,,,Y,,A,01,0,1,0,0,0,0,0,0,0,"- ","- ",,,STANISLAUS,MODESTO,-120.92609405517578,37.638256072998047
81655686,2021,2021-12-20,5002,2021-12-10,1005,10152,271,5,5,6,5002,0,0,0,,0,MP81,"COFFEE RD","MORRIS AVE",0.00,,Y,B,-,N,,,,,,,,,,Y,3,0,2,2,A,-,09,21802,A,N,D,C,A,A,H,-,A,A,0,,,,,Y,,A,01,0,1,1,0,0,0,0,0,0,"- ","- ",37.650890350341797,-120.97556304931641,STANISLAUS,MODESTO,-120.97556304931641,37.650871276855469
81660845,2021,2021-12-24,5002,2021-09-22,1956,11862,,3,5,6,5002,0,0,0,,0,MP62,"BRIGGSMORE AVE","SISK RD",0.00,,Y,A,-,N,,,,,,,,,,N,4,0,1,2,A,-,12,21453,A,N,D,C,A,A,H,-,C,A,0,,,Y,,Y,,A,01,0,0,1,0,0,0,0,0,1,"- ","- ",37.667758941650391,-121.03138732910156,STANISLAUS,MODESTO,-121.03137969970703,37.667789459228516
81660846,2021,2021-12-24,5002,2021-11-19,1149,11564,M355,5,5,6,5002,0,0,0,,0,MP33,"EMERALD AVE","SR-132 (MAZE BLVD)",150.00,N,N,A,-,Y,,,,,,,,,,Y,3,0,2,3,A,-,03,22350,,N,C,C,A,A,H,-,A,A,0,,,,,Y,Y,A,07,0,1,1,0,0,0,0,0,0,"- ","- ",37.638648986816406,-121.02104949951172,STANISLAUS,MODESTO,-121.02107238769531,37.638660430908203
81660853,2021,2021-12-24,5002,2021-12-16,1848,13132,M609,4,5,6,5002,0,0,0,,0,MP43,"YOSEMITE BLVD","CREEKWOOD DR",19.00,W,N,A,-,Y,,,,,,,,,,Y,4,0,1,1,A,-,08,22107,,N,E,I,A,A,H,-,C,A,0,,,,,Y,,A,01,0,0,1,0,0,0,0,0,0,"- ","- ",37.638301849365234,-120.92671966552734,STANISLAUS,MODESTO,-120.9266357421875,37.638248443603516
81662920,2021,2021-12-28,5001,2021-12-11,1950,755,,6,5,4,5001,0,0,0,,0,001,"5TH ST","THOMAS AVE",198.00,N,N,A,-,N,,,,,,,,,,Y,4,0,1,3,A,-,03,22350,,M,B,C,A,A,H,-,C,D,0,,,,,Y,,A,01,0,0,1,0,0,0,0,0,0,"- ","- ",,,STANISLAUS,CERES,-120.9522705078125,37.599464416503906
81667030,2021,2021-12-31,5002,2021-08-09,1412,10152,101,1,5,6,5002,0,0,0,,0,MP73,"OAKDALE RD","LA FORCE DR",0.00,,Y,A,-,N,,,,,,,,,,Y,3,0,3,3,A,-,03,22350,,N,C,C,A,A,H,-,A,D,0,,,,,Y,,A,01,0,1,2,0,0,0,0,0,0,"- ","- ",37.683509826660156,-120.95791625976562,STANISLAUS,MODESTO,-120.95790863037109,37.683513641357422
81667042,2021,2021-12-31,5002,2021-12-18,0220,13095,,6,5,6,5002,0,0,0,,0,,"10TH ST","I ST",0.00,,Y,A,-,N,,,,,,,,,,Y,4,0,1,1,A,-,01,23152,A,N,E,I,A,A,H,-,C,A,0,,,,,Y,Y,A,01,0,0,1,0,0,0,0,0,0,"- ","- ",37.639450073242188,-120.99968719482422,STANISLAUS,MODESTO,-120.99916839599609,37.639511108398438
81668288,2021,2022-01-03,5002,2021-10-24,0437,13116,M314,7,5,6,5002,0,0,0,,0,MP43,"EL VISTA AVE","ENCINA AVE",0.00,,Y,C,-,N,,,,,,,,,,Y,4,0,1,3,A,-,12,21453,A,F,D,C,A,B,H,-,C,A,0,,,,,Y,,-,"- ",0,0,1,0,0,0,0,0,0,"- ","- ",37.645229339599609,-120.95735168457031,STANISLAUS,MODESTO,-120.95726013183594,37.645236968994141
8167164,2018,2018-06-06,5002,2018-02-12,0200,704,S8,1,5,6,5002,0,0,0,,0,001,"EAST HATCH RD","CENTRAL AV",216.00,W,N,A,-,N,,,,,,,,,,Y,1,2,0,2,A,-,01,23152,A,N,A,C,A,A,H,-,C,A,0,,,,,Y,Y,A,01,0,0,0,0,0,0,0,0,0,"- ","- ",37.609790802001953,-120.95790100097656,STANISLAUS,MODESTO,-120.95783233642578,37.609233856201172
8167182,2018,2018-06-12,5002,2018-02-22,0029,11023,M097,4,5,6,5002,0,0,0,,0,083,"SYLVAN AV","RT 108",243.00,E,N,A,-,Y,STA,10,108,-,-,26.060,I,6,E,Y,1,2,1,8,A,-,01,23152,A,N,E,J,A,A,H,-,C,D,0,,,,,Y,Y,D,22,0,1,0,0,0,0,0,0,0,"- ","- ",37.689060211181641,-120.99143218994141,STANISLAUS,MODESTO,-120.99439239501953,37.688915252685547
8167258,2018,2018-08-15,5002,2018-07-09,0102,11621,515,1,5,6,5002,0,0,0,,0,031,"DALLAS ST","WEST HATCH RD",64.00,S,N,A,-,N,,,,,,,,,,Y,1,1,0,1,A,-,01,23152,F,N,E,I,A,A,H,-,C,D,0,,,Y,,Y,,C,02,0,0,0,0,0,0,0,1,0,"- ","- ",,,STANISLAUS,MODESTO,-121.00144195556641,37.609050750732422
81674260,2021,2022-01-10,5002,2021-07-04,2254,11267,M398,7,5,6,5002,0,0,0,,0,MP41,"BURNEY ST","KELLEY ST",75.00,N,N,A,-,N,,,,,,,,,,N,1,1,0,2,A,-,01,23152,A,F,G,B,E,A,H,-,C,D,0,Y,,,,Y,Y,A,01,0,0,0,1,0,0,0,0,0,"- ","- ",37.639610290527344,-120.98892211914062,STANISLAUS,MODESTO,-120.98896026611328,37.639877319335938
81674296,2022,2022-01-10,5002,2022-01-03,0703,13342,M419,1,5,6,5002,0,0,0,,0,MP41,"I ST","6TH ST",175.00,E,N,A,-,N,,,,,,,,,,Y,4,0,1,2,A,-,01,23152,A,N,A,C,A,A,H,-,A,D,0,,,,,Y,Y,A,01,0,0,1,0,0,0,0,0,0,"- ","- ",37.636608123779297,-121.00348663330078,STANISLAUS,MODESTO,-121.00254821777344,37.636985778808594
81674298,2022,2022-01-10,5002,2022-01-06,2338,11765,,4,5,6,5002,0,0,0,,0,MP33,"PARADISE AVE","JEFFERSON ST",60.00,E,N,A,-,N,,,,,,,,,,Y,3,0,1,1,A,-,01,23152,A,N,E,I,A,A,H,-,C,D,0,,,,,Y,Y,A,01,0,1,0,0,0,0,0,0,0,"- ","- ",37.630191802978516,-121.00890350341797,STANISLAUS,MODESTO,-121.00869750976562,37.630393981933594
8167690,2019,2020-01-03,5004,2019-09-08,1336,318,CO,7,5,3,5004,0,0,0,,0,,"RT 120","N STERNS RD",0.00,,Y,A,-,Y,STA,10,120,-,-,6.890,H,-,E,N,3,0,2,2,A,-,08,22107,,N,A,C,A,A,H,-,A,D,0,,,,,Y,,A,01,0,1,1,0,0,0,0,0,0,"- ","- ",36.77825927734375,-119.41793060302734,STANISLAUS,OAKDALE,-120.81735992431641,37.776039123535156
81677929,2022,2022-01-14,5001,2022-01-10,0752,861,,1,5,4,5001,0,0,0,,0,004,"SERVICE RD","BLAKER RD",1008.00,W,N,A,-,N,,,,,,,,,,Y,3,0,3,3,A,-,03,22350,,N,C,C,A,A,H,-,A,D,0,,,,,Y,,D,22,0,1,2,0,0,0,0,0,0,"- ","- ",,,STANISLAUS,CERES,-120.96955871582031,37.580341339111328
81679001,2020,2022-01-17,5002,2020-03-04,1547,11267,,3,5,6,5002,0,0,0,,0,MP41,"6TH ST (SR-99)","H ST",0.00,,Y,A,-,Y,,,,,,,,,,Y,1,1,0,2,A,-,01,23152,F,N,D,C,A,A,H,-,A,A,0,,,Y,Y,Y,,G,27,0,0,0,0,0,0,0,1,0,"- ","- ",,,STANISLAUS,MODESTO,-121.00183868408203,37.635658264160156
81679038,2022,2022-01-17,5002,2022-01-11,1853,11856,M117,2,5,6,5002,0,0,0,,0,MP81,"SUNRISE AVE","ORANGEBURG AVE",280.00,S,N,A,-,N,,,,,,,,,,N,2,0,1,2,A,-,09,21801,A,N,D,C,A,A,H,-,D,D,0,,,Y,,Y,,D,82,1,0,0,0,0,0,0,0,1,"- ","- ",37.663631439208984,-120.96669769287109,STANISLAUS,MODESTO,-120.98480224609375,37.662849426269531
81683297,2022,2022-01-24,5002,2022-01-16,0034,11862,,7,5,6,5002,0,0,0,,0,MP62,"BRIGGSMORE AVE","CARVER RD",0.00,,Y,A,-,N,,,,,,,,,,Y,2,0,2,2,A,-,01,23152,B,N,D,C,A,A,H,-,C,A,0,,,,,Y,Y,A,01,2,0,0,0,0,0,0,0,0,"- ","- ",37.670978546142578,-121.02211761474609,STANISLAUS,MODESTO,-121.02214050292969,37.671028137207031
81684285,2021,2022-01-25,5002,2021-12-04,0128,13363,RD01,6,5,6,5002,0,0,0,,0,MP81,"MORRIS AVE","PARK AVE",121.00,W,N,-,-,N,,,,,,,,,,N,3,0,1,2,A,-,03,22350,,F,C,G,A,A,H,-,C,D,0,,Y,,,Y,,-,99,0,1,0,0,0,0,1,0,0,"- ","- ",37.651088714599609,-120.99826049804688,STANISLAUS,MODESTO,-120.998779296875,37.651058197021484
81684313,2022,2022-01-25,5002,2022-01-05,0949,13364,M205,3,5,6,5002,0,0,0,,0,MP82,"GRANGER AVE","CALLE DE FLORES",51.00,W,N,A,-,N,,,,,,,,,,N,3,0,1,2,A,-,06,21760,C,N,B,G,A,A,H,-,A,D,0,,Y,,,Y,,-,"- ",0,1,0,0,0,0,1,0,0,"- ","- ",37.667510986328125,-121.00263977050781,STANISLAUS,MODESTO,-121.00278472900391,37.66748046875
81684318,2022,2022-01-25,5002,2022-01-09,1158,11144,,7,5,6,5002,0,0,0,,0,MP73,"ROSELLE AVE","SYLVAN AVE",0.00,,Y,A,-,N,,,,,,,,,,Y,4,0,1,2,A,-,08,22100,B,N,B,C,A,A,H,-,A,A,0,,,,,Y,,A,01,0,0,1,0,0,0,0,0,0,"- ","- ",37.6885986328125,-120.93997955322266,STANISLAUS,MODESTO,-120.93968963623047,37.689132690429688
81684325,2022,2022-01-25,5002,2022-01-20,1905,13196,M280,4,5,6,5002,0,0,0,,0,MP71,"BRIGGSMORE AVE","ROSE AVE",0.00,,Y,A,-,N,,,,,,,,,,Y,4,0,2,2,A,-,12,21453,A,N,D,C,A,A,H,-,C,A,0,,,,,Y,,A,01,0,0,2,0,0,0,0,0,0,"- ","- ",37.666698455810547,-120.96697998046875,STANISLAUS,MODESTO,-120.96665954589844,37.666915893554688
81685226,2021,2022-01-26,5002,2021-11-30,0013,13095,,2,5,6,5002,0,0,0,,0,MP33,"CARPENTER RD","CHICAGO AVE",0.00,,Y,A,-,Y,,,,,,,,,,Y,4,0,2,2,A,-,09,21802,A,N,D,C,A,A,H,-,C,A,0,,,,,Y,,A,01,0,0,2,0,0,0,0,0,0,"- ","- ",37.624320983886719,-121.03048706054688,STANISLAUS,MODESTO,-121.03044128417969,37.62432861328125
81685242,2021,2022-01-26,5002,2021-12-08,1311,13015,M415,3,5,6,5002,0,0,0,,0,MP41,"9TH ST","I ST",60.00,N,N,A,-,Y,,,132,,,,,,,N,4,0,1,3,A,-,03,22350,,N,C,C,A,A,H,-,A,D,0,,,,,Y,,A,07,0,0,1,0,0,0,0,0,0,"- ","- ",37.638721466064453,-121.00064849853516,STANISLAUS,MODESTO,-121.00038146972656,37.639041900634766
81685244,2021,2022-01-26,5002,2021-12-09,1608,13204,M385,4,5,6,5002,0,0,0,,0,MP41,"K ST","14TH ST",0.00,,Y,A,-,N,,,,,,,,,,Y,4,0,2,2,A,-,12,21453,A,N,D,C,A,A,H,-,A,A,0,,,,,Y,,A,01,0,0,2,0,0,0,0,0,0,"- ","- ",37.644371032714844,-120.99762725830078,STANISLAUS,MODESTO,-120.99765777587891,37.644355773925781
8168759,2016,2016-11-28,5007,2016-10-28,0743,5505,TURLO,5,5,5,5007,0,0,0,,0,004,"NORTH TULLY RD","NOBLE LN",161.00,N,N,C,-,N,,,,,,,,,,N,4,0,1,2,A,-,21,22106,,N,C,C,A,B,H,-,A,D,0,,,,,Y,,-,,0,0,1,0,0,0,0,0,0,"- ","- ",,,STANISLAUS,TURLOCK,-120.87178,37.511692050000001
81688017,2022,2022-01-28,5006,2022-01-04,1155,S02582,,2,5,3,5006,0,0,0,,0,,"ATCHISON ST","5TH ST (RIVERBANK)",33.00,E,N,A,-,Y,,,,,,,,,,Y,4,0,2,2,A,-,04,21703,,N,C,C,A,A,H,-,A,A,0,,,,,Y,,A,07,0,0,2,0,0,0,0,0,0,"- ","- ",37.736228942871094,-120.9310302734375,STANISLAUS,RIVERBANK,-120.93236541748047,37.737960815429688
81689082,2021,2022-01-31,5002,2021-12-10,1647,13286,M215,5,5,6,5002,0,0,0,,0,MP82,"SR 108 (MC HENRY AVE)","COOLIDGE AVE",0.00,,Y,A,-,Y,,,108,,,,,,,N,3,0,1,2,A,-,09,21801,A,N,B,C,A,A,H,-,A,D,0,,,Y,,Y,,A,07,0,1,0,0,0,0,0,0,1,"- ","- ",37.665370941162109,-120.99430847167969,STANISLAUS,MODESTO,-120.99405670166016,37.665374755859375