CASE_ID,ACCIDENT_YEAR,PROC_DATE,JURIS,COLLISION_DATE,COLLISION_TIME,OFFICER_ID,REPORTING_DISTRICT,DAY_OF_WEEK,CHP_SHIFT,POPULATION,CNTY_CITY_LOC,SPECIAL_COND,BEAT_TYPE,CHP_BEAT_TYPE,CITY_DIVISION_LAPD,CHP_BEAT_CLASS,BEAT_NUMBER,PRIMARY_RD,SECONDARY_RD,DISTANCE,DIRECTION,INTERSECTION,WEATHER_1,WEATHER_2,STATE_HWY_IND,CALTRANS_COUNTY,CALTRANS_DISTRICT,STATE_ROUTE,ROUTE_SUFFIX,POSTMILE_PREFIX,POSTMILE,LOCATION_TYPE,RAMP_INTERSECTION,SIDE_OF_HWY,TOW_AWAY,COLLISION_SEVERITY,NUMBER_KILLED,NUMBER_INJURED,PARTY_COUNT,PRIMARY_COLL_FACTOR,PCF_CODE_OF_VIOL,PCF_VIOL_CATEGORY,PCF_VIOLATION,PCF_VIOL_SUBSECTION,HIT_AND_RUN,TYPE_OF_COLLISION,MVIW,PED_ACTION,ROAD_SURFACE,ROAD_COND_1,ROAD_COND_2,LIGHTING,CONTROL_DEVICE,CHP_ROAD_TYPE,PEDESTRIAN_ACCIDENT,BICYCLE_ACCIDENT,MOTORCYCLE_ACCIDENT,TRUCK_ACCIDENT,NOT_PRIVATE_PROPERTY,ALCOHOL_INVOLVED,STWD_VEHTYPE_AT_FAULT,CHP_VEHTYPE_AT_FAULT,COUNT_SEVERE_INJ,COUNT_VISIBLE_INJ,COUNT_COMPLAINT_PAIN,COUNT_PED_KILLED,COUNT_PED_INJURED,COUNT_BICYCLIST_KILLED,COUNT_BICYCLIST_INJURED,COUNT_MC_KILLED,COUNT_MC_INJURED,PRIMARY_RAMP,SECONDARY_RAMP,LATITUDE,LONGITUDE,COUNTY,CITY,POINT_X,POINT_Y
82040499,2023,2023-04-10,5002,2023-03-29,1233,11144,,3,5,6,5002,0,0,0,,0,062,"PRESCOTT RD","CHRYSLER DR",63.00,S,N,B,-,N,,,,,,,,,,Y,4,0,2,2,A,-,03,22350,,N,C,C,A,A,H,-,A,A,0,,,,,Y,,A,01,0,0,2,0,0,0,0,0,0,"- ","- ",37.678298950195312,-121.03160858154297,STANISLAUS,MODESTO,-121.0313720703125,37.678115844726562
82040501,2023,2023-04-10,5002,2023-03-29,1858,13421,RD410,3,5,6,5002,0,0,0,,0,041,"H ST","7TH ST",0.00,,Y,B,-,N,,,,,,,,,,Y,4,0,1,2,A,-,12,21453,A,N,D,C,A,B,H,-,A,A,0,,,,,Y,,D,22,0,0,1,0,0,0,0,0,0,"- ","- ",37.636341094970703,-121.00138092041016,STANISLAUS,MODESTO,-121.00083160400391,37.636432647705078
82040504,2023,2023-04-10,5002,2023-03-30,1731,13136,M101,4,5,6,5002,0,0,0,,0,073,"OAKDALE RD","POST OFFICE DR",0.00,,Y,A,-,N,,,,,,,,,,Y,3,0,3,2,A,-,12,21453,A,N,D,C,A,A,H,-,A,A,0,,,,,Y,,A,01,0,1,2,0,0,0,0,0,0,"- ","- ",37.686878204345703,-120.95812225341797,STANISLAUS,MODESTO,-120.95798492431641,37.687149047851562
82044743,2023,2023-04-14,5009,2023-04-03,"758 ",S02602,HUGHS,1,5,2,5009,0,0,0,,0,,"HATCH RD","MOUNTAIN VIEW RD",420.00,W,N,A,-,N,,,,,,,,,,Y,4,0,1,2,A,-,03,22350,,N,C,C,A,A,H,-,A,D,0,,,,,Y,,A,01,0,0,1,0,0,0,0,0,0,"- ","- ",,,STANISLAUS,HUGHSON,-120.88067626953125,37.6092529296875
82045798,2023,2023-04-17,5002,2023-03-23,1820,13136,M002,4,5,6,5002,0,0,0,,0,063,"DALE RD","PELANDALE AVE",22.00,W,N,A,-,N,,,,,,,,,,N,3,0,1,2,A,-,03,22350,,N,C,C,A,A,H,-,A,A,0,,,,,Y,,A,01,0,1,0,0,0,0,0,0,0,"- ","- ",37.700408935546875,-121.05010986328125,STANISLAUS,MODESTO,-121.05005645751953,37.700290679931641
82045800,2023,2023-04-17,5002,2023-03-26,"921 ",13427,,7,5,6,5002,0,0,0,,0,,"CARVER RD","W. RUMBLE RD",0.00,,Y,A,-,N,,,,,,,,,,Y,4,0,1,2,A,-,12,22450,A,N,D,C,A,A,H,-,A,A,0,,,,,Y,,D,22,0,0,1,0,0,0,0,0,0,"- ","- ",37.681720733642578,-121.02252960205078,STANISLAUS,MODESTO,-121.02232360839844,37.681720733642578
82045802,2023,2023-04-17,5002,2023-03-27,1357,13455,RD01,1,5,6,5002,0,0,0,,0,041,"I ST","13TH ST",0.00,,Y,A,-,N,,,,,,,,,,Y,4,0,2,2,A,-,09,21802,A,N,D,C,A,A,H,-,A,A,0,,,,,Y,,A,07,0,0,2,0,0,0,0,0,0,"- ","- ",37.641590118408203,-120.99681091308594,STANISLAUS,MODESTO,-120.99640655517578,37.641708374023438
82045803,2023,2023-04-17,5002,2023-03-27,1552,10152,,1,5,6,5002,0,0,0,,0,,"KANSAS AVE","EMERALD AVE",80.00,E,N,A,-,N,,,,,,,,,,Y,4,0,1,2,C,-,18,,,N,C,C,A,A,H,-,A,D,0,,,,,Y,,-,"- ",0,0,1,0,0,0,0,0,0,"- ","- ",37.645988464355469,-121.02153015136719,STANISLAUS,MODESTO,-121.02078247070312,37.645988464355469
82045808,2023,2023-04-17,5002,2023-03-31,1135,13421,404,5,5,6,5002,0,0,0,,0,041,"14TH ST","G ST",0.00,,Y,A,-,N,,,,,,,,,,N,4,0,1,3,A,-,09,21800,D,N,D,C,A,A,H,-,A,B,0,,,,,Y,,-,"- ",0,0,1,0,0,0,0,0,0,"- ","- ",37.640449523925781,-120.99301910400391,STANISLAUS,MODESTO,-120.9930419921875,37.640491485595703
8204907,2016,2017-01-10,5007,2016-12-22,1652,5764,,4,5,5,5007,0,0,0,,0,004,"COUNTRYSIDE DR","W MONTE VISTA",506.00,S,N,B,-,N,,,,,,,,,,Y,4,0,1,2,A,-,09,21801,A,N,D,C,A,A,H,-,C,D,0,,,,,Y,,A,01,0,0,1,0,0,0,0,0,0,"- ","- ",,,STANISLAUS,TURLOCK,-120.88130379,37.520434690000002
8204945,2016,2017-01-19,5007,2016-12-28,1636,5757,,3,5,5,5007,0,0,0,,0,004,"W MINNESOTA","GEER RD",539.00,W,N,A,-,N,,,,,,,,,,N,4,0,1,2,A,-,11,21954,A,N,A,B,-,A,H,-,A,D,0,Y,,,,Y,,N,60,0,0,1,0,1,0,0,0,0,"- ","- ",,,STANISLAUS,TURLOCK,-120.8508281,37.516390000000001
82050046,2023,2023-04-21,5005,2023-04-08,2224,S04421,PATTE,6,5,3,5005,0,0,0,,0,PP1,"2ND ST (PATTERSON)","I ST (PATTERSON)",100.00,S,N,A,-,N,,,,,,,,,,Y,3,0,1,2,A,-,11,21950,B,N,G,B,D,A,H,-,C,D,0,Y,,,,Y,,N,60,0,1,0,0,1,0,0,0,0,"- ","- ",37.473640441894531,-121.13168334960938,STANISLAUS,PATTERSON,-121.13025665283203,37.474227905273438
82050051,2023,2023-04-21,5001,2023-04-16,1602,486,,7,5,4,5001,0,0,0,,0,004,"MALIK AVE","WHITMORE AVE",13.00,S,N,A,-,N,,,,,,,,,,Y,4,0,1,2,A,-,08,22107,,F,D,C,A,A,H,-,A,D,0,,,,,Y,,A,01,0,0,1,0,0,0,0,0,0,"- ","- ",,,STANISLAUS,CERES,-120.98133087158203,37.594863891601562
82054396,2023,2023-04-27,5002,2023-03-22,1510,13384,M296,3,5,6,5002,0,0,0,,0,072,"OAKDALE RD","ORANGEBURG AVE",8.00,N,N,B,G,N,,,,,,,,,,N,4,0,1,2,A,-,10,21950,A,F,G,B,B,A,H,-,A,A,0,Y,,,,Y,Y,A,07,0,0,1,0,1,0,0,0,0,"- ","- ",37.663288116455078,-120.95789337158203,STANISLAUS,MODESTO,-120.95758056640625,37.663593292236328
82057439,2023,2023-05-01,5005,2023-04-10,1215,S02649,PATTE,1,5,3,5005,0,0,0,,0,,"CALVINSON PKWY","GARDEN PATCH WAY",77.00,W,N,A,-,N,,,,,,,,,,N,2,0,1,1,A,-,03,22350,,N,E,I,A,A,H,-,A,D,0,,,Y,,Y,,C,02,1,0,0,0,0,0,0,0,1,"- ","- ",37.459640502929688,-121.14676666259766,STANISLAUS,PATTERSON,-121.1470947265625,37.459804534912109
82057646,2023,2023-05-01,5008,2023-03-07,"800 ",S03077,WATER,2,5,2,5008,0,0,0,,0,,"YOSEMITE BLVD","PASADENA AVE",244.00,W,N,A,-,Y,STA,,132," "," ",27.405,H,,R,N,3,0,1,2,A,-,03,22350,,F,C,C,A,A,H,-,A,A,0,,,,,Y,,A,07,0,1,0,0,0,0,0,0,0,"- ","- ",37.637950897216797,-120.77050018310547,STANISLAUS,WATERFORD,-120.77044677734375,37.638149261474609
82062003,2023,2023-05-05,5002,2023-01-27,"924 ",10152,609,5,5,6,5002,0,0,0,,0,043,"CLAUS RD","CREEKWOOD DR",0.00,,Y,A,-,N,,,,,,,,,,Y,4,0,2,2,A,-,12,21453,A,N,D,C,A,A,H,-,A,A,0,,,,,Y,,A,07,0,0,2,0,0,0,0,0,0,"- ","- ",37.649971008300781,-120.92118835449219,STANISLAUS,MODESTO,-120.92112731933594,37.649951934814453
82062021,2023,2023-05-08,5002,2023-04-02,1332,13482,RD01,7,5,6,5002,0,0,0,,0,041,"9TH ST","I ST",0.00,,Y,A,-,Y,STA,,132," ",L,15.242,H,,R,Y,4,0,1,2,A,-,17,21451,A,N,D,C,A,A,H,-,A,A,0,,,,,Y,,A,08,0,0,1,0,0,0,0,0,0,"- ","- ",37.638820648193359,-121.00010681152344,STANISLAUS,MODESTO,-121.00018310546875,37.638767242431641
82062024,2023,2023-05-05,5002,2023-04-04,1054,13455,M448,2,5,6,5002,0,0,0,,0,042,"LA LOMA AVE","BUENA VISTA",40.00,W,N,A,-,N,,,,,,,,,,Y,3,0,2,1,A,-,03,22350,,N,E,I,A,A,H,-,A,A,0,,,,,Y,,A,07,0,2,0,0,0,0,0,0,0,"- ","- ",37.643508911132812,-120.98267364501953,STANISLAUS,MODESTO,-120.98256683349609,37.643566131591797
82062052,2023,2023-05-05,5002,2023-04-11,1349,13396,M457,2,5,6,5002,0,0,0,,0,042,"YOSEMITE BLVD","SEVERIN AVE",21.00,E,N,A,-,Y,STA,,132," "," ",16.456,H,,R,Y,3,0,2,2,A,-,08,22100,B,N,D,C,A,A,H,-,A,D,0,,,,,Y,,A,01,0,1,1,0,0,0,0,0,0,"- ","- ",37.638179779052734,-120.96980285644531,STANISLAUS,MODESTO,-120.96980285644531,37.638153076171875
82062756,2022,2023-05-08,5006,2022-08-05,2035,S03494,RIVER,5,5,3,5006,0,0,0,,0,,"TERMINAL AVE","WISCONSIN CT",81.00,N,N,A,-,N,,,,,,,,,,Y,1,1,1,2,A,-,05,21650,,N,A,D,A,A,H,-,B,A,0,,,,,Y,,A,01,0,0,1,0,0,0,0,0,0,"- ","- ",37.723739624023438,-120.93106842041016,STANISLAUS,RIVERBANK,-120.93115997314453,37.723842620849609
82065442,2023,2023-07-14,5001,2023-05-09,"213 ",821,,2,5,4,5001,0,0,0,,0,004,"WHITMORE AVE","MORGAN RD",35.00,E,N,A,-,N,,,,,,,,,,N,4,0,1,2,A,-,03,22350,,N,C,C,A,A,H,-,C,A,0,,,,,Y,,A,01,0,0,1,0,0,0,0,0,0,"- ","- ",,,STANISLAUS,CERES,-120.97513580322266,37.594829559326172
82066228,2023,2023-05-11,5001,2023-05-07,1859,755,,7,5,4,5001,0,0,0,,0,001,"HATCH RD","MOFFETT RD",80.00,W,N,A,-,N,,,,,,,,,,Y,4,0,1,2,A,-,03,22350,,N,C,C,A,A,H,-,A,D,0,,,,,Y,,A,01,0,0,1,0,0,0,0,0,0,"- ","- ",,,STANISLAUS,CERES,-120.94818878173828,37.609279632568359
82066337,2023,2024-07-09,5002,2023-03-28,1424,11826,,2,5,6,5002,0,0,0,,0,071,"ROSE AVE","E ORANGEBURG AVE",110.00,S,N,A,-,N,,,,,,,,,,N,4,0,1,2,A,-,03,22350,,F,C,C,A,D,H,-,A,D,0,,,,,Y,,A,01,0,0,1,0,0,0,0,0,0,"- ","- ",37.663440704345703,-120.96695709228516,STANISLAUS,MODESTO,-120.96662139892578,37.663356781005859
82066338,2023,2023-05-11,5002,2023-04-13,1118,13470,M419,4,5,6,5002,0,0,0,,0,041,"6TH ST","K ST",0.00,,Y,A,-,N,,,,,,,,,,Y,4,0,2,2,A,-,12,22450,A,N,D,C,A,A,H,-,A,A,0,,,,Y,Y,,F,26,0,0,2,0,0,0,0,0,0,"- ","- ",37.6385498046875,-121.00578308105469,STANISLAUS,MODESTO,-121.00526428222656,37.638603210449219
82066340,2023,2023-05-11,5002,2023-04-13,1919,13355,M096,4,5,6,5002,0,0,0,,0,083,"MCHENRY AVE","GRECIAN AVE",0.00,,Y,A,-,Y,,,,,,,,,,Y,3,0,1,2,A,-,12,21453,A,N,D,C,A,A,H,-,A,A,0,,,,,Y,,-,"- ",0,1,0,0,0,0,0,0,0,"- ","- ",,,STANISLAUS,MODESTO,-120.99446105957031,37.697868347167969
82066346,2023,2023-05-19,5002,2023-04-14,2113,13307,,5,5,6,5002,0,0,0,,0,073,"FLOYD AVE","LINCOLN OAK DR",0.00,,Y,A,-,N,,,,,,,,,,Y,4,0,4,2,A,-,17,21451,A,N,A,C,A,A,H,-,C,A,0,,,,,Y,,A,07,0,0,4,0,0,0,0,0,0,"- ","- ",37.678131103515625,-120.94799041748047,STANISLAUS,MODESTO,-120.94797515869141,37.678085327148438
82066365,2023,2023-05-11,5002,2023-04-28,2220,13111,M275,5,5,6,5002,0,0,0,,0,081,"SCENIC DR","COFFEE RD",812.00,W,N,A,-,N,,,,,,,,,,Y,3,0,1,1,A,-,01,23152,A,N,E,I,A,A,H,-,C,D,0,,,Y,,Y,Y,C,02,0,1,0,0,0,0,0,0,1,"- ","- ",37.648998260498047,-120.97554779052734,STANISLAUS,MODESTO,-120.97811889648438,37.648200988769531
82068219,2023,2023-05-15,5002,2023-04-24,1817,13307,,1,5,6,5002,0,0,0,,0,073,"OAKDALE RD","SYLVAN AVE",432.00,N,N,A,-,N,,,,,,,,,,Y,4,0,1,2,A,-,09,21801,A,N,D,C,A,A,H,-,A,D,0,,,,,Y,,A,07,0,0,1,0,0,0,0,0,0,"- ","- ",37.688949584960938,-120.95799255371094,STANISLAUS,MODESTO,-120.95800018310547,37.690155029296875
82068220,2023,2023-05-15,5002,2023-04-25,1458,13067,,2,5,6,5002,0,0,0,,0,063,"STANDIFORD AVE","DALE RD",0.00,,Y,A,-,N,,,,,,,,,,Y,3,0,2,2,A,-,09,21453,C,N,D,C,A,A,H,-,A,A,0,,,,,Y,,A,08,0,1,1,0,0,0,0,0,0,"- ","- ",37.685279846191406,-121.04988098144531,STANISLAUS,MODESTO,-121.04981231689453,37.685314178466797
8206834,2016,2017-04-25,5004,2016-12-06,0535,287,RD21,2,5,3,5004,0,0,0,,0,00W,"RT 108","CRANE RD",37.00,E,N,B,E,Y,STA,10,108,-,-,36.160,H,-,E,Y,4,0,1,1,A,-,03,22350,,N,E,I,A,A,H,-,C,A,0,,,,,Y,,D,82,0,0,1,0,0,0,0,0,0,"- ","- ",37.754649999999998,-120.88160000000001,STANISLAUS,OAKDALE,-120.88152307,37.754731339999999
8206972,2016,2017-01-10,5001,2016-12-21,0814,565,C005,3,5,4,5001,0,0,0,,0,005,"ROEDING RD",7TH,10.00,E,N,A,-,N,,,,,,,,,,Y,3,0,1,2,A,-,09,21801,A,N,D,C,A,A,H,-,A,A,0,,,,,Y,,A,01,0,1,0,0,0,0,0,0,0,"- ","- ",37.587499999999999,-120.94982,STANISLAUS,CERES,-120.94980549,37.587479709999997
8207000,2016,2017-01-10,5002,2016-12-23,1148,801,A208,5,5,6,5002,0,0,0,,0,001,"RICHLAND AV","HATCH RD",247.00,S,N,C,-,N,,,,,,,,,,N,4,0,1,2,A,-,11,21954,A,F,G,B,D,B,H,-,B,D,0,Y,,,,Y,,N,60,0,0,1,0,1,0,0,0,0,"- ","- ",37.609310000000001,-120.96619,STANISLAUS,MODESTO,-120.96621542,37.608651819999999
82070660,2023,2023-05-17,5002,2023-04-23,1446,13244,M314,7,5,6,5002,0,0,0,,0,043,"EL VISTA AVE","ENCINA AVE",0.00,,Y,A,-,N,,,,,,,,,,Y,4,0,3,2,A,-,12,21453,A,N,D,C,A,A,H,-,A,A,0,,,,,Y,,A,01,0,0,3,0,0,0,0,0,0,"- ","- ",37.645229339599609,-120.95735168457031,STANISLAUS,MODESTO,-120.95726013183594,37.645236968994141
82072832,2023,2023-05-19,5002,2023-04-24,2232,13201,M496,1,5,6,5002,0,0,0,,0,032,"SUTTER AVE","ROBERTSON RD",0.00,,Y,A,-,N,,,,,,,,,,Y,3,0,1,1,A,-,08,22107,,F,E,I,A,A,H,-,C,D,0,,,,,Y,,A,01,0,1,0,0,0,0,0,0,0,"- ","- ",37.613338470458984,-121.01187896728516,STANISLAUS,MODESTO,-121.01182556152344,37.613357543945312
82078874,2023,2023-05-26,5006,2023-04-25,1621,129,RIVER,2,5,3,5006,0,0,0,,0,RPD,"OAKDALE RD","FREDDI LN",285.00,S,N,A,-,N,,,,,,,,,,N,3,0,1,2,A,-,03,22350,,N,C,C,A,A,H,-,A,A,0,,,,,Y,,A,01,0,1,0,0,0,0,0,0,0,"- ","- ",37.713291168212891,-120.95838165283203,STANISLAUS,RIVERBANK,-120.95830535888672,37.712348937988281
82079756,2023,2023-05-29,5006,2023-04-25,1716,S01670,RIVER,2,5,3,5006,0,0,0,,0,,"PATTERSON RD","HOWARD AVE",100.00,W,N,A,-,N,,,,,,,,,,Y,3,0,1,2,A,-,09,21804,A,N,D,C,A,A,H,-,A,D,0,,,,,Y,,A,07,0,1,0,0,0,0,0,0,0,"- ","- ",37.732879638671875,-120.94724273681641,STANISLAUS,RIVERBANK,-120.94724273681641,37.732707977294922
82080071,2022,2023-05-29,5002,2022-10-28,1110,11531,,5,5,6,5002,0,0,0,,0,043,"EL VISTA AVE","ENCINA AVE",84.00,N,N,A,-,N,,,,,,,,,,Y,4,0,1,1,A,-,08,22107,,N,E,I,A,A,H,-,A,A,0,,,,,Y,,A,01,0,0,1,0,0,0,0,0,0,"- ","- ",37.645229339599609,-120.95735168457031,STANISLAUS,MODESTO,-120.95726013183594,37.645469665527344
82080074,2023,2023-05-29,5002,2023-05-16,1658,13136,M880,2,5,6,5002,0,0,0,,0,072,"BRIGGSMORE AVE","CLAUS RD",331.00,E,N,A,-,N,,,,,,,,,,Y,3,0,2,2,A,-,09,21804,A,N,D,C,A,A,A,-,A,D,0,,,,,Y,,J,48,0,2,0,0,0,0,0,0,0,"- ","- ",37.666881561279297,-120.92128753662109,STANISLAUS,MODESTO,-120.92015075683594,37.666927337646484
82080215,2023,2023-05-29,5006,2023-04-29,1538,S02800,RIVER,6,5,3,5006,0,0,0,,0,,"CLAUS RD","MINNIEAR AVE",193.00,S,N,A,-,N,,,,,,,,,,Y,3,0,2,2,A,-,09,21804,A,N,D,C,A,A,H,-,A,D,0,,,,,Y,,A,01,0,1,1,0,0,0,0,0,0,"- ","- ",,,STANISLAUS,RIVERBANK,-120.92195892333984,37.715801239013672
82082011,2023,2023-06-01,5002,2023-01-31,"753 ",13398,M013,2,5,6,5002,0,0,0,,0,063,"STANDIFORD AVE","CARVER RD",0.00,,Y,A,-,N,,,,,,,,,,Y,4,0,1,3,A,-,12,21453,A,N,A,C,A,A,H,-,A,A,0,,,,,Y,,A,01,0,0,1,0,0,0,0,0,0,"- ","- ",37.689411163330078,-121.02245330810547,STANISLAUS,MODESTO,-121.02243041992188,37.689445495605469
82082018,2023,2023-05-31,5002,2023-04-09,1253,13303,,7,5,6,5002,0,0,0,,0,062,"SISK RD","EARL ST",0.00,,Y,A,-,N,,,,,,,,,,Y,4,0,2,2,A,-,12,21453,A,N,D,C,A,A,H,-,A,A,0,,,,,Y,,-,"- ",0,0,2,0,0,0,0,0,0,"- ","- ",37.676288604736328,-121.04460906982422,STANISLAUS,MODESTO,-121.04447174072266,37.676242828369141
82082023,2023,2023-05-31,5002,2023-04-20,1530,13315,RD01,4,5,6,5002,0,0,0,,0,073,"MILLBROOK AVE","FLOYD AVE",0.00,,Y,A,-,N,,,,,,,,,,Y,4,0,1,2,A,-,17,21451,A,N,D,C,A,A,H,-,A,A,0,,,,,Y,,A,01,0,0,1,0,0,0,0,0,0,"- ","- ",37.678089141845703,-120.93189239501953,STANISLAUS,MODESTO,-120.93190765380859,37.678085327148438
82082886,2023,2023-06-01,5001,2023-04-19,1045,811,,3,5,4,5001,0,0,0,,0,003,"MITCHELL RD","ALPHONSE DR",200.00,N,N,A,-,N,,,,,,,,,,Y,4,0,2,2,A,-,03,22350,,N,C,C,A,A,H,-,A,A,0,,,,,Y,,A,01,0,0,2,0,0,0,0,0,0,"- ","- ",,,STANISLAUS,CERES,-120.93874359130859,37.607669830322266
82083216,2023,2023-06-01,5002,2023-04-25,2102,13391,M554,2,5,6,5002,0,0,0,,0,031,"HATCH RD","CARPENTER RD",734.00,E,N,A,-,N,,,,,,,,,,Y,2,0,3,2,A,-,05,21460,A,N,A,C,A,A,H,-,D,D,0,,,,,Y,,A,07,1,1,1,0,0,0,0,0,0,"- ","- ",37.607341766357422,-121.03060913085938,STANISLAUS,MODESTO,-121.02805328369141,37.606899261474609
82084272,2023,2023-06-02,5002,2023-04-29,1212,13225,M355,6,5,6,5002,0,0,0,,0,033,"CARPENTER RD","MAZE BLVD",110.00,S,N,A,-,N,,,,,,,,,,N,4,0,1,2,A,-,03,22350,,N,C,C,A,A,H,-,A,A,0,,,,,Y,,A,07,0,0,1,0,0,0,0,0,0,"- ","- ",37.638671875,-121.03037261962891,STANISLAUS,MODESTO,-121.03041839599609,37.638416290283203
82085508,2023,2023-06-05,5008,2023-05-13,"645 ",221,WATER,6,5,2,5008,0,0,0,,0,WPD,"F ST (WATERFORD)","SUMMERS ST",100.00,N,N,A,-,N,,,,,,,,,,N,3,0,1,3,A,-,08,22107,,F,B,E,A,A,H,-,B,D,0,,,,Y,Y,Y,-,99,0,1,0,0,0,0,0,0,0,"- ","- ",37.643489837646484,-120.76448059082031,STANISLAUS,WATERFORD,,
82086516,2023,2023-06-06,5001,2023-05-22,1459,801,,1,5,4,5001,0,0,0,,0,003,"FOWLER RD","ROSE AVE",8.00,E,N,A,-,N,,,,,,,,,,N,3,0,1,2,A,-,10,21950,A,N,G,B,B,A,H,-,A,A,0,Y,,,,Y,,A,01,0,1,0,0,1,0,0,0,0,"- ","- ",,,STANISLAUS,CERES,-120.9434814453125,37.602001190185547
82086517,2023,2023-06-06,5001,2023-05-31,1703,925,,3,5,4,5001,0,0,0,,0,005,"WHITMORE AVE","MITCHELL RD",0.00,,Y,A,-,N,,,,,,,,,,Y,4,0,1,2,A,-,12,21453,A,N,D,C,A,A,H,-,A,A,0,,,,,Y,,A,01,0,0,1,0,0,0,0,0,0,"- ","- ",,,STANISLAUS,CERES,-120.93869781494141,37.594745635986328
82088918,2023,2023-06-08,5002,2023-05-04,1355,13299,M415,4,5,6,5002,0,0,0,,0,041,"I ST","10TH ST",51.00,W,N,A,-,N,,,,,,,,,,Y,4,0,1,2,A,-,08,22102,,N,D,C,A,A,H,-,A,D,0,,,,,Y,,D,22,0,0,1,0,0,0,0,0,0,"- ","- ",37.639541625976562,-120.99915313720703,STANISLAUS,MODESTO,-120.99929809570312,37.639415740966797
82090689,2023,2023-06-12,5002,2023-04-27,1725,13400,,4,5,6,5002,0,0,0,,0,063,"PELANDALE AVE","DALE RD",0.00,,Y,A,-,N,,,,,,,,,,Y,3,0,1,2,A,-,12,21453,A,N,D,D,A,A,H,-,A,A,0,,,,,Y,,A,01,0,1,0,0,0,0,0,0,0,"- ","- ",37.700408935546875,-121.05010986328125,STANISLAUS,MODESTO,-121.05005645751953,37.700290679931641
82090692,2023,2023-06-12,5002,2023-05-04,"826 ",13372,M101,4,5,6,5002,0,0,0,,0,073,"OAKDALE RD","SYLVAN AVE",430.00,N,N,B,-,N,,,,,,,,,,Y,3,0,1,2,A,-,09,21801,A,N,D,C,A,A,H,-,A,D,0,,,,,Y,,A,01,0,1,0,0,0,0,0,0,0,"- ","- ",37.688701629638672,-120.95813751220703,STANISLAUS,MODESTO,-120.95800018310547,37.690151214599609
82090701,2023,2023-06-12,5002,2023-05-10,1833,13028,,3,5,6,5002,0,0,0,,0,041,"G ST","15TH ST",0.00,,Y,A,-,N,,,,,,,,,,N,4,0,1,2,A,-,09,21802,A,F,D,C,A,A,H,-,A,A,0,,,,,Y,Y,A,01,0,0,1,0,0,0,0,0,0,"- ","- ",37.641170501708984,-120.99207305908203,STANISLAUS,MODESTO,-120.99205780029297,37.641223907470703
82094403,2023,2023-06-15,5002,2023-04-29,1518,13355,M389,6,5,6,5002,0,0,0,,0,041,"15TH ST","I ST",0.00,,Y,A,-,N,,,,,,,,,,N,4,0,2,2,A,-,12,22450,A,N,D,C,A,A,H,-,A,A,0,,,,,Y,,A,01,0,0,2,0,0,0,0,0,0,"- ","- ",37.643020629882812,-120.99490356445312,STANISLAUS,MODESTO,-120.99443054199219,37.643119812011719
82094412,2023,2023-06-16,5002,2023-05-12,"846 ",11531,,5,5,6,5002,0,0,0,,0,041,"SR-132 (YOSEMITE BLVD)","D ST",0.00,,Y,A,-,Y,,,,,,,,,,Y,4,0,3,2,A,-,17,21451,A,N,A,C,A,A,H,-,A,A,0,,,,,Y,,A,01,0,0,3,0,0,0,0,0,0,"- ","- ",,,STANISLAUS,MODESTO,-120.99437713623047,37.634021759033203
82094423,2023,2023-06-16,5002,2023-05-16,"934 ",13443,M097,2,5,6,5002,0,0,0,,0,083,"SYLVAN AVE","MC HENRY AVE",154.00,E,N,A,-,Y,STA,,108," "," ",26.058,H,,L,Y,4,0,3,2,A,-,04,21703,,N,C,C,A,A,H,-,A,A,0,,,,,Y,,A,07,0,0,3,0,0,0,0,0,0,"- ","- ",37.689090728759766,-120.99437713623047,STANISLAUS,MODESTO,-120.99440765380859,37.689090728759766
82094430,2023,2023-06-15,5002,2023-05-18,1654,13343,,4,5,6,5002,0,0,0,,0,082,"SUNRISE AVE","WESTWOOD AVE",0.00,,Y,A,-,N,,,,,,,,,,N,4,0,2,2,A,-,04,21703,,N,C,C,A,A,H,-,A,D,0,,,,,Y,,A,01,0,0,2,0,0,0,0,0,0,"- ","- ",37.669998168945312,-120.96674346923828,STANISLAUS,MODESTO,-120.98490142822266,37.669960021972656
82094435,2023,2023-06-15,5002,2023-05-20,1626,13444,M420,6,5,6,5002,0,0,0,,0,033,"I ST","3RD ST",30.00,W,N,A,-,N,,,,,,,,,,Y,3,0,3,2,A,-,03,22350,,N,C,C,A,A,H,-,A,A,0,,,,,Y,,A,07,0,2,1,0,0,0,0,0,0,"- ","- ",37.634548187255859,-121.00582122802734,STANISLAUS,MODESTO,-121.00588226318359,37.634445190429688
82094436,2023,2023-06-15,5002,2023-05-23,1126,10899,M515,2,5,6,5002,0,0,0,,0,031,"CROWS LANDING RD","HWY 99 (OFF RAMP) (N)",0.00,,Y,A,-,N,,,,,,,,,,Y,4,0,2,2,A,-,09,21801,A,N,D,C,A,A,H,-,A,D,0,,,,,Y,,A,01,0,0,2,0,0,0,0,0,0,"- ","- ",37.619831085205078,-120.99365234375,STANISLAUS,MODESTO,-120.99357604980469,37.618522644042969