CASE_ID,ACCIDENT_YEAR,PROC_DATE,JURIS,COLLISION_DATE,COLLISION_TIME,OFFICER_ID,REPORTING_DISTRICT,DAY_OF_WEEK,CHP_SHIFT,POPULATION,CNTY_CITY_LOC,SPECIAL_COND,BEAT_TYPE,CHP_BEAT_TYPE,CITY_DIVISION_LAPD,CHP_BEAT_CLASS,BEAT_NUMBER,PRIMARY_RD,SECONDARY_RD,DISTANCE,DIRECTION,INTERSECTION,WEATHER_1,WEATHER_2,STATE_HWY_IND,CALTRANS_COUNTY,CALTRANS_DISTRICT,STATE_ROUTE,ROUTE_SUFFIX,POSTMILE_PREFIX,POSTMILE,LOCATION_TYPE,RAMP_INTERSECTION,SIDE_OF_HWY,TOW_AWAY,COLLISION_SEVERITY,NUMBER_KILLED,NUMBER_INJURED,PARTY_COUNT,PRIMARY_COLL_FACTOR,PCF_CODE_OF_VIOL,PCF_VIOL_CATEGORY,PCF_VIOLATION,PCF_VIOL_SUBSECTION,HIT_AND_RUN,TYPE_OF_COLLISION,MVIW,PED_ACTION,ROAD_SURFACE,ROAD_COND_1,ROAD_COND_2,LIGHTING,CONTROL_DEVICE,CHP_ROAD_TYPE,PEDESTRIAN_ACCIDENT,BICYCLE_ACCIDENT,MOTORCYCLE_ACCIDENT,TRUCK_ACCIDENT,NOT_PRIVATE_PROPERTY,ALCOHOL_INVOLVED,STWD_VEHTYPE_AT_FAULT,CHP_VEHTYPE_AT_FAULT,COUNT_SEVERE_INJ,COUNT_VISIBLE_INJ,COUNT_COMPLAINT_PAIN,COUNT_PED_KILLED,COUNT_PED_INJURED,COUNT_BICYCLIST_KILLED,COUNT_BICYCLIST_INJURED,COUNT_MC_KILLED,COUNT_MC_INJURED,PRIMARY_RAMP,SECONDARY_RAMP,LATITUDE,LONGITUDE,COUNTY,CITY,POINT_X,POINT_Y
8391155,2017,2017-06-26,5007,2017-05-25,0806,5740,TURLO,4,5,5,5007,0,0,0,,0,,"GOLDEN STATE BL",MARSHAL,0.00,,Y,A,-,N,,,,,,,,,,Y,3,0,1,2,D,-,00,,,N,-,C,A,A,H,-,A,A,0,,,,,Y,,-,"- ",0,1,0,0,0,0,0,0,0,"- ","- ",,,STANISLAUS,TURLOCK,-120.84422997999999,37.493089920000003
8391385,2017,2017-06-19,5004,2017-05-28,1622,131,RD56,7,5,3,5004,0,0,0,,0,00W,"W J ST","APPLEGATE DR",0.00,,Y,A,-,N,,,,,,,,,,Y,4,0,1,1,A,-,08,22107,A,N,E,I,A,A,H,-,A,A,0,,,,,Y,,A,01,0,0,1,0,0,0,0,0,0,"- ","- ",37.753430000000002,-120.8772,STANISLAUS,OAKDALE,-120.87719998999999,37.753429969999999
8395604,2017,2017-07-11,5001,2017-06-06,0310,528,B007,2,5,4,5001,0,0,0,,0,003,"EASTGATE BL","WILD OAK",223.00,N,N,A,-,N,,,,,,,,,,Y,4,0,1,1,A,-,01,23152,A,N,E,I,A,A,H,-,A,D,0,,,,,Y,Y,A,01,0,0,1,0,0,0,0,0,0,"- ","- ",37.596649999999997,-120.9268,STANISLAUS,CERES,-120.9268,37.597272400000001
8397387,2017,2017-06-27,5002,2017-05-21,0900,13084,,7,5,6,5002,0,0,0,,0,061,"TULLY RD","STODDARD AV",0.00,,Y,A,-,N,,,,,,,,,,Y,4,0,2,2,A,-,09,21801,A,N,A,C,A,A,H,-,A,A,0,,,,,Y,,D,,0,0,2,0,0,0,0,0,0,"- ","- ",,,STANISLAUS,MODESTO,-121.01199991999999,37.649539969999999
8397392,2017,2017-06-28,5002,2017-06-03,1956,11765,377,6,5,6,5002,0,0,0,,0,033,"MARTIN LUTHER KING DR","OAK ST",0.00,,Y,A,-,N,,,,,,,,,,Y,4,0,2,2,A,-,09,21802,A,N,D,C,A,A,H,-,A,A,0,,,,,Y,,-,"- ",0,0,2,0,0,0,0,0,0,"- ","- ",,,STANISLAUS,MODESTO,-121.01185986,37.636599959999998
8397412,2017,2017-06-28,5002,2017-06-04,1414,10253,M226,7,5,6,5002,0,0,0,,0,081,"COLLEGE AV","ROSEBURG AV",154.00,N,N,A,-,N,,,,,,,,,,N,3,0,1,2,A,-,08,22107,,F,D,G,A,A,H,-,A,D,0,,Y,,,Y,,-,,0,1,0,0,0,0,1,0,0,"- ","- ",,,STANISLAUS,MODESTO,-121.00756174,37.66073282
8397428,2017,2017-06-28,5002,2017-06-08,1309,11773,M159,4,5,6,5002,0,0,0,,0,072,"BRIGGSMORE AV","OAKDALE RD",0.00,,Y,A,-,N,,,,,,,,,,Y,4,0,2,2,A,-,12,21453,A,N,-,C,A,A,H,-,A,A,0,,,,,Y,,-,,0,0,2,0,0,0,0,0,0,"- ","- ",,,STANISLAUS,MODESTO,-120.95755991,37.66717998
8397436,2017,2017-06-28,5002,2017-06-06,1157,13074,,2,5,6,5002,0,0,0,,0,,"OAKDALE RD","ORANGEBURG AV",0.00,,Y,A,-,N,,,,,,,,,,Y,3,0,1,2,A,-,03,22350,,N,A,C,A,A,H,-,A,A,0,,,,,Y,,-,,0,1,0,0,0,0,0,0,0,"- ","- ",,,STANISLAUS,MODESTO,-120.95757999,37.663569940000002
8397659,2017,2017-11-09,5002,2017-06-02,1119,11612,415,5,5,6,5002,0,0,0,,0,041,"9TH ST","L ST",0.00,,Y,A,-,N,,,,,,,,,,N,4,0,1,2,A,-,08,22107,,N,A,C,A,A,H,-,A,A,0,,,,,Y,,E,,0,0,1,0,0,0,0,0,0,"- ","- ",,,STANISLAUS,MODESTO,-121.00358998,37.641659959999998
8398243,2017,2017-06-29,5007,2017-06-02,1012,5696,,5,5,5,5007,0,0,0,,0,005,"EAST HAWKEYE AV","N DENAIR RD",17.00,W,N,A,-,N,,,,,,,,,,Y,4,0,2,2,A,-,09,21802,A,N,D,C,A,A,H,-,A,A,0,,,,,Y,,A,01,0,0,2,0,0,0,0,0,0,"- ","- ",,,STANISLAUS,TURLOCK,-120.8436286,37.507290660000002
8398247,2017,2017-06-29,5007,2017-06-03,1157,5776,TURLO,6,5,5,5007,0,0,0,,0,002,"LANDER AV","EAST GLENWOOD AV",0.00,,Y,A,-,N,,,,,,,,,,Y,4,0,1,2,A,-,17,21451,A,N,D,C,A,A,H,-,A,A,0,,,Y,,Y,,C,06,0,0,1,0,0,0,0,0,0,"- ","- ",,,STANISLAUS,TURLOCK,-120.84901986,37.47555998
83983423,2024,2024-08-09,5002,2024-06-30,2155,13391,,7,5,6,5002,0,0,0,,0,083,"(SR-108) MC HENRY AVE","CORALWOOD RD",0.00,,Y,A,-,Y,STA,,108," "," ",26.499,H,,R,Y,3,0,3,2,A,-,09,21801,A,N,A,C,A,A,H,-,C,D,0,,,,,Y,,A,01,0,1,2,0,0,0,0,0,0,"- ","- ",37.695358276367188,-120.99452209472656,STANISLAUS,MODESTO,-120.99431610107422,37.695362091064453
83983432,2024,2024-08-09,5002,2024-07-16,1900,13068,,2,5,6,5002,0,0,0,,0,041,"6TH ST","I ST",0.00,,Y,A,-,N,,,,,,,,,,Y,4,0,1,2,A,-,12,21453,A,N,D,C,A,A,H,-,A,A,0,,,,,Y,,A,01,0,0,1,0,0,0,0,0,0,"- ","- ",37.636688232421875,-121.00293731689453,STANISLAUS,MODESTO,-121.00298309326172,37.636650085449219
8398707,2017,2017-07-03,5002,2017-06-18,1459,821,A208,7,5,6,5002,0,0,0,,0,001,"RICHLAND AV",HATCH,53.00,N,N,A,-,N,,,,,,,,,,N,4,0,1,2,A,-,03,22350,,N,C,C,A,A,H,-,A,A,0,,,,,Y,,D,73,0,0,1,0,0,0,0,0,0,"- ","- ",37.609310000000001,-120.96619,STANISLAUS,MODESTO,-120.96619545,37.609475500000002
8399010,2017,2017-07-13,5001,2017-06-16,1413,715,B003,5,5,4,5001,0,0,0,,0,003,"MITCHELL RD","FOWLER RD",0.00,,Y,A,-,N,,,,,,,,,,Y,3,0,3,2,A,-,12,21453,A,N,D,C,A,A,H,-,A,A,0,,,,,Y,,A,01,0,1,2,0,0,0,0,0,0,"- ","- ",37.601999999999997,-120.93872,STANISLAUS,CERES,-120.93871986000001,37.602009979999998
8400184,2017,2017-07-11,5002,2017-06-17,0047,11855,135,6,5,6,5002,0,0,0,,0,073,"SYLVAN AV","KELLER ST",0.00,,Y,A,-,N,,,,,,,,,,Y,3,0,1,2,A,-,08,22107,,N,D,C,A,A,H,-,C,A,0,,,,,Y,,-,,0,1,0,0,0,0,0,0,0,"- ","- ",,,STANISLAUS,MODESTO,-120.97030989,37.688909979999998
8400220,2017,2017-07-14,5002,2017-06-26,1646,11566,,1,5,6,5002,0,0,0,,0,072,"OAKDALE RD","MANOR OAK",0.00,N,N,A,-,N,,,,,,,,,,Y,3,0,3,2,A,-,09,21801,A,N,D,C,A,A,H,-,A,D,0,,,,,Y,,-,,0,1,2,0,0,0,0,0,0,"- ","- ",,,STANISLAUS,MODESTO,-120.9577199,37.674479920000003
8400228,2017,2017-07-14,5002,2017-06-10,1937,11818,42,6,5,6,5002,0,0,0,,0,034,"EL VISTA RD","CAROL ST",0.00,,Y,A,-,N,,,,,,,,,,Y,4,0,2,2,A,-,07,21658,A,N,B,C,A,A,H,-,A,D,0,,,,,Y,,-,,0,0,2,0,0,0,0,0,0,"- ","- ",,,STANISLAUS,MODESTO,-120.95731000000001,37.64895989
8400253,2017,2017-06-30,5002,2017-06-23,1108,10751,,5,5,6,5002,0,0,0,,0,081,"COLLEGE AV","MORRIS AV",0.00,,Y,A,-,N,,,,,,,,,,N,4,0,2,2,A,-,09,21802,A,N,D,C,A,A,H,-,A,A,0,,,,,Y,,A,,0,0,2,0,0,0,0,0,0,"- ","- ",,,STANISLAUS,MODESTO,-121.00744985999999,37.651289919999996
8400261,2017,2017-06-30,5002,2017-06-26,1212,10507,390,1,5,6,5002,0,0,0,,0,041,15TH,"H ST",0.00,,Y,A,-,N,,,,,,,,,,Y,4,0,1,2,A,-,09,21802,A,N,D,C,A,A,H,-,A,A,0,,,,,Y,,A,,0,0,1,0,0,0,0,0,0,"- ","- ",,,STANISLAUS,MODESTO,-120.99319997000001,37.642179910000003
8400265,2017,2017-06-30,5002,2017-06-26,1234,10437,420,1,5,6,5002,0,0,0,,0,033,"H ST","1ST ST",0.00,,Y,A,-,N,,,,,,,,,,Y,4,0,1,2,A,-,09,21801,A,N,A,C,A,A,H,-,A,A,0,,,,,Y,,A,,0,0,1,0,0,0,0,0,0,"- ","- ",,,STANISLAUS,MODESTO,-121.00656999,37.632109990000004
84020012,2024,2024-08-12,5002,2024-07-22,"316 ",13482,,1,5,6,5002,0,0,0,,0,071,"ORANGEBURG AVE","CHRISTOPHER CT",0.00,E,Y,A,-,N,,,,,,,,,,Y,4,0,1,2,A,-,01,23152,A,N,B,E,A,A,H,-,A,D,0,,,,,Y,Y,A,01,0,0,1,0,0,0,0,0,0,"- ","- ",37.663639068603516,-120.9285888671875,STANISLAUS,MODESTO,-120.92858123779297,37.663612365722656
84020013,2024,2024-08-12,5002,2024-07-22,1100,11144,,1,5,6,5002,0,0,0,,0,081,"COLDWELL AVE","TULLY RD",386.00,E,N,A,-,N,,,,,,,,,,Y,4,0,1,3,A,-,04,21703,,N,C,C,A,A,H,-,A,D,0,,,,,Y,,A,01,0,0,1,0,0,0,0,0,0,"- ","- ",,,STANISLAUS,MODESTO,-121.01070404052734,37.653175354003906
84020091,2024,2024-08-12,5005,2024-07-03,1738,96,,3,5,3,5005,0,0,0,,0,PPD,"WARD AVE","LILAC AVE",0.00,,Y,A,-,N,,,,,,,,,,N,3,0,2,2,A,-,01,23152,A,F,C,C,A,A,H,-,A,D,0,,,Y,,Y,Y,C,02,0,2,0,0,0,0,0,0,2,"- ","- ",37.476451873779297,-121.140380859375,STANISLAUS,PATTERSON,-121.14089202880859,37.476730346679688
8402254,2017,2017-07-19,5007,2017-06-05,0651,5769,,1,5,5,5007,0,0,0,,0,004,"DREW AV","PEDRAS RD",0.00,,Y,A,-,N,,,,,,,,,,N,3,0,1,2,A,-,05,21650,1,N,D,G,A,A,H,-,A,A,0,,Y,,,Y,,L,04,0,1,0,0,0,0,1,0,0,"- ","- ",,,STANISLAUS,TURLOCK,-120.85276999,37.510929920000002
8402317,2017,2017-07-19,5007,2017-06-22,0940,5596,,4,5,5,5007,0,0,0,,0,002,"GOLDEN STATE BL","MAIN ST",12.00,N,N,A,-,N,,,,,,,,,,Y,4,0,1,2,A,-,21,22106,,N,-,C,A,A,H,-,A,A,0,,,,Y,Y,,G,25,0,0,1,0,0,0,0,0,0,"- ","- ",,,STANISLAUS,TURLOCK,-120.84603792,37.494684309999997
8402410,2017,2017-07-17,5007,2017-06-27,1130,5596,,2,5,5,5007,0,0,0,,0,002,"EAST AV","SOUTH MINARET ST",0.00,,Y,A,-,N,,,,,,,,,,N,4,0,1,2,A,-,09,21802,,N,D,C,A,A,H,-,A,-,0,,,,,Y,,A,07,0,0,1,0,0,0,0,0,0,"- ","- ",,,STANISLAUS,TURLOCK,-120.83985993,37.492689990000002
8402419,2017,2017-07-17,5007,2017-06-08,0621,5765,5007,4,5,5,5007,0,0,0,,0,001,"SUNDAY DR","FOSBERG RD",655.00,W,N,A,-,N,,,,,,,,,,Y,4,0,1,1,A,-,08,22107,,N,E,I,A,A,H,-,A,D,0,,,,,Y,,A,01,0,0,1,0,0,0,0,0,0,"- ","- ",,,STANISLAUS,TURLOCK,-120.84675873,37.536358190000001
8403364,2017,2017-07-12,5002,2017-07-03,0725,11413,M705,1,5,6,5002,0,0,0,,0,071,ORANGEBURG,OAKDALE,0.00,,Y,A,-,N,,,,,,,,,,Y,3,0,1,1,C,-,18,,,N,E,I,A,A,H,-,A,A,0,,,,,Y,,-,"- ",0,1,0,0,0,0,0,0,0,"- ","- ",,,STANISLAUS,MODESTO,-120.95757999,37.663569940000002
8403431,2017,2017-07-12,5003,2017-07-01,1853,N222,RDNM,6,5,2,5003,0,0,0,,0,0NM,"RED TEAL DR",DECOY,33.00,E,N,A,-,N,,,,,,,,,,N,3,0,1,1,A,-,03,22350,,N,E,I,A,A,H,-,A,D,0,,,Y,,Y,,C,02,0,1,0,0,0,0,0,0,1,"- ","- ",37.317489999999999,-121.00933000000001,STANISLAUS,NEWMAN,-121.00927475,37.317690730000002
8403544,2017,2017-07-12,5002,2017-06-25,1954,11855,101,7,5,6,5002,0,0,0,,0,073,"HASHEM DR","EAST RUMBLE RD",0.00,,Y,A,-,N,,,,,,,,,,N,3,0,1,2,A,-,12,22450,,N,D,G,A,A,H,-,B,A,0,,Y,,,Y,,L,,0,1,0,0,0,0,1,0,0,"- ","- ",,,STANISLAUS,MODESTO,-120.96266998,37.68166995
8403560,2017,2017-07-12,5002,2017-06-27,0923,13018,,2,5,6,5002,0,0,0,,0,071,"COFFEE RD","SCENIC DR",6.00,N,N,A,-,N,,,,,,,,,,N,3,0,1,2,A,-,10,21950,A,N,G,B,A,A,H,-,A,A,0,,,,,Y,,D,,0,1,0,0,0,0,0,0,0,"- ","- ",,,STANISLAUS,MODESTO,-120.97551045,37.649036469999999
8403572,2017,2017-07-11,5002,2017-06-28,0125,13012,,3,5,6,5002,0,0,0,,0,063,"PELANDALE AV","SALIDA BL",0.00,,Y,A,-,N,,,,,,,,,,Y,2,0,1,1,A,-,01,23152,,N,A,I,A,A,H,-,C,A,0,,,,,Y,Y,D,,1,0,0,0,0,0,0,0,0,"- ","- ",,,STANISLAUS,MODESTO,-121.07196988,37.698539920000002
8403595,2017,2017-07-11,5002,2017-06-02,1102,13100,153,5,5,6,5002,0,0,0,,0,073,"ROSELLE AV","PLAINVIEW RD",1000.00,S,N,A,-,N,,,,,,,,,,Y,3,0,2,2,A,-,01,23152,A,N,A,C,A,A,H,-,A,D,0,,,,,Y,,A,,0,1,1,0,0,0,0,0,0,"- ","- ",,,STANISLAUS,MODESTO,-120.93994991,37.700743950000003
8403833,2017,2017-07-13,5002,2017-06-30,1454,13084,,5,5,6,5002,0,0,0,,0,046,"9TH ST","B ST",60.00,N,N,A,-,N,,,,,,,,,,Y,4,0,1,4,A,-,04,21703,,N,C,C,A,A,H,-,A,A,0,,,,,Y,,E,,0,0,1,0,0,0,0,0,0,"- ","- ",,,STANISLAUS,MODESTO,-120.99216693,37.632236169999999
8404844,2018,2018-06-22,5007,2018-04-01,1818,5505,TURLO,7,5,5,5007,0,0,0,,0,004,"JUBILEE DR",VICTORY,0.00,,Y,A,-,N,,,,,,,,,,N,1,1,0,1,D,-,00,,,N,-,A,A,A,H,-,A,D,0,,,,,Y,Y,-,"- ",0,0,0,0,0,0,0,0,0,"- ","- ",,,STANISLAUS,TURLOCK,-120.87592315673828,37.516510009765625
8407066,2017,2018-05-16,5002,2017-07-06,1611,11854,334,4,5,6,5002,0,0,0,,0,043,"RT 132","RIVERSIDE DR",100.00,W,N,A,-,Y,STA,10,132,-,-,17.630,H,-,E,Y,2,0,3,3,A,-,08,22107,,N,A,C,A,A,H,-,A,A,0,,,,,Y,,D,,1,1,1,0,0,0,0,0,0,"- ","- ",,,STANISLAUS,MODESTO,-120.94843268,37.638170979999998
8407070,2017,2018-05-16,5002,2017-07-07,1218,13084,,5,5,6,5002,0,0,0,,0,0Y2,"I ST","RT 132",25.00,W,N,A,-,Y,STA,10,132,-,L,15.240,I,6,E,N,4,0,2,2,A,-,03,22350,,N,C,C,A,A,H,-,A,A,0,,,,,Y,,A,,0,0,2,0,0,0,0,0,0,"- ","- ",,,STANISLAUS,MODESTO,-121.00101780999999,37.639566899999998
8407110,2017,2018-06-11,5002,2017-07-14,1251,11758,120,5,5,6,5002,0,0,0,,0,082,"EAST BRIGGSMORE AV","RT 108",51.00,E,N,A,-,Y,STA,10,108,-,-,24.810,I,6,E,Y,4,0,1,2,A,-,04,21703,,N,C,C,A,A,H,-,A,A,0,,,,,Y,,A,,0,0,1,0,0,0,0,0,0,"- ","- ",,,STANISLAUS,MODESTO,-120.99411994,37.670508959999999
8407525,2017,2017-07-26,5007,2017-05-27,2123,5753,TPD,6,5,5,5007,0,0,0,,0,005,"NORTH GOLDEN STATE BL","NORTH CENTER ST",0.00,,Y,A,-,N,,,,,,,,,,N,4,0,3,2,A,-,09,21801,,N,D,C,A,A,H,-,C,D,0,,,,,Y,,A,01,0,0,3,0,0,0,0,0,0,"- ","- ",,,STANISLAUS,TURLOCK,-120.84838990999999,37.497819960000001
8407898,2017,2017-07-21,5007,2017-06-23,1029,5724,,5,5,5,5007,0,0,0,,0,005,"WEST HAWKEYE AV","DONNELLY PARK DR",488.00,E,N,A,-,N,,,,,,,,,,N,3,0,1,2,A,-,10,21954,B,N,G,B,D,A,H,-,A,D,0,Y,,,,Y,,A,07,0,1,0,0,1,0,0,0,0,"- ","- ",,,STANISLAUS,TURLOCK,-120.85142779,37.507290009999998
8410561,2017,2017-07-28,5007,2017-07-07,2154,5755,,5,5,5,5007,0,0,0,,0,005,"CANAL DR","OLIVE AV",0.00,,Y,A,-,N,,,,,,,,,,Y,4,0,3,2,A,-,12,21453,A,N,D,C,A,A,H,-,C,A,0,,,,,Y,,A,01,0,0,3,0,0,0,0,0,0,"- ","- ",,,STANISLAUS,TURLOCK,-120.84014000000001,37.500289940000002
8411287,2017,2017-07-27,5002,2017-07-01,1626,13039,259,6,5,6,5002,0,0,0,,0,081,"HELEN AV","SUNRISE AV",0.00,,Y,A,-,N,,,,,,,,,,Y,4,0,3,2,A,-,12,22450,,F,D,C,A,A,H,-,A,D,0,,,,,Y,,A,,0,0,3,0,0,0,0,0,0,"- ","- ",,,STANISLAUS,MODESTO,-120.98469996,37.654539929999999
8411288,2017,2017-07-26,5002,2017-07-10,1003,10228,M269,1,5,6,5002,0,0,0,,0,071,"COFFEE RD","EAST ORANGEBURG AV",147.00,N,N,A,-,N,,,,,,,,,,Y,4,0,1,2,A,-,09,21804,A,N,D,C,A,A,H,-,A,D,0,,,,,Y,,A,,0,0,1,0,0,0,0,0,0,"- ","- ",,,STANISLAUS,MODESTO,-120.97568486,37.663953669999998
8411296,2017,2017-07-26,5002,2017-07-10,2001,13053,094,1,5,6,5002,0,0,0,,0,0G2,"WEST BRIGGSMORE AV","CARVER RD",0.00,,Y,A,-,N,,,,,,,,,,Y,3,0,2,1,A,-,03,22350,,N,E,I,A,A,H,-,A,A,0,,,,,Y,,D,,0,2,0,0,0,0,0,0,0,"- ","- ",,,STANISLAUS,MODESTO,-121.0221399,37.671489950000002
8411299,2017,2017-07-27,5002,2017-07-05,1209,11773,M166,3,5,6,5002,0,0,0,,0,072,"CLAUS RD",BRIGGSMORE,241.00,N,N,A,-,N,,,,,,,,,,Y,2,0,2,2,A,-,05,21650,,N,A,C,A,A,H,-,A,D,0,,,,,Y,,A,,1,1,0,0,0,0,0,0,0,"- ","- ",,,STANISLAUS,MODESTO,-120.92130596,37.667561689999999
8411308,2017,2017-07-26,5002,2017-07-09,1304,13084,,7,5,6,5002,0,0,0,,0,061,"WEST BRIGGSMORE AV","WEST ORANGEBURG AV",0.00,,Y,A,-,N,,,,,,,,,,N,4,0,2,3,A,-,12,21453,A,N,A,C,A,A,H,-,A,A,0,,,,,Y,,A,,0,0,2,0,0,0,0,0,0,"- ","- ",,,STANISLAUS,MODESTO,-121.03137999,37.667789890000002
8411315,2017,2017-07-27,5002,2017-07-09,1758,10751,,7,5,6,5002,0,0,0,,0,032,"TUOLUMNE BL","SUNSET BL",0.00,,Y,A,-,N,,,,,,,,,,Y,4,0,2,2,A,-,09,21802,A,N,D,C,A,A,H,-,A,A,0,,,,,Y,,A,,0,0,2,0,0,0,0,0,0,"- ","- ",,,STANISLAUS,MODESTO,-121.00258993,37.627819909999999
8411335,2017,2017-07-27,5002,2017-07-15,1244,13084,,6,5,6,5002,0,0,0,,0,041,"14TH ST","J ST",0.00,,Y,A,-,N,,,,,,,,,,Y,4,0,2,2,A,-,12,21453,A,N,D,C,A,A,H,-,A,A,0,,,,,Y,,A,,0,0,2,0,0,0,0,0,0,"- ","- ",,,STANISLAUS,MODESTO,-120.9965,37.64339992
8411344,2017,2017-07-26,5002,2017-07-13,0839,13067,,4,5,6,5002,0,0,0,,0,072,"CELESTE DR","COFFEE RD",195.00,E,N,A,-,N,,,,,,,,,,Y,4,0,1,2,A,-,09,21801,A,N,H,C,A,A,H,-,A,D,0,,,,,Y,,A,,0,0,1,0,0,0,0,0,0,"- ","- ",,,STANISLAUS,MODESTO,-120.97505638,37.671852889999997
8411425,2017,2017-07-28,5001,2017-07-11,1445,833,A008,2,5,4,5001,0,0,0,,0,004,"EAST WHITMORE AV","RAILROAD AV",343.00,W,N,A,-,N,,,,,,,,,,N,4,0,1,2,A,-,03,22350,,F,C,D,A,A,H,-,A,D,0,,,,,Y,,A,07,0,0,1,0,0,0,0,0,0,"- ","- ",37.594819999999999,-120.96606,STANISLAUS,CERES,-120.96423513000001,37.594728959999998
8417120,2017,2017-07-31,5001,2017-07-24,1901,747,A201,1,5,4,5001,0,0,0,,0,001,"HATCH RD",MOFFETT,0.00,,Y,A,-,N,,,,,,,,,,Y,4,0,3,2,A,-,08,22107,,N,D,C,A,A,H,-,A,A,0,,,,,Y,,A,01,0,0,3,0,0,0,0,0,0,"- ","- ",37.609290000000001,-120.94790999999999,STANISLAUS,CERES,-120.94790988,37.609279899999997
8420924,2017,2018-06-11,5006,2017-07-31,0844,S01836,RPS,1,5,3,5006,0,0,0,,0,RPD1,"RT 108","TOPEKA ST",0.00,,Y,A,-,Y,STA,10,108,-,-,32.080,I,5,E,Y,4,0,1,2,A,-,09,21801,A,N,A,C,A,A,H,-,A,D,0,,,,,Y,,D,22,0,0,1,0,0,0,0,0,0,"- ","- ",,,STANISLAUS,RIVERBANK,-120.94504732999999,37.737197260000002
8423329,2017,2017-08-16,5007,2017-07-16,2349,5760,,7,5,5,5007,0,0,0,,0,003,"W MAIN RD","FRANSIL LN",604.00,W,N,A,-,N,,,,,,,,,,Y,4,0,1,1,A,-,03,22350,,N,E,I,A,A,H,-,C,D,0,,,,,Y,,-,"- ",0,0,1,0,0,0,0,0,0,"- ","- ",,,STANISLAUS,TURLOCK,-120.89204171,37.492660000000001
8423333,2017,2017-08-16,5007,2017-07-20,1358,5770,,4,5,5,5007,0,0,0,,0,003,"VERMONT AV","SPRUCE ST",0.00,,Y,A,-,N,,,,,,,,,,Y,4,0,1,2,A,-,09,21802,A,N,D,C,A,A,H,-,A,D,0,,,,,Y,,A,01,0,0,1,0,0,0,0,0,0,"- ","- ",,,STANISLAUS,TURLOCK,-120.85352,37.487979930000002
8423597,2017,2018-04-10,5005,2017-04-22,1240,SF62,PATTE,6,5,3,5005,0,0,0,,0,316,"RT 33","SPERRY AV",0.00,,Y,A,-,Y,STA,10,33,-,-,12.571,I,5,N,Y,3,0,2,3,A,-,09,21802,A,N,D,C,A,A,H,-,A,A,0,,,,,Y,,-,"- ",0,1,1,0,0,0,0,0,0,"- ","- ",,,STANISLAUS,PATTERSON,-121.12331608,37.464376299999998
8424184,2017,2017-08-15,5002,2017-08-01,1639,696,B201,2,5,6,5002,0,0,0,,0,003,"EAST HATCH RD","MOFFETT RD",351.00,W,N,A,-,N,,,,,,,,,,Y,4,0,1,2,A,-,03,22350,,N,C,C,A,A,H,-,A,A,0,,,,,Y,,D,22,0,0,1,0,0,0,0,0,0,"- ","- ",37.609290000000001,-120.94790999999999,STANISLAUS,MODESTO,-120.94912164,37.609276629999997
8424559,2017,2017-11-18,5001,2017-07-28,2213,696,A201,5,5,4,5001,0,0,0,,0,001,"MOFFETT RD","HATCH RD",30.00,N,N,A,-,N,,,,,,,,,,Y,4,0,1,2,A,-,01,23152,,N,C,C,A,A,H,-,C,A,0,,,,,Y,Y,A,01,0,0,1,0,0,0,0,0,0,"- ","- ",37.605820000000001,-120.94789,STANISLAUS,CERES,-120.94790999999999,37.609362390000001
8427178,2017,2017-08-16,5005,2017-03-23,1534,S01906,PATTE,4,5,3,5005,0,0,0,,0,3L1,"AMERICAN EAGLE","SPERRY AV",26.00,N,N,B,-,N,,,,,,,,,,N,3,0,1,3,A,-,07,21658,A,N,B,C,A,A,H,-,A,A,0,,,,,Y,,A,01,0,1,0,0,0,0,0,0,0,"- ","- ",,,STANISLAUS,PATTERSON,-121.14975776999999,37.464551389999997
8428051,2017,2017-08-15,5007,2017-07-21,1113,6912,5007,5,5,5,5007,0,0,0,,0,001,"GEER RD","REGIS ST",371.00,N,N,A,-,N,,,,,,,,,,Y,3,0,1,2,A,-,07,21658,A,N,B,C,A,A,H,-,A,D,0,,,,,Y,,A,01,0,1,0,0,0,0,0,0,0,"- ","- ",,,STANISLAUS,TURLOCK,-120.84898,37.520368750000003
8428551,2017,2017-08-18,5001,2017-08-04,1928,821,A100,5,5,4,5001,0,0,0,,0,001,"CASWELL AV","5TH ST",104.00,E,N,B,-,N,,,,,,,,,,Y,3,0,2,2,A,-,01,23152,A,N,A,C,A,A,H,-,A,A,0,,,,,Y,Y,D,73,0,2,0,0,0,0,0,0,0,"- ","- ",37.599589999999999,-120.95144999999999,STANISLAUS,CERES,-120.95189126,37.599860040000003
8429572,2017,2018-05-22,5002,2017-08-08,1333,10751,,2,5,6,5002,0,0,0,,0,041,"RT 132","SOUTH ORANGE ST",288.00,W,N,A,-,Y,STA,10,132,-,-,15.570,H,-,E,Y,4,0,1,2,A,-,03,22350,,N,C,C,A,A,H,-,A,A,0,,,,Y,Y,,D,,0,0,1,0,0,0,0,0,0,"- ","- ",,,STANISLAUS,MODESTO,-120.98564601,37.637352229999998
8431277,2017,2017-09-12,5004,2017-06-24,1900,268,RD55,6,5,3,5004,0,0,0,,0,00W,"RANGER ST","GREGOR ST",0.00,,Y,A,-,N,,,,,,,,,,Y,3,0,1,1,A,-,03,22350,,N,E,I,A,A,H,-,A,D,0,,,,,Y,,A,01,0,1,0,0,0,0,0,0,0,"- ","- ",37.754219999999997,-120.85856,STANISLAUS,OAKDALE,-120.85855993,37.75423997
8431707,2017,2017-09-27,5002,2017-08-28,1056,11084,M180,1,5,6,5002,0,0,0,,0,061,"CARVER RD","PRINCETON AV",0.00,,Y,A,-,N,,,,,,,,,,N,3,0,1,2,A,-,05,21650,,N,D,G,A,A,H,-,A,D,0,,Y,,,Y,,L,,0,1,0,0,0,0,1,0,0,"- ","- ",,,STANISLAUS,MODESTO,-121.0219299,37.65685998
8431924,2017,2017-08-18,5002,2017-07-31,2012,13066,,1,5,6,5002,0,0,0,,0,041,"I ST","16TH ST",0.00,,Y,A,-,N,,,,,,,,,,Y,2,0,1,2,A,-,10,21950,A,N,G,B,B,A,H,-,A,D,0,Y,,,,Y,,A,,1,0,0,0,1,0,0,0,0,"- ","- ",,,STANISLAUS,MODESTO,-120.99351996,37.643879900000002