CASE_ID,ACCIDENT_YEAR,PROC_DATE,JURIS,COLLISION_DATE,COLLISION_TIME,OFFICER_ID,REPORTING_DISTRICT,DAY_OF_WEEK,CHP_SHIFT,POPULATION,CNTY_CITY_LOC,SPECIAL_COND,BEAT_TYPE,CHP_BEAT_TYPE,CITY_DIVISION_LAPD,CHP_BEAT_CLASS,BEAT_NUMBER,PRIMARY_RD,SECONDARY_RD,DISTANCE,DIRECTION,INTERSECTION,WEATHER_1,WEATHER_2,STATE_HWY_IND,CALTRANS_COUNTY,CALTRANS_DISTRICT,STATE_ROUTE,ROUTE_SUFFIX,POSTMILE_PREFIX,POSTMILE,LOCATION_TYPE,RAMP_INTERSECTION,SIDE_OF_HWY,TOW_AWAY,COLLISION_SEVERITY,NUMBER_KILLED,NUMBER_INJURED,PARTY_COUNT,PRIMARY_COLL_FACTOR,PCF_CODE_OF_VIOL,PCF_VIOL_CATEGORY,PCF_VIOLATION,PCF_VIOL_SUBSECTION,HIT_AND_RUN,TYPE_OF_COLLISION,MVIW,PED_ACTION,ROAD_SURFACE,ROAD_COND_1,ROAD_COND_2,LIGHTING,CONTROL_DEVICE,CHP_ROAD_TYPE,PEDESTRIAN_ACCIDENT,BICYCLE_ACCIDENT,MOTORCYCLE_ACCIDENT,TRUCK_ACCIDENT,NOT_PRIVATE_PROPERTY,ALCOHOL_INVOLVED,STWD_VEHTYPE_AT_FAULT,CHP_VEHTYPE_AT_FAULT,COUNT_SEVERE_INJ,COUNT_VISIBLE_INJ,COUNT_COMPLAINT_PAIN,COUNT_PED_KILLED,COUNT_PED_INJURED,COUNT_BICYCLIST_KILLED,COUNT_BICYCLIST_INJURED,COUNT_MC_KILLED,COUNT_MC_INJURED,PRIMARY_RAMP,SECONDARY_RAMP,LATITUDE,LONGITUDE,COUNTY,CITY,POINT_X,POINT_Y
84401800,2024,2024-09-20,5002,2024-08-19,1136,13018,,1,5,6,5002,0,0,0,,0,061,"ORANGEBURG AVE","MARTIN AVE",595.00,E,N,A,-,N,,,,,,,,,,Y,3,0,2,2,A,-,01,23152,A,N,G,B,F,A,H,-,A,D,0,Y,,,,Y,Y,A,01,0,1,1,0,1,0,0,0,0,"- ","- ",,,STANISLAUS,MODESTO,-121.02359771728516,37.664169311523438
84401810,2024,2024-09-20,5002,2024-09-02,1402,13399,,1,5,6,5002,0,0,0,,0,031,"WHITMORE AVE","DALLAS ST",0.00,,Y,A,-,N,,,,,,,,,,Y,3,0,1,2,A,-,09,21801,A,N,D,C,A,A,H,-,A,A,0,,,Y,,Y,,A,01,0,1,0,0,0,0,0,0,1,"- ","- ",37.59490966796875,-121.0015869140625,STANISLAUS,MODESTO,-121.00138854980469,37.594997406005859
84405299,2024,2024-09-24,5001,2024-09-20,"754 ",821,,5,5,4,5001,0,0,0,,0,005,"WHITMORE AVE","MITCHELL RD",67.00,E,N,A,-,N,,,,,,,,,,N,4,0,4,3,A,-,03,22350,,N,C,C,A,A,H,-,A,A,0,,,,,Y,,A,01,0,0,4,0,0,0,0,0,0,"- ","- ",,,STANISLAUS,CERES,-120.93846893310547,37.594753265380859
84405408,2024,2024-09-24,5002,2024-06-13,2131,13201,,4,5,6,5002,0,0,0,,0,032,"SUTTER AVE","PELTON AVE",0.00,,Y,A,-,N,,,,,,,,,,Y,4,0,1,2,A,-,01,23152,A,N,D,C,A,A,H,-,C,D,0,,,,,Y,Y,A,01,0,0,1,0,0,0,0,0,0,"- ","- ",37.616500854492188,-121.01246643066406,STANISLAUS,MODESTO,-121.01178741455078,37.616527557373047
84405428,2024,2024-09-24,5002,2024-08-04,"410 ",13516,,7,5,6,5002,0,0,0,,0,082,"BRIGGSMORE AVE","COLLEGE AVE",645.00,E,N,A,-,N,,,,,,,,,,Y,4,0,2,2,A,-,09,21804,A,N,D,C,A,A,H,-,C,D,0,,,,,Y,,A,01,0,0,2,0,0,0,0,0,0,"- ","- ",37.670368194580078,-121.00775909423828,STANISLAUS,MODESTO,-121.00545501708984,37.67047119140625
84405429,2024,2024-09-24,5002,2024-08-05,1538,13541,,1,5,6,5002,0,0,0,,0,071,"ROSE AVE","LOCKE RD",5.00,N,N,A,-,N,,,,,,,,,,N,3,0,1,2,A,-,09,21801,A,N,A,C,A,A,H,-,A,D,0,,,,,Y,,D,22,0,1,0,0,0,0,0,0,0,"- ","- ",37.653999328613281,-120.96646881103516,STANISLAUS,MODESTO,-120.96649169921875,37.654052734375
84405431,2024,2024-09-24,5002,2024-08-06,1205,11053,,2,5,6,5002,0,0,0,,0,063,"DALE RD","HEALTH CARE WAY",0.00,,Y,A,-,N,,,,,,,,,,Y,4,0,1,2,A,-,12,21453,A,N,D,C,A,A,H,-,A,A,0,,,,,Y,,A,07,0,0,1,0,0,0,0,0,0,"- ","- ",37.708808898925781,-121.05013275146484,STANISLAUS,MODESTO,-121.05010986328125,37.708675384521484
84405449,2024,2024-09-24,5002,2024-09-10,"729 ",13300,,2,5,6,5002,0,0,0,,0,071,"SCENIC DR","ROSE AVE",570.00,W,N,A,-,N,,,,,,,,,,Y,4,0,2,2,A,-,01,23152,A,N,D,C,A,A,H,-,A,D,0,,,,,Y,Y,A,01,0,0,2,0,0,0,0,0,0,"- ","- ",37.651378631591797,-120.96645355224609,STANISLAUS,MODESTO,-120.96836090087891,37.650974273681641
84407156,2024,2024-09-25,5002,2024-08-23,1654,13355,,5,5,6,5002,0,0,0,,0,043,"ENCINA AVE","EL VISTA AVE",0.00,,Y,A,-,N,,,,,,,,,,N,4,0,2,3,A,-,12,21453,A,N,D,C,A,A,H,-,A,A,0,,,,,Y,,A,07,0,0,2,0,0,0,0,0,0,"- ","- ",37.645229339599609,-120.95735168457031,STANISLAUS,MODESTO,-120.95726013183594,37.645236968994141
8440744,2017,2017-09-28,5007,2017-09-02,1133,6912,5007,6,5,5,5007,0,0,0,,0,003,"TULLY RD","ASPENWOOD DR",35.00,S,N,A,-,N,,,,,,,,,,N,4,0,1,2,A,-,03,22350,,N,C,C,A,A,H,-,A,D,0,,,,,Y,,E,22,0,0,1,0,0,0,0,0,0,"- ","- ",,,STANISLAUS,TURLOCK,-120.87177,37.502303879999999
84410226,2024,2024-09-27,5001,2024-09-22,2119,930,,7,5,4,5001,0,0,0,,0,,"MITCHELL RD","SERVICE RD",0.00,,Y,A,-,N,,,,,,,,,,N,4,0,1,2,A,-,11,21456,B,N,D,G,A,A,H,-,C,A,0,,Y,,Y,Y,,L,04,0,0,1,0,0,0,1,0,0,"- ","- ",,,STANISLAUS,CERES,-120.93872833251953,37.580245971679688
8441310,2017,2017-09-21,5007,2017-08-22,0252,5762,5007,2,5,5,5007,0,0,0,,0,001,"HILLSDALE DR","GERALD CT",13.00,W,N,A,-,N,,,,,,,,,,Y,4,0,1,1,A,-,03,22350,,N,A,I,A,A,H,-,C,A,0,,,,,Y,,A,01,0,0,1,0,0,0,0,0,0,"- ","- ",,,STANISLAUS,TURLOCK,-120.84339481000001,37.525219129999996
8441322,2017,2017-09-21,5007,2017-08-27,0835,5602,,7,5,5,5007,0,0,0,,0,001,"GEER RD","EAST CHRISTOFFERSEN PKWY",627.00,S,N,A,-,N,,,,,,,,,,Y,4,0,1,5,A,-,08,22107,,N,C,E,A,A,H,-,A,D,0,,,,,Y,,A,01,0,0,1,0,0,0,0,0,0,"- ","- ",,,STANISLAUS,TURLOCK,-120.84905048,37.527668390000002
8441326,2017,2017-09-21,5007,2017-08-29,1134,6743,5007,2,5,5,5007,0,0,0,,0,003,"FULKERTH RD","FRANSIL LN",0.00,,Y,A,-,N,,,,,,,,,,N,3,0,2,2,A,-,09,21802,A,N,D,C,A,A,H,-,A,A,0,,,,,Y,,A,01,0,1,1,0,0,0,0,0,0,"- ","- ",,,STANISLAUS,TURLOCK,-120.88996988,37.507249880000003
8441330,2017,2017-09-21,5007,2017-08-30,0801,5778,,3,5,5,5007,0,0,0,,0,005,"SOUTH 1ST ST","C ST",0.00,,Y,A,-,N,,,,,,,,,,Y,3,0,1,2,A,-,12,22450,A,M,B,C,A,A,H,-,A,D,0,,,Y,,Y,Y,C,02,0,1,0,0,0,0,0,0,1,"- ","- ",,,STANISLAUS,TURLOCK,-120.8435099,37.490769929999999
84415811,2024,2024-10-02,5002,2024-08-20,"830 ",13225,,2,5,6,5002,0,0,0,,0,033,"5TH ST","I ST",162.00,N,N,A,-,N,,,,,,,,,,N,4,0,1,2,A,-,07,21658,A,N,B,C,A,A,H,-,A,A,0,,,,,Y,,A,01,0,0,1,0,0,0,0,0,0,"- ","- ",37.635978698730469,-121.00389862060547,STANISLAUS,MODESTO,-121.0042724609375,37.636283874511719
84417363,2024,2024-10-03,5002,2024-08-17,2019,13522,,6,5,6,5002,0,0,0,,0,082,"BRIGGSMORE AVE","COLLEGE AVE",0.00,,Y,A,-,N,,,,,,,,,,Y,3,0,5,2,A,-,12,21453,A,N,A,C,A,A,H,-,C,A,0,,,,,Y,,A,01,0,4,1,0,0,0,0,0,0,"- ","- ",37.670368194580078,-121.00775909423828,STANISLAUS,MODESTO,-121.00768280029297,37.670490264892578
8441795,2017,2017-09-18,5002,2017-08-31,0025,13080,5002,4,5,6,5002,0,0,0,,0,041,"H ST","13TH ST",200.00,N,N,A,-,N,,,,,,,,,,Y,3,0,1,1,E,-,24,,,N,F,I,A,A,H,-,C,D,0,,,,,Y,,A,,0,1,0,0,0,0,0,0,0,"- ","- ",,,STANISLAUS,MODESTO,-120.99465991,37.64107886
8441814,2017,2017-09-18,5002,2017-08-16,1714,11402,M320,3,5,6,5002,0,0,0,,0,043,"HADDON AV","KINGSTON LN",74.00,E,N,A,-,N,,,,,,,,,,N,2,0,1,2,A,-,03,22350,,N,D,C,A,A,H,-,A,D,0,,,Y,,Y,,C,,1,0,0,0,0,0,0,0,1,"- ","- ",,,STANISLAUS,MODESTO,-120.94981444,37.641750000000002
84422226,2024,2024-10-08,5001,2024-10-06,2015,915,,7,5,4,5001,0,0,0,,0,003,"HATCH RD","MITCHELL RD",0.00,,Y,A,-,N,,,,,,,,,,N,4,0,1,1,A,-,03,22350,,N,F,A,A,A,B,-,C,D,0,,,Y,,Y,,C,02,0,0,1,0,0,0,0,0,1,"- ","- ",,,STANISLAUS,CERES,-120.93875122070312,37.609317779541016
84423868,2024,2024-10-09,5001,2024-10-05,1718,948,,6,5,4,5001,0,0,0,,0,001,"HATCH RD","RICHLAND AVE",740.00,W,N,A,-,N,,,,,,,,,,Y,4,0,5,2,D,-,00,,,N,D,C,A,A,H,-,A,A,0,,,,,Y,,-,"- ",0,0,5,0,0,0,0,0,0,"- ","- ",,,STANISLAUS,CERES,-120.96875762939453,37.609230041503906
8442661,2017,2017-09-01,5007,2017-08-13,0138,5765,5007,7,5,5,5007,0,0,0,,0,003,"S ORANGE AV","HIGH ST",0.00,,Y,A,-,N,,,,,,,,,,Y,3,0,1,3,A,-,12,22450,,N,D,C,A,-,H,-,C,A,0,,,,,Y,,A,01,0,1,0,0,0,0,0,0,0,"- ","- ",,,STANISLAUS,TURLOCK,-120.85265989,37.4904899
84427089,2024,2024-10-11,5006,2024-09-27,1913,S04631,,5,5,3,5006,0,0,0,,0,RPD,"CHANCELLOR WAY","SAXON WAY",62.00,S,N,A,-,N,,,,,,,,,,Y,3,0,1,3,A,-,01,23152,A,F,B,C,A,A,H,-,B,D,0,,,,,Y,Y,A,01,0,1,0,0,0,0,0,0,0,"- ","- ",37.724430084228516,-120.95433807373047,STANISLAUS,RIVERBANK,-120.95442962646484,37.724048614501953
8442742,2017,2017-08-31,5007,2017-08-07,1942,5755,,1,5,5,5007,0,0,0,,0,005,"NORTH PALM ST","EAST HAWKEYE AV",24.00,S,N,A,-,N,,,,,,,,,,N,3,0,1,2,A,-,09,21801,A,N,D,G,A,A,H,-,A,D,0,,Y,,,Y,,A,01,0,1,0,0,0,0,1,0,0,"- ","- ",,,STANISLAUS,TURLOCK,-120.84657897,37.507244100000001
8442746,2017,2017-08-31,5007,2017-08-06,1641,5757,,7,5,5,5007,0,0,0,,0,001,"DRIVE WY","IVORY LN",116.00,W,N,A,-,N,,,,,,,,,,N,4,0,1,2,A,-,00,22106,A,N,D,E,A,A,H,-,A,D,0,,,,,Y,,A,01,0,0,1,0,0,0,0,0,0,"- ","- ",,,STANISLAUS,TURLOCK,,
84428680,2024,2024-10-14,5002,2024-08-22,"828 ",11248,,4,5,6,5002,0,0,0,,0,072,"COFFEE RD","ATHENS AVE",427.00,S,N,A,-,N,,,,,,,,,,Y,4,0,2,3,A,-,03,22350,,N,C,C,A,A,H,-,A,A,0,,,,,Y,,A,01,0,0,2,0,0,0,0,0,0,"- ","- ",37.673820495605469,-120.97604370117188,STANISLAUS,MODESTO,-120.97574615478516,37.672847747802734
84432586,2024,2024-10-16,5002,2024-07-22,1939,13513,,1,5,6,5002,0,0,0,,0,062,"PLAZA PARKWAY","SISK RD",345.00,E,N,A,-,N,,,,,,,,,,N,4,0,1,2,A,-,09,21801,A,F,C,C,A,A,H,-,A,A,0,,,,,Y,,A,01,0,0,1,0,0,0,0,0,0,"- ","- ",37.671051025390625,-121.03830718994141,STANISLAUS,MODESTO,-121.03739929199219,37.671695709228516
8443450,2017,2017-09-06,5002,2017-08-26,0639,13106,,6,5,6,5002,0,0,0,,0,033,SPRUCE,"MARTIN LUTHER KING DR",300.00,E,N,A,-,N,,,,,,,,,,N,3,0,1,2,A,-,03,22350,,F,G,B,E,A,B,-,D,D,0,Y,,,,Y,,A,,0,1,0,0,1,0,0,0,0,"- ","- ",,,STANISLAUS,MODESTO,-121.01084435999999,37.634519150000003
8443458,2017,2017-09-06,5002,2017-08-28,0741,13067,,1,5,6,5002,0,0,0,,0,073,"ROSELLE AV","HILLGLEN AV",0.00,,Y,A,-,N,,,,,,,,,,N,4,0,1,2,A,-,05,21650,1,N,B,G,A,A,D,-,A,D,0,,Y,,,Y,,L,,0,0,1,0,0,0,1,0,0,"- ","- ",,,STANISLAUS,MODESTO,-120.93976992,37.685379990000001
8443470,2017,2017-09-06,5002,2017-08-20,1015,11751,M151,7,5,6,5002,0,0,0,,0,073,"SYLVAN AV","MILLBROOK AV",0.00,,Y,A,-,N,,,,,,,,,,N,3,0,1,2,A,-,09,21803,A,N,D,G,A,A,H,-,A,D,0,,Y,,,Y,,A,,0,1,0,0,0,0,1,0,0,"- ","- ",,,STANISLAUS,MODESTO,-120.935311,37.688901999999999
8443486,2017,2017-09-06,5002,2017-08-08,1522,13084,,2,5,6,5002,0,0,0,,0,041,"12TH ST","E ST",0.00,,Y,A,-,N,,,,,,,,,,Y,4,0,1,2,A,-,12,22450,A,N,D,C,A,A,H,-,A,A,0,,,,,Y,,A,,0,0,1,0,0,0,0,0,0,"- ","- ",,,STANISLAUS,MODESTO,-120.99268988,37.637119890000001
8443505,2017,2017-09-07,5002,2017-08-24,1034,13043,444,4,5,6,5002,0,0,0,,0,042,"MILLER AV","PHOENIX AV",12.00,E,N,A,-,N,,,,,,,,,,Y,4,0,1,3,A,-,03,22350,,N,C,C,A,A,H,-,A,A,0,,,,,Y,,-,,0,0,1,0,0,0,0,0,0,"- ","- ",,,STANISLAUS,MODESTO,-120.96227856,37.640079559999997
8443517,2017,2017-09-08,5002,2017-08-24,2340,11789,166,4,5,6,5002,0,0,0,,0,072,"BRIGGSMORE AV","CLAUS RD",0.00,,Y,A,-,N,,,,,,,,,,Y,4,0,1,2,A,-,12,21453,A,M,A,C,A,A,H,-,C,A,0,,,,,Y,,-,,0,0,1,0,0,0,0,0,0,"- ","- ",,,STANISLAUS,MODESTO,-120.92128997,37.666899970000003
84435822,2024,2024-10-18,5006,2024-10-04,1913,S04631,,5,5,3,5006,0,0,0,,0,RPD,"PATTERSON RD","PALMER AVE",638.00,W,N,A,-,Y,,,,,,,,,,Y,3,0,2,2,A,-,01,23152,A,N,D,C,A,A,H,-,B,A,0,,,,,Y,Y,A,01,0,2,0,0,0,0,0,0,0,"- ","- ",37.732688903808594,-120.94499969482422,STANISLAUS,RIVERBANK,-120.94492340087891,37.732719421386719
84443481,2024,2024-10-24,5002,2024-09-27,"921 ",11531,,5,5,6,5002,0,0,0,,0,041,"I ST","15TH ST",0.00,,Y,A,-,N,,,,,,,,,,N,4,0,2,2,A,-,09,21802,A,N,D,C,A,A,H,-,A,A,0,,,,,Y,,A,01,0,0,2,0,0,0,0,0,0,"- ","- ",37.643020629882812,-120.99490356445312,STANISLAUS,MODESTO,-120.99443054199219,37.643119812011719
84446425,2024,2024-10-28,5006,2024-10-11,1721,129,,5,5,3,5006,0,0,0,,0,RPD,"CLAUS RD","DAVIS AVE",239.00,S,N,A,-,N,,,,,,,,,,N,3,0,2,3,A,-,03,22350,,N,C,C,A,A,H,-,A,D,0,,,,,Y,,A,01,0,1,1,0,0,0,0,0,0,"- ","- ",,,STANISLAUS,RIVERBANK,-120.92190551757812,37.712974548339844
84448529,2024,2024-10-29,5002,2024-10-16,1958,13204,,3,5,6,5002,0,0,0,,0,072,"ROSE AVE","ARROYO WAY",0.00,,Y,A,-,N,,,,,,,,,,Y,4,0,1,3,A,-,04,21703,,N,C,C,A,A,H,-,C,A,0,,,,Y,Y,,F,26,0,0,1,0,0,0,0,0,0,"- ","- ",,,STANISLAUS,MODESTO,-120.96669006347656,37.668922424316406
84450203,2024,2024-10-30,5002,2024-08-26,1705,13398,,1,5,6,5002,0,0,0,,0,033,"CALIFORNIA AVE","CARPENTER RD",40.00,E,N,A,-,N,,,,,,,,,,Y,4,0,2,2,A,-,08,22100,A,N,A,C,A,A,H,-,A,D,0,,,,,Y,,A,01,0,0,2,0,0,0,0,0,0,"- ","- ",37.631389617919922,-121.03054809570312,STANISLAUS,MODESTO,-121.03041076660156,37.631401062011719
84450204,2024,2024-10-30,5002,2024-08-29,1344,13262,,4,5,6,5002,0,0,0,,0,043,"SR 132 (YOSEMITE BLVD)","RIVERSIDE RD",400.00,W,N,A,-,Y,,,,,,,,,,Y,3,0,2,2,A,-,09,21804,A,N,D,C,A,A,H,-,A,D,0,,,Y,,Y,,A,01,0,1,1,0,0,0,0,0,1,"- ","- ",,,STANISLAUS,MODESTO,-120.949462890625,37.638141632080078
84450218,2024,2024-10-30,5002,2024-09-04,1645,13136,,3,5,6,5002,0,0,0,,0,042,"PARRY AVE","MILLER AVE",0.00,,Y,A,-,N,,,,,,,,,,Y,3,0,2,3,A,-,12,22450,A,N,D,E,A,A,H,-,A,A,0,,,,,Y,,A,07,0,2,0,0,0,0,0,0,0,"- ","- ",37.640071868896484,-120.95960235595703,STANISLAUS,MODESTO,-120.95951843261719,37.640052795410156
84450237,2024,2024-10-30,5002,2024-09-17,1547,13096,,2,5,6,5002,0,0,0,,0,073,"PALMWOOD DR","DAMPY CT",75.00,S,N,A,-,N,,,,,,,,,,N,4,0,1,2,A,-,11,21954,A,N,G,B,D,A,H,-,A,D,0,Y,,,Y,Y,,N,60,0,0,1,0,1,0,0,0,0,"- ","- ",37.689929962158203,-120.96492767333984,STANISLAUS,MODESTO,-120.96478271484375,37.689975738525391
84450257,2024,2024-10-30,5002,2024-09-24,"823 ",13580,,2,5,6,5002,0,0,0,,0,032,"SUTTER AVE","SOUTH AVE",360.00,S,N,A,-,N,,,,,,,,,,N,4,0,1,2,A,-,08,22107,,N,B,C,A,A,H,-,A,D,0,,,,,Y,,A,01,0,0,1,0,0,0,0,0,0,"- ","- ",37.624240875244141,-121.01177215576172,STANISLAUS,MODESTO,-121.01177215576172,37.623252868652344
84450265,2024,2024-10-30,5002,2024-10-01,"859 ",11754,,2,5,6,5002,0,0,0,,0,072,"COFFEE RD","CELESTE DR",75.00,N,N,A,-,N,,,,,,,,,,Y,3,0,3,4,A,-,09,21801,A,N,D,C,A,A,H,-,A,A,0,,,,,Y,,A,01,0,1,2,0,0,0,0,0,0,"- ","- ",37.671638488769531,-120.97602844238281,STANISLAUS,MODESTO,-120.97573852539062,37.672054290771484
84450268,2024,2024-10-30,5002,2024-10-03,1745,13136,,4,5,6,5002,0,0,0,,0,033,"ELM AVE","ITASCA CT",16.00,W,N,A,-,N,,,,,,,,,,Y,3,0,1,2,A,-,06,21751,,N,B,C,A,A,H,-,A,D,0,,,Y,,Y,,C,02,0,1,0,0,0,0,0,0,1,"- ","- ",37.643260955810547,-121.02648162841797,STANISLAUS,MODESTO,-121.02600860595703,37.643226623535156
84450275,2024,2024-10-30,5002,2024-10-08,"541 ",13384,,2,5,6,5002,0,0,0,,0,081,"ORANGEBURG AVE","COLLIER AVE",0.00,,Y,A,-,N,,,,,,,,,,Y,4,0,2,2,A,-,08,22107,,N,B,C,A,A,H,-,C,D,0,,,,,Y,,A,07,0,0,2,0,0,0,0,0,0,"- ","- ",37.663650512695312,-120.99121856689453,STANISLAUS,MODESTO,-120.9910888671875,37.663658142089844
84450278,2024,2024-10-30,5002,2024-10-09,2128,11529,,3,5,6,5002,0,0,0,,0,061,"CARPENTER RD","SB HWY 99 OFFRAMP",0.00,,Y,A,-,Y,,,,,,,,,,N,3,0,1,2,A,-,05,21650,1,F,D,G,A,A,H,-,C,A,0,,Y,,,Y,,L,04,0,1,0,0,0,0,1,0,0,"- ","- ",,,STANISLAUS,MODESTO,,
84450281,2024,2024-10-30,5002,2024-10-12,2345,13364,,6,5,6,5002,0,0,0,,0,042,"OAKSHIRE AVE","HADDON AVE",86.00,E,N,A,-,N,,,,,,,,,,Y,3,0,1,1,A,-,03,22350,,N,E,I,A,A,H,-,C,D,0,,,,,Y,,A,01,0,1,0,0,0,0,0,0,0,"- ","- ",37.641708374023438,-120.95850372314453,STANISLAUS,MODESTO,-120.95841979980469,37.641700744628906
84451814,2024,2024-10-31,5001,2024-10-28,1409,755,,1,5,4,5001,0,0,0,,0,004,"PINE ST","HAROLD AVE",0.00,,Y,A,-,N,,,,,,,,,,N,4,0,3,2,A,-,03,22350,,N,C,C,A,A,H,-,A,D,0,,,,,Y,,D,22,0,0,3,0,0,0,0,0,0,"- ","- ",,,STANISLAUS,CERES,-120.95494079589844,37.587059020996094
84451818,2024,2024-10-31,5001,2024-10-29,1545,755,,2,5,4,5001,0,0,0,,0,005,"9TH ST","ROEDING RD",0.00,,Y,A,-,N,,,,,,,,,,Y,4,0,2,3,A,-,12,22450,A,N,D,C,A,A,H,-,A,A,0,,,,,Y,,D,22,0,0,2,0,0,0,0,0,0,"- ","- ",,,STANISLAUS,CERES,-120.94786071777344,37.587482452392578
84453251,2024,2024-11-01,5001,2024-10-23,1336,938,,3,5,4,5001,0,0,0,,0,003,"WHITMORE AVE","LUNAR DR",0.00,,Y,A,-,N,,,,,,,,,,Y,3,0,3,2,A,-,09,21801,A,N,A,C,A,A,H,-,A,D,0,,,,,Y,,-,"- ",0,2,1,0,0,0,0,0,0,"- ","- ",,,STANISLAUS,CERES,-120.93400573730469,37.594799041748047
84455702,2024,2024-11-04,5002,2024-09-04,2107,13180,,3,5,6,5002,0,0,0,,0,042,"YOSEMITE BLVD","SEVERIN AVE",65.00,E,N,A,-,Y,STA,,132," "," ",16.456,H,,R,N,2,0,1,2,A,-,11,21950,B,F,G,B,D,A,H,-,C,D,0,Y,,,,Y,,N,60,1,0,0,0,1,0,0,0,0,"- ","- ",37.638179779052734,-120.96980285644531,STANISLAUS,MODESTO,-120.96980285644531,37.638153076171875
84455708,2024,2024-11-04,5002,2024-09-10,2117,13391,,2,5,6,5002,0,0,0,,0,071,"ORANGEBURG AVE","COFFEE RD",0.00,,Y,A,-,N,,,,,,,,,,Y,4,0,2,2,A,-,09,21453,C,N,A,C,A,A,H,-,C,A,0,,,,,Y,,A,01,0,0,2,0,0,0,0,0,0,"- ","- ",37.663349151611328,-120.97602844238281,STANISLAUS,MODESTO,-120.97567749023438,37.663551330566406
84459639,2024,2024-11-06,5002,2024-09-17,1126,13571,,2,5,6,5002,0,0,0,,0,041,"I ST","16TH ST",0.00,,Y,A,-,N,,,,,,,,,,Y,4,0,1,2,A,-,09,21802,A,N,D,C,A,A,H,-,A,A,0,,,,,Y,,A,01,0,0,1,0,0,0,0,0,0,"- ","- ",37.643730163574219,-120.99394226074219,STANISLAUS,MODESTO,-120.99347686767578,37.643840789794922
84459642,2024,2024-11-06,5002,2024-09-30,"530 ",13581,,1,5,6,5002,0,0,0,,0,041,"ALLEY EAST OF PLEASANT ST","JENNIE ST",106.00,N,N,A,-,N,,,,,,,,,,N,3,0,1,2,A,-,03,22350,,F,G,B,E,A,H,-,D,D,0,Y,,,,Y,,A,07,0,1,0,0,1,0,0,0,0,"- ","- ",37.638118743896484,-120.98696899414062,STANISLAUS,MODESTO,,
84467320,2024,2024-11-13,5002,2024-09-11,1622,13541,,3,5,6,5002,0,0,0,,0,041,"SR132 (9TH ST)","L ST",124.00,S,N,A,-,Y,STA,,132," ",L,14.983,H,,R,N,3,0,1,3,A,-,08,22107,,N,D,E,A,A,H,-,A,D,0,,,,,Y,,A,08,0,1,0,0,0,0,0,0,0,"- ","- ",37.641719818115234,-121.0035400390625,STANISLAUS,MODESTO,-121.00357055664062,37.641693115234375
84467325,2024,2024-11-13,5002,2024-09-17,"650 ",13462,,2,5,6,5002,0,0,0,,0,032,"G ST","4TH ST (N)",21.00,N,N,A,B,N,,,,,,,,,,N,3,0,1,2,A,-,10,21950,A,N,G,B,B,A,H,-,B,A,0,Y,,,,Y,,A,01,0,1,0,0,1,0,0,0,0,"- ","- ",37.665508270263672,-121.03795623779297,STANISLAUS,MODESTO,-121.03791809082031,37.665489196777344
84467332,2024,2024-11-13,5002,2024-09-26,1335,13462,,4,5,6,5002,0,0,0,,0,062,"SISK RD","RUMBLE RD",260.00,S,N,A,-,N,,,,,,,,,,N,4,0,1,2,A,-,09,21804,A,N,D,C,A,A,H,-,A,D,0,,,Y,,Y,,A,01,0,0,1,0,0,0,0,0,1,"- ","- ",37.682239532470703,-121.04985046386719,STANISLAUS,MODESTO,-121.04964447021484,37.681453704833984
84467342,2024,2024-11-15,5002,2024-10-02,1428,11053,,3,5,6,5002,0,0,0,,0,081,"COFFEE RD","FAIRMONT AVE",0.00,,Y,A,-,N,,,,,,,,,,N,3,0,1,2,A,-,10,21950,A,N,G,B,B,A,H,-,A,A,0,Y,,,,Y,,A,01,0,1,0,0,1,0,0,0,0,"- ","- ",37.657218933105469,-120.97557830810547,STANISLAUS,MODESTO,-120.97561645507812,37.657222747802734
84472003,2024,2024-11-18,5006,2024-10-17,1630,129,,4,5,3,5006,0,0,0,,0,RPD,"ROSELLE AVE","GLOW RD",0.00,,Y,B,-,N,,,,,,,,,,N,2,0,1,2,A,-,03,22350,,N,B,C,A,A,H,-,A,D,0,,,Y,,Y,,C,02,1,0,0,0,0,0,0,0,1,"- ","- ",37.714710235595703,-120.94011688232422,STANISLAUS,RIVERBANK,-120.94012451171875,37.714561462402344
84472110,2024,2024-11-18,5002,2024-09-30,1135,13561,,1,5,6,5002,0,0,0,,0,083,"SR108 (MCHENRY AVE)","RUMBLE RD",121.00,N,N,A,-,Y,STA,,108," "," ",25.555,H,,R,N,4,0,1,2,A,-,06,21750,A,N,B,C,A,A,H,-,A,D,0,,,,,Y,,I,11,0,0,1,0,0,0,0,0,0,"- ","- ",37.68170166015625,-120.99417877197266,STANISLAUS,MODESTO,-120.99412536621094,37.68170166015625
84472257,2024,2024-11-18,5005,2024-10-25,1154,S03497,,5,5,3,5005,0,0,0,,0,PPD,"SPERRY AVE","DEL PUERTO AVE",0.00,,Y,A,-,N,,,,,,,,,,N,4,0,1,2,A,-,04,21703,,N,C,C,A,A,H,-,A,A,0,,,,Y,Y,,F,26,0,0,1,0,0,0,0,0,0,"- ","- ",37.463958740234375,-121.13137054443359,STANISLAUS,PATTERSON,-121.13175201416016,37.464298248291016
8447636,2017,2017-10-03,5004,2017-08-10,0653,187,RD11,4,5,3,5004,0,0,0,,0,00W,"CALIFORNIA AV","POPLAR ST",0.00,,Y,A,-,N,,,,,,,,,,N,3,0,1,2,A,-,09,21800,A,N,D,C,A,A,H,-,A,A,0,,,,,Y,,A,07,0,1,0,0,0,0,0,0,0,"- ","- ",37.764699999999998,-120.85283,STANISLAUS,OAKDALE,-120.8528799,37.765619950000001