CASE_ID,ACCIDENT_YEAR,PROC_DATE,JURIS,COLLISION_DATE,COLLISION_TIME,OFFICER_ID,REPORTING_DISTRICT,DAY_OF_WEEK,CHP_SHIFT,POPULATION,CNTY_CITY_LOC,SPECIAL_COND,BEAT_TYPE,CHP_BEAT_TYPE,CITY_DIVISION_LAPD,CHP_BEAT_CLASS,BEAT_NUMBER,PRIMARY_RD,SECONDARY_RD,DISTANCE,DIRECTION,INTERSECTION,WEATHER_1,WEATHER_2,STATE_HWY_IND,CALTRANS_COUNTY,CALTRANS_DISTRICT,STATE_ROUTE,ROUTE_SUFFIX,POSTMILE_PREFIX,POSTMILE,LOCATION_TYPE,RAMP_INTERSECTION,SIDE_OF_HWY,TOW_AWAY,COLLISION_SEVERITY,NUMBER_KILLED,NUMBER_INJURED,PARTY_COUNT,PRIMARY_COLL_FACTOR,PCF_CODE_OF_VIOL,PCF_VIOL_CATEGORY,PCF_VIOLATION,PCF_VIOL_SUBSECTION,HIT_AND_RUN,TYPE_OF_COLLISION,MVIW,PED_ACTION,ROAD_SURFACE,ROAD_COND_1,ROAD_COND_2,LIGHTING,CONTROL_DEVICE,CHP_ROAD_TYPE,PEDESTRIAN_ACCIDENT,BICYCLE_ACCIDENT,MOTORCYCLE_ACCIDENT,TRUCK_ACCIDENT,NOT_PRIVATE_PROPERTY,ALCOHOL_INVOLVED,STWD_VEHTYPE_AT_FAULT,CHP_VEHTYPE_AT_FAULT,COUNT_SEVERE_INJ,COUNT_VISIBLE_INJ,COUNT_COMPLAINT_PAIN,COUNT_PED_KILLED,COUNT_PED_INJURED,COUNT_BICYCLIST_KILLED,COUNT_BICYCLIST_INJURED,COUNT_MC_KILLED,COUNT_MC_INJURED,PRIMARY_RAMP,SECONDARY_RAMP,LATITUDE,LONGITUDE,COUNTY,CITY,POINT_X,POINT_Y
90447561,2017,2017-05-02,9465,2017-04-21,1930,019553,,5,2,9,5000,0,1,3,,1,031,"STATE ROUTE 132","NORTH HOPPER ROAD",567.00,W,N,A,-,Y,,,132,,,,,,,Y,3,0,2,2,A,-,01,23152,A,N,D,C,A,A,H,-,B,D,0,,,,,Y,Y,D,22,0,1,1,0,0,0,0,0,0,"- ","- ",37.638620000000003,-120.83096999999999,STANISLAUS,UNINCORPORATED,-120.83096983,37.638727539999998
90447963,2017,2017-05-03,9465,2017-04-23,1800,019155,,7,2,9,5000,0,3,5,,2,030,"MONTE VISTA AVENUE","WARING ROAD",0.00,,Y,A,-,N,,,,,,,,,,N,4,0,2,3,A,-,09,21802,A,N,D,C,A,A,H,-,A,A,0,,,,,Y,,A,07,0,0,2,0,0,0,0,0,0,"- ","- ",37.521639999999998,-120.81211,STANISLAUS,UNINCORPORATED,-120.81206,37.521679900000002
90448224,2017,2017-05-03,9465,2017-04-26,1720,019713,,3,2,9,5000,0,3,5,,2,030,"KEYES ROAD","MOUNTAIN VIEW ROAD",0.00,,Y,A,-,N,,,,,,,,,,Y,4,0,1,2,A,-,09,21801,A,N,A,C,A,A,H,-,A,D,0,,,,,Y,,A,08,0,0,1,0,0,0,0,0,0,"- ","- ",37.551360000000003,-120.87914000000001,STANISLAUS,UNINCORPORATED,-120.8790899,37.551219940000003
90449278,2017,2017-05-04,9465,2017-04-29,1810,019553,,6,2,9,5000,0,3,5,,2,030,"LAKE ROAD","ROBERTS FERRY ROAD",9504.00,E,N,A,-,N,,,,,,,,,,Y,2,0,2,1,A,-,01,23152,A,N,E,I,A,A,H,-,B,D,0,,,Y,,Y,Y,C,02,2,0,0,0,0,0,0,0,2,"- ","- ",37.629150000000003,-120.58522000000001,STANISLAUS,UNINCORPORATED,-120.58570635,37.628793649999999
90449417,2017,2017-05-04,9465,2017-04-24,1413,018274,,1,2,9,5000,0,1,1,,2,055,"INTERSTATE 5 (NORTHBOUND)","KERN CREEK",2640.00,S,N,B,-,Y,,,5,,,,,,,Y,3,0,1,2,A,-,08,22107,,N,B,C,A,A,H,-,A,D,0,,,,,Y,,A,07,0,1,0,0,0,0,0,0,0,"- ","- ",37.509779999999999,-121.23103999999999,STANISLAUS,UNINCORPORATED,-121.23101269999999,37.509812070000002
90449685,2017,2017-05-05,9465,2017-04-28,1350,019713,,5,1,9,5000,0,1,3,,1,032,"STATE ROUTE 132","ROOT ROAD",600.00,W,N,A,-,Y,,,132,,,,,,,Y,4,0,2,3,A,-,03,22350,,N,C,C,A,A,H,-,A,D,0,,,,Y,Y,,G,25,0,0,2,0,0,0,0,0,0,"- ","- ",37.63843,-120.89516,STANISLAUS,UNINCORPORATED,-120.89515901,37.638345100000002
90450707,2017,2017-05-08,9465,2017-05-01,2125,020651,,1,2,9,5000,0,3,5,,2,030,"HATCH RD","HERNDON ROAD",429.00,E,N,A,-,N,,,,,,,,,,Y,4,0,2,3,A,-,03,22350,,F,C,C,A,A,H,-,C,A,0,,,,,Y,,D,22,0,0,2,0,0,0,0,0,0,"- ","- ",37.609310000000001,-120.97592,STANISLAUS,UNINCORPORATED,-120.97274396,37.609251630000003
90450959,2017,2017-05-18,9465,2017-04-28,1740,018457,,5,2,9,5000,0,1,3,,2,011,"STATE ROUTE 99 (SOUTHBOUND)","L STREET",480.00,N,N,A,-,Y,,,,,,,,,,Y,4,0,3,3,A,-,03,22350,,N,C,C,A,A,H,-,A,D,0,,,,,Y,,A,01,0,0,3,0,0,0,0,0,0,"- ","- ",37.640180000000001,-121.0082,STANISLAUS,UNINCORPORATED,,
90451299,2017,2017-05-08,9465,2017-04-29,1924,020362,,6,2,9,5000,0,1,3,,1,032,"STATE ROUTE 132 (YOSEMITE BLVD)","MISSOURI AVENUE",810.00,W,N,A,-,Y,,,,,,,,,,Y,3,0,1,2,A,-,01,23152,A,N,C,C,A,A,H,-,A,D,0,,,,,Y,Y,D,22,0,1,0,0,0,0,0,0,0,"- ","- ",37.381700000000002,-120.47257,STANISLAUS,UNINCORPORATED,,
90451568,2017,2017-05-08,9465,2017-04-24,0720,013647,,1,1,5,5007,0,1,3,,2,041,"STATE ROUTE 99 (NORTHBOUND)","MONTE VISTA AVENUE",295.00,S,N,B,-,Y,,,99,,,,,,,N,3,0,2,2,A,-,07,21658,A,N,B,C,A,A,H,-,A,D,0,,,,Y,Y,,A,01,0,1,1,0,0,0,0,0,0,"- ","- ",37.522300000000001,-120.8858,STANISLAUS,TURLOCK,-120.88568908000001,37.522359129999998
90451711,2017,2017-05-09,9465,2017-04-28,1521,018457,,5,2,9,5000,0,1,3,,2,011,"STATE ROUTE 99 (SOUTHBOUND)","PELANDALE AVENUE",1056.00,N,N,A,-,Y,,,99,,,,,,,Y,4,0,1,2,A,-,03,22350,,N,C,C,A,A,H,-,A,D,0,,,,,Y,,A,01,0,0,1,0,0,0,0,0,0,"- ","- ",37.702979999999997,-121.07388,STANISLAUS,UNINCORPORATED,-121.07392427000001,37.702930049999999
90453681,2017,2017-05-11,9465,2017-04-28,2052,020374,,5,2,9,5000,0,2,4,,2,042,"CROWS LANDING ROAD","HATCH ROAD",0.00,,Y,A,-,N,,,,,,,,,,Y,4,0,1,2,A,-,12,21453,A,N,D,C,A,A,H,-,C,A,0,,,,,Y,,D,22,0,0,1,0,0,0,0,0,0,"- ","- ",37.609430000000003,-120.99361,STANISLAUS,UNINCORPORATED,-120.99365999,37.609469910000001
90453956,2017,2017-05-11,9465,2017-05-05,1915,019713,,5,2,9,5000,0,1,3,,2,052,"STATE ROUTE 132","KASSON ROAD",0.00,,Y,A,-,Y,,,132,,,,,,,Y,4,0,1,3,A,-,09,21802,A,N,D,C,A,A,H,-,A,A,0,,,,,Y,,D,22,0,0,1,0,0,0,0,0,0,"- ","- ",37.639719999999997,-121.24775,STANISLAUS,UNINCORPORATED,-121.24774764999999,37.639683890000001
90454269,2017,2017-05-11,9465,2017-05-03,1200,017787,,3,1,9,5000,0,1,3,,2,022,"STATE ROUTE 120","SAWYER AVENUE",1214.00,E,N,A,-,Y,,,120,,,,,,,Y,4,0,1,1,C,-,18,,,N,E,I,A,A,H,-,A,D,0,,,,,Y,,-,"- ",0,0,1,0,0,0,0,0,0,"- ","- ",37.792540000000002,-120.90056,STANISLAUS,UNINCORPORATED,-120.90055154,37.792622979999997
90454600,2017,2017-05-12,9465,2017-05-02,1715,018274,,2,2,9,5000,0,3,5,,2,010,"ILLINOIS AVENUE","PARADISE ROAD",30.00,S,N,A,-,N,,,,,,,,,,N,3,0,1,1,A,-,08,22107,,N,E,I,A,A,H,-,A,D,0,,,,Y,Y,,F,27,0,1,0,0,0,0,0,0,0,"- ","- ",37.609099999999998,-121.06699999999999,STANISLAUS,UNINCORPORATED,-121.06695851000001,37.609127620000002
90457288,2017,2017-05-16,9465,2017-05-07,1125,020486,,7,1,6,5002,0,3,5,,2,040,"HATCH ROAD","CROWS LANDING ROAD",50.00,W,N,A,-,N,,,,,,,,,,N,4,0,1,2,A,-,21,22106,,M,C,C,A,A,H,-,D,A,0,,,,,Y,,A,01,0,0,1,0,0,0,0,0,0,"- ","- ",37.609409999999997,-120.99381,STANISLAUS,MODESTO,-120.99383259,37.609468399999997
90457689,2017,2017-05-17,9465,2017-05-12,1007,018945,,5,1,9,5000,0,3,5,,2,010,"SALIDA BLVD","HOPE LANE",350.00,S,N,A,-,N,,,,,,,,,,Y,4,0,1,2,A,-,08,22107,,N,E,J,A,A,H,-,A,D,0,,,,,Y,,A,01,0,0,1,0,0,0,0,0,0,"- ","- ",37.703029999999998,-121.07755,STANISLAUS,UNINCORPORATED,-121.07721828,37.702769609999997
90457797,2017,2017-05-17,9465,2017-05-12,1445,019713,,5,2,9,5000,0,1,1,,2,055,"INTERSTATE 5","INGRAM CREEK ROAD",6336.00,N,N,A,-,Y,,,5,,,,,,,Y,4,0,1,2,A,-,03,22350,,N,C,C,A,A,H,-,A,D,0,,,,,Y,,A,07,0,0,1,0,0,0,0,0,0,"- ","- ",37.551740000000002,-121.28301,STANISLAUS,UNINCORPORATED,-121.2830404,37.551700529999998
90457804,2017,2017-05-17,9465,2017-05-09,0630,014658,,2,1,9,5000,0,1,3,,2,022,"STATE ROUTE 108/120","LANCASTER ROAD",14256.00,E,N,A,-,Y,,,,,,,,,,Y,4,0,1,1,A,-,08,22107,,N,E,I,A,A,H,-,B,D,0,,,,,Y,,A,01,0,0,1,0,0,0,0,0,0,"- ","- ",37.805700000000002,-120.7007,STANISLAUS,UNINCORPORATED,,
90459820,2017,2017-05-19,9465,2017-05-19,1015,018768,,5,1,9,5000,0,3,5,,2,010,"KANSAS AVENUE","EMERALD AVENUE",55.00,W,N,A,-,N,,,,,,,,,,N,4,0,1,2,A,-,03,22350,,N,C,C,A,A,H,-,A,D,0,,,,,Y,,D,22,0,0,1,0,0,0,0,0,0,"- ","- ",37.64631,-121.02131,STANISLAUS,UNINCORPORATED,-121.02124996000001,37.645989999999998
9046020,2019,2020-02-27,5005,2019-11-07,1632,S02326,PPS,4,5,3,5005,0,0,0,,0,005,"AMERICAN EAGLE AV","CORN FLOWER DR",0.00,,Y,A,-,N,,,,,,,,,,Y,2,0,1,2,A,-,03,22350,,N,B,J,A,A,H,-,A,D,0,,,Y,,Y,,C,02,1,0,0,0,0,0,0,0,1,"- ","- ",,,STANISLAUS,PATTERSON,-121.15119934082031,37.458938598632812
90460418,2017,2017-05-22,9465,2017-05-15,0525,017167,,1,3,9,5000,0,3,5,,2,010,"PARADISE RD","IOWA AVENUE",220.00,W,N,A,-,N,,,,,,,,,,Y,3,0,1,2,C,-,18,,,N,D,C,A,A,H,-,B,D,0,,,Y,,Y,,-,"- ",0,1,0,0,0,0,0,0,1,"- ","- ",37.609189999999998,-121.07622000000001,STANISLAUS,UNINCORPORATED,-121.07685944000001,37.609154240000002
9046051,2020,2020-05-29,5007,2020-02-03,1030,5701,,1,5,5,5007,0,0,0,,0,001,"GEER RD","WEST HAWKEYE AV",0.00,,N,B,-,N,,,,,,,,,,Y,4,0,1,2,A,-,03,22350,,N,C,C,A,A,H,-,A,A,0,,,,,Y,,D,22,0,0,1,0,0,0,0,0,0,"- ","- ",,,STANISLAUS,TURLOCK,-120.84896850585938,37.507301330566406
9046068,2020,2020-09-14,5007,2020-01-30,0727,5786,5007,4,5,5,5007,0,0,0,,0,004,"NORTH KILROY RD","CHRISTOFFERSON PKWY",0.00,,Y,A,-,N,,,,,,,,,,Y,4,0,3,2,A,-,17,21451,A,N,D,C,A,A,H,-,A,A,0,,,,,Y,,A,01,0,0,3,0,0,0,0,0,0,"- ","- ",,,STANISLAUS,TURLOCK,-120.87612152099609,37.529140472412109
9046264,2020,2020-02-21,5007,2020-01-15,1806,5785,5007,3,5,5,5007,0,0,0,,0,005,"NORTH OLIVE AV","EAST CANAL DR",0.00,,Y,A,-,N,,,,,,,,,,N,2,0,1,2,A,-,11,21456,C,N,G,B,B,A,H,-,C,A,0,Y,,,,Y,,N,60,1,0,0,0,1,0,0,0,0,"- ","- ",,,STANISLAUS,TURLOCK,-120.83999633789062,37.500419616699219
9046307,2020,2020-05-27,5007,2020-02-08,1934,5694,,6,5,5,5007,0,0,0,,0,002,"SOUTH GOLDEN STATE BL","EAST AV",288.00,S,N,A,-,N,,,,,,,,,,Y,4,0,1,1,A,-,08,22107,,N,E,I,A,A,H,-,D,D,0,,,,,Y,,A,08,0,0,1,0,0,0,0,0,0,"- ","- ",,,STANISLAUS,TURLOCK,-120.84304046630859,37.492053985595703
90466286,2017,2017-05-29,9465,2017-05-14,0255,020374,,7,3,9,5000,0,3,5,,2,030,"ALDRICH ROAD","THE CERES MAIN CANAL",143.00,N,N,A,-,N,,,,,,,,,,Y,2,0,1,1,A,-,01,23152,A,N,E,I,A,A,H,-,D,D,0,,,,,Y,Y,A,01,1,0,0,0,0,0,0,0,0,"- ","- ",37.613379999999999,-120.83806,STANISLAUS,UNINCORPORATED,,
90466291,2017,2017-05-29,9465,2017-05-14,1651,018292,,7,2,9,5000,0,1,3,,1,032,"STATE ROUTE 132","FLOTO STREET",0.00,,Y,A,-,Y,,,132,,,,,,,Y,2,0,2,2,A,-,08,22107,,N,A,C,A,A,H,-,A,D,0,,,Y,,Y,,C,02,1,0,1,0,0,0,0,0,2,"- ","- ",37.661639999999998,-120.45958,STANISLAUS,UNINCORPORATED,-120.45955287,37.661653899999997
90467837,2017,2017-05-31,9465,2017-05-22,0820,013647,,1,1,4,5001,0,1,3,,2,041,"STATE ROUTE 99 (NORTHBOUND)","HATCH ROAD",2640.00,S,N,A,-,Y,,,99,,,,,,,N,4,0,1,2,A,-,03,22350,,N,C,C,A,A,H,-,A,D,0,,,,,Y,,A,01,0,0,1,0,0,0,0,0,0,"- ","- ",37.604500000000002,-120.97190000000001,STANISLAUS,CERES,-120.97187916,37.604523690000001
90468955,2017,2017-06-01,9465,2017-05-21,0258,020374,,7,3,9,5000,0,1,3,,2,041,"STATE ROUTE 99 (NORTHBOUND)","W. MAIN ST.",1864.00,S,N,A,-,Y,,,,,,,,,,Y,4,0,3,2,A,-,01,23152,A,N,A,C,A,A,H,-,D,A,0,,,,,Y,Y,A,07,0,0,3,0,0,0,0,0,0,"- ","- ",37.487659999999998,-120.86718999999999,STANISLAUS,UNINCORPORATED,-120.86768913,37.48801228
90472711,2017,2017-06-07,9465,2017-05-26,1608,018767,,5,2,9,5000,0,1,3,,2,052,"STATE ROUTE 132","KASSON ROAD",0.00,,Y,A,-,Y,,,,,,,,,,Y,3,0,1,2,A,-,09,21802,A,N,D,C,A,A,H,-,A,A,0,,,,,Y,,A,01,0,1,0,0,0,0,0,0,0,"- ","- ",37.638660000000002,-121.24782999999999,STANISLAUS,UNINCORPORATED,,
90472760,2017,2017-06-07,9465,2017-05-27,0146,020457,,6,3,6,5002,0,1,3,,2,011,"STATE ROUTE 99 (SOUTHBOUND)","H STREET",100.00,S,N,A,-,Y,,,99,,,,,,,Y,3,0,1,2,A,-,01,23152,A,M,C,C,A,A,H,-,D,D,0,,,,,Y,Y,A,01,0,1,0,0,0,0,0,0,0,"- ","- ",37.634169999999997,-121.00106,STANISLAUS,MODESTO,-121.0010554,37.634175489999997
90473002,2017,2017-06-07,9465,2017-05-28,1949,018292,,7,2,9,5000,0,3,5,,2,040,"IMPERIAL AVENUE","USTICK ROAD",0.00,,Y,A,-,N,,,,,,,,,,N,4,0,1,2,A,-,09,21802,A,N,D,C,A,A,H,-,B,A,0,,,,,Y,,A,01,0,0,1,0,0,0,0,0,0,"- ","- ",37.600879999999997,-121.01161,STANISLAUS,UNINCORPORATED,-121.01164989999999,37.60088992
90474782,2017,2017-06-09,9465,2017-05-31,1520,019713,,3,2,9,5000,0,3,5,,2,030,"WHITMORE AVENUE","GRATTON ROAD",900.00,W,N,A,-,N,,,,,,,,,,Y,4,0,1,2,A,-,09,21801,A,N,D,C,A,A,H,-,A,D,0,,,,,Y,,D,22,0,0,1,0,0,0,0,0,0,"- ","- ",37.594839999999998,-120.79698,STANISLAUS,UNINCORPORATED,-120.79533594999999,37.594796969999997
90475564,2017,2017-06-12,9465,2017-05-31,0552,018292,,3,3,9,5000,0,3,5,,2,010,"SPY GLASS DRIVE","BELTIS DRIVE",803.00,S,N,C,-,N,,,,,,,,,,Y,3,0,1,1,A,-,08,22107,,N,E,I,A,B,H,-,A,D,0,,,,,Y,Y,D,22,0,1,0,0,0,0,0,0,0,"- ","- ",37.744599999999998,-121.00063,STANISLAUS,UNINCORPORATED,-121.00056346,37.744914190000003
90475676,2017,2017-06-12,9465,2017-06-02,1435,019713,,5,2,9,5000,0,1,3,,2,015,"STATE ROUTE 219 (KIERNAN AVENUE)","STATE ROUTE 108",103.00,W,N,A,-,N,,,,,,,,,,Y,4,0,1,2,A,-,03,22350,,N,C,C,A,A,H,-,A,D,0,,,,,Y,,A,01,0,0,1,0,0,0,0,0,0,"- ","- ",37.711950000000002,-120.99536000000001,STANISLAUS,UNINCORPORATED,,
90476086,2017,2017-06-12,9465,2017-05-22,1955,018382,,1,2,9,5000,0,3,5,,2,040,"JENNINGS ROAD","ZEERING ROAD",622.00,N,N,A,-,N,,,,,,,,,,Y,4,0,1,1,A,-,08,22107,,N,E,I,A,A,H,-,D,D,0,,,,,Y,,A,01,0,0,1,0,0,0,0,0,0,"- ","- ",37.532600000000002,-121.0673,STANISLAUS,UNINCORPORATED,-121.06732443,37.531348229999999
90477105,2017,2017-06-13,9465,2017-06-06,1714,018292,,2,2,9,5000,0,3,5,,2,040,"HATCH ROAD","CROWS LANDING ROAD",550.00,E,N,A,-,N,,,,,,,,,,N,4,0,1,2,A,-,03,22350,,N,C,C,A,A,H,-,A,D,0,,,,,Y,,A,07,0,0,1,0,0,0,0,0,0,"- ","- ",37.609470000000002,-120.99266,STANISLAUS,UNINCORPORATED,-120.99366000000001,37.609470000000002
90478856,2017,2017-06-15,9465,2017-06-08,1030,013647,,4,1,5,5007,0,1,3,,2,041,"STATE ROUTE 99 (NORTHBOUND)","MONTE VERDE AVENUE",1100.00,N,N,B,-,Y,,,99,,,,,,,Y,4,0,1,3,A,-,08,22107,,N,D,A,A,A,H,-,A,D,0,,,,,Y,,A,01,0,0,1,0,0,0,0,0,0,"- ","- ",37.5261,-120.8877,STANISLAUS,TURLOCK,-120.88768758000001,37.526106630000001
9047968,2020,2020-06-04,5007,2020-02-05,1524,5789,5007,3,5,5,5007,0,0,0,,0,002,"N MINARET","EAST AV",9.00,S,N,A,-,N,,,,,,,,,,Y,3,0,4,3,A,-,09,21802,A,N,D,C,A,A,H,-,A,A,0,,,,,Y,,D,22,0,1,3,0,0,0,0,0,0,"- ","- ",,,STANISLAUS,TURLOCK,-120.83985900878906,37.492691040039062
90479938,2017,2017-06-16,9465,2017-06-03,0109,020651,,6,3,9,5000,0,3,5,,2,030,"9TH STREET","RIVER ROAD",500.00,S,N,A,-,N,,,,,,,,,,Y,3,0,1,2,A,-,01,23152,A,F,C,C,A,A,H,-,C,D,0,,,,,Y,Y,D,22,0,1,0,0,0,0,0,0,0,"- ","- ",37.624969999999998,-120.98681000000001,STANISLAUS,UNINCORPORATED,-120.98681594999999,37.625345039999999
90481603,2017,2017-06-20,9465,2017-06-08,1430,018274,,4,2,9,5000,0,1,1,,2,055,"INTERSTATE 5 (S/B) TO INGRAM CREEK ROAD","INGRAM CREEK ROAD",30.00,N,N,B,-,Y,,,5,,,,R,,,N,4,0,2,2,A,-,21,22106,,N,C,C,A,A,H,-,A,A,0,,,,Y,Y,,F,26,0,0,2,0,0,0,0,0,0,"- ","- ",37.5398,-121.26823,STANISLAUS,UNINCORPORATED,-121.26823,37.5398
90481846,2017,2017-06-20,9465,2017-06-10,0445,020651,,6,3,9,5000,0,3,5,,2,030,"SANTA FE AVENUE","EAST AVENUE",0.00,,Y,A,-,N,,,,,,,,,,Y,3,0,1,1,A,-,01,23152,A,N,F,A,A,A,H,-,B,A,0,,,,,Y,Y,D,22,0,1,0,0,0,0,0,0,0,"- ","- ",37.492049999999999,-120.76186,STANISLAUS,UNINCORPORATED,-120.76210994,37.492269899999997
90482297,2017,2017-06-21,9465,2017-06-05,1425,019155,,1,2,9,5000,0,3,5,,2,020,"CLARIBEL ROAD","LITT ROAD",700.00,W,N,A,-,N,,,,,,,,,,Y,3,0,2,3,A,-,03,22350,,N,C,C,A,A,H,-,A,D,0,,,,,Y,,A,01,0,1,1,0,0,0,0,0,0,"- ","- ",37.710909999999998,-120.93416000000001,STANISLAUS,UNINCORPORATED,-120.93447967,37.710925230000001
90482413,2017,2017-06-21,9465,2017-06-11,1348,018292,,7,1,9,5000,0,3,5,,2,030,"GOLDEN STATE BLVD","YOUNGSTOWN ROAD",84.00,S,N,B,-,N,,,,,,,,,,Y,4,0,1,2,A,-,03,22350,,N,C,C,A,A,H,-,A,D,0,,,,,Y,,D,22,0,0,1,0,0,0,0,0,0,"- ","- ",37.471209999999999,-120.82115,STANISLAUS,UNINCORPORATED,-120.82115400000001,37.471124000000003
90483234,2017,2017-06-21,9465,2017-06-12,0500,015596,,1,3,9,5000,0,1,3,,2,011,"SR-99 S/B","TUOLUMNE BLVD",225.00,N,N,A,-,Y,,,99,,,,,,S,Y,4,0,1,2,A,-,03,22350,,N,C,C,A,A,H,-,A,D,0,,,,,Y,,A,01,0,0,1,0,0,0,0,0,0,"- ","- ",37.62811,-120.99727,STANISLAUS,UNINCORPORATED,-120.9972099,37.628123760000001
90487253,2017,2017-06-28,9465,2017-06-15,1625,019517,,4,2,9,5000,0,1,3,,2,041,SR-99,"KEYES ROAD",2112.00,S,N,A,-,Y,,,99,,,,,,,Y,4,0,1,3,A,-,03,22350,,N,C,C,A,A,H,-,A,D,0,,,,,Y,,A,01,0,0,1,0,0,0,0,0,0,"- ","- ",37.54222,-120.89823,STANISLAUS,UNINCORPORATED,-120.89827330999999,37.54216366
90489040,2017,2017-06-27,9465,2017-06-16,0846,018945,,5,1,9,5000,0,3,5,,2,020,"ROSELLE AVENUE","PLAINVIEW ROAD",0.00,,Y,A,-,N,,,,,,,,,,Y,3,0,1,2,A,-,03,22350,,N,C,C,A,A,H,-,A,D,0,,,Y,,Y,,C,02,0,1,0,0,0,0,0,0,1,"- ","- ",37.703530000000001,-120.94001,STANISLAUS,UNINCORPORATED,-120.93997985999999,37.70348989
90489156,2017,2017-06-28,9465,2017-06-16,1540,019553,,5,2,9,5000,0,1,3,,2,012,"STATE ROUTE 132","N. HART ROAD",150.00,W,N,A,-,Y,,,132,,,,,,,Y,4,0,1,2,A,-,03,22350,,N,C,C,A,A,H,-,A,D,0,,,,,Y,,D,22,0,0,1,0,0,0,0,0,0,"- ","- ",37.637880000000003,-121.12367999999999,STANISLAUS,UNINCORPORATED,-121.12368006,37.63789148
90490582,2017,2017-08-29,9465,2017-06-26,0953,014658,,1,1,9,5000,0,1,3,,2,023,"STATE ROUTE 108","WALKER ROAD",16.00,E,N,A,-,Y,,,108,,,,,,,Y,3,0,2,3,A,-,03,22350,,N,C,C,A,A,H,-,A,D,0,,,,,Y,,A,07,0,1,1,0,0,0,0,0,0,"- ","- ",37.751199999999997,-120.9034,STANISLAUS,UNINCORPORATED,-120.90339886,37.751197869999999
90491124,2017,2017-06-29,9465,2017-06-18,1650,018382,,7,2,9,5000,0,2,4,,2,024,"ALBERS ROAD","OAKDALE-WATERFORD HIGHWAY",100.00,N,N,A,-,N,,,,,,,,,,Y,4,0,1,2,A,-,03,22350,,F,C,C,A,A,H,-,A,D,0,,,,,Y,,A,07,0,0,1,0,0,0,0,0,0,"- ","- ",37.733029999999999,-120.83951,STANISLAUS,UNINCORPORATED,-120.83960953,37.733054500000001
90491615,2017,2017-06-30,9465,2017-06-17,1642,019553,,6,2,9,5000,0,3,5,,2,020,"SONORA ROAD","ORANGE BLOSSOM ROAD",850.00,N,N,A,-,N,,,,,,,,,,Y,2,0,1,1,A,-,01,23152,A,N,E,I,A,A,H,-,A,D,0,,,Y,,Y,Y,C,02,1,0,0,0,0,0,0,0,1,"- ","- ",37.838160000000002,-120.70923000000001,STANISLAUS,UNINCORPORATED,-120.68725689,37.827238940000001
90492731,2017,2017-07-03,9465,2017-06-23,0654,018945,,5,1,9,5000,0,3,5,,2,030,"HICKMAN ROAD","KIM STREET",108.00,N,N,A,-,N,,,,,,,,,,Y,4,0,2,2,A,-,05,21460,A,N,A,C,A,A,H,-,A,D,0,,,,,Y,,A,01,0,0,2,0,0,0,0,0,0,"- ","- ",37.621450000000003,-120.75551,STANISLAUS,UNINCORPORATED,-120.75542718,37.621156560000003
90493774,2017,2017-07-05,9465,2017-03-17,2336,020952,,5,3,9,5000,0,3,5,,2,030,"KEYES ROAD","NUNES ROAD",0.00,,Y,A,-,N,,,,,,,,,,Y,1,1,1,2,A,-,01,23152,A,N,D,C,A,A,H,-,D,D,0,,,,,Y,Y,D,22,0,0,1,0,0,0,0,0,0,"- ","- ",37.551000000000002,-120.8985,STANISLAUS,UNINCORPORATED,-120.89836997,37.550989960000003
90495116,2017,2017-07-06,9465,2017-07-01,1051,018945,,6,1,9,5000,0,3,5,,2,020,"LANGWORTH ROAD","EPPERSON COURT",530.00,S,N,A,-,N,,,,,,,,,,Y,3,0,2,1,A,-,08,22107,,N,E,I,A,A,H,-,A,D,0,,,,,Y,,A,08,0,1,1,0,0,0,0,0,0,"- ","- ",37.7271,-120.89394,STANISLAUS,UNINCORPORATED,-120.89418589,37.726754819999996
90495551,2017,2017-07-06,9465,2017-06-30,1500,018457,,5,2,9,5000,0,3,5,,2,010,"SUTTER AVENUE","ELSIE STREET",0.00,,Y,A,-,N,,,,,,,,,,N,4,0,1,2,A,-,08,22107,,N,D,G,A,A,H,-,A,D,0,,Y,,,Y,,L,04,0,0,1,0,0,0,1,0,0,"- ","- ",37.622489999999999,-121.01175000000001,STANISLAUS,UNINCORPORATED,-121.01177996,37.62245996
90495818,2017,2017-07-07,9465,2017-06-30,1750,018767,,5,2,9,5000,0,1,1,,2,056,"INTERSTATE 5 (NORTHBOUND)","STUHR ROAD",1056.00,N,N,A,-,Y,,,5,,,,,,,Y,4,0,1,1,A,-,08,22107,,N,F,A,A,A,H,-,A,D,0,,,,,Y,,A,01,0,0,1,0,0,0,0,0,0,"- ","- ",37.338639999999998,-121.11409999999999,STANISLAUS,UNINCORPORATED,-121.11402099,37.338661000000002
90496196,2017,2017-07-07,9465,2017-07-02,2100,019982,,7,2,9,5000,0,1,3,,2,011,"SR 99 SOUTHBOUND","STATE ROUTE 219 (KIERNAN AVENUE)",2664.00,N,N,A,-,Y,,,99,,,,,,S,N,3,0,1,1,C,-,18,,,N,H,A,A,A,H,-,C,D,0,,,Y,,Y,Y,-,"- ",0,1,0,0,0,0,0,0,1,"- ","- ",37.71311,-121.08857,STANISLAUS,UNINCORPORATED,-121.08859520999999,37.713059289999997