CASE_ID,ACCIDENT_YEAR,PROC_DATE,JURIS,COLLISION_DATE,COLLISION_TIME,OFFICER_ID,REPORTING_DISTRICT,DAY_OF_WEEK,CHP_SHIFT,POPULATION,CNTY_CITY_LOC,SPECIAL_COND,BEAT_TYPE,CHP_BEAT_TYPE,CITY_DIVISION_LAPD,CHP_BEAT_CLASS,BEAT_NUMBER,PRIMARY_RD,SECONDARY_RD,DISTANCE,DIRECTION,INTERSECTION,WEATHER_1,WEATHER_2,STATE_HWY_IND,CALTRANS_COUNTY,CALTRANS_DISTRICT,STATE_ROUTE,ROUTE_SUFFIX,POSTMILE_PREFIX,POSTMILE,LOCATION_TYPE,RAMP_INTERSECTION,SIDE_OF_HWY,TOW_AWAY,COLLISION_SEVERITY,NUMBER_KILLED,NUMBER_INJURED,PARTY_COUNT,PRIMARY_COLL_FACTOR,PCF_CODE_OF_VIOL,PCF_VIOL_CATEGORY,PCF_VIOLATION,PCF_VIOL_SUBSECTION,HIT_AND_RUN,TYPE_OF_COLLISION,MVIW,PED_ACTION,ROAD_SURFACE,ROAD_COND_1,ROAD_COND_2,LIGHTING,CONTROL_DEVICE,CHP_ROAD_TYPE,PEDESTRIAN_ACCIDENT,BICYCLE_ACCIDENT,MOTORCYCLE_ACCIDENT,TRUCK_ACCIDENT,NOT_PRIVATE_PROPERTY,ALCOHOL_INVOLVED,STWD_VEHTYPE_AT_FAULT,CHP_VEHTYPE_AT_FAULT,COUNT_SEVERE_INJ,COUNT_VISIBLE_INJ,COUNT_COMPLAINT_PAIN,COUNT_PED_KILLED,COUNT_PED_INJURED,COUNT_BICYCLIST_KILLED,COUNT_BICYCLIST_INJURED,COUNT_MC_KILLED,COUNT_MC_INJURED,PRIMARY_RAMP,SECONDARY_RAMP,LATITUDE,LONGITUDE,COUNTY,CITY,POINT_X,POINT_Y
91936631,2022,2022-12-20,9465,2022-11-10,1950,020985,,4,2,9,5000,0,1,3,,2,041,"SR-99 (S/B) FROM SOUTH 9TH STREET","HATCH ROAD",75.00,N,N,A,-,Y,,,,,,,,,,Y,1,1,0,2,A,-,01,23152,A,N,B,4,A,A,H,-,D,D,0,,,,,Y,Y,D,22,0,0,0,0,0,0,0,0,0,"- ","- ",37.609489440917969,-120.97769165039062,STANISLAUS,UNINCORPORATED,-120.97769165039062,37.609489440917969
91938212,2022,2022-12-09,9465,2022-11-30,0605,018259,,3,1,9,5000,0,3,5,,2,050,"HOWARD ROAD","FRANK COX ROAD",0.00,,Y,B,-,N,,,,,,,,,,Y,4,0,3,1,A,-,03,22350,,N,E,I,A,A,H,-,D,D,0,,,,,Y,,A,01,0,0,3,0,0,0,0,0,0,"- ","- ",37.536670684814453,-121.20449066162109,STANISLAUS,UNINCORPORATED,-121.20453643798828,37.536685943603516
9194077,2020,2021-02-12,5001,2020-12-11,0940,869,D003,5,5,4,5001,0,0,0,,0,005,"EAST WHITMORE AV","MITCHELL RD",0.00,,Y,A,-,N,,,,,,,,,,N,3,0,1,2,A,-,12,21453,A,N,D,C,A,A,H,-,A,A,0,,,,,Y,,A,01,0,1,0,0,0,0,0,0,0,"- ","- ",37.594730377197266,-120.93868255615234,STANISLAUS,CERES,-120.93869781494141,37.594749450683594
91941077,2022,2022-12-13,9465,2022-11-23,1505,020833,,3,2,9,5000,0,3,5,,2,020,"RIVER ROAD","LIBERINI COURT",800.00,W,N,A,-,N,,,,,,,,,,Y,3,0,1,2,A,-,09,21801,A,N,D,C,A,A,H,-,A,D,0,,,,,Y,,A,07,0,1,0,0,0,0,0,0,0,"- ","- ",37.782878875732422,-120.87148284912109,STANISLAUS,UNINCORPORATED,-120.86994934082031,37.783195495605469
91942326,2022,2022-12-14,9465,2022-12-09,1230,021235,,5,1,9,5000,0,2,4,,2,043,"WEST MAIN STREET","BLAKER ROAD",0.00,,Y,B,-,N,,,,,,,,,,Y,4,0,1,2,A,-,09,21802,A,N,D,C,A,A,H,-,A,D,0,,,,Y,Y,,F,26,0,0,1,0,0,0,0,0,0,"- ","- ",37.492900848388672,-120.96745300292969,STANISLAUS,UNINCORPORATED,-120.96749877929688,37.492866516113281
91942420,2022,2022-12-14,9465,2022-12-06,1315,019182,,2,1,6,5002,0,1,3,,2,011,"SR-99 S/B","N. 9TH STREET",100.00,N,N,A,-,Y,STA,,99,,R,18.048,H,,L,Y,4,0,1,2,A,-,03,22350,,N,C,C,A,A,D,-,A,D,0,,,,,Y,,E,22,0,0,1,0,0,0,0,0,0,"- ","- ",37.660938262939453,-121.02623748779297,STANISLAUS,MODESTO,-121.02619171142578,37.660945892333984
91943065,2022,2022-12-15,9465,2022-12-14,1550,020985,,3,2,9,5000,0,3,5,,2,040,"KEYES ROAD","VIVIAN ROAD",40.00,W,N,A,-,N,,,,,,,,,,Y,4,0,1,2,A,-,03,22350,,N,C,C,A,A,H,-,A,D,0,,,,,Y,,A,01,0,0,1,0,0,0,0,0,0,"- ","- ",37.551429748535156,-121.04865264892578,STANISLAUS,UNINCORPORATED,-121.04863739013672,37.551429748535156
91944405,2022,2023-08-08,9465,2022-12-16,0330,020457,,5,3,9,5000,0,1,1,,2,055,"INTERSTATE 5 (SOUTHBOUND)","DEL PUERTO CANYON ROAD",9504.00,N,N,A,-,Y,STA,,5,,,17.705,H,,L,Y,4,0,1,1,A,-,08,22107,,N,E,J,A,A,H,-,D,D,0,,,,,Y,,A,01,0,0,1,0,0,0,0,0,0,"- ","- ",37.484371185302734,-121.20153045654297,STANISLAUS,UNINCORPORATED,-121.20144653320312,37.484420776367188
91947871,2022,2022-12-21,9465,2022-12-10,1450,022498,,6,2,9,5000,0,1,1,,2,056,"I-5 N/B","DAVIS RD",1167.00,N,N,C,G,Y,STA,,5,,,9.617,H,,R,Y,4,0,2,1,A,-,08,22107,,N,F,A,A,B,H,-,A,D,0,,,,,Y,,A,08,0,0,2,0,0,0,0,0,0,"- ","- ",37.383171081542969,-121.12870788574219,STANISLAUS,UNINCORPORATED,-121.12866973876953,37.383182525634766
91951065,2022,2022-12-23,9465,2022-12-09,1735,021226,,5,2,9,5000,0,1,3,,2,011,"STATE ROUTE 99 (SOUTHBOUND)","BECKWITH ROAD",2112.00,S,N,A,-,Y,STA,,99,,R,19.812,H,,R,Y,4,0,4,3,A,-,01,23152,A,N,C,C,A,A,H,-,C,D,0,,,,,Y,Y,A,01,0,0,4,0,0,0,0,0,0,"- ","- ",37.679031372070312,-121.04828643798828,STANISLAUS,UNINCORPORATED,-121.04826354980469,37.679050445556641
91952193,2022,2022-12-26,9465,2022-12-18,1755,019713,,7,2,9,5000,0,1,3,,2,012,"STATE ROUTE 132","GATES ROAD",0.00,,Y,A,-,Y,STA,,132,,,6.351,H,,R,Y,2,0,1,2,A,-,09,21801,A,N,D,C,A,A,H,-,D,D,0,,,,,Y,,A,01,1,0,0,0,0,0,0,0,0,"- ","- ",37.637870788574219,-121.15891265869141,STANISLAUS,UNINCORPORATED,-121.15890502929688,37.637790679931641
91953054,2022,2022-12-27,9465,2022-12-24,2250,021239,,6,3,9,5000,0,3,5,,2,040,"CROWS LANDING ROAD","HARDING ROAD",1380.00,N,N,E,-,N,,,,,,,,,,Y,3,0,2,2,A,-,05,21650,,N,B,C,A,A,H,-,C,D,0,,,,,Y,Y,D,22,0,2,0,0,0,0,0,0,0,"- ","- ",37.467510223388672,-120.99826049804688,STANISLAUS,UNINCORPORATED,-120.99829864501953,37.467380523681641
91954021,2022,2022-12-28,9465,2022-12-10,1021,019413,,6,1,9,5000,0,1,3,,1,032,"SR-132 (E/B)","LA GRANGE ROAD",3538.00,W,N,B,C,Y,STA,,132,,,45.071,H,,R,Y,3,0,1,1,A,-,03,22350,,N,E,I,A,B,H,-,A,D,0,,,,,Y,,A,01,0,1,0,0,0,0,0,0,0,"- ","- ",37.66094970703125,-120.48377227783203,STANISLAUS,UNINCORPORATED,-120.48374938964844,37.660930633544922
91958668,2022,2023-01-03,9465,2022-11-11,1710,019182,,5,2,9,5000,0,3,5,,2,020,"VALLEY HOME ROAD","PLEASANT VALLEY ROAD",14.00,S,N,A,-,N,,,,,,,,,,Y,1,1,4,3,A,-,09,21802,A,N,D,C,A,A,H,-,B,A,0,,,,,Y,,-,"- ",1,0,3,0,0,0,0,0,0,"- ","- ",37.808338165283203,-120.88774108886719,STANISLAUS,UNINCORPORATED,-120.88768768310547,37.808341979980469
9196253,2020,2021-02-04,5004,2020-11-02,1052,326,RD13,1,5,3,5004,0,0,0,,0,032,"N 2ND AV","E  E ST",0.00,,Y,A,-,N,,,,,,,,,,Y,4,0,1,2,A,-,08,22107,,N,A,C,A,A,H,-,A,D,0,,,,,Y,,-,,0,0,1,0,0,0,0,0,0,"- ","- ",37.766738891601562,-120.85035705566406,STANISLAUS,OAKDALE,-120.84954833984375,37.76708984375
91964452,2022,2023-01-10,9465,2022-12-31,1620,019713,,6,2,9,5000,0,1,1,,2,056,"INTERSTATE 5","FINK ROAD UNDERCROSSING",6864.00,N,N,B,C,Y,STA,,5,,,11.790,H,,L,Y,3,0,1,1,A,-,03,22350,,N,F,A,A,B,H,-,A,D,0,,,,,Y,,A,01,0,1,0,0,0,0,0,0,0,"- ","- ",37.410770416259766,-121.14779663085938,STANISLAUS,UNINCORPORATED,-121.14778137207031,37.410778045654297
91965767,2022,2023-01-11,9465,2022-12-31,1805,020985,,6,2,9,5000,0,2,4,,2,024,"ALBERS ROAD","PATTERSON ROAD",140.00,S,N,B,C,N,,,,,,,,,,Y,4,0,5,2,A,-,08,22107,,N,D,C,A,B,H,-,D,D,0,,,,,Y,,A,01,0,0,5,0,0,0,0,0,0,"- ","- ",37.732269287109375,-120.83968353271484,STANISLAUS,UNINCORPORATED,-120.83958435058594,37.732395172119141
91967056,2023,2023-01-12,9465,2023-01-10,1525,019182,,2,2,6,5002,0,1,3,,2,011,"SR-99 NB","CARPENTER ROAD",3696.00,N,N,B,C,Y,STA,,99," ",R,19.151,H,,R,Y,4,0,1,1,A,-,03,22350,,N,E,I,A,B,H,-,A,D,0,,,,,Y,,A,01,0,0,1,0,0,0,0,0,0,"- ","- ",37.672130584716797,-121.03997039794922,STANISLAUS,MODESTO,-121.04000854492188,37.672103881835938
91971083,2023,2023-01-18,9465,2023-01-16,1820,019182,,1,2,9,5000,0,1,3,,2,013,SR-108,"MCHENRY AVENUE",0.00,,Y,A,-,N,,,,,,,,,,Y,4,0,2,2,A,-,12,21453,A,N,D,C,A,B,H,-,C,A,0,,,,,Y,,A,01,0,0,2,0,0,0,0,0,0,"- ","- ",37.731220245361328,-120.99521636962891,STANISLAUS,UNINCORPORATED,-120.99411010742188,37.674549102783203
91971676,2023,2023-01-19,9465,2023-01-11,1654,018457,,3,2,9,5000,0,2,4,,2,016,"CLARIBEL ROAD","LANGWORTH ROAD",0.00,,Y,B,-,N,,,,,,,,,,N,4,0,1,2,A,-,12,22450,A,N,B,C,A,B,H,-,C,A,0,,,,,Y,,D,22,0,0,1,0,0,0,0,0,0,"- ","- ",37.71099853515625,-120.8939208984375,STANISLAUS,UNINCORPORATED,-120.89398193359375,37.711017608642578
9197236,2020,2021-01-11,5007,2020-10-30,1153,5505,TPD,5,5,5,5007,0,0,0,,0,PD2,"MARSHALL ST","SOUTH GOLDEN STATE BL",0.00,,Y,A,-,N,,,,,,,,,,Y,4,0,1,3,A,-,00,22453,A,N,D,C,A,A,H,-,A,A,0,,,,,Y,,A,07,0,0,1,0,0,0,0,0,0,"- ","- ",37.493099212646484,-120.84420776367188,STANISLAUS,TURLOCK,-120.84423065185547,37.493091583251953
91974558,2023,2023-01-23,9465,2023-01-20,1350,018457,,5,1,9,5000,0,1,3,,2,011,"STATE ROUTE 99 (NORTHBOUND)","HAMMETT ROAD",3168.00,S,N,A,-,Y,STA,,99," ",R,23.616,H,,R,N,4,0,1,2,A,-,03,22350,,N,C,C,A,A,H,-,A,D,0,,,,,Y,,A,07,0,0,1,0,0,0,0,0,0,"- ","- ",37.718681335449219,-121.09581756591797,STANISLAUS,UNINCORPORATED,-121.09577941894531,37.718708038330078
91974935,2022,2023-01-23,9465,2022-10-14,0811,019413,,5,1,9,5000,0,3,5,,2,040,"WEST SERVICE ROAD","USTICK ROAD",226.00,W,N,A,-,N,,,,,,,,,,Y,1,1,0,1,A,-,01,23152,F,N,E,I,A,A,H,-,A,D,0,,,,,Y,,A,01,0,0,0,0,0,0,0,0,0,"- ","- ",37.580471038818359,-121.01274108886719,STANISLAUS,UNINCORPORATED,-121.01270294189453,37.580497741699219
91975504,2023,2023-01-24,9465,2023-01-12,1215,018259,,4,1,9,5000,0,3,5,,2,030,"CODONI AVENUE",SR-132,2000.00,S,N,B,-,N,,,,,,,,,,Y,4,0,1,2,A,-,06,21755,A,N,D,C,A,A,H,-,A,D,0,,,,Y,Y,,D,22,0,0,1,0,0,0,0,0,0,"- ","- ",37.632648468017578,-120.91130828857422,STANISLAUS,UNINCORPORATED,-120.91139984130859,37.632770538330078
9197705,2020,2021-09-20,5007,2020-11-27,2007,5781,,5,5,5,5007,0,0,0,,0,001,"KNOXLEY DR","COLORADO AV",0.00,,Y,A,-,N,,,,,,,,,,Y,3,0,1,1,A,-,01,23152,A,M,E,I,A,A,H,-,C,D,0,,,,,Y,Y,A,01,0,1,0,0,0,0,0,0,0,"- ","- ",,,STANISLAUS,TURLOCK,-120.83493041992188,37.536308288574219
9197710,2020,2021-01-19,5007,2020-11-15,0425,5791,TPD,7,5,5,5007,0,0,0,,0,PD4,"DELS LN","WEST HAWKEYE AV",468.00,N,N,E,-,N,,,,,,,,,,Y,4,0,1,2,A,-,01,23152,A,N,A,E,A,A,H,-,C,A,0,,,,,Y,Y,A,01,0,0,1,0,0,0,0,0,0,"- ","- ",37.510948181152344,-120.85533142089844,STANISLAUS,TURLOCK,-120.85810089111328,37.508655548095703
9197717,2020,2021-01-19,5007,2020-11-11,1529,5794,,3,5,5,5007,0,0,0,,0,004,"WEST MONTE VISTA AV","COUNTRYSIDE DR",283.00,W,N,A,-,N,,,,,,,,,,N,4,0,1,2,A,-,08,22100,,N,C,C,A,A,H,-,A,D,0,,,,,Y,,A,01,0,0,1,0,0,0,0,0,0,"- ","- ",,,STANISLAUS,TURLOCK,-120.88235473632812,37.521823883056641
91981704,2023,2023-01-30,9465,2023-01-18,"659 ",018274,,3,1,9,5000,0,1,3,,2,011,"STATE ROUTE 99 (NORTHBOUND)","STATE ROUTE 219 (KIERNAN AVENUE)",2112.00,S,N,B,-,Y,STA,,99," ",R,22.111,H,,R,Y,4,0,1,3,A,-,03,22350,,N,C,C,A,A,H,-,A,D,0,,,,,Y,,A,01,0,0,1,0,0,0,0,0,0,"- ","- ",37.704231262207031,-121.07547760009766,STANISLAUS,UNINCORPORATED,-121.07543182373047,37.704265594482422
91981862,2023,2023-01-30,9465,2023-01-23,1345,019713,,1,1,9,5000,0,3,5,,2,040,"KEYES ROAD","FAITH HOME ROAD",0.00,,Y,A,-,N,,,,,,,,,,N,4,0,1,2,A,-,12,21453,A,N,D,C,A,A,H,-,A,A,0,,,,,Y,,A,01,0,0,1,0,0,0,0,0,0,"- ","- ",37.551109313964844,-120.92047119140625,STANISLAUS,UNINCORPORATED,-120.92040252685547,37.551177978515625
91982717,2023,2023-01-31,9465,2023-01-23,1705,020885,,1,2,4,5001,0,1,3,,2,041,"SR-99 NORTHBOUND","MITCHELL ROAD",4276.00,S,N,A,-,Y,STA,,99," "," ",9.376,H,,R,N,4,0,1,2,A,-,03,22350,,N,C,C,A,A,H,-,A,D,0,,,,,Y,,A,01,0,0,1,0,0,0,0,0,0,"- ","- ",37.567539215087891,-120.92919158935547,STANISLAUS,CERES,-120.92918395996094,37.567546844482422
91983226,2023,2023-01-31,9465,2023-01-18,1440,018457,,3,2,9,5000,0,1,3,,2,011,"STATE ROUTE 99 (SOUTHBOUND)","N 9TH STREET",260.00,S,N,A,-,Y,STA,,99," ",R,17.928,H,,R,N,4,0,4,3,A,-,04,21703,,N,C,C,A,A,D,-,A,A,0,,,,,Y,,A,01,0,0,4,0,0,0,0,0,0,"- ","- ",37.659038543701172,-121.02603149414062,STANISLAUS,UNINCORPORATED,-121.02588653564453,37.659038543701172
91984339,2023,2023-02-01,9465,2023-01-15,1630,020914,,7,2,9,5000,0,3,5,,2,030,"FINCH ROAD","MCCLURE ROAD",31.00,E,N,B,-,N,,,,,,,,,,N,2,0,4,2,A,-,01,23152,A,N,A,C,A,A,H,-,A,D,0,,,,,Y,Y,A,01,2,2,0,0,0,0,0,0,0,"- ","- ",37.624420166015625,-120.92919158935547,STANISLAUS,UNINCORPORATED,-120.92955017089844,37.624237060546875
9198558,2020,2021-02-02,5006,2020-11-25,1729,S987,MODES,3,5,3,5006,0,0,0,,0,,"PATTERSON RD","ROSELLE AV",0.00,,Y,A,-,N,,,,,,,,,,N,3,0,2,3,A,-,09,21802,A,N,D,C,A,A,H,-,C,A,0,,,,,Y,,A,01,0,1,1,0,0,0,0,0,0,"- ","- ",,,STANISLAUS,RIVERBANK,-120.94046020507812,37.732719421386719
91985869,2023,2023-02-03,9465,2023-01-27,1845,018457,,5,2,9,5000,0,3,5,,2,040,"MOFFETT ROAD","TAYLOR ROAD",1056.00,N,N,A,-,N,,,,,,,,,,N,3,0,1,1,A,-,08,22107,,N,E,I,A,A,H,-,D,A,0,,,,,Y,,A,01,0,1,0,0,0,0,0,0,0,"- ","- ",37.536869049072266,-120.94783020019531,STANISLAUS,UNINCORPORATED,-120.94875335693359,37.535823822021484
91985923,2023,2023-02-03,9465,2023-01-20,2318,021783,,5,3,9,5000,0,1,3,,2,011,"STATE ROUTE 99","SR-99 (S/B) TO TUOLUMNE BLVD.",460.00,N,N,A,-,Y,,,,,,,,,,Y,2,0,2,1,A,-,01,23152,A,N,E,I,A,A,H,-,D,D,0,,,,,Y,Y,D,22,1,1,0,0,0,0,0,0,0,"- ","- ",37.628940582275391,-120.99797058105469,STANISLAUS,UNINCORPORATED,-120.93662261962891,37.573757171630859
91986399,2023,2023-02-03,9465,2023-01-30,1215,018222,,1,1,9,5000,0,2,4,,2,026,"CLARIBEL ROAD","ROSELLE AVENUE",23.00,W,N,A,-,N,,,,,,,,,,Y,4,0,1,2,A,-,07,21658,A,N,B,C,A,A,H,-,A,A,0,,,,,Y,,A,01,0,0,1,0,0,0,0,0,0,"- ","- ",37.710918426513672,-120.94046020507812,STANISLAUS,UNINCORPORATED,-120.94016265869141,37.710941314697266
91989437,2023,2023-02-08,9465,2023-01-31,"820 ",017966,,2,1,9,5000,0,3,5,,2,010,"WOODLAND AVENUE","EMERALD AVENUE",0.00,,Y,A,-,N,,,,,,,,,,N,4,0,2,2,A,-,09,21801,A,N,D,C,A,A,H,-,A,D,0,,,,,Y,,D,22,0,0,2,0,0,0,0,0,0,"- ","- ",37.653160095214844,-121.02699279785156,STANISLAUS,UNINCORPORATED,-121.02719879150391,37.653217315673828
91992803,2023,2023-02-13,9465,2023-02-09,1621,020914,,4,2,9,5000,0,3,5,,2,030,"GOLDEN STATE BLVD","TAYLOR ROAD",600.00,N,N,A,-,N,,,,,,,,,,Y,3,0,2,2,A,-,09,21801,A,N,D,C,A,A,H,-,A,D,0,,,,,Y,,A,01,0,1,1,0,0,0,0,0,0,"- ","- ",37.538330078125,-120.89109039306641,STANISLAUS,UNINCORPORATED,-120.89071655273438,37.538242340087891
91992906,2023,2023-02-13,9465,2023-02-01,"935 ",017966,,3,1,9,5000,0,1,3,,2,011,"STATE ROUTE 99 (SOUTHBOUND)","PELANDALE AVENUE",1056.00,S,N,A,-,Y,STA,,99," ",R,21.657,H,,R,N,4,0,1,2,A,-,07,21658,A,M,B,C,A,A,H,-,A,D,0,,,,,Y,,A,08,0,0,1,0,0,0,0,0,0,"- ","- ",37.698951721191406,-121.07060241699219,STANISLAUS,UNINCORPORATED,-121.07038879394531,37.699050903320312
91993231,2023,2023-02-13,9465,2023-02-12,"809 ",018671,,7,1,9,5000,0,3,5,,2,030,"HICKMAN ROAD","TAYLOR ROAD",1584.00,N,N,A,-,N,,,,,,,,,,Y,3,0,2,1,A,-,08,22107,,N,F,A,A,A,H,-,A,D,0,,,,,Y,,D,22,0,1,1,0,0,0,0,0,0,"- ","- ",37.541828155517578,-120.75563812255859,STANISLAUS,UNINCORPORATED,-120.75557708740234,37.540775299072266
91994843,2023,2023-02-15,9465,2023-01-19,"615 ",017966,,4,1,9,5000,0,1,3,,2,012,"STATE ROUTE 132","GATES ROAD",0.00,,Y,B,-,Y,STA,,132," "," ",6.350,H,,R,N,2,0,6,3,A,-,09,21802,A,N,D,C,A,B,H,-,D,A,0,,,,,Y,,A,01,1,0,5,0,0,0,0,0,0,"- ","- ",37.637798309326172,-121.15892791748047,STANISLAUS,UNINCORPORATED,-121.15892791748047,37.637790679931641
91997096,2023,2023-02-17,9465,2023-02-06,1500,018767,,1,2,9,5000,0,3,5,,2,050,"RIVER RD","HILLS FERRY ROAD",2640.00,N,N,A,-,N,,,,,,,,,,N,4,0,2,2,A,-,05,21460,A,N,D,C,A,A,H,-,A,D,0,,,,,Y,,A,01,0,0,2,0,0,0,0,0,0,"- ","- ",37.356651306152344,-120.98419189453125,STANISLAUS,UNINCORPORATED,-120.97825622558594,37.345928192138672
91997403,2023,2023-02-17,9465,2023-02-03,"715 ",017966,,5,1,9,5000,0,3,5,,2,010,"BLUE GUM AVENUE","CLARK ROAD",1056.00,E,N,B,-,N,,,,,,,,,,N,2,0,2,2,A,-,03,22350,,N,C,C,A,A,H,-,B,D,0,,,,,Y,,-,"- ",1,0,1,0,0,0,0,0,0,"- ","- ",37.659908294677734,-121.08226013183594,STANISLAUS,UNINCORPORATED,-121.08231353759766,37.659934997558594
91998182,2023,2023-02-20,9465,2023-02-10,"350 ",021368,,5,3,9,5000,0,3,5,,2,050,"RIVER ROAD","CROWS LANDING ROAD",634.00,S,N,B,E,N,,,,,,,,,,Y,2,0,2,2,A,-,03,22350,,N,C,C,A,A,H,-,D,A,0,,,,,Y,,A,01,1,0,1,0,0,0,0,0,0,"- ","- ",37.419151306152344,-121.020263671875,STANISLAUS,UNINCORPORATED,-121.02028656005859,37.419132232666016
92001587,2023,2023-02-23,9465,2023-02-11,1915,021226,,6,2,9,5000,0,3,5,,2,040,"CENTRAL AVENUE","KEYES ROAD",30.00,S,N,A,-,N,,,,,,,,,,Y,2,0,1,1,A,-,01,23152,A,M,E,I,A,A,H,-,D,A,0,,,,,Y,Y,A,01,1,0,0,0,0,0,0,0,0,"- ","- ",37.551200866699219,-120.95699310302734,STANISLAUS,UNINCORPORATED,-120.95706939697266,37.551216125488281
92004808,2023,2023-03-10,9465,2023-02-13,1559,020985,,1,2,9,5000,0,1,3,,1,031,"STATE ROUTE 132","ALBERS ROAD",0.00,,Y,A,-,Y,STA,,132," "," ",23.138,H,,R,Y,2,0,1,3,A,-,12,21453,A,N,D,C,A,A,H,-,A,A,0,,,,Y,Y,,G,25,1,0,0,0,0,0,0,0,0,"- ","- ",37.638648986816406,-120.84780883789062,STANISLAUS,UNINCORPORATED,-120.84780883789062,37.638729095458984
92005095,2023,2023-02-28,9465,2023-02-19,1545,019413,,7,2,9,5000,0,3,5,,2,020,"TIM BELL ROAD","EL POMAR AVENUE",2006.00,N,N,B,-,N,,,,,,,,,,N,2,0,1,1,C,-,18,,,N,H,H,A,A,H,-,A,D,0,,,Y,,Y,,-,"- ",1,0,0,0,0,0,0,0,1,"- ","- ",37.658451080322266,-120.75583648681641,STANISLAUS,UNINCORPORATED,-120.75579833984375,37.658359527587891
92007687,2023,2023-03-02,9465,2023-02-23,2025,021226,,4,2,9,5000,0,1,3,,2,041,"STATE ROUTE 99 (NORTHBOUND)","CANAL DRIVE",400.00,S,N,A,-,Y,STA,,99," ",R,3.941,H,,R,Y,4,0,1,2,A,-,03,22350,,N,C,C,A,A,H,-,D,D,0,,,,,Y,,D,22,0,0,1,0,0,0,0,0,0,"- ","- ",37.499118804931641,-120.87328338623047,STANISLAUS,UNINCORPORATED,-120.87329864501953,37.499114990234375
92011254,2023,2023-03-07,9465,2023-02-15,"255 ",021239,,3,3,9,5000,0,1,3,,2,041,"SR-99 NORTHBOUND","WHITMORE AVENUE",1450.00,N,N,A,-,Y,STA,,99," ",R,12.155,H,,R,Y,3,0,1,1,A,-,01,23152,A,M,F,A,A,A,H,-,C,D,0,,,,,Y,Y,A,07,0,1,0,0,0,0,0,0,0,"- ","- ",37.597270965576172,-120.9632568359375,STANISLAUS,UNINCORPORATED,-120.9632568359375,37.597274780273438
92012287,2023,2023-03-08,9465,2023-02-18,2335,021783,,6,3,9,5000,0,3,5,,2,030,"MOORE ROAD","ROEDING ROAD",100.00,S,N,A,-,N,,,,,,,,,,Y,4,0,2,1,A,-,08,22107,,N,E,I,A,A,H,-,D,D,0,,,,,Y,,A,01,0,0,2,0,0,0,0,0,0,"- ","- ",37.586551666259766,-120.93605804443359,STANISLAUS,UNINCORPORATED,-120.93611145019531,37.587203979492188
92012506,2023,2023-03-08,9465,2023-03-03,1245,018457,,5,1,9,5000,0,1,3,,2,023,"STATE ROUTE 108","ADAMS GRAVEL PLANT ROAD",74.00,W,N,A,-,Y,STA,,108," ",R,34.121,H,,R,Y,4,0,1,2,A,-,03,22350,,N,C,C,A,A,H,-,A,A,0,,,,,Y,,A,07,0,0,1,0,0,0,0,0,0,"- ","- ",37.745380401611328,-120.91413116455078,STANISLAUS,UNINCORPORATED,-120.91417694091797,37.745407104492188
92013286,2023,2023-03-09,9465,2023-03-05,1645,020985,,7,2,9,5000,0,3,5,,2,030,"MITCHELL ROAD","RIVERSIDE DRIVE",230.00,N,N,B,C,N,,,,,,,,,,Y,4,0,2,3,A,-,03,22350,,N,C,2,A,B,H,-,A,D,0,,,,,Y,,A,01,0,0,2,0,0,0,0,0,0,"- ","- ",37.625999450683594,-120.94888305664062,STANISLAUS,UNINCORPORATED,-120.94880676269531,37.626014709472656
92027705,2023,2023-03-24,9465,2023-03-11,"150 ",022049,,6,3,9,5000,0,1,3,,2,023,"STATE ROUTE 108","LANGWORTH ROAD",898.00,E,N,A,-,Y,STA,,108," "," ",35.398,H,,R,Y,3,0,1,1,A,-,01,23152,A,N,E,I,A,A,H,-,D,D,0,,,,,Y,Y,A,01,0,1,0,0,0,0,0,0,0,"- ","- ",37.754570007324219,-120.89476013183594,STANISLAUS,UNINCORPORATED,-120.89476013183594,37.754508972167969
92028016,2023,2023-03-24,9465,2023-03-21,"35  ",021239,,2,3,9,5000,0,3,5,,2,040,"SERVICE ROAD","LUCAS ROAD",155.00,W,N,B,-,N,,,,,,,,,,N,4,0,1,2,A,-,11,21954,A,F,G,B,E,A,H,-,C,D,0,Y,,,,Y,,N,60,0,0,1,0,1,0,0,0,0,"- ","- ",37.580219268798828,-120.94677734375,STANISLAUS,UNINCORPORATED,-120.94691467285156,37.580242156982422