CASE_ID,ACCIDENT_YEAR,PROC_DATE,JURIS,COLLISION_DATE,COLLISION_TIME,OFFICER_ID,REPORTING_DISTRICT,DAY_OF_WEEK,CHP_SHIFT,POPULATION,CNTY_CITY_LOC,SPECIAL_COND,BEAT_TYPE,CHP_BEAT_TYPE,CITY_DIVISION_LAPD,CHP_BEAT_CLASS,BEAT_NUMBER,PRIMARY_RD,SECONDARY_RD,DISTANCE,DIRECTION,INTERSECTION,WEATHER_1,WEATHER_2,STATE_HWY_IND,CALTRANS_COUNTY,CALTRANS_DISTRICT,STATE_ROUTE,ROUTE_SUFFIX,POSTMILE_PREFIX,POSTMILE,LOCATION_TYPE,RAMP_INTERSECTION,SIDE_OF_HWY,TOW_AWAY,COLLISION_SEVERITY,NUMBER_KILLED,NUMBER_INJURED,PARTY_COUNT,PRIMARY_COLL_FACTOR,PCF_CODE_OF_VIOL,PCF_VIOL_CATEGORY,PCF_VIOLATION,PCF_VIOL_SUBSECTION,HIT_AND_RUN,TYPE_OF_COLLISION,MVIW,PED_ACTION,ROAD_SURFACE,ROAD_COND_1,ROAD_COND_2,LIGHTING,CONTROL_DEVICE,CHP_ROAD_TYPE,PEDESTRIAN_ACCIDENT,BICYCLE_ACCIDENT,MOTORCYCLE_ACCIDENT,TRUCK_ACCIDENT,NOT_PRIVATE_PROPERTY,ALCOHOL_INVOLVED,STWD_VEHTYPE_AT_FAULT,CHP_VEHTYPE_AT_FAULT,COUNT_SEVERE_INJ,COUNT_VISIBLE_INJ,COUNT_COMPLAINT_PAIN,COUNT_PED_KILLED,COUNT_PED_INJURED,COUNT_BICYCLIST_KILLED,COUNT_BICYCLIST_INJURED,COUNT_MC_KILLED,COUNT_MC_INJURED,PRIMARY_RAMP,SECONDARY_RAMP,LATITUDE,LONGITUDE,COUNTY,CITY,POINT_X,POINT_Y
92351650,2024,2024-04-01,9465,2024-03-26,2155,021062,,2,2,9,5000,0,3,5,,2,050,"HOWARD ROAD","FRANK COX ROAD",0.00,,Y,A,-,N,,,,,,,,,,Y,3,0,1,1,A,-,08,22107,,N,E,I,A,A,H,-,D,A,0,,,,,Y,,A,01,0,1,0,0,0,0,0,0,0,"- ","- ",37.536739349365234,-121.20436096191406,STANISLAUS,UNINCORPORATED,-121.20453643798828,37.536685943603516
92353684,2024,2024-04-03,9465,2024-03-24,1200,019982,,7,1,9,5000,0,3,5,,2,010,"SUTTER AVE.","PELTON AVENUE",0.00,,Y,A,-,N,,,,,,,,,,N,4,0,1,2,A,-,09,21804,B,N,D,C,A,A,H,-,A,A,0,,,,,Y,,A,01,0,0,1,0,0,0,0,0,0,"- ","- ",37.616531372070312,-121.0118408203125,STANISLAUS,UNINCORPORATED,-121.01178741455078,37.616527557373047
9235543,2021,2021-04-07,5003,2021-03-08,2045,N222,RDNM,1,5,2,5003,0,0,0,,0,NPD,INYO,"RAIL ROAD TRACK",37.00,W,N,A,-,N,,,,,,,,,,N,3,0,1,2,A,-,08,22107,,F,G,B,E,A,H,-,D,D,0,Y,,,,Y,,D,22,0,1,0,0,1,0,0,0,0,"- ","- ",37.309940338134766,-121.01876831054688,STANISLAUS,NEWMAN,,
92358360,2024,2024-04-08,9465,2024-03-25,"615 ",018222,,1,1,9,5000,0,3,5,,2,010,"CARPENTER ROAD","PARADISE ROAD",200.00,N,N,A,-,N,,,,,,,,,,N,3,0,1,3,A,-,11,21954,A,F,G,B,D,A,H,-,D,D,0,Y,,,,Y,,N,60,0,1,0,0,1,0,0,0,0,"- ","- ",37.617118835449219,-121.03050231933594,STANISLAUS,UNINCORPORATED,-121.03038787841797,37.617031097412109
92358460,2024,2024-04-08,9465,2024-03-27,1725,019713,,3,2,9,5000,0,3,5,,2,040,"FOOTE ROAD","BARNHART ROAD",0.00,,Y,C,-,N,,,,,,,,,,N,4,0,1,2,A,-,09,21802,A,N,D,C,A,B,H,-,A,A,0,,,,,Y,,D,22,0,0,1,0,0,0,0,0,0,"- ","- ",37.544158935546875,-120.91126251220703,STANISLAUS,UNINCORPORATED,-120.91127777099609,37.544013977050781
92358682,2024,2024-04-08,9465,2024-03-27,1155,021066,,3,1,9,5000,0,1,3,,2,011,"SR-99 (S/B)","HAMMETT ROAD",60.00,S,N,A,-,Y,STA,,99," ",R,24.257,H,,R,Y,4,0,1,2,A,-,07,21658,A,N,B,2,A,A,H,-,A,D,0,,,,,Y,,A,01,0,0,1,0,0,0,0,0,0,"- ","- ",37.725719451904297,-121.10331726074219,STANISLAUS,UNINCORPORATED,-121.10312652587891,37.725864410400391
92358928,2024,2024-04-08,9465,2024-03-29,1835,021549,,5,2,4,5001,0,1,3,,2,041,"STATE ROUTE 99 (SOUTHBOUND)","WHITMORE AVENUE",1170.00,S,N,C,-,Y,STA,,99," ",R,11.695,H,,R,Y,4,0,2,1,A,-,08,22107,,N,E,I,A,B,H,-,A,D,0,,,,,Y,,A,07,0,0,2,0,0,0,0,0,0,"- ","- ",37.592178344726562,-120.95770263671875,STANISLAUS,CERES,-120.95748901367188,37.59234619140625
9235894,2021,2021-03-20,5002,2021-02-16,1552,803,B303,2,5,6,5002,0,0,0,,0,003,"MITCHELL RD","RIVER RD",73.00,N,N,A,-,N,,,,,,,,,,Y,3,0,2,2,A,-,03,22350,,N,C,C,A,A,H,-,A,D,0,,,,,Y,,A,01,0,2,0,0,0,0,0,0,0,"- ","- ",37.613941192626953,-120.93875885009766,STANISLAUS,MODESTO,-120.93875122070312,37.614177703857422
92360168,2024,2024-04-09,9465,2024-04-02,"615 ",018274,,2,1,9,5000,0,3,5,,2,030,"HICKMAN ROAD","TAYLOR ROAD",240.00,S,N,A,-,N,,,,,,,,,,Y,3,0,2,2,A,-,08,22107,,N,C,C,A,A,H,-,B,D,0,,,,,Y,,A,01,0,1,1,0,0,0,0,0,0,"- ","- ",37.535919189453125,-120.75727081298828,STANISLAUS,UNINCORPORATED,-120.75725555419922,37.535984039306641
92360181,2024,2024-04-09,9465,2024-04-02,1040,018955,,2,1,9,5000,0,3,5,,2,010,"MURPHY ROAD","WINCANTON ROAD",30.00,W,N,A,-,N,,,,,,,,,,Y,4,0,1,3,A,-,03,22350,,N,C,C,A,A,H,-,A,D,0,,,,,Y,,A,01,0,0,1,0,0,0,0,0,0,"- ","- ",37.696361541748047,-121.07530975341797,STANISLAUS,UNINCORPORATED,-121.07520294189453,37.696369171142578
92360298,2023,2024-04-09,9465,2023-12-20,1740,018767,,3,2,9,5000,0,1,3,,2,012,"STATE ROUTE 132 (SR-132)(MAZE BOULEVARD)","GATES ROAD",7920.00,W,N,B,C,Y,STA,,132," "," ",4.831,H,,R,Y,1,3,1,4,A,-,01,23152,A,N,A,C,A,B,H,-,D,D,0,,,,,Y,Y,A,01,1,0,0,0,0,0,0,0,0,"- ","- ",37.63787841796875,-121.18675994873047,STANISLAUS,UNINCORPORATED,-121.18675994873047,37.637840270996094
92360302,2024,2024-04-09,9465,2024-02-09,1038,023200,,5,1,9,5000,0,1,3,,1,031,"STATE ROUTE 132 (YOSEMITE BOULEVARD)","SOUTH BLOSSOM ROAD",658.00,E,N,A,-,Y,STA,,132," "," ",26.067,H,,R,Y,1,1,0,2,A,-,03,22350,,N,D,C,A,A,H,-,A,D,0,,,Y,Y,Y,,C,02,0,0,0,0,0,0,0,1,0,"- ","- ",37.638378143310547,-120.79443359375,STANISLAUS,UNINCORPORATED,-120.79442596435547,37.638412475585938
92360784,2024,2024-04-10,9465,2024-04-04,1510,021226,,4,2,9,5000,0,1,3,,1,032,"STATE ROUTE 132","LAKE ROAD",4752.00,E,N,B,-,Y,STA,,132," "," ",44.981,H,,R,Y,3,0,1,1,A,-,08,22107,,N,E,I,A,B,H,-,A,D,0,,,,,Y,,A,01,0,1,0,0,0,0,0,0,0,"- ","- ",37.660030364990234,-120.48475646972656,STANISLAUS,UNINCORPORATED,-120.48475646972656,37.660030364990234
92361777,2024,2024-04-11,9465,2024-04-02,1856,020885,,2,2,9,5000,0,3,5,,2,030,"LAPHAM DRIVE","EMPIRE AVENUE",310.00,E,N,A,-,N,,,,,,,,,,N,3,0,1,2,A,-,03,22350,,N,C,G,A,A,H,-,B,D,0,,Y,,,Y,,A,01,0,1,0,0,0,0,1,0,0,"- ","- ",37.637851715087891,-120.9669189453125,STANISLAUS,UNINCORPORATED,-120.96696472167969,37.637821197509766
92363008,2024,2024-04-12,9465,2024-03-29,1020,021241,,5,1,6,5002,0,3,5,,2,010,"KIERNAN AVENUE","TULLY ROAD",215.00,E,N,B,-,N,,,,,,,,,,Y,4,0,1,2,A,-,03,22350,,N,C,C,A,B,H,-,A,A,0,,,,,Y,,A,01,0,0,1,0,0,0,0,0,0,"- ","- ",37.711410522460938,-121.01210021972656,STANISLAUS,MODESTO,-121.01234436035156,37.711170196533203
92363017,2024,2024-04-12,9465,2024-04-02,1630,018767,,2,2,9,5000,0,1,1,,2,055,I-5,"FINK ROAD",2640.00,S,N,A,-,Y,STA,,5," "," ",10.071,H,,R,Y,4,0,1,3,A,-,03,22350,,N,C,C,A,A,H,-,A,D,0,,,,,Y,,A,07,0,0,1,0,0,0,0,0,0,"- ","- ",37.389110565185547,-121.13226318359375,STANISLAUS,UNINCORPORATED,-121.13224029541016,37.389118194580078
92363059,2024,2024-04-12,9465,2024-04-05,"625 ",019730,,5,1,9,5000,0,1,3,,2,021,"STATE ROUTE 120","VICTORY ROAD",0.00,,Y,B,C,Y,STA,,120," "," ",0.008,H,,R,N,4,0,2,2,A,-,09,21802,A,N,D,C,A,B,H,-,B,A,0,,,,,Y,,A,01,0,0,2,0,0,0,0,0,0,"- ","- ",37.7935791015625,-120.92326354980469,STANISLAUS,UNINCORPORATED,-120.92326354980469,37.793575286865234
92365378,2024,2024-04-16,9465,2024-04-08,2105,022767,,1,2,9,5000,0,2,4,,2,042,"CROWS LANDING ROAD","W HARDING ROAD",20.00,S,N,B,-,N,,,,,,,,,,N,4,0,2,2,A,-,01,23152,A,M,D,2,A,A,H,-,C,A,0,,,,,Y,Y,A,07,0,0,2,0,0,0,0,0,0,"- ","- ",37.463871002197266,-120.99932861328125,STANISLAUS,UNINCORPORATED,-120.99931335449219,37.4638671875
9236598,2021,2021-04-16,5002,2021-03-12,0911,833,B206,5,5,6,5002,0,0,0,,0,003,"EAST HATCH RD","MITCHELL RD",0.00,,Y,A,-,N,,,,,,,,,,Y,2,0,1,2,A,-,09,21806,A,N,D,C,A,A,H,-,A,A,0,,,Y,,Y,,C,02,1,0,0,0,0,0,0,0,1,"- ","- ",37.609298706054688,-120.93879699707031,STANISLAUS,MODESTO,-120.93875122070312,37.609317779541016
92366732,2024,2024-04-17,9465,2024-04-15,1810,021062,,1,2,9,5000,0,1,3,,2,041,"STATE ROUTE 99 (SOUTHBOUND)","CROWS LANDING ROAD",600.00,S,N,A,-,Y,STA,,99," ",R,14.368,H,,R,Y,4,0,1,2,A,-,03,22350,,N,C,C,A,A,H,-,A,D,0,,,,,Y,,A,01,0,0,1,0,0,0,0,0,0,"- ","- ",37.617809295654297,-120.99220275878906,STANISLAUS,UNINCORPORATED,-120.99207305908203,37.617984771728516
92369017,2024,2024-04-19,9465,2024-04-13,1928,022868,,6,2,9,5000,0,3,5,,2,020,"RODDEN ROAD","28 MILE ROAD",0.00,,Y,C,-,N,,,,,,,,,,N,4,0,1,1,A,-,03,22350,,N,E,I,A,B,H,-,B,A,0,,,,,Y,,A,01,0,0,1,0,0,0,0,0,0,"- ","- ",37.794029235839844,-120.84059143066406,STANISLAUS,UNINCORPORATED,-120.84055328369141,37.794025421142578
92369028,2024,2024-04-19,9465,2024-04-17,"128 ",021062,,3,3,9,5000,0,3,5,,2,020,"CLARIBEL ROAD","TERMINAL AVENUE",343.00,W,N,A,-,N,,,,,,,,,,Y,2,0,1,1,A,-,01,23152,A,N,E,I,A,A,H,-,D,D,0,,,,,Y,Y,A,07,1,0,0,0,0,0,0,0,0,"- ","- ",37.710948944091797,-120.93058776855469,STANISLAUS,UNINCORPORATED,-120.9305419921875,37.710906982421875
92371540,2024,2024-04-22,9465,2024-04-16,2005,019982,,2,2,9,5000,0,1,3,,2,011,"STATE ROUTE 99 (SOUTHBOUND)","CARPENTER ROAD",2100.00,N,N,A,-,Y,STA,,99," ",M,18.889,H,,L,Y,4,0,1,2,A,-,03,22350,,N,C,C,A,A,H,-,C,D,0,,,,,Y,,A,01,0,0,1,0,0,0,0,0,0,"- ","- ",37.669010162353516,-121.03684234619141,STANISLAUS,UNINCORPORATED,-121.03683471679688,37.669013977050781
92371829,2024,2024-04-22,9465,2024-04-14,"140 ",021337,,7,3,9,5000,0,1,1,,2,056,SR-33,"JENSEN RD",765.00,N,N,B,C,Y,STA,,33," "," ",1.786,H,,R,N,4,0,1,1,A,-,01,23152,A,N,E,I,A,B,H,-,D,D,0,,,,,Y,Y,A,07,0,0,1,0,0,0,0,0,0,"- ","- ",37.329181671142578,-121.02586364746094,STANISLAUS,UNINCORPORATED,-121.02592468261719,37.32916259765625
92373882,2024,2024-04-24,9465,2024-04-21,2340,019982,,7,3,9,5000,0,3,5,,2,030,"BYSTRUM ROAD","ZEFF ROAD",25.00,S,N,A,-,N,,,,,,,,,,N,3,0,1,2,A,-,11,21956,A,F,B,B,E,A,H,-,D,D,0,Y,,,,Y,Y,N,60,0,1,0,0,1,0,0,0,0,"- ","- ",37.625858306884766,-120.99327087402344,STANISLAUS,UNINCORPORATED,,
92375751,2024,2024-04-26,9465,2024-04-12,2130,022229,,5,2,9,5000,0,3,5,,2,030,"E. ZEERING ROAD","MERCED AVENUE",500.00,E,N,A,-,N,,,,,,,,,,Y,3,0,1,1,A,-,01,23152,A,N,F,A,A,A,H,-,D,D,0,,,Y,,Y,Y,C,02,0,1,0,0,0,0,0,0,1,"- ","- ",37.52899169921875,-120.80036926269531,STANISLAUS,UNINCORPORATED,-120.79894256591797,37.528995513916016
92375984,2024,2024-04-26,9465,2024-04-25,1609,020833,,4,2,9,5000,0,3,5,,2,040,"CARPENTER ROAD","MONTE VISTA AVENUE",0.00,,Y,A,-,N,,,,,,,,,,N,4,0,1,2,A,-,09,21802,A,N,D,C,A,A,H,-,A,D,0,,,,,Y,,A,01,0,0,1,0,0,0,0,0,0,"- ","- ",37.52239990234375,-121.03085327148438,STANISLAUS,UNINCORPORATED,-121.03081512451172,37.522411346435547
92378748,2024,2024-04-30,9465,2024-04-30,"552 ",018671,,2,3,9,5000,0,1,3,,2,011,"SR-99 S/B",SR-219,3572.00,N,N,A,-,Y,STA,,99," ",R,23.206,H,,L,Y,4,0,2,2,A,-,03,22350,,N,C,C,A,A,H,-,B,D,0,,,,,Y,,A,01,0,0,2,0,0,0,0,0,0,"- ","- ",37.714298248291016,-121.09079742431641,STANISLAUS,UNINCORPORATED,-121.09078216552734,37.714317321777344
9238097,2021,2021-03-26,5007,2021-02-11,1923,5785,TPD,4,5,5,5007,0,0,0,,0,PD2,"LANDER AV","ROSEWOOD DR",0.00,,Y,C,-,N,,,,,,,,,,N,4,0,1,2,A,-,08,22107,,F,D,C,A,B,H,-,C,D,0,,,Y,,Y,,C,02,0,0,1,0,0,0,0,0,1,"- ","- ",37.476539611816406,-120.85044097900391,STANISLAUS,TURLOCK,-120.84902191162109,37.476737976074219
9238185,2021,2021-04-06,5002,2021-03-01,1733,748,B108,1,5,6,5002,0,0,0,,0,003,"EAST HATCH RD","EASTGATE BL",23.00,E,N,A,-,N,,,,,,,,,,N,3,0,1,1,A,-,03,22350,,N,E,I,A,A,H,-,A,A,0,,,Y,,Y,,C,02,0,1,0,0,0,0,0,0,1,"- ","- ",37.609298706054688,-120.92665100097656,STANISLAUS,MODESTO,,
92384658,2024,2024-05-08,9465,2024-05-07,"915 ",018178,,2,1,9,5000,0,3,5,,2,040,"BRADBURY ROAD","TEGNER ROAD",20.00,W,N,A,-,N,,,,,,,,,,Y,3,0,1,2,A,-,03,22350,,N,C,C,A,A,H,-,A,A,0,,,,,Y,,A,01,0,1,0,0,0,0,0,0,0,"- ","- ",37.448978424072266,-120.885498046875,STANISLAUS,UNINCORPORATED,-120.88546752929688,37.448978424072266
92384783,2024,2024-05-08,9465,2024-05-06,1447,018222,,1,2,9,5000,0,2,4,,2,026,"CLARIBEL ROAD","MCGEE AVENUE",505.00,E,N,A,-,N,,,,,,,,,,Y,3,0,1,2,A,-,08,22107,,N,C,2,A,A,H,-,A,D,0,,,,,Y,,D,22,0,1,0,0,0,0,0,0,0,"- ","- ",37.710941314697266,-120.90595245361328,STANISLAUS,UNINCORPORATED,-120.90594482421875,37.710983276367188
92385060,2024,2024-05-08,9465,2024-05-06,"642 ",018274,,1,1,9,5000,0,2,4,,2,043,"W. MAIN STREET","FAITH HOME ROAD",0.00,,Y,A,-,N,,,,,,,,,,Y,4,0,1,2,A,-,12,22450,A,N,D,C,A,A,H,-,A,A,0,,,,,Y,,D,22,0,0,1,0,0,0,0,0,0,"- ","- ",37.492580413818359,-120.92157745361328,STANISLAUS,UNINCORPORATED,-120.92155456542969,37.492622375488281
92385185,2024,2024-08-14,9465,2024-05-06,1215,018274,,1,1,9,5000,0,3,5,,2,030,"LESTER ROAD","TUOLUMNE ROAD",9.00,S,N,A,-,N,,,,,,,,,,Y,4,0,1,2,A,-,08,22100,B,N,D,C,A,A,H,-,A,A,0,,,,,Y,,D,22,0,0,1,0,0,0,0,0,0,"- ","- ",37.514331817626953,-120.80326080322266,STANISLAUS,UNINCORPORATED,-120.80326843261719,37.514354705810547
92386680,2024,2024-05-10,9465,2024-05-08,1238,018222,,3,1,9,5000,0,3,5,,2,020,"CLAUS ROAD","CLARIBEL ROAD",110.00,S,N,A,-,N,,,,,,,,,,Y,4,0,3,2,A,-,03,22350,,N,C,C,A,A,H,-,A,A,0,,,,,Y,,A,07,0,0,3,0,0,0,0,0,0,"- ","- ",37.710601806640625,-120.92183685302734,STANISLAUS,UNINCORPORATED,-120.92185974121094,37.710578918457031
92389169,2024,2024-05-14,9465,2024-05-08,1413,018222,,3,2,9,5000,0,3,5,,2,020,"PATTERSON ROAD","LANGWORTH ROAD",2220.00,W,N,A,-,N,,,,,,,,,,Y,4,0,1,2,A,-,09,21804,A,N,D,C,A,A,H,-,A,D,0,,,,,Y,,D,22,0,0,1,0,0,0,0,0,0,"- ","- ",37.732719421386719,-120.90210723876953,STANISLAUS,UNINCORPORATED,-120.90208435058594,37.73272705078125
92389191,2024,2024-05-14,9465,2024-05-08,1725,022938,,3,2,9,5000,0,1,3,,2,013,"MCHENRY AVENUE","LADD ROAD",0.00,,Y,A,-,Y,,,,,,,,,,Y,4,0,3,2,A,-,12,21453,A,N,D,C,A,A,H,-,A,A,0,,,,,Y,,A,01,0,0,3,0,0,0,0,0,0,"- ","- ",37.732730865478516,-120.99535369873047,STANISLAUS,UNINCORPORATED,-120.9952392578125,37.732780456542969
92390726,2024,2024-05-15,9465,2024-05-13,1415,018363,,1,2,9,5000,0,1,3,,1,032,"STATE ROUTE 132","TRIANGLE RANCH ROAD",200.00,W,N,A,-,Y,STA,,132," "," ",22.792,H,,R,N,4,0,1,3,A,-,03,22350,,N,C,C,A,A,H,-,A,D,0,,,,,Y,,D,22,0,0,1,0,0,0,0,0,0,"- ","- ",37.638710021972656,-120.85415649414062,STANISLAUS,UNINCORPORATED,-120.85415649414062,37.638725280761719
92392494,2024,2024-05-17,9465,2024-04-29,1750,021337,,1,2,5,5007,0,1,3,,2,041,"SR-99 S/B","CANAL DR",210.00,N,N,A,-,Y,STA,,99," ",R,4.057,H,,L,Y,3,0,2,1,A,-,08,22107,,N,E,I,A,A,H,-,A,D,0,,,,,Y,,A,07,0,1,1,0,0,0,0,0,0,"- ","- ",37.500659942626953,-120.87436676025391,STANISLAUS,TURLOCK,-120.87441253662109,37.500644683837891
92392818,2024,2024-05-17,9465,2024-05-16,1910,022229,,4,2,9,5000,0,1,3,,1,032,SR-132,"CODONI AVENUE",300.00,W,N,A,-,Y,STA,,132," "," ",19.589,H,,R,Y,4,0,1,2,A,-,03,22350,,N,C,C,A,A,H,-,A,D,0,,,,,Y,,A,07,0,0,1,0,0,0,0,0,0,"- ","- ",37.638229370117188,-120.91253662109375,STANISLAUS,UNINCORPORATED,-120.91253662109375,37.638236999511719
92393888,2024,2024-05-20,9465,2024-05-16,1040,021066,,4,1,9,5000,0,3,5,,2,010,"WOODLAND AVENUE","CARPENTER ROAD",330.00,W,N,A,-,N,,,,,,,,,,Y,4,0,1,2,A,-,03,22350,,M,C,C,A,A,H,-,A,D,0,,,,,Y,,D,22,0,0,1,0,0,0,0,0,0,"- ","- ",37.653221130371094,-121.0323486328125,STANISLAUS,UNINCORPORATED,-121.03218841552734,37.653194427490234
92393892,2024,2024-05-20,9465,2024-05-16,1650,021066,,4,2,6,5002,0,1,3,,2,011,"SR-99 (S/B)","K STREET",150.00,N,N,A,-,Y,STA,,99," ",R,16.063,H,,R,Y,4,0,2,2,A,-,03,22350,,N,C,C,A,A,H,-,A,D,0,,,,,Y,,A,07,0,0,2,0,0,0,0,0,0,"- ","- ",37.638538360595703,-121.00627899169922,STANISLAUS,MODESTO,-121.00605773925781,37.638706207275391
92393977,2024,2024-05-20,9465,2024-04-09,1601,018955,,2,2,9,5000,0,3,5,,2,010,"MCHENRY AVENUE","HOGUE ROAD",1660.00,N,N,A,-,N,,,,,,,,,,Y,1,4,0,4,A,-,08,22107,,N,A,C,A,A,H,-,A,D,0,,,,,Y,Y,A,01,0,0,0,0,0,0,0,0,0,"- ","- ",37.752750396728516,-120.99561309814453,STANISLAUS,UNINCORPORATED,-120.99563598632812,37.752719879150391
92395973,2024,2024-05-22,9465,2024-05-19,1925,022938,,7,2,9,5000,0,3,5,,2,030,"BYSTRUM ROAD","PECOS AVENUE",0.00,,Y,A,-,N,,,,,,,,,,Y,3,0,4,2,A,-,09,21801,A,N,D,C,A,A,H,-,A,D,0,,,,,Y,,A,01,0,2,2,0,0,0,0,0,0,"- ","- ",37.616378784179688,-120.98236083984375,STANISLAUS,UNINCORPORATED,-120.98246002197266,37.616462707519531
92398492,2024,2024-05-27,9465,2024-05-12,1510,019155,,7,2,9,5000,0,2,4,,2,043,"WEST MAIN ST","CROWS LANDING ROAD",105.00,E,N,A,-,N,,,,,,,,,,Y,4,0,2,2,A,-,09,21801,A,N,D,C,A,A,H,-,A,D,0,,,,,Y,,A,07,0,0,2,0,0,0,0,0,0,"- ","- ",37.492900848388672,-120.99413299560547,STANISLAUS,UNINCORPORATED,-120.99420166015625,37.49298095703125
92398494,2024,2024-05-27,9465,2024-05-17,1820,021636,,5,2,9,5000,0,3,5,,2,020,"PATTERSON ROAD","BENTLEY ROAD",0.18,E,N,A,-,N,,,,,,,,,,Y,3,0,2,2,A,-,03,22350,,N,C,C,A,A,H,-,A,D,0,,,,,Y,,D,22,0,2,0,0,0,0,0,0,0,"- ","- ",37.732791900634766,-120.86370086669922,STANISLAUS,UNINCORPORATED,-120.86702728271484,37.732799530029297
92399682,2024,2024-05-28,9465,2024-05-18,"455 ",022767,,6,3,9,5000,0,3,5,,2,020,"SANTA FE AVENUE","CLAUS ROAD",1637.00,S,N,A,-,N,,,,,,,,,,Y,4,0,1,1,A,-,01,23152,A,N,F,A,A,A,H,-,D,D,0,,,,,Y,Y,A,01,0,0,1,0,0,0,0,0,0,"- ","- ",37.687950134277344,-120.91959381103516,STANISLAUS,UNINCORPORATED,-120.91967010498047,37.688014984130859
92399963,2024,2024-05-28,9465,2024-05-12,1515,021235,,7,2,9,5000,0,1,3,,2,011,"STATE ROUTE 99 (NORTHBOUND)","STATE ROUTE 219",180.00,N,N,A,-,Y,STA,,99," ",R,22.602,H,,R,Y,3,0,1,2,A,-,07,21658,A,N,B,C,A,A,H,-,A,D,0,,,,,Y,,A,01,0,1,0,0,0,0,0,0,0,"- ","- ",37.709541320800781,-121.08151245117188,STANISLAUS,UNINCORPORATED,-121.08152008056641,37.70953369140625
92401226,2024,2024-05-29,9465,2024-05-21,1542,018955,,2,2,9,5000,0,1,3,,2,012,"STATE ROUTE 132","STONE AVENUE",20.00,E,N,A,-,Y,STA,,132," "," ",10.397,H,,R,Y,4,0,1,3,A,-,03,22350,,N,C,C,A,A,H,-,A,D,0,,,,,Y,,A,07,0,0,1,0,0,0,0,0,0,"- ","- ",37.638149261474609,-121.08548736572266,STANISLAUS,UNINCORPORATED,-121.08548736572266,37.638134002685547
92401337,2024,2024-05-29,9465,2024-05-28,1559,018955,,2,2,9,5000,0,2,4,,2,042,"CROWS LANDING ROAD","TAYLOR ROAD",900.00,N,N,A,-,N,,,,,,,,,,Y,3,0,1,2,A,-,03,22350,,N,C,C,A,A,H,-,A,D,0,,,,,Y,,D,22,0,1,0,0,0,0,0,0,0,"- ","- ",37.539070129394531,-120.99350738525391,STANISLAUS,UNINCORPORATED,-120.99347686767578,37.539020538330078
92402293,2024,2024-05-30,9465,2024-05-18,1325,020985,,6,1,9,5000,0,2,4,,2,014,"OAKDALE ROAD","CLARATINA AVE.",2050.00,N,N,A,-,N,,,,,,,,,,Y,2,0,1,1,A,-,01,23152,A,N,E,I,A,A,H,-,A,D,0,,,,,Y,Y,A,01,1,0,0,0,0,0,0,0,0,"- ","- ",37.705478668212891,-120.95822906494141,STANISLAUS,UNINCORPORATED,-120.95826721191406,37.705448150634766
92402903,2024,2024-05-31,9465,2024-05-16,"817 ",019155,,4,1,9,5000,0,3,5,,2,020,"STATE ROUTE 4","MILTON ROAD",0.00,,Y,A,-,Y,STA,,4," "," ",4.541,H,,R,N,3,0,2,2,A,-,09,21802,A,N,D,C,A,A,H,-,A,D,0,,,,,Y,,D,22,0,2,0,0,0,0,0,0,0,"- ","- ",37.944740295410156,-120.84380340576172,STANISLAUS,UNINCORPORATED,-120.84380340576172,37.94476318359375
92405168,2024,2024-06-04,9465,2024-05-23,1135,019152,,4,1,9,5000,0,3,5,,2,020,"TERMINAL AVE.","CLARIBEL ROAD",0.00,,Y,A,-,N,,,,,,,,,,N,4,0,2,2,A,-,09,21801,A,N,D,C,A,A,H,-,A,D,0,,,,Y,Y,,F,26,0,0,2,0,0,0,0,0,0,"- ","- ",37.710899353027344,-120.92936706542969,STANISLAUS,UNINCORPORATED,-120.92935943603516,37.710899353027344
92406386,2024,2024-06-05,9465,2024-05-06,1930,020885,,1,2,9,5000,0,1,3,,1,032,SR-132,"FRAZINE ROAD",20.00,W,N,A,-,N,,,,,,,,,,N,4,0,1,2,A,-,03,22350,,M,C,C,A,A,H,-,A,D,0,,,,,Y,,A,01,0,0,1,0,0,0,0,0,0,"- ","- ",37.638221740722656,-120.91184997558594,STANISLAUS,UNINCORPORATED,-120.91166687011719,37.638259887695312
92406800,2024,2024-06-05,9465,2024-06-03,1705,021235,,1,2,9,5000,0,2,4,,2,044,"CARPENTER ROAD","WEST MAIN STREET",0.00,,Y,A,-,N,,,,,,,,,,Y,3,0,1,2,A,-,09,21800,A,N,D,C,A,A,H,-,A,A,0,,,,,Y,,D,22,0,1,0,0,0,0,0,0,0,"- ","- ",37.493259429931641,-121.0308837890625,STANISLAUS,UNINCORPORATED,-121.03087615966797,37.493289947509766