CASE_ID,ACCIDENT_YEAR,PROC_DATE,JURIS,COLLISION_DATE,COLLISION_TIME,OFFICER_ID,REPORTING_DISTRICT,DAY_OF_WEEK,CHP_SHIFT,POPULATION,CNTY_CITY_LOC,SPECIAL_COND,BEAT_TYPE,CHP_BEAT_TYPE,CITY_DIVISION_LAPD,CHP_BEAT_CLASS,BEAT_NUMBER,PRIMARY_RD,SECONDARY_RD,DISTANCE,DIRECTION,INTERSECTION,WEATHER_1,WEATHER_2,STATE_HWY_IND,CALTRANS_COUNTY,CALTRANS_DISTRICT,STATE_ROUTE,ROUTE_SUFFIX,POSTMILE_PREFIX,POSTMILE,LOCATION_TYPE,RAMP_INTERSECTION,SIDE_OF_HWY,TOW_AWAY,COLLISION_SEVERITY,NUMBER_KILLED,NUMBER_INJURED,PARTY_COUNT,PRIMARY_COLL_FACTOR,PCF_CODE_OF_VIOL,PCF_VIOL_CATEGORY,PCF_VIOLATION,PCF_VIOL_SUBSECTION,HIT_AND_RUN,TYPE_OF_COLLISION,MVIW,PED_ACTION,ROAD_SURFACE,ROAD_COND_1,ROAD_COND_2,LIGHTING,CONTROL_DEVICE,CHP_ROAD_TYPE,PEDESTRIAN_ACCIDENT,BICYCLE_ACCIDENT,MOTORCYCLE_ACCIDENT,TRUCK_ACCIDENT,NOT_PRIVATE_PROPERTY,ALCOHOL_INVOLVED,STWD_VEHTYPE_AT_FAULT,CHP_VEHTYPE_AT_FAULT,COUNT_SEVERE_INJ,COUNT_VISIBLE_INJ,COUNT_COMPLAINT_PAIN,COUNT_PED_KILLED,COUNT_PED_INJURED,COUNT_BICYCLIST_KILLED,COUNT_BICYCLIST_INJURED,COUNT_MC_KILLED,COUNT_MC_INJURED,PRIMARY_RAMP,SECONDARY_RAMP,LATITUDE,LONGITUDE,COUNTY,CITY,POINT_X,POINT_Y
92406803,2024,2024-06-05,9465,2024-06-01,1230,021235,,6,1,9,5000,0,3,5,,2,040,"HATCH ROAD","CASCADE AVENUE",475.00,W,N,A,-,N,,,,,,,,,,Y,3,0,4,2,A,-,09,21804,A,N,D,C,A,A,H,-,A,D,0,,,,,Y,,A,07,0,1,3,0,0,0,0,0,0,"- ","- ",37.609481811523438,-120.99887847900391,STANISLAUS,UNINCORPORATED,-120.99867248535156,37.609428405761719
92407526,2024,2024-06-06,9465,2024-05-17,1345,019152,,5,1,9,5000,0,1,1,,2,055,"INTERSTATE 5","INGRAM CREEK ROAD",5808.00,N,N,A,-,Y,STA,,5," "," ",24.106,H,,R,N,4,0,1,2,A,-,07,21658,A,N,B,C,A,A,H,-,A,D,0,,,,Y,Y,,G,25,0,0,1,0,0,0,0,0,0,"- ","- ",37.551139831542969,-121.28218078613281,STANISLAUS,UNINCORPORATED,-121.28195190429688,37.551326751708984
92409297,2024,2024-06-07,9465,2024-05-30,1010,019730,,4,1,9,5000,0,3,5,,2,030,"HICKMAN ROAD","TAYLOR ROAD",175.00,S,N,A,-,N,,,,,,,,,,N,4,0,1,1,A,-,08,22107,,N,F,A,A,A,H,-,A,D,0,,,Y,,Y,,C,02,0,0,1,0,0,0,0,0,1,"- ","- ",37.536090850830078,-120.75726318359375,STANISLAUS,UNINCORPORATED,-120.75725555419922,37.536163330078125
92411456,2024,2024-06-11,9465,2024-06-05,"250 ",020475,,3,3,5,5007,0,1,3,,2,041,"SR-99 NORTHBOUND","W. MAIN STREET",2112.00,N,N,A,-,Y,STA,,99," ",R,3.871,H,,R,Y,4,0,1,1,A,-,08,22107,,N,E,8,A,A,H,-,D,D,0,,,,,Y,,A,01,0,0,1,0,0,0,0,0,0,"- ","- ",37.498199462890625,-120.87275695800781,STANISLAUS,TURLOCK,-120.872802734375,37.498188018798828
92412586,2024,2024-06-12,9465,2024-06-10,"720 ",018178,,1,1,4,5001,0,1,3,,2,041,"SR-99 SOUTHBOUND","MITCHELL ROAD",500.00,N,N,A,-,Y,STA,,99," ",R,10.301,H,,L,N,4,0,1,2,A,-,07,21658,A,N,B,C,A,A,H,-,A,D,0,,,,Y,Y,,A,01,0,0,1,0,0,0,0,0,0,"- ","- ",37.57733154296875,-120.94049072265625,STANISLAUS,CERES,-120.94046783447266,37.577346801757812
92413018,2024,2024-06-12,9465,2024-06-06,"925 ",022938,,4,1,5,5007,0,1,3,,2,041,"SR-99 N/B","FULKERTH ROAD",1720.00,N,N,A,-,Y,STA,,99," ",R,4.889,H,,R,Y,4,0,1,2,A,-,07,21658,A,N,B,C,A,A,H,-,A,D,0,,,,,Y,,A,01,0,0,1,0,0,0,0,0,0,"- ","- ",37.511749267578125,-120.88008117675781,STANISLAUS,TURLOCK,-120.88004302978516,37.511764526367188
92413768,2024,2024-08-14,9465,2024-06-03,"500 ",018998,,1,3,9,5000,0,2,4,,2,042,"CROWS LANDING ROAD","EL KATRINA LANE",200.00,N,N,A,-,N,,,,,,,,,,N,3,0,2,2,A,-,01,23152,A,M,B,C,A,A,H,-,B,D,0,,,,,Y,Y,D,22,0,1,1,0,0,0,0,0,0,"- ","- ",37.512031555175781,-120.99462127685547,STANISLAUS,UNINCORPORATED,-120.99457550048828,37.511817932128906
92417337,2024,2024-06-18,9465,2024-06-12,1841,022868,,3,2,9,5000,0,3,5,,2,020,SR-120,"CLEVELAND AVENUE",0.00,,Y,A,-,Y,STA,,120," "," ",2.029,H,,R,Y,3,0,4,3,A,-,03,22350,,N,C,C,A,A,H,-,A,D,0,,,,,Y,,A,07,0,3,1,0,0,0,0,0,0,"- ","- ",37.791469573974609,-120.88654327392578,STANISLAUS,UNINCORPORATED,-120.88653564453125,37.791488647460938
92417640,2024,2024-07-22,9465,2024-06-17,1738,018955,,1,2,9,5000,0,3,5,,2,030,"TENAYA DRIVE","MITCHELL ROAD",25.00,W,N,A,-,N,,,,,,,,,,Y,4,0,2,2,A,-,06,21755,,N,B,C,A,A,H,-,A,D,0,,,,Y,Y,,A,08,0,0,2,0,0,0,0,0,0,"- ","- ",37.632369995117188,-120.95751190185547,STANISLAUS,UNINCORPORATED,-120.95738983154297,37.632408142089844
92422651,2024,2024-06-25,9465,2024-06-15,2307,021549,,6,3,9,5000,0,3,5,,2,010,"WOODLAND AVENUE","DAN WEST COURT",54.00,W,N,A,-,N,,,,,,,,,,Y,4,0,1,1,A,-,01,23152,F,N,E,8,A,A,H,-,C,D,0,,,,,Y,,A,01,0,0,1,0,0,0,0,0,0,"- ","- ",37.653068542480469,-121.04132080078125,STANISLAUS,UNINCORPORATED,-121.04122924804688,37.653087615966797
92423071,2024,2024-06-25,9465,2024-06-20,"455 ",021239,,4,3,9,5000,0,1,1,,2,055,"INTERSTATE 5 NORTHBOUND","SHIELLS ROAD",1100.00,S,N,A,-,Y,STA,,5," "," ",3.897,H,,R,N,4,0,1,2,A,-,03,22350,,N,C,C,A,A,H,-,C,D,0,,,,Y,Y,,A,01,0,0,1,0,0,0,0,0,0,"- ","- ",37.302848815917969,-121.10321044921875,STANISLAUS,UNINCORPORATED,-121.10323333740234,37.302845001220703
92423775,2024,2024-06-26,9465,2024-06-18,2021,020885,,2,2,9,5000,0,3,5,,2,020,"PATTERSON ROAD","LANGWORTH ROAD",2006.00,W,N,A,-,N,,,,,,,,,,Y,4,0,1,2,A,-,03,22350,,M,C,C,A,A,H,-,A,D,0,,,,,Y,,D,22,0,0,1,0,0,0,0,0,0,"- ","- ",37.732730865478516,-120.90152740478516,STANISLAUS,UNINCORPORATED,-120.90134429931641,37.732738494873047
92425862,2024,2024-06-28,9465,2024-06-09,2250,021770,,7,3,9,5000,0,3,5,,2,030,"GEER RD.","JANTZEN RD.",1478.00,S,N,A,-,N,,,,,,,,,,Y,3,0,1,1,A,-,01,23152,A,N,E,I,A,A,H,-,D,D,0,,,,,Y,Y,D,22,0,1,0,0,0,0,0,0,0,"- ","- ",37.622081756591797,-120.84681701660156,STANISLAUS,UNINCORPORATED,-120.8468017578125,37.622146606445312
92425876,2024,2024-06-28,9465,2024-06-16,2105,023200,,7,2,9,5000,0,1,1,,2,055,"INTERSTATE 5","OAK FLAT ROAD",6600.00,N,N,A,-,Y,STA,,5," "," ",13.804,H,,L,Y,2,0,2,1,A,-,01,23153,A,F,F,J,A,A,H,-,D,D,0,,,,,Y,Y,-,"- ",1,1,0,0,0,0,0,0,0,"- ","- ",37.437808990478516,-121.16168975830078,STANISLAUS,UNINCORPORATED,-121.16172790527344,37.437793731689453
92425920,2024,2024-06-28,9465,2024-06-22,1100,021235,,6,1,9,5000,0,1,3,,2,041,"SR-99 (N/B) TO MONTE VISTA AVENUE","MONTE VISTA AVENUE",10.00,N,N,A,-,Y,,,,,,,,,,N,4,0,1,2,A,-,03,22350,,M,C,C,A,A,H,-,A,D,0,,,,,Y,,-,99,0,0,1,0,0,0,0,0,0,"- ","- ",37.521690368652344,-120.88437652587891,STANISLAUS,UNINCORPORATED,,
92429625,2024,2024-07-03,9465,2024-06-26,"35  ",019982,,3,3,9,5000,0,3,5,,2,020,"VALLEY HOME ROAD","LAMBUTH AVENUE",2900.00,N,N,A,-,N,,,,,,,,,,Y,3,0,1,1,A,-,01,23152,A,N,E,I,A,A,H,-,D,D,0,,,,,Y,Y,A,01,0,1,0,0,0,0,0,0,0,"- ","- ",37.820579528808594,-120.90248870849609,STANISLAUS,UNINCORPORATED,-120.90247344970703,37.820545196533203
92430032,2024,2024-08-14,9465,2024-06-26,1445,022767,,3,2,9,5000,0,3,5,,2,040,"E HATCH ROAD","CROWS LANDING ROAD",50.00,W,N,B,-,N,,,,,,,,,,N,4,0,1,2,A,-,05,21460,A,N,B,C,A,A,H,-,A,A,0,,,,,Y,,A,01,0,0,1,0,0,0,0,0,0,"- ","- ",37.609451293945312,-120.99421691894531,STANISLAUS,UNINCORPORATED,-120.99365997314453,37.609470367431641
92435346,2024,2024-07-10,9465,2024-07-09,"800 ",022767,,2,1,9,5000,0,1,1,,2,056,"I-5 N/B","DIABLO GRANDE PKWY",5280.00,N,N,A,-,Y,STA,,5," "," ",16.242,H,,R,N,4,0,1,1,A,-,08,22107,,N,E,I,A,A,H,-,A,A,0,,,,Y,Y,,G,25,0,0,1,0,0,0,0,0,0,"- ","- ",37.468029022216797,-121.18438720703125,STANISLAUS,UNINCORPORATED,-121.18449401855469,37.467964172363281
92437528,2024,2024-07-12,9465,2024-07-04,1955,022229,,4,2,9,5000,0,1,3,,1,032,SR-132,"RESERVOIR ROAD",100.00,W,N,A,-,Y,STA,,132," "," ",32.424,H,,R,Y,4,0,2,4,A,-,09,21802,A,N,B,C,A,A,H,-,B,D,0,,,,,Y,,A,01,0,0,2,0,0,0,0,0,0,"- ","- ",37.646499633789062,-120.68242645263672,STANISLAUS,UNINCORPORATED,-120.68242645263672,37.646484375
92438886,2024,2024-07-15,9465,2024-07-02,1920,019982,,2,2,9,5000,0,1,3,,2,011,"STATE ROUTE 99 (NORTHBOUND)","STATE ROUTE 219 (KIERNAN AVENUE)",3600.00,N,N,A,-,Y,STA,,99," ",R,23.251,H,,R,N,4,0,2,2,A,-,03,22350,,N,C,C,A,A,H,-,A,D,0,,,,,Y,Y,A,01,0,0,2,0,0,0,0,0,0,"- ","- ",37.714889526367188,-121.09120178222656,STANISLAUS,UNINCORPORATED,-121.0911865234375,37.714900970458984
92438935,2024,2024-07-15,9465,2024-07-08,2000,022938,,1,2,6,5002,0,1,3,,2,011,SR-99,"TUOLUMNE BLVD",300.00,N,N,A,-,Y,STA,,99," ",R,15.178,H,,R,N,3,0,2,2,A,-,07,21658,A,N,B,C,A,A,H,-,A,D,0,,,,Y,Y,,G,25,0,1,1,0,0,0,0,0,0,"- ","- ",37.628379821777344,-120.99697113037109,STANISLAUS,MODESTO,-120.99697113037109,37.628379821777344
92440097,2024,2024-07-16,9465,2024-07-03,1035,019155,,3,1,9,5000,0,2,4,,2,042,"CROWS LANDING ROAD","BLANKENBURG AVENUE",630.00,N,N,A,-,N,,,,,,,,,,Y,4,0,1,2,A,-,03,22350,,N,C,C,A,A,H,-,A,D,0,,,,,Y,,A,07,0,0,1,0,0,0,0,0,0,"- ","- ",37.622570037841797,-120.99356842041016,STANISLAUS,UNINCORPORATED,-120.99357604980469,37.622531890869141
92443650,2024,2024-07-19,9465,2024-07-18,1650,018671,,4,2,9,5000,0,1,1,,2,056,"I-5 N/B","DAVIS ROAD O/C",270.00,S,N,A,-,Y,STA,,5," "," ",9.408,H,,R,Y,4,0,2,2,A,-,03,22350,,N,C,2,A,A,H,-,A,D,0,,,,,Y,,A,07,0,0,2,0,0,0,0,0,0,"- ","- ",37.380260467529297,-121.12763977050781,STANISLAUS,UNINCORPORATED,-121.12765502929688,37.380256652832031
92443653,2024,2024-07-19,9465,2024-07-12,1635,021337,,5,2,9,5000,0,3,5,,2,030,"WILLMS RD","ROCK RIVER RD",731.00,W,N,A,-,N,,,,,,,,,,N,2,0,1,1,A,-,08,22107,,N,F,A,A,A,H,-,A,D,0,,,Y,,Y,,C,02,1,0,0,0,0,0,0,0,1,"- ","- ",37.743148803710938,-120.59461212158203,STANISLAUS,UNINCORPORATED,-120.59450531005859,37.743167877197266
92444519,2024,2024-07-22,9465,2024-07-14,"236 ",021770,,7,3,9,5000,0,3,5,,2,030,"GILBERT RD.","EAST HATCH RD.",2640.00,S,N,A,-,N,,,,,,,,,,Y,2,0,2,1,A,-,01,23152,A,N,E,I,A,A,H,-,D,D,0,,,,,Y,Y,A,01,1,1,0,0,0,0,0,0,0,"- ","- ",37.602020263671875,-120.91558074951172,STANISLAUS,UNINCORPORATED,-120.91553497314453,37.602069854736328
92444874,2024,2024-07-22,9465,2024-07-19,1857,021368,,5,2,6,5002,0,1,3,,2,011,"STATE ROUTE 99 (SOUTHBOUND)","BECKWITH ROAD",396.00,N,N,A,-,Y,STA,,99," ",R,20.311,H,,R,Y,4,0,2,4,A,-,03,22350,,N,C,C,A,A,H,-,A,D,0,,,,,Y,,A,01,0,0,2,0,0,0,0,0,0,"- ","- ",37.684368133544922,-121.05429840087891,STANISLAUS,MODESTO,-121.05410766601562,37.684566497802734
9247167,2021,2021-04-21,5007,2021-03-21,1106,5755,TPD,7,5,5,5007,0,0,0,,0,PD3,"SOUTH ORANGE ST","HIGH ST",0.00,,Y,A,-,N,,,,,,,,,,Y,4,0,1,2,A,-,09,21802,A,N,D,C,A,A,H,-,A,A,0,,,,,Y,,A,01,0,0,1,0,0,0,0,0,0,"- ","- ",37.490489959716797,-120.85265350341797,STANISLAUS,TURLOCK,-120.8526611328125,37.490489959716797
92508875,2024,2024-07-23,9465,2024-07-16,"651 ",018457,,2,1,6,5002,0,1,3,,2,011,"STATE ROUTE 99 (SOUTHBOUND)","SIERRA DRIVE",284.00,S,N,A,-,Y,STA,,99," ",R,15.307,H,,L,Y,4,0,1,1,A,-,08,22107,,N,E,8,A,A,H,-,A,A,0,,,,,Y,,A,01,0,0,1,0,0,0,0,0,0,"- ","- ",37.630161285400391,-120.99778747558594,STANISLAUS,MODESTO,-120.99771881103516,37.630176544189453
9250966,2021,2021-05-06,5007,2021-04-12,2137,5714,TPD,1,5,5,5007,0,0,0,,0,PD1,"NORTH BERKELEY AV","E SPRINGER DR",0.00,,Y,A,-,N,,,,,,,,,,Y,4,0,1,1,A,-,03,22350,,N,E,I,A,A,H,-,C,D,0,,,,,Y,,A,07,0,0,1,0,0,0,0,0,0,"- ","- ",37.531990051269531,-120.83004760742188,STANISLAUS,TURLOCK,-120.83027648925781,37.531246185302734
9255019,2021,2021-05-05,5001,2021-04-26,1639,801,C001,1,5,4,5001,0,0,0,,0,005,"WHITMORE AV","5TH ST",0.00,,Y,A,-,N,,,,,,,,,,Y,2,0,4,2,A,-,17,21451,A,N,D,C,A,A,H,-,A,A,0,,,,,Y,,A,01,1,3,0,0,0,0,0,0,0,"- ","- ",37.594749450683594,-120.95220184326172,STANISLAUS,CERES,-120.95223999023438,37.594772338867188
9255039,2021,2021-05-10,5007,2021-04-09,0716,5800,TPD,5,5,5,5007,0,0,0,,0,PD4,"W CHRISTOFFERSEN PKWY","CROWELL RD",0.00,,Y,A,-,N,,,,,,,,,,Y,4,0,1,2,A,-,12,21453,A,N,D,C,A,A,H,-,A,A,0,,,,,Y,,D,22,0,0,1,0,0,0,0,0,0,"- ","- ",37.529331207275391,-120.86235809326172,STANISLAUS,TURLOCK,-120.86235809326172,37.529350280761719
9255189,2021,2021-05-06,5001,2021-04-07,0000,748,C104,3,5,4,5001,0,0,0,,0,004,"HACKETT RD","MORGAN RD",0.00,,Y,A,-,N,,,,,,,,,,N,3,0,1,2,A,-,00,21451,,N,A,C,A,A,H,-,A,A,0,,,,,Y,,A,01,0,1,0,0,0,0,0,0,0,"- ","- ",37.587600708007812,-120.97525787353516,STANISLAUS,CERES,-120.97528839111328,37.587619781494141
9255194,2021,2021-05-14,5004,2021-04-06,2500,236,RD38,2,5,3,5004,0,0,0,,0,041,"EAST F ST","JOHNSON AV",279.00,E,N,A,-,Y,STA,10,120,-,-,5.750,H,-,E,Y,4,0,1,2,A,-,09,21804,A,N,D,C,A,A,H,-,C,D,0,,,,,Y,,D,23,0,0,1,0,0,0,0,0,0,"- ","- ",,,STANISLAUS,OAKDALE,-120.83634948730469,37.7706298828125
9255793,2021,2021-05-10,5001,2021-05-01,0647,801,D100,6,5,4,5001,0,0,0,,0,005,"9TH ST","PARK ST",221.00,N,N,A,-,N,,,,,,,,,,Y,3,0,1,2,A,-,09,21801,A,N,D,C,A,A,H,-,A,D,0,,,,,Y,,A,01,0,1,0,0,0,0,0,0,0,"- ","- ",37.590118408203125,-120.94779968261719,STANISLAUS,CERES,-120.94783020019531,37.589237213134766
9256122,2020,2021-05-13,5007,2020-11-08,1723,5749,TPD,7,5,5,5007,0,0,0,,0,PD2,"LANDER AV","EAST LINWOOD AV",0.00,,Y,A,-,N,,,,,,,,,,Y,1,1,5,2,A,-,03,22350,,F,C,C,A,A,H,-,C,A,0,,,,,Y,,A,07,0,3,2,0,0,0,0,0,0,"- ","- ",37.478168487548828,-120.84896087646484,STANISLAUS,TURLOCK,-120.84899139404297,37.478179931640625
9256814,2021,2021-05-14,5007,2021-04-07,1403,5803,TPD,3,5,5,5007,0,0,0,,0,PD4,"PEDRAS RD","OXFORD AV",8.00,E,N,A,-,N,,,,,,,,,,N,4,0,1,1,A,-,08,22107,,N,H,A,A,A,H,-,A,D,0,,Y,,,Y,,L,04,0,0,1,0,0,0,1,0,0,"- ","- ",37.510948181152344,-120.86033630371094,STANISLAUS,TURLOCK,-120.86030578613281,37.510959625244141
9259448,2021,2021-05-12,5001,2021-04-26,1713,801,C001,1,5,4,5001,0,0,0,,0,005,"WHITMORE AV","6TH ST",0.00,,Y,A,-,N,,,,,,,,,,N,3,0,1,2,A,-,09,21802,A,N,D,C,A,A,H,-,A,A,0,,,,,Y,,A,01,0,1,0,0,0,0,0,0,0,"- ","- ",37.594741821289062,-120.95099639892578,STANISLAUS,CERES,-120.95103454589844,37.594772338867188
9259455,2021,2021-05-12,5007,2021-04-11,1259,5795,TPD,7,5,5,5007,0,0,0,,0,PD2,"COLORADO AV","EAST CANAL DR",0.00,,Y,A,-,N,,,,,,,,,,N,4,0,1,2,A,-,09,21802,A,N,D,C,A,A,H,-,A,A,0,,,,,Y,,A,01,0,0,1,0,0,0,0,0,0,"- ","- ",37.500148773193359,-120.833251953125,STANISLAUS,TURLOCK,-120.83325958251953,37.500156402587891
9259534,2021,2021-05-17,5007,2021-03-17,1640,5785,TPD,3,5,5,5007,0,0,0,,0,PD4,"NORTH WALNUT RD","WEST MONTE VISTA AV",0.00,,Y,B,-,N,,,,,,,,,,Y,2,0,3,2,A,-,12,21453,A,N,D,C,A,A,H,-,A,A,0,,,,,Y,,A,07,2,0,1,0,0,0,0,0,0,"- ","- ",37.521858215332031,-120.86724090576172,STANISLAUS,TURLOCK,-120.86725616455078,37.521865844726562
9260408,2021,2021-06-18,5007,2021-05-10,1127,5732,TPD,1,5,5,5007,0,0,0,,0,PD5,"NORTH OLIVE AV","WAYSIDE DR",34.00,N,N,A,-,N,,,,,,,,,,N,4,0,1,2,A,-,21,22106,,N,C,C,A,A,H,-,A,A,0,,,,,Y,,A,01,0,0,1,0,0,0,0,0,0,"- ","- ",37.504188537597656,-120.83981323242188,STANISLAUS,TURLOCK,-120.83985137939453,37.504253387451172
9260599,2021,2021-06-18,5007,2021-05-29,0156,5745,TPD,6,5,5,5007,0,0,0,,0,PD4,"WEST MONTE VISTA AV","NORTH GOLDEN STATE BL",0.00,,Y,A,-,N,,,,,,,,,,Y,3,0,1,1,A,-,03,22350,,N,D,I,A,A,H,-,C,A,0,,,,,Y,,A,01,0,1,0,0,0,0,0,0,0,"- ","- ",37.521800994873047,-120.87758636474609,STANISLAUS,TURLOCK,-120.87732696533203,37.521873474121094
9260681,2021,2021-06-24,5007,2021-04-19,1429,5783,TPD,1,5,5,5007,0,0,0,,0,PD5,"EAST HAWKEYE AV","NORTH DENAIR AV",0.00,,Y,A,-,N,,,,,,,,,,Y,4,0,3,2,A,-,12,21453,A,N,D,C,A,A,H,-,A,A,0,,,,,Y,,A,01,0,0,3,0,0,0,0,0,0,"- ","- ",37.507289886474609,-120.84355926513672,STANISLAUS,TURLOCK,-120.84357452392578,37.507293701171875
9261157,2021,2021-05-06,5005,2021-04-05,0938,502702,,1,5,3,5005,0,0,0,,0,3L5,"RT 33",SPERRY,0.00,,Y,A,-,Y,STA,10,33,-,-,12.571,I,5,N,Y,3,0,3,2,A,-,12,22450,,N,B,C,A,A,H,-,A,D,0,,,,,Y,,-,,0,3,0,0,0,0,0,0,0,"- ","- ",,,STANISLAUS,PATTERSON,-121.12331390380859,37.464374542236328
9265338,2020,2021-06-02,5009,2020-07-08,1230,S01784,,3,5,2,5009,0,0,0,,0,,"FOX RD",EUCLID,0.00,,Y,A,-,N,,,,,,,,,,,4,0,1,2,A,-,12,22450,A,N,D,C,A,A,H,-,A,A,0,,,,,Y,,-,,0,0,1,0,0,0,0,0,0,"- ","- ",,,STANISLAUS,HUGHSON,-120.85172271728516,37.601951599121094
9265352,2020,2021-05-25,5009,2020-09-17,1517,S02966,,4,5,2,5009,0,0,0,,0,001,"EAST HATCH RD","S SANTA FE AV",5280.00,E,N,A,-,N,,,,,,,,,,Y,3,0,2,2,A,-,08,22107,,N,A,C,A,A,-,-,A,D,0,,,,,Y,,A,01,0,1,1,0,0,0,0,0,0,"- ","- ",37.609298706054688,-120.87029266357422,STANISLAUS,HUGHSON,-120.86652374267578,37.609287261962891
9265663,2020,2021-06-02,5009,2020-10-19,1727,503229,,1,5,2,5009,0,0,0,,0,,"HATCH RD","SANTA FE AV",250.00,E,N,A,-,N,,,,,,,,,,N,4,0,3,3,A,-,03,22350,,N,-,C,A,A,H,-,A,A,0,,,Y,,Y,,A,01,0,0,3,0,0,0,0,0,0,"- ","- ",,,STANISLAUS,HUGHSON,-120.88388824462891,37.609233856201172
9268230,2021,2021-05-26,5001,2021-05-04,0000,748,A008,2,5,4,5001,0,0,0,,0,004,"WHITMORE AV","ROCKEFELLER DR",0.00,,Y,A,-,N,,,,,,,,,,Y,4,0,1,2,A,-,09,21802,A,M,A,C,A,A,H,-,A,A,0,,,,,Y,Y,A,07,0,0,1,0,0,0,0,0,0,"- ","- ",37.5948486328125,-120.97032165527344,STANISLAUS,CERES,-120.97029113769531,37.594825744628906
9268661,2021,2021-05-25,5006,2021-04-26,1755,S02646,RPD,1,5,3,5006,0,0,0,,0,RPD1,"OAKDALE RD","PATTERSON RD",280.00,S,N,A,-,N,,,,,,,,,,Y,4,0,1,2,A,-,09,21804,A,N,D,C,A,A,H,-,A,D,0,,,,,Y,,A,07,0,0,1,0,0,0,0,0,0,"- ","- ",,,STANISLAUS,RIVERBANK,-120.95864105224609,37.731891632080078
9269398,2021,2021-05-27,5001,2021-05-18,1133,818,B108,2,5,4,5001,0,0,0,,0,003,"FAITH HOME RD","HATCH RD",1584.00,S,N,A,-,N,,,,,,,,,,Y,3,0,1,1,A,-,05,21650,,N,F,A,A,A,H,-,A,D,0,,,,,Y,,D,22,0,1,0,0,0,0,0,0,0,"- ","- ",37.604999542236328,-120.92101287841797,STANISLAUS,CERES,-120.92049407958984,37.604961395263672
9269786,2021,2023-06-13,5004,2021-03-13,1515,334,,6,5,3,5004,0,0,0,,0,021,"S YOSEMITE",WARNERVILLE,300.00,S,N,A,-,N,,,,,,,,,,N,4,0,1,2,A,-,03,22350,,N,C,C,A,A,H,-,A,D,0,,,Y,,Y,,C,02,0,0,1,0,0,0,0,0,1,"- ","- ",37.747360229492188,-120.83989715576172,STANISLAUS,OAKDALE,-120.83997344970703,37.747360229492188
9272028,2021,2021-06-08,5002,2021-05-24,1939,528,B201,1,5,6,5002,0,0,0,,0,003,"EAST HATCH RD","MOFFETT RD",360.00,W,N,A,-,N,,,,,,,,,,Y,3,0,6,4,A,-,03,22350,,N,C,C,A,A,H,-,A,A,0,,,,Y,Y,,A,01,0,6,0,0,0,0,0,0,0,"- ","- ",37.609291076660156,-120.94790649414062,STANISLAUS,MODESTO,-120.94915008544922,37.609279632568359
9273320,2021,2021-07-06,5007,2021-05-05,1904,5714,TPD,3,5,5,5007,0,0,0,,0,PD3,"WEST MAIN ST","TULLY RD",274.00,E,N,A,-,N,,,,,,,,,,N,4,0,3,3,A,-,03,22350,,N,C,C,A,A,H,-,A,A,0,,,,,Y,,A,01,0,0,3,0,0,0,0,0,0,"- ","- ",,,STANISLAUS,TURLOCK,-120.86634063720703,37.492778778076172
9273718,2021,2021-06-23,5001,2021-05-24,0242,706,C006,1,5,4,5001,0,0,0,,0,004,"RAILROAD AV","KINSER RD",117.00,S,N,A,-,N,,,,,,,,,,Y,3,0,1,1,A,-,01,23152,A,N,E,I,A,A,H,-,C,D,0,,,,,Y,Y,D,22,0,1,0,0,0,0,0,0,0,"- ","- ",37.590721130371094,-120.95767211914062,STANISLAUS,CERES,-120.95714569091797,37.590904235839844
9273719,2021,2021-06-24,5001,2021-05-25,1624,821,D206,2,5,4,5001,0,0,0,,0,005,"E SERVICE RD","EL CAMINO AV",154.00,W,N,A,-,N,,,,,,,,,,Y,3,0,1,3,A,-,03,22350,A,N,C,C,A,A,H,-,A,A,0,,,,,Y,,A,01,0,1,0,0,0,0,0,0,0,"- ","- ",37.580230712890625,-120.942626953125,STANISLAUS,CERES,-120.94319152832031,37.580238342285156
9273720,2021,2021-06-24,5001,2021-05-29,0649,849,D002,6,5,4,5001,0,0,0,,0,005,"EAST WHITMORE AV","ROSE AV",0.00,,Y,A,-,N,,,,,,,,,,Y,4,0,1,3,A,-,09,21802,A,N,D,C,A,A,H,-,A,D,0,,,,,Y,,A,01,0,0,1,0,0,0,0,0,0,"- ","- ",37.594730377197266,-120.94328308105469,STANISLAUS,CERES,-120.94327545166016,37.594764709472656
9273721,2021,2021-06-30,5001,2021-05-29,1146,454,A001,6,5,4,5001,0,0,0,,0,001,"E WHITEMORE AV","4TH ST",31.00,E,N,A,-,N,,,,,,,,,,Y,3,0,1,1,D,-,00,,,N,E,I,A,A,H,-,A,A,0,,,,,Y,,-,"- ",0,1,0,0,0,0,0,0,0,"- ","- ",37.595058441162109,-120.95252990722656,STANISLAUS,CERES,-120.95328521728516,37.594768524169922