CASE_ID,ACCIDENT_YEAR,PROC_DATE,JURIS,COLLISION_DATE,COLLISION_TIME,OFFICER_ID,REPORTING_DISTRICT,DAY_OF_WEEK,CHP_SHIFT,POPULATION,CNTY_CITY_LOC,SPECIAL_COND,BEAT_TYPE,CHP_BEAT_TYPE,CITY_DIVISION_LAPD,CHP_BEAT_CLASS,BEAT_NUMBER,PRIMARY_RD,SECONDARY_RD,DISTANCE,DIRECTION,INTERSECTION,WEATHER_1,WEATHER_2,STATE_HWY_IND,CALTRANS_COUNTY,CALTRANS_DISTRICT,STATE_ROUTE,ROUTE_SUFFIX,POSTMILE_PREFIX,POSTMILE,LOCATION_TYPE,RAMP_INTERSECTION,SIDE_OF_HWY,TOW_AWAY,COLLISION_SEVERITY,NUMBER_KILLED,NUMBER_INJURED,PARTY_COUNT,PRIMARY_COLL_FACTOR,PCF_CODE_OF_VIOL,PCF_VIOL_CATEGORY,PCF_VIOLATION,PCF_VIOL_SUBSECTION,HIT_AND_RUN,TYPE_OF_COLLISION,MVIW,PED_ACTION,ROAD_SURFACE,ROAD_COND_1,ROAD_COND_2,LIGHTING,CONTROL_DEVICE,CHP_ROAD_TYPE,PEDESTRIAN_ACCIDENT,BICYCLE_ACCIDENT,MOTORCYCLE_ACCIDENT,TRUCK_ACCIDENT,NOT_PRIVATE_PROPERTY,ALCOHOL_INVOLVED,STWD_VEHTYPE_AT_FAULT,CHP_VEHTYPE_AT_FAULT,COUNT_SEVERE_INJ,COUNT_VISIBLE_INJ,COUNT_COMPLAINT_PAIN,COUNT_PED_KILLED,COUNT_PED_INJURED,COUNT_BICYCLIST_KILLED,COUNT_BICYCLIST_INJURED,COUNT_MC_KILLED,COUNT_MC_INJURED,PRIMARY_RAMP,SECONDARY_RAMP,LATITUDE,LONGITUDE,COUNTY,CITY,POINT_X,POINT_Y
94746296,2025,2025-07-02,9465,2025-06-25,1012,018274,,3,1,9,5000,0,3,5,,2,050,"RIVER ROAD","CROWS LANDING ROAD",4224.00,S,N,A,-,N,,,,,,,,,,Y,3,0,1,1,A,-,08,22107,,N,E,I,A,A,H,-,A,D,0,,,,,Y,,A,01,0,1,0,0,0,0,0,0,0,"- ","- ",37.41094970703125,-121.013427734375,STANISLAUS,UNINCORPORATED,-121.01340484619141,37.411033630371094
94747528,2025,2025-07-07,9465,2025-06-09,1324,021066,,1,1,9,5000,0,1,3,,1,031,SR-132,"SANTA FE AVENUE",100.00,W,N,A,-,Y,STA,,132," "," ",20.074,H,,R,Y,1,1,0,2,A,-,01,23152,A,N,H,F,A,A,H,-,A,A,0,,,,,Y,Y,A,07,0,0,0,0,0,0,0,0,0,"- ","- ",37.638290405273438,-120.90364837646484,STANISLAUS,UNINCORPORATED,-120.90364837646484,37.638271331787109
94747559,2025,2025-07-07,9465,2025-06-25,"540 ",018178,,3,3,9,5000,0,3,5,,2,030,"KEYES ROAD","MOUNTAIN VIEW ROAD",1584.00,E,N,A,-,N,,,,,,,,,,Y,4,0,1,2,A,-,06,21750,A,N,B,2,A,A,H,-,A,D,0,,,,Y,Y,,A,01,0,0,1,0,0,0,0,0,0,"- ","- ",37.55120849609375,-120.87413024902344,STANISLAUS,UNINCORPORATED,-120.87362670898438,37.55120849609375
94748974,2025,2025-07-07,9465,2025-06-16,2205,023379,,1,3,9,5000,0,1,1,,2,055,"I-5 N/B","DEL PUERTO CANYON ROAD",2436.00,S,N,A,-,Y,STA,,5," "," ",15.398,H,,R,N,4,0,2,3,A,-,03,22350,,N,C,C,A,A,H,-,D,D,0,,,,,Y,,A,07,0,0,2,0,0,0,0,0,0,"- ","- ",37.457988739013672,-121.1756591796875,STANISLAUS,UNINCORPORATED,-121.17561340332031,37.458011627197266
94751698,2025,2025-07-07,9465,2025-07-02,2220,021062,,3,3,9,5000,0,2,4,,2,024,"ALBERS ROAD","CLARIBEL ROAD",0.00,,Y,A,-,N,,,,,,,,,,Y,3,0,2,2,A,-,09,21453,C,N,D,C,A,A,H,-,C,A,0,,,,,Y,,A,01,0,1,1,0,0,0,0,0,0,"- ","- ",37.711078643798828,-120.84831237792969,STANISLAUS,UNINCORPORATED,-120.84834289550781,37.711063385009766
9475945,2022,2022-07-18,5001,2022-06-19,0958,706,D100,7,5,4,5001,0,0,0,,0,005,"PARK ST","9TH ST",14.00,W,N,A,-,N,,,,,,,,,,N,3,0,1,2,A,-,08,22107,,N,B,C,A,A,H,-,A,A,0,,,Y,,Y,,D,22,0,1,0,0,0,0,0,0,1,"- ","- ",37.588619232177734,-120.94780731201172,STANISLAUS,CERES,-120.9478759765625,37.588626861572266
94761828,2025,2025-07-15,9465,2025-07-09,"540 ",018363,,3,3,9,5000,0,1,1,,2,055,"INTERSTATE 5 (NORTHBOUND)","KERN CREEK UNDERCROSSING",495.00,S,N,A,-,Y,STA,,5," "," ",20.594,H,,R,Y,3,0,1,2,A,-,07,21658,A,N,B,C,A,A,H,-,B,D,0,,,Y,,Y,,A,01,0,1,0,0,0,0,0,0,1,"- ","- ",37.514999389648438,-121.23715209960938,STANISLAUS,UNINCORPORATED,-121.23712921142578,37.5150146484375
94763497,2025,2025-07-16,9465,2025-03-08,2300,023020,,6,3,9,5000,0,3,5,,2,030,"ARLBERG ROAD","CANAL BANK ROAD",397.00,N,N,A,-,N,,,,,,,,,,Y,1,1,1,1,A,-,01,23152,A,N,E,I,A,A,H,-,D,D,0,,,,,Y,Y,A,01,0,1,0,0,0,0,0,0,0,"- ","- ",37.629829406738281,-120.71893310546875,STANISLAUS,UNINCORPORATED,-120.71898651123047,37.629859924316406
94764161,2025,2025-07-16,9465,2025-07-14,1636,020457,,1,2,9,5000,0,2,4,,2,024,"ALBERS ROAD","PATTERSON ROAD",0.00,,Y,A,-,N,,,,,,,,,,Y,3,0,2,3,A,-,03,22350,A,N,C,C,A,A,H,-,A,A,0,,,,,Y,,A,01,0,2,0,0,0,0,0,0,0,"- ","- ",37.73284912109375,-120.83956146240234,STANISLAUS,UNINCORPORATED,-120.839599609375,37.732780456542969
94766152,2025,2025-07-17,9465,2025-07-16,"935 ",018178,,3,1,9,5000,0,3,5,,2,010,"CARPENTER ROAD","PARADISE ROAD",528.00,S,N,A,-,N,,,,,,,,,,N,4,0,2,3,A,-,03,22350,,N,C,C,A,A,H,-,A,D,0,,,,,Y,,A,07,0,0,2,0,0,0,0,0,0,"- ","- ",37.614429473876953,-121.03037261962891,STANISLAUS,UNINCORPORATED,-121.03037261962891,37.615028381347656
9476671,2022,2022-08-25,5007,2022-06-30,0937,5805,TPD,4,5,5,5007,0,0,0,,0,PD3,"SOUTH AV","MARTINEZ ST",377.00,E,N,A,-,N,,,,,,,,,,Y,3,0,1,2,A,-,03,22350,,N,C,E,A,A,H,-,A,D,0,,,,,Y,,-,,0,1,0,0,0,0,0,0,0,"- ","- ",37.485748291015625,-120.85620880126953,STANISLAUS,TURLOCK,-120.85458374023438,37.485431671142578
9476675,2022,2022-07-25,5007,2022-07-02,2351,5732,TPD,6,5,5,5007,0,0,0,,0,PD1,"E CHRISTOFFERSEN PKWY","N OLIVE",0.00,,Y,A,-,N,,,,,,,,,,Y,4,0,1,2,A,-,01,23152,,N,D,C,A,A,H,-,C,A,0,,,,,Y,Y,D,22,0,0,1,0,0,0,0,0,0,"- ","- ",37.529209136962891,-120.83976745605469,STANISLAUS,TURLOCK,-120.83976745605469,37.529209136962891
9477009,2022,2022-07-25,5007,2022-07-08,1635,5795,TPD,5,5,5,5007,0,0,0,,0,PD3,"WEST MAIN ST","NORTH SODERQUIST RD",0.00,,Y,A,-,N,,,,,,,,,,Y,4,0,1,4,A,-,03,22350,,F,C,C,A,A,H,-,A,A,0,,,,,Y,,A,01,0,0,1,0,0,0,0,0,0,"- ","- ",37.492740631103516,-120.86251068115234,STANISLAUS,TURLOCK,-120.86256408691406,37.492702484130859
94774145,2025,2025-07-23,9465,2025-07-14,1013,018178,,1,1,9,5000,0,3,5,,2,040,"WEST MONTE VISTA AVENUE","SOUTH CARPENTER ROAD",0.00,,Y,A,-,N,,,,,,,,,,Y,1,1,0,2,A,-,09,21802,A,N,D,2,A,A,H,-,A,A,0,,,,Y,Y,,A,01,0,0,0,0,0,0,0,0,0,"- ","- ",37.52239990234375,-121.03085327148438,STANISLAUS,UNINCORPORATED,-121.03081512451172,37.522411346435547
9477810,2022,2022-07-26,5001,2022-05-14,2358,858,B003,6,5,4,5001,0,0,0,,0,003,"MITCHELL RD","EAST WHITMORE AV",0.00,,Y,A,-,N,,,,,,,,,,Y,2,0,3,3,A,-,01,23152,A,N,D,C,A,A,H,-,C,A,0,,,,,Y,Y,A,01,1,2,0,0,0,0,0,0,0,"- ","- ",37.602001190185547,-120.938720703125,STANISLAUS,CERES,-120.93869781494141,37.594745635986328
94778971,2025,2025-07-28,9465,2025-07-18,1852,023453,,5,2,9,5000,0,3,5,,2,050,"SYCAMORE AVENUE","LEMON AVENUE",0.00,,Y,A,-,N,,,,,,,,,,Y,4,0,3,2,A,-,12,22450,A,N,D,C,A,A,H,-,A,A,0,,,,,Y,,A,07,0,0,3,0,0,0,0,0,0,"- ","- ",37.504711151123047,-121.13075256347656,STANISLAUS,UNINCORPORATED,-121.13076782226562,37.504745483398438
94779131,2025,2025-07-28,9465,2025-07-23,"841 ",020885,,3,1,6,5002,0,1,3,,2,011,"SR-99 SOUTHBOUND","CARPENTER ROAD",1637.00,S,N,A,-,Y,STA,,99," ",R,18.180,H,,L,N,4,0,2,2,A,-,07,21658,A,N,B,C,A,A,H,-,A,D,0,,,Y,,Y,,-,"- ",0,0,2,0,0,0,0,0,1,"- ","- ",37.662651062011719,-121.02702331542969,STANISLAUS,MODESTO,-121.02703094482422,37.662643432617188
9479270,2022,2022-09-20,5002,2022-07-01,2221,917,,5,5,6,5002,0,0,0,,0,,"RIVER RD","HERNDON RD",13.00,W,N,A,-,N,,,,,,,,,,Y,4,0,1,1,A,-,03,22350,,N,F,A,A,A,H,-,C,D,0,,,,,Y,,-,,0,0,1,0,0,0,0,0,0,"- ","- ",37.623050689697266,-120.97531127929688,STANISLAUS,MODESTO,-120.97537231445312,37.623058319091797
94793535,2025,2025-08-07,9465,2025-07-29,"845 ",020822,,2,1,9,5000,0,1,3,,1,032,SR-132,"DEINSTAG ROAD",2112.00,E,N,A,-,N,,,,,,,,,,Y,3,0,4,2,A,-,05,21460,,N,B,C,A,A,H,-,A,D,0,,,,,Y,Y,A,01,0,1,3,0,0,0,0,0,0,"- ","- ",37.642181396484375,-120.63902282714844,STANISLAUS,UNINCORPORATED,-120.63871765136719,37.642131805419922
94797311,2025,2025-08-11,9465,2025-08-04,1150,020885,,1,1,9,5000,0,3,5,,2,030,"MITCHELL ROAD","LAPHAM DRIVE",45.00,S,N,A,-,N,,,,,,,,,,N,4,0,1,2,A,-,21,22106,,N,C,C,A,A,H,-,A,D,0,,,,,Y,,A,08,0,0,1,0,0,0,0,0,0,"- ","- ",37.637630462646484,-120.95719146728516,STANISLAUS,UNINCORPORATED,-120.95724487304688,37.637668609619141
94797663,2025,2025-08-11,9465,2025-08-09,1655,023453,,6,2,9,5000,0,3,5,,2,050,"WEST SANCHES ROAD","UPPER ROAD",0.00,,Y,A,-,N,,,,,,,,,,Y,3,0,1,2,A,-,09,21802,A,N,D,C,A,A,H,-,A,D,0,,,,,Y,,A,07,0,1,0,0,0,0,0,0,0,"- ","- ",37.296611785888672,-121.03099822998047,STANISLAUS,UNINCORPORATED,,
94797675,2025,2025-08-11,9465,2025-08-04,1840,020642,,1,2,9,5000,0,3,5,,2,050,"VILLA MANUCHA ROAD","AZEVEDO ROAD",2640.00,W,N,A,-,N,,,,,,,,,,Y,4,0,2,2,A,-,05,21460,A,N,B,C,A,A,H,-,A,D,0,,,,,Y,,-,"- ",0,0,2,0,0,0,0,0,0,"- ","- ",37.363449096679688,-121.0260009765625,STANISLAUS,UNINCORPORATED,-121.0257568359375,37.363807678222656
94804076,2025,2025-08-15,9465,2025-08-08,"722 ",021636,,5,1,9,5000,0,1,3,,2,011,"STATE ROUTE 99 (NORTHBOUND)","HAMMETT ROAD",2640.00,S,N,A,-,Y,STA,,99," ",R,23.766,H,,R,Y,4,0,3,3,A,-,03,22350,,N,C,C,A,A,H,-,A,D,0,,,,,Y,,A,07,0,0,3,0,0,0,0,0,0,"- ","- ",37.720268249511719,-121.09768676757812,STANISLAUS,UNINCORPORATED,-121.09767150878906,37.720287322998047
94808930,2025,2025-08-19,9465,2025-08-12,1655,021066,,2,2,9,5000,0,3,5,,2,040,"S 7TH STREET","PECOS AVENUE",0.00,,Y,A,-,N,,,,,,,,,,Y,3,0,1,3,A,-,09,21801,A,N,B,C,A,A,H,-,A,D,0,,,,,Y,,A,01,0,1,0,0,0,0,0,0,0,"- ","- ",37.616310119628906,-120.98625183105469,STANISLAUS,UNINCORPORATED,-120.98477172851562,37.615131378173828
94810218,2025,2025-08-20,9465,2025-08-12,"120 ",022749,,2,3,9,5000,0,1,3,,2,022,SR-108,"108 STA 15.00",250.00,E,N,A,-,Y,STA,,120," ",R,15.036,H,,R,Y,4,0,1,1,A,-,08,22107,,N,E,I,A,A,H,-,D,D,0,,,,,Y,,D,22,0,0,1,0,0,0,0,0,0,"- ","- ",37.806831359863281,-120.68663024902344,STANISLAUS,UNINCORPORATED,-120.68663787841797,37.806785583496094
94810342,2025,2025-08-20,9465,2025-08-17,1305,020642,,7,1,9,5000,0,1,3,,2,053,"STATE ROUTE 33","GAFFERY ROAD",0.00,,Y,A,-,Y,STA,,33," "," ",23.960,H,,R,Y,4,0,3,2,A,-,01,23152,A,N,B,C,A,A,H,-,A,D,0,,,,,Y,Y,A,01,0,0,3,0,0,0,0,0,0,"- ","- ",37.594650268554688,-121.24861907958984,STANISLAUS,UNINCORPORATED,-121.24861145019531,37.594657897949219
9481171,2022,2022-08-05,5007,2022-07-14,1842,5757,TPD,4,5,5,5007,0,0,0,,0,PD3,"W MAIN","RT 99",0.00,,Y,A,-,N,,,,,,,,,,Y,4,0,2,2,A,-,12,21453,A,N,D,C,A,A,H,-,A,A,0,,,,,Y,,A,01,0,0,2,0,0,0,0,0,0,"- ","- ",37.492729187011719,-120.87068939208984,STANISLAUS,TURLOCK,-120.87020874023438,37.492721557617188
9481172,2022,2022-08-05,5007,2022-07-02,2258,5799,TPD,6,5,5,5007,0,0,0,,0,PD4,"W MORTE VISTA AV","COUNTRYSIDE DR",416.00,W,N,A,-,N,,,,,,,,,,Y,3,0,3,2,A,-,07,21658,A,N,B,C,A,A,H,-,C,D,0,,,,,Y,,A,01,0,1,2,0,0,0,0,0,0,"- ","- ",37.521419525146484,-120.88337707519531,STANISLAUS,TURLOCK,-120.8828125,37.521827697753906
94818729,2025,2025-08-26,9465,2025-08-22,1543,020833,,5,2,6,5002,0,1,3,,2,011,"STATE ROUTE 99 (SOUTHBOUND)","CARPENTER ROAD",500.00,S,N,A,-,Y,STA,,99," ",M,18.339,H,,R,Y,3,0,1,3,A,-,03,22350,,N,C,C,A,A,H,-,A,D,0,,,,Y,Y,,G,25,0,1,0,0,0,0,0,0,0,"- ","- ",37.664260864257812,-121.02900695800781,STANISLAUS,MODESTO,-121.02880859375,37.664421081542969
9481981,2022,2022-08-17,5007,2022-07-26,0941,5505,TPD,2,5,5,5007,0,0,0,,0,PD1,"HEDSTROM RD","GAIL AV",0.00,,Y,A,-,N,,,,,,,,,,N,4,0,1,2,A,-,08,22107,,N,D,C,A,A,H,-,A,A,0,,,,,Y,,D,22,0,0,1,0,0,0,0,0,0,"- ","- ",37.520000457763672,-120.84609222412109,STANISLAUS,TURLOCK,-120.84609222412109,37.52001953125
94819984,2025,2025-08-27,9465,2025-08-18,1630,017966,,1,2,9,5000,0,1,3,,2,011,"STATE ROUTE 99 (SOUTHBOUND)","KANSAS AVENUE",1056.00,N,N,A,-,Y,STA,,99," ",R,17.194,H,,R,N,4,0,1,2,A,-,03,22350,,N,C,C,A,A,H,-,A,D,0,,,,,Y,,D,22,0,0,1,0,0,0,0,0,0,"- ","- ",37.649768829345703,-121.02102661132812,STANISLAUS,UNINCORPORATED,-121.02088928222656,37.649871826171875
94821633,2025,2025-08-28,9465,2025-08-16,"240 ",023020,,6,3,6,5002,0,1,3,,2,041,"SR-99 S/B","FAITH HOME ROAD",245.00,S,N,A,-,Y,STA,,99," "," ",8.640,H,,L,Y,3,0,1,2,A,-,01,23152,A,N,C,C,A,A,H,-,D,D,0,,,,,Y,Y,A,01,0,1,0,0,0,0,0,0,0,"- ","- ",37.559291839599609,-120.92019653320312,STANISLAUS,MODESTO,-120.92018890380859,37.559299468994141
94823170,2025,2025-08-29,9465,2025-08-22,1020,022499,,5,1,9,5000,0,2,4,,2,043,"W. MAIN STREET","FAITH HOME ROAD",0.00,,Y,A,-,N,,,,,,,,,,Y,4,0,1,2,A,-,09,21800,A,N,D,C,A,A,H,-,A,A,0,,,,,Y,,-,"- ",0,0,1,0,0,0,0,0,0,"- ","- ",37.492618560791016,-120.92160034179688,STANISLAUS,UNINCORPORATED,-120.92155456542969,37.492622375488281
94823477,2025,2025-08-29,9465,2025-08-27,1645,021066,,3,2,9,5000,0,1,3,,1,031,"SR-132 (YOSEMITE BLVD)","A STREET",90.00,E,N,A,-,Y,STA,,132," "," ",19.837,H,,R,Y,4,0,1,2,A,-,03,22350,,N,C,C,A,A,H,-,A,D,0,,,,,Y,,A,01,0,0,1,0,0,0,0,0,0,"- ","- ",37.638229370117188,-120.90792083740234,STANISLAUS,UNINCORPORATED,-120.90792083740234,37.638252258300781
94826669,2025,2025-09-02,9465,2025-08-27,"730 ",020822,,3,1,9,5000,0,2,4,,2,043,"WEST MAIN STREET","MITCHELL ROAD",0.00,,Y,A,-,N,,,,,,,,,,Y,4,0,1,2,A,-,09,21800,A,N,D,C,A,A,H,-,A,A,0,,,,,Y,,A,01,0,0,1,0,0,0,0,0,0,"- ","- ",37.492771148681641,-120.94036865234375,STANISLAUS,UNINCORPORATED,-120.94041442871094,37.492748260498047
94826955,2025,2025-09-02,9465,2025-08-08,1155,019730,,5,1,9,5000,0,1,3,,2,028,"STATE ROUTE 4","MILTON ROAD",0.00,,Y,A,-,Y,STA,,4," "," ",4.544,H,,R,N,1,1,2,3,A,-,09,21802,A,N,D,C,A,A,H,-,A,A,0,,,,,Y,,A,01,0,1,1,0,0,0,0,0,0,"- ","- ",37.944789886474609,-120.84374237060547,STANISLAUS,UNINCORPORATED,-120.84374237060547,37.94476318359375
9482914,2022,2022-07-29,5007,2022-07-13,1450,5814,TPD,3,5,5,5007,0,0,0,,0,PD3,"SODERQUIST RD","WEST MAIN ST",0.00,,Y,A,-,N,,,,,,,,,,N,4,0,1,2,A,-,09,21801,A,N,B,C,A,A,H,-,-,A,0,,,,,Y,,A,01,0,0,1,0,0,0,0,0,0,"- ","- ",37.492481231689453,-120.86215972900391,STANISLAUS,TURLOCK,-120.86256408691406,37.492702484130859
94829684,2025,2025-09-04,9465,2025-09-02,1342,018222,,2,1,9,5000,0,3,5,,2,020,"MILTON ROAD","DUNTON ROAD",0.00,,Y,A,-,N,,,,,,,,,,Y,3,0,1,2,A,-,09,21801,A,N,D,C,A,A,H,-,A,D,0,,,,,Y,,A,07,0,1,0,0,0,0,0,0,0,"- ","- ",37.915668487548828,-120.84387969970703,STANISLAUS,UNINCORPORATED,-120.84387969970703,37.9156494140625
9483351,2022,2022-08-17,5007,2022-07-27,1423,5814,TPD,3,5,5,5007,0,0,0,,0,PD3,"NORTH TULLY RD","WEST MAIN ST",10.00,N,N,A,-,N,,,,,,,,,,N,4,0,1,2,A,-,03,22350,,N,C,C,A,A,H,-,A,A,0,,,,,Y,,A,01,0,0,1,0,0,0,0,0,0,"- ","- ",37.492740631103516,-120.86727905273438,STANISLAUS,TURLOCK,-120.86729431152344,37.492763519287109
94834195,2025,2025-09-08,9465,2025-09-02,1530,017966,,2,2,9,5000,0,1,3,,2,012,"STATE ROUTE 132","FAUST ROAD",528.00,E,N,A,-,Y,STA,,132," "," ",7.786,H,,R,Y,3,0,3,2,A,-,03,22350,,N,C,C,A,A,H,-,A,D,0,,,,,Y,,A,07,0,1,2,0,0,0,0,0,0,"- ","- ",37.637821197509766,-121.13304138183594,STANISLAUS,UNINCORPORATED,-121.13304138183594,37.637844085693359
94839140,2025,2025-09-10,9465,2025-09-08,"958 ",018259,,1,1,9,5000,0,3,5,,2,050,SR-33,"HAMILTON ROAD",0.00,,Y,A,-,Y,STA,,33," "," ",21.304,H,,R,Y,3,0,2,2,A,-,05,21752,D,N,D,C,A,A,H,-,A,D,0,,,,,Y,,A,07,0,1,1,0,0,0,0,0,0,"- ","- ",37.565631866455078,-121.21681976318359,STANISLAUS,UNINCORPORATED,-121.21681976318359,37.565628051757812
94846233,2025,2025-09-16,9465,2025-09-08,"553 ",018274,,1,3,9,5000,0,3,5,,2,040,"SHILOH ROAD","GRAYSON ROAD",10032.00,N,N,A,-,N,,,,,,,,,,Y,4,0,1,2,A,-,03,22350,,N,B,C,A,A,H,-,B,D,0,,,,,Y,,A,01,0,0,1,0,0,0,0,0,0,"- ","- ",37.587730407714844,-121.13519287109375,STANISLAUS,UNINCORPORATED,-121.1353759765625,37.58770751953125
94846530,2025,2025-09-16,9465,2025-09-09,1730,021537,,2,2,9,5000,0,3,5,,2,040,"USTICK ROAD","INYO AVENUE",0.00,,Y,B,-,N,,,,,,,,,,Y,4,0,2,2,A,-,09,21802,A,N,D,C,A,A,H,-,A,A,0,,,,,Y,,A,01,0,0,2,0,0,0,0,0,0,"- ","- ",37.600070953369141,-121.01165008544922,STANISLAUS,UNINCORPORATED,-121.01161956787109,37.600082397460938
94848385,2025,2025-09-17,9465,2025-09-11,1720,023453,,4,2,9,5000,0,3,5,,2,030,"EAST HATCH ROAD","BALDWIN ROAD",758.00,W,N,A,-,N,,,,,,,,,,Y,4,0,1,2,A,-,03,22350,,N,C,C,A,A,H,-,A,D,0,,,,,Y,,A,01,0,0,1,0,0,0,0,0,0,"- ","- ",37.609241485595703,-120.89092254638672,STANISLAUS,UNINCORPORATED,-120.89085388183594,37.6092529296875
9484888,2022,2022-08-30,5001,2022-08-12,2326,833,D003,5,5,4,5001,0,0,0,,0,005,"MITCHELL RD","EAST WHITMORE AV",0.00,,Y,A,-,N,,,,,,,,,,N,3,0,2,2,A,-,12,21453,,N,A,C,A,A,H,-,C,A,0,,,,,Y,,A,07,0,2,0,0,0,0,0,0,0,"- ","- ",37.594730377197266,-120.93869018554688,STANISLAUS,CERES,-120.93869781494141,37.594745635986328
9484904,2022,2022-08-25,5001,2022-07-27,0538,858,D004,3,5,4,5001,0,0,0,,0,005,"MITCHELL RD","COLLEEN WY",12.00,N,N,A,-,N,,,,,,,,,,N,4,0,1,2,A,-,04,21703,,M,C,C,A,A,H,-,C,A,0,,,,,Y,,-,99,0,0,1,0,0,0,0,0,0,"- ","- ",37.59375,-120.93817901611328,STANISLAUS,CERES,-120.93878936767578,37.591583251953125
94851210,2025,2025-10-28,9465,2025-09-12,1055,020885,,5,1,9,5000,0,3,5,,2,040,"S. 7TH STREET","PECOS AVENUE",0.00,,Y,A,-,N,,,,,,,,,,Y,3,0,2,2,A,-,09,21801,A,N,A,C,A,A,H,-,A,D,0,,,,,Y,,A,01,0,1,1,0,0,0,0,0,0,"- ","- ",37.616268157958984,-120.98616027832031,STANISLAUS,UNINCORPORATED,-120.98477172851562,37.615131378173828
94851689,2024,2025-09-22,9465,2024-12-21,1148,019730,,6,1,9,5000,0,1,3,,2,021,"STATE ROUTE 120","PIONEER AVENUE",645.00,W,N,B,-,Y,STA,,120," "," ",0.391,H,,R,N,1,1,1,2,A,-,01,23152,A,N,A,C,A,B,H,-,A,D,0,,,,,Y,Y,D,22,1,0,0,0,0,0,0,0,0,"- ","- ",37.793281555175781,-120.91622161865234,STANISLAUS,UNINCORPORATED,-120.91622161865234,37.793315887451172
9485305,2022,2022-09-01,5007,2022-08-16,1200,5776,,2,5,5,5007,0,0,0,,0,,"N TEGNER RD","FULKERTH RD",365.00,N,N,A,-,N,,,,,,,,,,N,3,0,1,1,A,-,08,22107,,N,A,I,A,A,H,-,A,D,0,,,,,Y,,D,22,0,1,0,0,0,0,0,0,0,"- ","- ",,,STANISLAUS,TURLOCK,-120.88544464111328,37.508232116699219
94854327,2025,2025-09-22,9465,2025-09-19,1729,023453,,5,2,9,5000,0,3,5,,2,040,"GRAYSON ROAD","VIVIAN ROAD",370.00,W,N,A,-,N,,,,,,,,,,N,3,0,1,1,A,-,08,22107,,N,E,I,A,A,H,-,A,D,0,,,,,Y,,A,01,0,1,0,0,0,0,0,0,0,"- ","- ",37.566009521484375,-121.04946899414062,STANISLAUS,UNINCORPORATED,-121.04973602294922,37.565959930419922
94855061,2025,2025-11-13,9465,2025-09-17,1128,018274,,3,1,9,5000,0,3,5,,2,010,"MCHENRY AVENUE","STEWART ROAD",50.00,N,N,A,-,N,,,,,,,,,,Y,4,0,1,2,A,-,03,22350,,N,C,C,A,A,H,-,A,A,0,,,,,Y,,A,01,0,0,1,0,0,0,0,0,0,"- ","- ",37.742649078369141,-120.99549102783203,STANISLAUS,UNINCORPORATED,-120.99544525146484,37.742595672607422
94856553,2025,2025-09-23,9465,2025-09-17,1500,018363,,3,2,9,5000,0,3,5,,2,030,"SOUTH 9TH STREET (NORTHBOUND)","RIVER ROAD",300.00,S,N,A,-,N,,,,,,,,,,N,4,0,2,2,A,-,07,21658,A,N,B,2,A,A,H,-,A,D,0,,,,,Y,,A,07,0,0,2,0,0,0,0,0,0,"- ","- ",37.625148773193359,-120.98671722412109,STANISLAUS,UNINCORPORATED,-120.98683166503906,37.625396728515625
94856721,2025,2025-11-13,9465,2025-09-14,1252,018274,,7,1,9,5000,0,1,3,,2,011,"STATE ROUTE 99 (NORTHBOUND)","G STREET",308.00,S,N,A,-,Y,STA,,99," ",R,15.597,H,,R,Y,4,0,4,3,A,-,03,22350,,N,C,2,A,A,H,-,A,D,0,,,,,Y,,D,22,0,0,4,0,0,0,0,0,0,"- ","- ",37.633758544921875,-121.00025177001953,STANISLAUS,UNINCORPORATED,-121.00020599365234,37.633792877197266
94857733,2025,2025-09-24,9465,2025-09-16,1500,018274,,2,2,9,5000,0,1,3,,2,011,"STATE ROUTE 99 (SOUTHBOUND)","BECKWITH ROAD",1162.00,N,N,A,-,Y,STA,,99," ",R,20.456,H,,R,N,4,0,1,3,A,-,03,22350,,N,C,C,A,A,H,-,A,D,0,,,,,Y,,A,01,0,0,1,0,0,0,0,0,0,"- ","- ",37.685798645019531,-121.05626678466797,STANISLAUS,UNINCORPORATED,-121.05608367919922,37.685966491699219
94858257,2025,2025-09-24,9465,2025-09-24,"550 ",021066,,3,3,9,5000,0,1,3,,2,011,"SR-99 (S/B)",SR-219,2045.00,S,N,A,-,Y,STA,,99," ",R,22.159,H,,R,N,4,0,1,2,A,-,03,22350,,N,C,C,A,A,H,-,D,D,0,,,,,Y,,A,01,0,0,1,0,0,0,0,0,0,"- ","- ",37.704639434814453,-121.07624053955078,STANISLAUS,UNINCORPORATED,-121.07602691650391,37.704792022705078