CASE_ID,ACCIDENT_YEAR,PROC_DATE,JURIS,COLLISION_DATE,COLLISION_TIME,OFFICER_ID,REPORTING_DISTRICT,DAY_OF_WEEK,CHP_SHIFT,POPULATION,CNTY_CITY_LOC,SPECIAL_COND,BEAT_TYPE,CHP_BEAT_TYPE,CITY_DIVISION_LAPD,CHP_BEAT_CLASS,BEAT_NUMBER,PRIMARY_RD,SECONDARY_RD,DISTANCE,DIRECTION,INTERSECTION,WEATHER_1,WEATHER_2,STATE_HWY_IND,CALTRANS_COUNTY,CALTRANS_DISTRICT,STATE_ROUTE,ROUTE_SUFFIX,POSTMILE_PREFIX,POSTMILE,LOCATION_TYPE,RAMP_INTERSECTION,SIDE_OF_HWY,TOW_AWAY,COLLISION_SEVERITY,NUMBER_KILLED,NUMBER_INJURED,PARTY_COUNT,PRIMARY_COLL_FACTOR,PCF_CODE_OF_VIOL,PCF_VIOL_CATEGORY,PCF_VIOLATION,PCF_VIOL_SUBSECTION,HIT_AND_RUN,TYPE_OF_COLLISION,MVIW,PED_ACTION,ROAD_SURFACE,ROAD_COND_1,ROAD_COND_2,LIGHTING,CONTROL_DEVICE,CHP_ROAD_TYPE,PEDESTRIAN_ACCIDENT,BICYCLE_ACCIDENT,MOTORCYCLE_ACCIDENT,TRUCK_ACCIDENT,NOT_PRIVATE_PROPERTY,ALCOHOL_INVOLVED,STWD_VEHTYPE_AT_FAULT,CHP_VEHTYPE_AT_FAULT,COUNT_SEVERE_INJ,COUNT_VISIBLE_INJ,COUNT_COMPLAINT_PAIN,COUNT_PED_KILLED,COUNT_PED_INJURED,COUNT_BICYCLIST_KILLED,COUNT_BICYCLIST_INJURED,COUNT_MC_KILLED,COUNT_MC_INJURED,PRIMARY_RAMP,SECONDARY_RAMP,LATITUDE,LONGITUDE,COUNTY,CITY,POINT_X,POINT_Y
9658053,2024,2024-03-20,5004,2024-01-26,1613,341,RD6,5,5,3,5004,0,0,0,,0,032,"N YOSEMITE AV","E A ST",0.00,,Y,A,-,N,,,,,,,,,,N,3,0,1,2,A,-,08,22107,,N,H,G,A,A,H,-,A,A,0,,Y,,,Y,,D,73,0,1,0,0,0,0,1,0,0,"- ","- ",37.772480010986328,-120.85093688964844,STANISLAUS,OAKDALE,-120.85099029541016,37.772441864013672
9669860,2024,2024-04-25,5007,2024-02-26,1950,5813,TPD,1,5,5,5007,0,0,0,,0,PD4,"NORTH GOLDEN STATE BL","ATHERSTONE RD",0.00,,Y,A,-,N,,,,,,,,,,Y,3,0,2,2,A,-,17,21451,A,N,D,C,A,A,H,-,C,A,0,,,,,Y,,A,01,0,2,0,0,0,0,0,0,0,"- ","- ",37.532718658447266,-120.88841247558594,STANISLAUS,TURLOCK,-120.88823699951172,37.532752990722656
9672653,2024,2024-04-22,5007,2024-02-20,2039,5785,,2,5,5,5007,0,0,0,,0,003,"SOUTH AV","WEST AV SOUTH",468.00,E,N,B,-,N,,,,,,,,,,N,4,0,1,3,A,-,01,23152,A,N,E,E,A,B,H,-,C,D,0,,,,,Y,Y,A,01,0,0,1,0,0,0,0,0,0,"- ","- ",,,STANISLAUS,TURLOCK,-120.85646820068359,37.485431671142578
9674164,2024,2024-04-26,5007,2024-02-21,2242,5783,TPD,3,5,5,5007,0,0,0,,0,PD3,"WEST MAIN ST","RT 99",0.00,,Y,A,-,Y,STA,10,99,-,R,3.329,R,3,S,Y,4,0,2,2,A,-,12,21453,A,N,D,C,A,A,H,-,C,A,0,,,,,Y,,D,22,0,0,2,0,0,0,0,0,0,"- ",SO,37.488788604736328,-120.86778259277344,STANISLAUS,TURLOCK,-120.86923980712891,37.490932464599609
9674703,2024,2024-05-21,5007,2024-03-04,1538,5806,TPD,1,5,5,5007,0,0,0,,0,PD4,"NORTH TULLY RD",SHETLAND,43.00,N,N,A,-,N,,,,,,,,,,N,3,0,1,2,A,-,08,22107,,N,D,G,A,A,H,-,A,D,0,,Y,,,Y,,L,04,0,1,0,0,0,0,1,0,0,"- ","- ",37.511070251464844,-120.8721923828125,STANISLAUS,TURLOCK,-120.87177276611328,37.510929107666016
9676230,2024,2024-02-28,5007,2024-01-20,"437 ",5816,TPD,6,5,5,5007,0,0,0,,0,PD3,"FULKERTH RD","N TEGNER RD",0.00,,Y,C,-,N,,,,,,,,,,Y,4,0,1,2,A,-,04,21703,,N,D,C,A,B,G,-,C,A,0,,,,Y,Y,,A,01,0,0,1,0,0,0,0,0,0,"- ","- ",37.507228851318359,-120.88543701171875,STANISLAUS,TURLOCK,-120.88543701171875,37.507228851318359
9677326,2024,2024-06-03,5007,2024-04-16,1456,5816,TPD,2,5,5,5007,0,0,0,,0,PD2,"WEST MAIN ST","MARKET ST",71.00,E,N,A,-,N,,,,,,,,,,N,4,0,2,2,A,-,03,22350,,F,C,C,A,A,H,-,A,A,0,,,,,Y,,A,01,0,0,2,0,0,0,0,0,0,"- ","- ",37.492961883544922,-120.84857940673828,STANISLAUS,TURLOCK,-120.84835815429688,37.492912292480469
9677757,2024,2024-07-11,5007,2024-05-06,"1   ",5813,TPD,1,5,5,5007,0,0,0,,0,PD4,"NORTH GOLDEN STATE BL","W CHRISTOFFERSEN PKWY",484.00,N,N,A,-,N,,,,,,,,,,Y,3,0,1,1,A,-,07,21658,A,N,E,I,A,A,H,-,C,D,0,,,,,Y,,A,01,0,1,0,0,0,0,0,0,0,"- ","- ",37.528968811035156,-120.88578796386719,STANISLAUS,TURLOCK,-120.88674163818359,37.530162811279297
9681063,2024,2024-04-30,5007,2024-02-28,1951,7073,TPD,3,5,5,5007,0,0,0,,0,PD2,"S GOLDEN STATE BLVD","MARSHALL ST",0.00,,Y,A,-,N,,,,,,,,,,N,3,0,2,2,A,-,12,21453,A,N,H,G,A,A,H,-,C,A,0,,Y,,,Y,,L,04,0,2,0,0,0,0,1,0,0,"- ","- ",37.493099212646484,-120.84420776367188,STANISLAUS,TURLOCK,-120.84423065185547,37.493091583251953
9681068,2024,2024-05-10,5007,2024-02-20,1836,5785,TPD,2,5,5,5007,0,0,0,,0,PD2,"MINARET AV","EAST  AVE",0.00,,Y,C,-,N,,,,,,,,,,N,3,0,2,2,A,-,12,22450,A,N,D,C,A,B,D,-,C,D,0,,,,,Y,,A,01,0,1,1,0,0,0,0,0,0,"- ","- ",37.492721557617188,-120.83982849121094,STANISLAUS,TURLOCK,-120.83985900878906,37.492687225341797
9684651,2024,2024-05-14,5007,2024-03-30,2153,5810,TPD,6,5,5,5007,0,0,0,,0,PD2,"LANDER AV","VERMONT AV",0.00,,Y,B,-,N,,,,,,,,,,Y,3,0,1,2,A,-,09,21801,A,N,D,C,A,B,H,-,C,A,0,,,Y,,Y,,A,07,0,1,0,0,0,0,0,0,1,"- ","- ",37.487968444824219,-120.84898376464844,STANISLAUS,TURLOCK,-120.84898376464844,37.487987518310547
9691893,2024,2024-06-25,5004,2024-04-14,1257,341,RD60,7,5,3,5004,0,0,0,,0,021,"E GREGER ST","MUSTANG DR",0.00,,Y,A,-,N,,,,,,,,,,Y,3,0,3,2,A,-,08,22107,,N,A,C,A,A,H,-,A,D,0,,,,,Y,,D,72,0,1,2,0,0,0,0,0,0,"- ","- ",37.751338958740234,-120.87124633789062,STANISLAUS,OAKDALE,-120.87866973876953,37.746658325195312
9692049,2024,2024-05-30,5007,2024-04-15,2101,5765,TPD,1,5,5,5007,0,0,0,,0,PD2,"NORTH PALM ST","E OLIVE ST",0.00,,Y,A,-,N,,,,,,,,,,N,4,0,1,2,A,-,12,21453,A,F,D,C,A,A,H,-,C,A,0,,,,,Y,,A,01,0,0,1,0,0,0,0,0,0,"- ","- ",37.497039794921875,-120.84403991699219,STANISLAUS,TURLOCK,-120.84397125244141,37.497528076171875
9693614,2024,2024-06-26,5003,2024-04-18,1250,N323,RDNM,4,5,2,5003,0,0,0,,0,NPD,"KERN ST","N ST",0.00,,Y,A,-,N,,,,,,,,,,N,4,0,1,2,A,-,12,21453,A,N,D,D,A,A,H,-,A,A,0,,,,,Y,,D,73,0,0,1,0,0,0,0,0,0,"- ","- ",37.317001342773438,-121.02100372314453,STANISLAUS,NEWMAN,-121.02205657958984,37.317474365234375
9694739,2024,2024-07-10,5004,2024-05-19,1805,376,RD38,7,5,3,5004,0,0,0,,0,041,"EAST AV","E G ST",0.00,,Y,A,-,N,,,,,,,,,,Y,2,0,2,2,A,-,09,21801,A,N,D,C,A,A,H,-,A,A,0,,,Y,,Y,,A,01,1,1,0,0,0,0,0,0,1,"- ","- ",37.767810821533203,-120.84095764160156,STANISLAUS,OAKDALE,-120.84095001220703,37.767707824707031
9696556,2024,2024-06-25,5006,2024-05-12,1813,385,CO,7,5,3,5006,0,0,0,,0,0CO,"F ST","CRANE RD",0.00,,Y,A,-,Y,STA,10,108,-,-,36.151,I,5,W,Y,3,0,2,2,A,-,12,21453,,N,D,C,A,A,H,-,A,A,0,,,,,Y,,A,01,0,1,1,0,0,0,0,0,0,"- ","- ",,,STANISLAUS,RIVERBANK,-120.88175201416016,37.754684448242188
9699335,2024,2024-06-06,5007,2024-04-09,1625,5816,TPD,2,5,5,5007,0,0,0,,0,PD2,"ENGLISH AV","BREDENBERG LN",38.00,S,N,A,-,N,,,,,,,,,,Y,4,0,1,2,A,-,01,23152,A,N,A,E,A,A,H,-,A,D,0,,,,,Y,Y,A,08,0,0,1,0,0,0,0,0,0,"- ","- ",37.475788116455078,-120.83911895751953,STANISLAUS,TURLOCK,-120.83943176269531,37.475845336914062
9700707,2024,2024-07-09,5007,2024-05-15,1715,5774,TPD,3,5,5,5007,0,0,0,,0,PD4,"W MONTE VISTA AVENUE","DELS LANE",0.00,,Y,A,-,N,,,,,,,,,,Y,4,0,2,2,A,-,12,21453,A,N,D,C,A,A,H,-,A,A,0,,,,,Y,,A,07,0,0,2,0,0,0,0,0,0,"- ","- ",37.52191162109375,-120.85809326171875,STANISLAUS,TURLOCK,-120.85812377929688,37.521808624267578
9700710,2024,2024-07-09,5007,2024-05-10,2128,5785,TPD,5,5,5,5007,0,0,0,,0,PD3,"SOUTH AVE","MAE ST",147.00,W,N,A,-,N,,,,,,,,,,N,4,0,1,2,A,-,09,21804,,N,D,C,A,A,H,-,C,D,0,,,,,Y,,A,01,0,0,1,0,0,0,0,0,0,"- ","- ",37.485431671142578,-120.86051177978516,STANISLAUS,TURLOCK,-120.86100006103516,37.485424041748047
9704193,2024,2024-07-01,5007,2024-05-02,1628,5816,TPD,4,5,5,5007,0,0,0,,0,PD1,"E TAYLOR RD","GEER RD",0.00,,Y,A,-,N,,,,,,,,,,Y,4,0,2,2,A,-,12,21453,A,N,B,C,A,A,H,-,A,D,0,,,,,Y,,D,22,0,0,2,0,0,0,0,0,0,"- ","- ",37.536731719970703,-120.8480224609375,STANISLAUS,TURLOCK,-120.84799957275391,37.536731719970703
9708328,2024,2024-09-05,5007,2024-06-09,1826,5819,TPD,7,5,5,5007,0,0,0,,0,PD3,"FULKERTH RD","DIANNE DR",0.00,,Y,A,-,N,,,,,,,,,,Y,4,0,1,2,A,-,17,21451,A,N,D,C,A,A,H,-,A,A,0,,,,,Y,,A,07,0,0,1,0,0,0,0,0,0,"- ","- ",37.506999969482422,-120.88079833984375,STANISLAUS,TURLOCK,-120.88135528564453,37.507247924804688
9717620,2024,2024-08-28,5003,2024-07-12,2130,N305,RDNM,5,5,2,5003,0,0,0,,0,NPD,"YOLO ST","R ST",0.00,,Y,A,-,N,,,,,,,,,,N,3,0,1,2,A,-,09,21800,A,N,D,C,A,A,H,-,C,A,0,,,,,Y,,D,22,0,1,0,0,0,0,0,0,0,"- ","- ",37.318668365478516,-121.02826690673828,STANISLAUS,NEWMAN,-121.02828216552734,37.318679809570312
9717978,2024,2024-08-19,5007,2024-07-18,1238,5708,TPD,4,5,5,5007,0,0,0,,0,PD5,"WEST HAWKEYE AV","DONNELLY PARK DR",253.00,E,N,A,-,N,,,,,,,,,,Y,2,0,3,4,A,-,09,21804,A,N,D,C,A,A,H,-,A,D,0,,,,,Y,,A,01,2,0,1,0,0,0,0,0,0,"- ","- ",37.507888793945312,-120.85209655761719,STANISLAUS,TURLOCK,-120.85224151611328,37.507289886474609
9718284,2024,2024-08-23,5007,2024-06-25,1452,5814,TPD,2,5,5,5007,0,0,0,,0,PD5,"TWENTIETH CENTURY BL","GEER RD",0.00,,Y,A,-,N,,,,,,,,,,N,4,0,1,2,A,-,10,21950,C,F,D,B,B,A,H,-,A,C,0,Y,,,,Y,Y,A,01,0,0,1,0,1,0,0,0,0,"- ","- ",37.506008148193359,-120.84899139404297,STANISLAUS,TURLOCK,-120.84896850585938,37.506023406982422
9719922,2024,2024-08-27,5007,2024-07-01,1541,5769,TPD,1,5,5,5007,0,0,0,,0,PD2,"LANDER AV","SOUTH AV",0.00,,Y,A,-,N,,,,,,,,,,N,3,0,1,2,A,-,17,21451,A,N,D,C,A,A,H,-,A,A,0,,,,,Y,,A,01,0,1,0,0,0,0,0,0,0,"- ","- ",37.485500335693359,-120.84898376464844,STANISLAUS,TURLOCK,-120.84898376464844,37.485530853271484
9720178,2024,2024-08-28,5004,2024-06-29,2052,385,RD19,6,5,3,5004,0,0,0,,0,042,"EAST F ST","MAGG AV",0.00,,Y,A,-,Y,STA,10,120,-,-,6.090,H,-,W,N,4,0,1,2,A,-,04,21703,,N,C,C,A,A,H,-,B,A,0,,,,,Y,,A,01,0,0,1,0,0,0,0,0,0,"- ","- ",37.772628784179688,-120.83126068115234,STANISLAUS,OAKDALE,-120.83050537109375,37.772998809814453
9720193,2024,2024-09-11,5004,2024-07-18,"856 ",376,RD56,4,5,3,5004,0,0,0,,0,021,"RT 108","CRANE RD",160.00,E,N,A,-,Y,STA,10,108,-,-,36.180,H,-,W,Y,3,0,1,2,A,-,04,21703,,N,C,C,A,A,H,-,A,A,0,,,,,Y,,A,01,0,1,0,0,0,0,0,0,0,"- ","- ",,,STANISLAUS,OAKDALE,-120.88121795654297,37.754791259765625
9726047,2024,2024-09-10,5007,2024-06-23,"108 ",5779,TPD,7,5,5,5007,0,0,0,,0,PD2,"A ST","3RD ST",48.00,E,N,A,-,N,,,,,,,,,,Y,3,0,1,3,A,-,01,23152,,N,C,E,A,A,H,-,C,D,0,,,,,Y,Y,A,01,0,1,0,0,0,0,0,0,0,"- ","- ",37.491729736328125,-120.84673309326172,STANISLAUS,TURLOCK,-120.84732055664062,37.491500854492188
9726049,2024,2024-09-05,5007,2024-08-07,1920,5821,TPD,3,5,5,5007,0,0,0,,0,PD5,"S SODERQUIST RD","WEST MAIN ST",21.00,N,N,A,-,N,,,,,,,,,,Y,4,0,2,2,A,-,00,23123,5,F,D,D,A,A,H,-,D,A,0,,,,Y,Y,,A,01,0,0,2,0,0,0,0,0,0,"- ","- ",37.492740631103516,-120.86251068115234,STANISLAUS,TURLOCK,-120.86255645751953,37.492698669433594
9728545,2024,2024-08-29,5007,2024-08-04,"838 ",5755,TPD,7,5,5,5007,0,0,0,,0,PD5,"CANAL DR","MAIN ST",167.00,E,N,A,-,N,,,,,,,,,,N,3,0,1,1,A,-,03,22350,,N,F,A,A,A,H,-,A,A,0,,,Y,,Y,,C,02,0,1,0,0,0,0,0,0,1,"- ","- ",37.500198364257812,-120.83799743652344,STANISLAUS,TURLOCK,-120.83751678466797,37.500198364257812
9730494,2024,2024-09-18,5007,2024-08-25,1047,5708,TPD,7,5,5,5007,0,0,0,,0,PD3,"WEST AV SOUTH","ANGELUS ST",0.00,,Y,A,-,N,,,,,,,,,,Y,3,0,2,2,A,-,12,22450,,N,D,C,A,A,H,-,A,A,0,,,,,Y,,A,01,0,2,0,0,0,0,0,0,0,"- ","- ",37.486728668212891,-120.85803985595703,STANISLAUS,TURLOCK,-120.85804748535156,37.486763000488281
9736587,2024,2024-09-27,5007,2024-08-20,1731,5764,TPD,2,5,5,5007,0,0,0,,0,PD3,"FULKERTH RD","COUNTRYSIDE DR",0.00,,Y,A,-,N,,,,,,,,,,Y,4,0,1,2,A,-,09,21800,D,N,D,C,A,A,H,-,A,B,0,,,,,Y,,A,07,0,0,1,0,0,0,0,0,0,"- ","- ",37.507259368896484,-120.87506103515625,STANISLAUS,TURLOCK,-120.87504577636719,37.507255554199219
9737254,2024,2024-10-02,5007,2024-09-05,1037,5694,TPD,4,5,5,5007,0,0,0,,0,PD2,"GOLDEN STATE BL","MINERVA ST",300.00,S,N,A,-,N,,,,,,,,,,Y,2,0,1,2,A,-,01,23152,A,N,D,C,A,A,H,-,A,D,0,,,,,Y,Y,A,01,1,0,0,0,0,0,0,0,0,"- ","- ",37.487998962402344,-120.83899688720703,STANISLAUS,TURLOCK,-120.84130096435547,37.490516662597656
9737516,2024,2024-10-01,5007,2024-09-06,1541,5793,TPD,5,5,5,5007,0,0,0,,0,PD1,"N QUINCY RD","CASTLEVIEW DR",0.00,,Y,A,-,N,,,,,,,,,,Y,3,0,1,2,A,-,09,21802,A,N,D,C,A,A,H,-,A,D,0,,,,,Y,,A,07,0,1,0,0,0,0,0,0,0,"- ","- ",37.512241363525391,-120.82144927978516,STANISLAUS,TURLOCK,-120.82144927978516,37.512241363525391
9737538,2024,2024-10-30,5007,2024-08-11,1752,5810,TPD,7,5,5,5007,0,0,0,,0,PD1,"TUOLUMNE RD","GEER RD",30.00,E,N,A,-,N,,,,,,,,,,N,4,0,2,2,A,-,12,21453,A,N,D,C,A,A,H,-,A,A,0,,,,,Y,,A,01,0,0,2,0,0,0,0,0,0,"- ","- ",37.514640808105469,-120.84884643554688,STANISLAUS,TURLOCK,-120.84886932373047,37.514621734619141
9739808,2024,2024-10-18,5007,2024-09-13,1120,5818,TPD,5,5,5,5007,0,0,0,,0,PD2,"COLORADO AV","SYCAMORE ST",0.00,,Y,A,-,N,,,,,,,,,,N,3,0,1,2,A,-,09,21802,A,N,D,G,A,A,H,-,A,D,0,,Y,,,Y,,L,04,0,1,0,0,0,0,1,0,0,"- ","- ",37.495311737060547,-120.83329010009766,STANISLAUS,TURLOCK,-120.83332061767578,37.495349884033203
9740052,2024,2024-12-12,5004,2024-08-03,1026,334,RD26,6,5,3,5004,0,0,0,,0,022,"F ST","OAK AV",237.00,W,N,A,-,Y,STA,10,108,-,-,37.270,H,-,W,N,2,0,1,2,A,-,03,22350,,N,A,C,A,A,H,-,A,D,0,,,Y,,Y,,C,02,1,0,0,0,0,0,0,0,1,"- ","- ",,,STANISLAUS,OAKDALE,-120.86253356933594,37.760112762451172
9741364,2024,2024-10-14,5007,2024-07-27,"804 ",5755,TPD,6,5,5,5007,0,0,0,,0,PD5,"EAST CANAL DR","GEER RD",0.00,,Y,A,-,N,,,,,,,,,,Y,3,0,1,2,A,-,12,21453,A,F,D,C,A,A,H,-,A,A,0,,,,,Y,,A,01,0,1,0,0,0,0,0,0,0,"- ","- ",37.500358581542969,-120.84889221191406,STANISLAUS,TURLOCK,-120.84880828857422,37.500354766845703
9741441,2024,2024-10-21,5007,2024-09-19,1157,7073,TPD,4,5,5,5007,0,0,0,,0,PD3,"WEST MAIN ST","S TEGNER RD",10.00,W,N,A,-,N,,,,,,,,,,Y,4,0,1,2,A,-,03,22350,,N,C,C,A,A,H,-,A,D,0,,,,,Y,,A,01,0,0,1,0,0,0,0,0,0,"- ","- ",37.492691040039062,-120.88542175292969,STANISLAUS,TURLOCK,-120.88543701171875,37.492679595947266
9745627,2024,2024-10-31,5007,2024-10-03,1027,OTTIS,TPD,4,5,5,5007,0,0,0,,0,PD5,"N BROADWAY AV","PARK ST",14.00,S,N,A,-,N,,,,,,,,,,Y,4,0,1,2,A,-,08,22107,,N,D,C,A,A,H,-,A,D,0,,,,,Y,,A,01,0,0,1,0,0,0,0,0,0,"- ","- ",37.496868133544922,-120.85188293457031,STANISLAUS,TURLOCK,-120.85187530517578,37.496852874755859
9745725,2024,2024-10-28,5001,2024-10-10,1000,818,D202,4,5,4,5001,0,0,0,,0,005,"RHODE RD","MITCHELL RD",95.00,E,N,A,-,N,,,,,,,,,,Y,3,0,1,2,A,-,03,22350,,M,C,C,A,A,H,-,A,A,0,,,,,Y,,A,01,0,1,0,0,0,0,0,0,0,"- ","- ",37.587471008300781,-120.93876647949219,STANISLAUS,CERES,-120.93839263916016,37.578475952148438
9745997,2024,2024-11-18,5004,2024-09-09,1548,376,RD38,1,5,3,5004,0,0,0,,0,041,"F ST","JOHNSON AV",0.00,,Y,A,-,N,,,,,,,,,,Y,2,0,2,2,A,-,12,21453,,N,D,C,A,A,H,-,A,A,0,,,,,Y,,A,01,1,1,0,0,0,0,0,0,0,"- ","- ",37.769851684570312,-120.83827972412109,STANISLAUS,OAKDALE,-120.83831024169922,37.769851684570312
9745998,2024,2024-11-08,5004,2024-08-01,"948 ",385,RD13,4,5,3,5004,0,0,0,,0,032,"EAST F ST","3RD AV",0.00,,Y,A,-,N,,,,,,,,,,N,4,0,2,2,A,-,04,21703,,N,C,C,A,A,H,-,A,D,0,,,,,Y,,A,01,0,0,2,0,0,0,0,0,0,"- ","- ",37.765911102294922,-120.84876251220703,STANISLAUS,OAKDALE,-120.84793090820312,37.766284942626953
9747090,2024,2024-11-05,5004,2024-08-22,"726 ",376,RD56,4,5,3,5004,0,0,0,,0,021,"WEST J ST","MERLOT DR",0.00,,Y,A,-,N,,,,,,,,,,Y,3,0,1,1,A,-,00,23123,,N,E,I,A,A,H,-,A,D,0,,,,,Y,,A,01,0,1,0,0,0,0,0,0,0,"- ","- ",37.753818511962891,-120.87642669677734,STANISLAUS,OAKDALE,-120.87642669677734,37.753803253173828
9749135,2024,2024-10-25,5001,2024-09-26,"748 ",508,C010,4,5,4,5001,0,0,0,,0,004,"ALLACANTE DR","VALLEY BROOK DR",36.00,W,N,A,-,N,,,,,,,,,,N,3,0,1,2,A,-,08,22107,,N,C,E,A,A,H,-,A,D,0,,,,,Y,,A,07,0,1,0,0,0,0,0,0,0,"- ","- ",37.590969085693359,-120.98004150390625,STANISLAUS,CERES,-120.98017120361328,37.590980529785156
9751316,2024,2025-01-15,5007,2024-07-15,1210,5769,TPD,1,5,5,5007,0,0,0,,0,PD2,"LANDER AV","SIMMONS RD",71.00,N,N,A,-,Y,STA,10,165,-,-,1.250,H,-,N,Y,1,1,1,2,A,-,01,23152,G,N,A,C,A,A,H,-,A,D,0,,,,Y,Y,Y,A,01,0,0,1,0,0,0,0,0,0,"- ","- ",37.470890045166016,-120.84900665283203,STANISLAUS,TURLOCK,-120.8489990234375,37.47100830078125
9751386,2024,2024-11-18,5007,2024-09-23,1300,99999,TPD,1,5,5,5007,0,0,0,,0,PD2,"NORTH GOLDEN STATE BL","MAIN ST",74.00,N,N,A,-,N,,,,,,,,,,Y,2,0,1,1,C,-,18,,,N,E,I,A,A,H,-,A,A,0,,,,,Y,,-,"- ",1,0,0,0,0,0,0,0,0,"- ","- ",37.494651794433594,-120.84597015380859,STANISLAUS,TURLOCK,-120.84618377685547,37.494808197021484
9751666,2024,2024-11-06,5007,2024-09-05,"52  ",7012,TPD,4,5,5,5007,0,0,0,,0,PD4,"MONTE VISTA AV","FOUR SEASONS DR",190.00,,N,A,-,N,,,,,,,,,,Y,3,0,1,1,A,-,01,23152,A,N,E,I,A,A,H,-,C,D,0,,,,,Y,Y,A,01,0,1,0,0,0,0,0,0,0,"- ","- ",37.520999908447266,-120.87200164794922,STANISLAUS,TURLOCK,-120.87098693847656,37.521846771240234
9751738,2024,2024-11-08,5007,2024-10-10,"828 ",5689,,4,5,5,5007,0,0,0,,0,001,"EAST MAIN ST","TAHOE DR",63.00,E,N,A,-,N,,,,,,,,,,Y,3,0,1,2,A,-,01,23152,A,N,C,E,A,A,H,-,A,D,0,,,,,Y,Y,A,07,0,1,0,0,0,0,0,0,0,"- ","- ",,,STANISLAUS,TURLOCK,-120.83344268798828,37.503616333007812
9751800,2024,2024-11-18,5007,2024-10-28,1443,5769,TPD,1,5,5,5007,0,0,0,,0,PD1,"EAST MONTE VISTA AV","NORTH BERKELEY AV",0.00,,Y,A,-,N,,,,,,,,,,Y,4,0,1,2,A,-,12,21453,A,N,D,C,A,A,H,-,A,A,0,,,,,Y,,A,01,0,0,1,0,0,0,0,0,0,"- ","- ",37.521808624267578,-120.83075714111328,STANISLAUS,TURLOCK,-120.830810546875,37.521820068359375
9751889,2024,2024-11-12,5003,2024-10-31,1741,N201,RDNM,4,5,2,5003,0,0,0,,0,NPD,"DRISKELL AV","M ST",0.00,,Y,A,-,N,,,,,,,,,,Y,4,0,1,2,A,-,09,21801,A,N,D,C,A,A,H,-,A,D,0,,,,,Y,,A,01,0,0,1,0,0,0,0,0,0,"- ","- ",37.318370819091797,-121.02056884765625,STANISLAUS,NEWMAN,-121.02055358886719,37.318393707275391
9754058,2024,2024-11-27,5007,2024-10-29,1314,5764,TPD,2,5,5,5007,0,0,0,,0,PD1,"E MONTE VISTA AVE","N OLIVE AVE",0.00,,Y,A,-,N,,,,,,,,,,Y,3,0,2,4,A,-,12,21453,A,N,D,C,A,A,H,-,A,A,0,,,,,Y,,A,01,0,1,1,0,0,0,0,0,0,"- ","- ",37.521858215332031,-120.83988189697266,STANISLAUS,TURLOCK,-120.83986663818359,37.521873474121094
9754065,2024,2024-12-26,5007,2024-11-04,1022,5821,TPD,1,5,5,5007,0,0,0,,0,PD2,"LANDER AV","RT 99",11.00,N,N,A,-,Y,STA,10,165,-,-,1.510,I,5,N,Y,3,0,1,2,A,-,09,21453,C,N,D,C,A,A,H,-,A,A,0,,,,Y,Y,Y,F,24,0,1,0,0,0,0,0,0,0,"- ",NO,37.475559234619141,-120.84902191162109,STANISLAUS,TURLOCK,-120.8489990234375,37.474514007568359
9754214,2024,2024-11-22,5007,2024-11-10,1439,5815,TPD,7,5,5,5007,0,0,0,,0,PD5,"NORTH SODERQUIST RD","WEST MAIN ST",0.00,,Y,A,-,N,,,,,,,,,,N,4,0,1,2,A,-,12,21453,A,N,D,C,A,A,H,-,A,A,0,,,,,Y,,A,01,0,0,1,0,0,0,0,0,0,"- ","- ",37.492740631103516,-120.86251068115234,STANISLAUS,TURLOCK,-120.86256408691406,37.492702484130859
9754221,2024,2024-11-22,5007,2024-11-14,"201 ",5819,TPD,4,5,5,5007,0,0,0,,0,PD1,"BETHPAGE ST","VIOLET WY",28.00,S,N,A,-,N,,,,,,,,,,Y,3,0,1,4,A,-,01,23152,A,N,B,E,A,A,H,-,C,D,0,,,,,Y,Y,A,01,0,1,0,0,0,0,0,0,0,"- ","- ",37.527729034423828,-120.83438873291016,STANISLAUS,TURLOCK,-120.83416748046875,37.527591705322266
9754222,2024,2024-11-22,5007,2024-11-01,1445,5765,TPD,5,5,5,5007,0,0,0,,0,PD3,"HIGH ST","SOUTH ORANGE ST",0.00,,Y,A,-,N,,,,,,,,,,N,3,0,2,2,A,-,12,22450,A,N,D,C,A,A,H,-,A,D,0,,,,,Y,,A,01,0,1,1,0,0,0,0,0,0,"- ","- ",37.490489959716797,-120.85265350341797,STANISLAUS,TURLOCK,-120.8526611328125,37.490489959716797
9755547,2024,2024-11-22,5007,2024-11-03,1645,5793,TPD,7,5,5,5007,0,0,0,,0,PD2,"NORTH BERKELEY AV","EAST AV",0.00,,Y,A,-,N,,,,,,,,,,Y,4,0,1,2,A,-,12,22450,A,N,D,C,A,A,H,-,B,A,0,,,,,Y,,A,01,0,0,1,0,0,0,0,0,0,"- ","- ",37.492668151855469,-120.83074951171875,STANISLAUS,TURLOCK,-120.83075714111328,37.492668151855469