CASE_ID,ACCIDENT_YEAR,PROC_DATE,JURIS,COLLISION_DATE,COLLISION_TIME,OFFICER_ID,REPORTING_DISTRICT,DAY_OF_WEEK,CHP_SHIFT,POPULATION,CNTY_CITY_LOC,SPECIAL_COND,BEAT_TYPE,CHP_BEAT_TYPE,CITY_DIVISION_LAPD,CHP_BEAT_CLASS,BEAT_NUMBER,PRIMARY_RD,SECONDARY_RD,DISTANCE,DIRECTION,INTERSECTION,WEATHER_1,WEATHER_2,STATE_HWY_IND,CALTRANS_COUNTY,CALTRANS_DISTRICT,STATE_ROUTE,ROUTE_SUFFIX,POSTMILE_PREFIX,POSTMILE,LOCATION_TYPE,RAMP_INTERSECTION,SIDE_OF_HWY,TOW_AWAY,COLLISION_SEVERITY,NUMBER_KILLED,NUMBER_INJURED,PARTY_COUNT,PRIMARY_COLL_FACTOR,PCF_CODE_OF_VIOL,PCF_VIOL_CATEGORY,PCF_VIOLATION,PCF_VIOL_SUBSECTION,HIT_AND_RUN,TYPE_OF_COLLISION,MVIW,PED_ACTION,ROAD_SURFACE,ROAD_COND_1,ROAD_COND_2,LIGHTING,CONTROL_DEVICE,CHP_ROAD_TYPE,PEDESTRIAN_ACCIDENT,BICYCLE_ACCIDENT,MOTORCYCLE_ACCIDENT,TRUCK_ACCIDENT,NOT_PRIVATE_PROPERTY,ALCOHOL_INVOLVED,STWD_VEHTYPE_AT_FAULT,CHP_VEHTYPE_AT_FAULT,COUNT_SEVERE_INJ,COUNT_VISIBLE_INJ,COUNT_COMPLAINT_PAIN,COUNT_PED_KILLED,COUNT_PED_INJURED,COUNT_BICYCLIST_KILLED,COUNT_BICYCLIST_INJURED,COUNT_MC_KILLED,COUNT_MC_INJURED,PRIMARY_RAMP,SECONDARY_RAMP,LATITUDE,LONGITUDE,COUNTY,CITY,POINT_X,POINT_Y
9873771,2025,2025-09-17,5007,2025-08-27,1242,5755,TPD,3,5,5,5007,0,0,0,,0,PD3,"WEST AV SOUTH","HIGH ST",0.00,,Y,A,-,N,,,,,,,,,,Y,3,0,2,2,A,-,09,21802,A,N,D,C,A,A,H,-,A,A,0,,,,,Y,,A,01,0,2,0,0,0,0,0,0,0,"- ","- ",,,STANISLAUS,TURLOCK,-120.85807037353516,37.490489959716797
9873953,2025,2025-10-03,5004,2025-09-07,2002,376,RD64,7,5,3,5004,0,0,0,,0,041,"EAST F ST","N MAAG AV",653.00,W,N,A,-,N,,,,,,,,,,Y,2,0,5,2,A,-,01,23152,,N,D,D,A,A,H,-,C,D,0,,,,,Y,Y,A,01,3,2,0,0,0,0,0,0,0,"- ","- ",37.771640777587891,-120.83334350585938,STANISLAUS,OAKDALE,-120.83331298828125,37.771839141845703
9876053,2025,2025-09-16,5007,2025-08-25,1518,5732,TPD,1,5,5,5007,0,0,0,,0,PD3,"WEST MAIN ST","S TULLY RD",212.00,E,N,A,-,N,,,,,,,,,,Y,4,0,1,2,A,-,09,21801,A,N,A,C,A,A,H,-,A,D,0,,,,,Y,,A,01,0,0,1,0,0,0,0,0,0,"- ","- ",37.492141723632812,-120.86813354492188,STANISLAUS,TURLOCK,-120.86655426025391,37.492778778076172
9876188,2025,2025-09-16,5007,2025-08-16,1129,5732,TPD,6,5,5,5007,0,0,0,,0,PD2,"LANDER AV","ROSEWOOD DR",9.00,N,N,A,-,N,,,,,,,,,,Y,4,0,1,2,A,-,09,21801,,N,A,C,A,A,H,-,A,D,0,,,,,Y,,A,01,0,0,1,0,0,0,0,0,0,"- ","- ",37.476741790771484,-120.8489990234375,STANISLAUS,TURLOCK,-120.84902191162109,37.476764678955078
9879742,2025,2025-11-24,5007,2025-10-31,1330,6973,TPD,5,5,5,5007,0,0,0,,0,PD1,"COLORADO AV","EAST MAIN ST",0.00,,Y,A,-,N,,,,,,,,,,N,3,0,1,2,A,-,11,21954,A,N,D,B,B,A,H,-,A,D,0,Y,,,,Y,,N,60,0,1,0,0,1,0,0,0,0,"- ","- ",37.502250671386719,-120.83531951904297,STANISLAUS,TURLOCK,-120.83526611328125,37.502307891845703
9879755,2025,2025-12-04,5007,2025-10-28,"525 ",5785,TPD,2,5,5,5007,0,0,0,,0,PD3,"FULKERTH RD","MCCORMICK ST",104.00,E,N,B,-,N,,,,,,,,,,N,2,0,1,3,A,-,03,22350,,N,C,C,A,A,H,-,C,A,0,,,,,Y,,D,22,1,0,0,0,0,0,0,0,0,"- ","- ",37.507278442382812,-120.86418914794922,STANISLAUS,TURLOCK,-120.86553192138672,37.507301330566406
9882258,2025,2025-10-23,5007,2025-09-16,"823 ",5755,TPD,2,5,5,5007,0,0,0,,0,PD5,"WEST AV N","FLOWER ST",0.00,,Y,A,-,N,,,,,,,,,,Y,3,0,2,2,A,-,09,21802,A,N,D,C,A,A,H,-,A,A,0,,,,,Y,,D,22,0,2,0,0,0,0,0,0,0,"- ","- ",37.494998931884766,-120.85800170898438,STANISLAUS,TURLOCK,-120.8580322265625,37.495681762695312
9882464,2025,2025-10-23,5007,2025-09-27,1910,5764,TPD,6,5,5,5007,0,0,0,,0,PD3,"WEST MAIN ST","NORTH WALNUT RD",0.00,,Y,A,-,N,,,,,,,,,,Y,3,0,1,3,A,-,12,21453,A,N,D,C,A,A,H,-,C,A,0,,,Y,,Y,,A,01,0,1,0,0,0,0,0,0,1,"- ","- ",37.492729187011719,-120.87172698974609,STANISLAUS,TURLOCK,-120.87180328369141,37.492729187011719
9882465,2025,2025-10-23,5007,2025-09-30,1443,5755,TPD,2,5,5,5007,0,0,0,,0,PD2,"EAST OLIVE AV","NORTH PALM ST",0.00,,Y,A,-,N,,,,,,,,,,Y,3,0,1,2,A,-,12,21453,A,N,D,C,A,A,H,-,A,A,0,,,,,Y,,A,07,0,1,0,0,0,0,0,0,0,"- ","- ",37.497509002685547,-120.84394836425781,STANISLAUS,TURLOCK,-120.84397125244141,37.497528076171875
9882605,2025,2025-10-21,5007,2025-08-09,2234,5785,TPD,6,5,5,5007,0,0,0,,0,PD3,"FULKERTH RD","DIANNE DR",0.00,,Y,A,-,N,,,,,,,,,,Y,3,0,1,2,A,-,17,21451,A,N,A,C,A,A,H,-,C,A,0,,,,,Y,,A,07,0,1,0,0,0,0,0,0,0,"- ","- ",37.507240295410156,-120.88085174560547,STANISLAUS,TURLOCK,-120.88135528564453,37.507247924804688
9885583,2025,2025-11-06,5007,2025-10-20,1401,5769,,1,5,5,5007,0,0,0,,0,,"NORTH GOLDEN STATE BL","VEECK DR",13.00,N,N,A,-,N,,,,,,,,,,Y,3,0,1,1,A,-,01,23152,A,N,F,I,A,A,H,-,A,D,0,,,,,Y,Y,A,01,0,1,0,0,0,0,0,0,0,"- ","- ",,,STANISLAUS,TURLOCK,-120.86434936523438,37.510543823242188
9885804,2025,2025-11-14,5007,2025-09-25,"922 ",5821,TPD,4,5,5,5007,0,0,0,,0,PD1,"GEER RD","W MINNESOTA AVE",0.00,N,N,A,-,N,,,,,,,,,,Y,3,0,1,2,A,-,12,21453,A,N,D,C,A,A,H,-,A,A,0,,,,,Y,,-,"- ",0,1,0,0,0,0,0,0,0,"- ","- ",37.516391754150391,-120.84898376464844,STANISLAUS,TURLOCK,-120.84896850585938,37.516399383544922
9887266,2025,2025-12-10,5007,2025-11-03,1206,5769,TPD,1,5,5,5007,0,0,0,,0,PD1,"E MINNESOTA AV","BUCKNELL ST",0.00,,Y,A,-,N,,,,,,,,,,N,3,0,1,2,A,-,03,22350,,N,C,C,A,A,H,-,A,D,0,,,,,Y,,A,01,0,1,0,0,0,0,0,0,0,"- ","- ",37.516380310058594,-120.84609985351562,STANISLAUS,TURLOCK,-120.84610748291016,37.516384124755859
9887375,2025,2025-12-03,5007,2025-10-21,1624,7078,TPD,2,5,5,5007,0,0,0,,0,PD1,"GEER RD","HAYES DR",0.00,,Y,A,-,N,,,,,,,,,,Y,3,0,1,2,A,-,09,21802,A,N,D,C,A,A,H,-,A,A,0,,,,,Y,,A,01,0,1,0,0,0,0,0,0,0,"- ","- ",37.521068572998047,-120.84884643554688,STANISLAUS,TURLOCK,-120.84883117675781,37.521106719970703
9887381,2025,2025-11-20,5007,2025-10-12,1629,5829,TPD,7,5,5,5007,0,0,0,,0,PD3,"WEST MAIN ST","DIANNE DR",618.00,W,N,A,-,N,,,,,,,,,,N,3,0,2,2,A,-,09,21801,,N,D,D,A,A,H,-,A,D,0,,,,,Y,,A,01,0,2,0,0,0,0,0,0,0,"- ","- ",37.492698669433594,-120.88083648681641,STANISLAUS,TURLOCK,-120.88092803955078,37.492919921875
9887383,2025,2025-11-20,5007,2025-10-17,1620,5779,TPD,5,5,5,5007,0,0,0,,0,PD5,"NORTH GOLDEN STATE BL","ALMOND AV",210.00,N,N,A,-,N,,,,,,,,,,N,4,0,1,2,A,-,05,21202,,N,D,G,A,A,H,-,A,D,0,,Y,,,Y,,L,04,0,0,1,0,0,0,1,0,0,"- ","- ",37.503559112548828,-120.85415649414062,STANISLAUS,TURLOCK,-120.85480499267578,37.503849029541016
9887385,2025,2025-11-20,5007,2025-10-24,"745 ",5813,TPD,5,5,5,5007,0,0,0,,0,PD3,"VERMONT AV","WEST AV SOUTH",27.00,E,N,A,-,N,,,,,,,,,,N,3,0,1,2,A,-,11,21954,A,F,G,B,D,A,H,-,A,D,0,Y,,,,Y,,N,60,0,1,0,0,1,0,0,0,0,"- ","- ",37.487960815429688,-120.85803985595703,STANISLAUS,TURLOCK,-120.85795593261719,37.487960815429688
9888769,2025,2026-02-06,5004,2025-10-20,1826,382,RD28,1,5,3,5004,0,0,0,,0,042,"D ST","APPALOOSA AV",0.00,,Y,A,-,N,,,,,,,,,,Y,4,0,1,3,A,-,08,22107,,N,C,E,A,A,H,-,B,D,0,,,,,Y,,D,22,0,0,1,0,0,0,0,0,0,"- ","- ",37.77362060546875,-120.83843231201172,STANISLAUS,OAKDALE,-120.83768463134766,37.773727416992188
9891357,2025,2025-12-11,5007,2025-12-01,1840,5783,TPD,1,5,5,5007,0,0,0,,0,PD3,"RT 99","FULKERTH RD",28.00,E,N,A,-,N,,,,,,,,,,N,3,0,3,2,A,-,21,22106,,N,C,C,A,A,H,-,C,A,0,,,,,Y,,A,01,0,3,0,0,0,0,0,0,0,"- ","- ",37.502811431884766,-120.87555694580078,STANISLAUS,TURLOCK,-120.87863159179688,37.508529663085938
9892805,2025,2025-12-15,5004,2025-11-14,1137,384,RD36,5,5,3,5004,0,0,0,,0,031,"DAVITT AV","G ST",0.00,,Y,C,-,N,,,,,,,,,,N,3,0,1,2,A,-,09,21802,,N,D,C,A,B,H,-,A,A,0,,,,,Y,,B,01,0,1,0,0,0,0,0,0,0,"- ","- ",37.76300048828125,-120.85099792480469,STANISLAUS,OAKDALE,-120.85073852539062,37.763584136962891
9892811,2025,2025-12-15,5004,2025-11-23,1238,376,RD28,7,5,3,5004,0,0,0,,0,042,"F ST","HALLMAN LN",0.00,,Y,A,-,N,,,,,,,,,,Y,3,0,2,2,A,-,21,22106,,N,D,C,A,A,H,-,A,D,0,,,,,Y,,A,01,0,1,1,0,0,0,0,0,0,"- ","- ",37.769001007080078,-120.83899688720703,STANISLAUS,OAKDALE,-120.83918762207031,37.769500732421875
9893879,2025,2025-12-30,5007,2025-12-07,1109,5701,TPD,7,5,5,5007,0,0,0,,0,PD2,"SOUTH GOLDEN STATE BL","MARSHALL ST",0.00,,Y,B,-,N,,,,,,,,,,Y,3,0,4,3,A,-,12,21453,A,N,D,C,A,A,H,-,A,A,0,,,,,Y,,A,01,0,4,0,0,0,0,0,0,0,"- ","- ",37.493099212646484,-120.84420776367188,STANISLAUS,TURLOCK,-120.84423065185547,37.493091583251953
9894253,2025,2025-12-05,5007,2025-10-09,"816 ",5826,TPD,4,5,5,5007,0,0,0,,0,PD1,"NORTH OLIVE AV","E CHRISTOPHERSON PKWY",0.00,,Y,A,-,N,,,,,,,,,,N,3,0,1,2,A,-,10,21950,,N,G,B,B,A,H,-,A,A,0,Y,,,,Y,,A,01,0,1,0,0,1,0,0,0,0,"- ","- ",37.529209136962891,-120.83976745605469,STANISLAUS,TURLOCK,-120.83976745605469,37.529209136962891
9894363,2025,2025-12-30,5007,2025-11-03,1443,5770,TPD,1,5,5,5007,0,0,0,,0,PD5,"EAST HAWKEYE AV","GEER RD",204.00,W,N,A,-,N,,,,,,,,,,Y,3,0,1,2,A,-,07,21658,A,N,B,C,A,A,H,-,A,A,0,,,,,Y,,A,07,0,1,0,0,0,0,0,0,0,"- ","- ",37.507289886474609,-120.84886169433594,STANISLAUS,TURLOCK,-120.84883117675781,37.507301330566406
9894378,2025,2025-12-22,5001,2025-11-27,"925 ",818,S4,4,5,4,5001,0,0,0,,0,003,"THOMAS ST","MOFFETT RD",10.00,W,N,A,-,N,,,,,,,,,,N,3,0,1,2,A,-,09,21804,A,N,D,G,A,A,H,-,A,D,0,,,Y,,Y,,O,05,0,1,0,0,0,0,0,0,1,"- ","- ",37.598899841308594,-120.97850036621094,STANISLAUS,CERES,-120.94789123535156,37.598918914794922
9895459,2025,2026-01-22,5004,2025-12-06,1400,385,RD31,6,5,3,5004,0,0,0,,0,021,"WEST F ST","SCHOOL AV",0.00,,Y,A,-,N,,,,,,,,,,N,3,0,1,2,A,-,05,21650,1,N,D,G,A,A,H,-,A,A,0,,Y,,,Y,,L,04,0,1,0,0,0,0,1,0,0,"- ","- ",37.757080078125,-120.86109161376953,STANISLAUS,OAKDALE,-120.85826873779297,37.761894226074219
9895462,2025,2026-01-26,5004,2025-12-22,1230,405,RD57,1,5,3,5004,0,0,0,,0,042,"N STEARNS AV","KERR PARK DR",662.00,W,N,A,-,N,,,,,,,,,,N,2,0,1,1,A,-,00,23127,,N,H,I,A,A,H,-,A,D,0,,,Y,,Y,,C,02,1,0,0,0,0,0,0,0,1,"- ","- ",37.785171508789062,-120.81773376464844,STANISLAUS,OAKDALE,-120.81815338134766,37.787811279296875
9900261,2025,2025-12-24,5007,2025-11-29,1837,5832,TPD,6,5,5,5007,0,0,0,,0,PD2,"WEST F ST","1ST ST",16.00,N,N,A,-,N,,,,,,,,,,Y,3,0,1,2,A,-,12,22450,A,N,D,C,A,A,H,-,C,A,0,,,,,Y,,A,01,0,1,0,0,0,0,0,0,0,"- ","- ",37.488361358642578,-120.84034729003906,STANISLAUS,TURLOCK,-120.84036254882812,37.488399505615234
9901275,2025,2025-12-30,5007,2025-11-01,1852,5782,TPD,6,5,5,5007,0,0,0,,0,PD6,"COUNTRYSIDE DR","WEST MONTE VISTA AV",280.00,S,N,A,-,N,,,,,,,,,,N,3,0,1,3,A,-,05,21650,,N,D,G,A,A,H,-,C,D,0,,Y,,,Y,,L,04,0,1,0,0,0,0,1,0,0,"- ","- ",37.521160125732422,-120.88078308105469,STANISLAUS,TURLOCK,-120.88138580322266,37.521049499511719
9902313,2025,2026-01-15,5007,2025-12-22,1430,7035,TPD,1,5,5,5007,0,0,0,,0,PD2,"SOUTH AV","LANDER AV",0.00,,Y,A,-,N,,,,,,,,,,Y,3,0,1,2,A,-,12,21453,A,N,D,C,A,A,H,-,A,A,0,,,,,Y,,A,01,0,1,0,0,0,0,0,0,0,"- ","- ",37.485500335693359,-120.84898376464844,STANISLAUS,TURLOCK,-120.84898376464844,37.485530853271484
9902317,2025,2026-01-15,5007,2025-12-17,1544,5708,TPD,3,5,5,5007,0,0,0,,0,PD5,"DELS LN","WEST HAWKEYE AV",96.00,N,N,A,-,N,,,,,,,,,,N,2,0,2,2,A,-,03,22350,,N,C,B,E,A,H,-,A,D,0,Y,Y,,,Y,,L,04,2,0,0,0,1,0,1,0,0,"- ","- ",37.507350921630859,-120.85807800292969,STANISLAUS,TURLOCK,-120.85809326171875,37.507633209228516
9902365,2025,2026-01-13,5007,2025-11-30,1741,5832,TPD,7,5,5,5007,0,0,0,,0,PD2,"SOUTH GOLDEN STATE BL","EAST AVE",22.00,W,N,A,-,N,,,,,,,,,,Y,3,0,1,2,A,-,17,21451,A,N,D,C,A,A,H,-,C,A,0,,,,,Y,,A,01,0,1,0,0,0,0,0,0,0,"- ","- ",37.492641448974609,-120.84368896484375,STANISLAUS,TURLOCK,-120.84375762939453,37.492683410644531
9902664,2025,2026-01-20,5001,2025-12-10,"807 ",818,C306,3,5,4,5001,0,0,0,,0,004,"BLAKER RD","SOUTHWOOD DR",0.00,,Y,B,-,N,,,,,,,,,,Y,3,0,1,3,A,-,09,21802,A,N,D,C,A,A,H,-,A,A,0,,,,,Y,,A,07,0,1,0,0,0,0,0,0,0,"- ","- ",37.580371856689453,-120.96602630615234,STANISLAUS,CERES,-120.96601867675781,37.581508636474609
9903005,2025,2026-01-22,5007,2025-12-30,1516,5764,TPD,2,5,5,5007,0,0,0,,0,PD5,"GEER RD","ALMOND AV",142.00,N,N,B,-,N,,,,,,,,,,N,3,0,1,2,A,-,09,21804,A,N,G,B,E,A,H,-,A,D,0,Y,,,,Y,,A,01,0,1,0,0,1,0,0,0,0,"- ","- ",37.503700256347656,-120.84928131103516,STANISLAUS,TURLOCK,-120.84896087646484,37.503791809082031
9903915,2025,2026-01-29,5007,2025-12-31,2245,5816,TPD,3,5,5,5007,0,0,0,,0,PD4,"NORTH GOLDEN STATE BL","W TUOLOUMNE RD",0.00,,Y,C,-,N,,,,,,,,,,Y,3,0,1,2,A,-,01,23152,A,F,D,C,A,B,H,-,C,A,0,,,,,Y,Y,A,01,0,1,0,0,0,0,0,0,0,"- ","- ",37.515628814697266,-120.86904144287109,STANISLAUS,TURLOCK,-120.86918640136719,37.514690399169922
9904742,2025,2026-02-02,5002,2025-12-17,1312,947,A205,3,5,6,5002,0,0,0,,0,001,"EAST HATCH RD","CENTRAL AV",686.00,W,N,A,-,N,,,,,,,,,,N,3,0,1,2,A,-,03,22350,,N,C,C,A,A,H,-,A,D,0,,,,,Y,,D,22,0,1,0,0,0,0,0,0,0,"- ","- ",37.609241485595703,-120.95704650878906,STANISLAUS,MODESTO,-120.95945739746094,37.609214782714844
6291437,2014,2014-10-28,5007,2014-08-26,1819,5701,,2,5,5,5007,0,0,0,,0,001,"N QUINCY RD","CASTLEVIEW DR",0.00,,Y,A,-,N,,,,,,,,,,Y,1,1,1,2,A,-,09,21802,A,N,D,C,A,A,H,-,A,A,0,,,,,Y,,A,01,0,0,1,0,0,0,0,0,0,"- ","- ",,,STANISLAUS,TURLOCK,-120.82144987,37.512239960000002
6291472,2014,2015-12-30,5004,2014-06-21,1653,170,CO,6,5,3,5004,0,0,0,,0,0CO,"RT 108","REED RD",0.00,,Y,A,-,Y,STA,10,108,-,-,36.560,I,5,W,Y,1,1,1,3,A,-,08,22107,,N,D,C,B,A,H,-,A,A,0,Y,,Y,,Y,,A,07,0,0,1,0,1,0,0,1,0,"- ","- ",,,STANISLAUS,OAKDALE,-120.8745971,37.756110360000001
6291727,2014,2014-12-16,5002,2014-10-02,2147,11186,M156,4,5,6,5002,0,0,0,,0,076,"OAKDALE RD","LA FORCE DR",0.00,,Y,A,-,N,,,,,,,,,,Y,1,1,1,2,A,-,03,22350,,N,D,C,A,A,H,-,C,D,0,,,,,Y,,-,,0,1,0,0,0,0,0,0,0,"- ","- ",,,STANISLAUS,MODESTO,-120.95790986999999,37.683509880000003
6292385,2015,2015-07-13,5002,2015-03-20,1301,11186,M305,5,5,6,5002,0,0,0,,0,073,"OAKDALE RD","NYSTROM AV",140.00,S,N,A,-,N,,,,,,,,,,Y,1,1,1,3,A,-,09,21804,A,N,D,C,F,A,H,-,A,D,0,Y,,,,Y,,-,,0,0,1,1,0,0,0,0,0,"- ","- ",,,STANISLAUS,MODESTO,-120.95753978,37.661695620000003
6292848,2015,2016-03-03,5002,2015-12-03,0643,11226,M465,4,5,6,5002,0,0,0,,0,045,"RT 132","SOUTH SANTA CRUZ AV",0.00,,Y,B,-,Y,STA,10,132,-,-,16.200,I,5,W,N,1,1,0,2,D,-,00,,,N,G,B,B,A,H,-,C,A,0,Y,,,,Y,,-,"- ",0,0,0,1,0,0,0,0,0,"- ","- ",,,STANISLAUS,MODESTO,-120.97423099,37.638208710000001
6292972,2017,2017-10-25,5002,2017-09-04,0252,11023,M013,1,5,6,5002,0,0,0,,0,063,"PRESCOTT RD","CHEYENNE WY",0.00,,Y,A,-,N,,,,,,,,,,Y,1,1,0,2,A,-,12,21453,A,N,F,A,A,A,H,-,C,A,0,,,Y,,Y,Y,-,"- ",0,0,0,0,0,0,0,1,0,"- ","- ",,,STANISLAUS,MODESTO,-121.03161,37.693439910000002
6292979,2017,2017-10-25,5002,2017-09-20,1142,11226,M094,3,5,6,5002,0,0,0,,0,062,"WEST BRIGGSMORE AV","CARVER RD",0.00,,Y,A,-,N,,,,,,,,,,Y,1,1,1,2,A,-,12,21453,A,N,D,C,A,A,H,-,A,A,0,,,,,Y,,A,01,0,0,1,0,0,0,0,0,0,"- ","- ",,,STANISLAUS,MODESTO,-121.0221399,37.671489950000002
6324494,2014,2014-06-25,9465,2014-01-06,1220,012845,,1,1,9,5000,0,2,4,,2,026,"CLARIBEL RD","BENTLEY RD",0.00,,Y,B,-,N,,,,,,,,,,Y,3,0,2,2,A,-,09,21801,A,N,A,C,A,A,H,-,A,A,0,,,,Y,Y,,G,27,0,1,1,0,0,0,0,0,0,"- ","- ",37.710979999999999,-120.86673,STANISLAUS,UNINCORPORATED,-120.86660994,37.711039909999997
6324497,2014,2016-03-02,9465,2014-01-03,1005,14889,,5,1,9,5000,0,1,3,,2,021,"RT 120","RODDEN RD",528.00,S,N,A,-,Y,STA,10,120,-,-,3.690,H,-,W,Y,4,0,2,2,A,-,03,22350,,N,C,C,A,A,H,-,A,A,0,,,,,Y,,A,01,0,0,2,0,0,0,0,0,0,"- ","- ",37.782530000000001,-120.85646,STANISLAUS,UNINCORPORATED,-120.8594366,37.784922569999999
6328012,2014,2014-06-02,5002,2014-01-06,1531,11271,419,1,5,6,5002,0,0,0,,0,040,"6TH ST","I ST",0.00,,Y,A,-,N,,,,,,,,,,Y,4,0,1,2,A,-,12,21453,A,N,D,C,A,A,H,-,A,A,0,,,,,Y,,A,,0,0,1,0,0,0,0,0,0,"- ","- ",,,STANISLAUS,MODESTO,-121.00297987,37.636649980000001
6328079,2014,2014-06-02,5001,2014-01-07,1903,340,,2,5,4,5001,0,0,0,,0,,"RICHALND AV","NADINE AV",1.00,N,N,A,-,N,,,,,,,,,,N,4,0,1,2,A,-,09,21802,A,N,D,G,A,A,H,-,A,A,0,,Y,,,Y,,A,01,0,0,1,0,0,0,1,0,0,"- ","- ",,,STANISLAUS,CERES,-120.96617990999999,37.612942750000002
6330018,2014,2014-05-16,5002,2014-01-02,1545,11317,,4,5,6,5002,0,0,0,,0,043,"DRY CREEK","CLAUS RD",45.00,E,N,A,-,N,,,,,,,,,,N,3,0,1,2,B,-,22,,,N,B,G,A,A,H,-,A,D,0,,Y,,,Y,,L,04,0,1,0,0,0,0,1,0,0,"- ","- ",,,STANISLAUS,MODESTO,,
6337622,2014,2014-06-04,5001,2014-01-10,1422,454,,5,5,4,5001,0,0,0,,0,004,"BLAKER RD","PINK LN",119.00,S,N,A,-,N,,,,,,,,,,N,3,0,1,2,A,-,11,21950,B,N,G,B,D,A,H,-,A,D,0,Y,,,,Y,,N,60,0,1,0,0,1,0,0,0,0,"- ","- ",,,STANISLAUS,CERES,-120.96608448000001,37.589393219999998
6340883,2014,2014-06-02,5002,2014-01-18,0136,10412,499,6,5,6,5002,0,0,0,,0,032,"WESTERN WY","COLORADO AV",16.00,E,N,A,-,N,,,,,,,,,,Y,2,0,2,1,A,-,01,23153,A,N,A,I,A,A,H,-,C,D,0,,,,,Y,Y,A,,1,0,1,0,0,0,0,0,0,"- ","- ",,,STANISLAUS,MODESTO,-121.00713476,37.626059509999997
6340955,2014,2014-06-02,5002,2014-01-19,1135,11640,M284,7,5,6,5002,0,0,0,,0,MP72,"BRIGHTON AV","COFFEE RD",0.00,,Y,A,-,N,,,,,,,,,,Y,4,0,1,1,A,-,08,22107,,N,E,I,A,A,H,-,A,D,0,,,,,Y,,A,,0,0,1,0,0,0,0,0,0,"- ","- ",,,STANISLAUS,MODESTO,-120.97563993999999,37.661269930000003
6343530,2016,2016-03-29,5002,2016-03-10,2125,11531,M605,4,5,6,5002,0,0,0,,0,071,"LAKEWOOD AV","SCENIC DR",6.00,S,N,A,-,N,,,,,,,,,,Y,3,0,1,1,A,-,01,23152,B,N,E,I,A,A,H,-,C,A,0,,,,,Y,Y,A,,0,1,0,0,0,0,0,0,0,"- ","- ",,,STANISLAUS,MODESTO,-120.93922000000001,37.655030000000004
6343531,2016,2016-03-29,5002,2016-03-11,1514,11267,012,5,5,6,5002,0,0,0,,0,063,"DALE RD","VENEMAN AV",0.00,,Y,B,-,N,,,,,,,,,,Y,4,0,2,2,A,-,09,21801,A,N,H,C,A,A,H,-,A,A,0,,,,,Y,,A,,0,0,2,0,0,0,0,0,0,"- ","- ",,,STANISLAUS,MODESTO,-121.04986984999999,37.689349980000003
6343534,2016,2017-02-03,5002,2016-03-01,0832,11812,465,2,5,6,5002,0,0,0,,0,042,"RT 132","SANTA BARBARA AV",20.00,E,N,B,-,Y,STA,10,132,-,-,16.160,H,-,W,N,4,0,1,2,A,-,09,21804,A,N,D,C,A,B,H,-,A,D,0,,,,,Y,,D,,0,0,1,0,0,0,0,0,0,"- ","- ",,,STANISLAUS,MODESTO,-120.97496231,37.638212029999998
6343542,2016,2016-03-28,5002,2016-03-09,1038,10144,314,3,5,6,5002,0,0,0,,0,042,"EL VISTA AV","ENCINA AV",0.00,,Y,A,-,N,,,,,,,,,,Y,4,0,1,2,A,-,09,21801,A,N,D,C,A,A,H,-,A,A,0,,,,,Y,,A,,0,0,1,0,0,0,0,0,0,"- ","- ",,,STANISLAUS,MODESTO,-120.95725993000001,37.645239940000003
6351271,2016,2016-03-29,5002,2016-03-14,1509,11751,M878,1,5,6,5002,0,0,0,,0,032,"TUOLUMNE BL","YOSEMITE AV",0.00,,Y,A,-,N,,,,,,,,,,Y,3,0,1,2,A,-,09,21802,A,N,D,C,A,A,H,-,A,D,0,,,,,Y,,A,,0,1,0,0,0,0,0,0,0,"- ","- ",,,STANISLAUS,MODESTO,-121.00836997,37.627819959999997
6351273,2016,2017-02-03,5002,2016-03-14,2321,10899,609,1,5,6,5002,0,0,0,,0,043,"CLAWS RD","RT 132",1.00,S,N,A,-,Y,STA,10,132,-,-,19.010,I,5,E,Y,3,0,1,1,A,-,08,22107,,N,A,I,A,A,-,-,C,A,0,,,,,Y,,A,,0,1,0,0,0,0,0,0,0,"- ","- ",,,STANISLAUS,MODESTO,-120.92312803,37.638240000000003
6351274,2016,2016-03-29,5002,2016-03-15,1352,11248,M406,2,5,6,5002,0,0,0,,0,041,"G ST",11TH,0.00,,Y,A,-,N,,,,,,,,,,N,4,0,1,2,A,-,08,22107,,N,B,C,A,A,H,-,A,A,0,,,,,Y,,D,,0,0,1,0,0,0,0,0,0,"- ","- ",,,STANISLAUS,MODESTO,-120.9959199,37.63832
6351278,2016,2016-03-29,5002,2016-03-16,2355,11765,M99,3,5,6,5002,0,0,0,,0,061,"CARVER RD","WEST ORANGEBURG AV",42.00,N,N,A,-,N,,,,,,,,,,Y,3,0,1,1,A,-,01,23152,,N,A,I,A,A,H,-,C,A,0,,,,,Y,Y,A,,0,1,0,0,0,0,0,0,0,"- ","- ",,,STANISLAUS,MODESTO,-121.02202,37.664295340000002
6353535,2014,2014-06-25,5002,2014-01-11,1620,10309,430,6,5,6,5002,0,0,0,,0,032,"TUOLUMNE BL","FRESNO AV",0.00,,Y,B,-,N,,,,,,,,,,Y,2,0,3,2,A,-,08,21460,5,N,D,C,A,A,H,-,A,D,0,,,,,Y,,A,,1,1,1,0,0,0,0,0,0,"- ","- ",,,STANISLAUS,MODESTO,-121.00129990000001,37.627799920000001
6353559,2014,2015-11-25,5002,2014-01-07,1038,11317,M419,2,5,6,5002,0,0,0,,0,040,"6TH ST","I ST",0.00,,Y,A,-,Y,STA,10,99,-,R,15.669,R,4,N,Y,3,0,3,2,A,-,12,21453,A,N,D,C,A,A,H,-,A,A,0,,,,,Y,,-,,0,1,2,0,0,0,0,0,0,"- ","- ",,,STANISLAUS,MODESTO,-121.00112168,37.634564879999999