CASE_ID,ACCIDENT_YEAR,PROC_DATE,JURIS,COLLISION_DATE,COLLISION_TIME,OFFICER_ID,REPORTING_DISTRICT,DAY_OF_WEEK,CHP_SHIFT,POPULATION,CNTY_CITY_LOC,SPECIAL_COND,BEAT_TYPE,CHP_BEAT_TYPE,CITY_DIVISION_LAPD,CHP_BEAT_CLASS,BEAT_NUMBER,PRIMARY_RD,SECONDARY_RD,DISTANCE,DIRECTION,INTERSECTION,WEATHER_1,WEATHER_2,STATE_HWY_IND,CALTRANS_COUNTY,CALTRANS_DISTRICT,STATE_ROUTE,ROUTE_SUFFIX,POSTMILE_PREFIX,POSTMILE,LOCATION_TYPE,RAMP_INTERSECTION,SIDE_OF_HWY,TOW_AWAY,COLLISION_SEVERITY,NUMBER_KILLED,NUMBER_INJURED,PARTY_COUNT,PRIMARY_COLL_FACTOR,PCF_CODE_OF_VIOL,PCF_VIOL_CATEGORY,PCF_VIOLATION,PCF_VIOL_SUBSECTION,HIT_AND_RUN,TYPE_OF_COLLISION,MVIW,PED_ACTION,ROAD_SURFACE,ROAD_COND_1,ROAD_COND_2,LIGHTING,CONTROL_DEVICE,CHP_ROAD_TYPE,PEDESTRIAN_ACCIDENT,BICYCLE_ACCIDENT,MOTORCYCLE_ACCIDENT,TRUCK_ACCIDENT,NOT_PRIVATE_PROPERTY,ALCOHOL_INVOLVED,STWD_VEHTYPE_AT_FAULT,CHP_VEHTYPE_AT_FAULT,COUNT_SEVERE_INJ,COUNT_VISIBLE_INJ,COUNT_COMPLAINT_PAIN,COUNT_PED_KILLED,COUNT_PED_INJURED,COUNT_BICYCLIST_KILLED,COUNT_BICYCLIST_INJURED,COUNT_MC_KILLED,COUNT_MC_INJURED,PRIMARY_RAMP,SECONDARY_RAMP,LATITUDE,LONGITUDE,COUNTY,CITY,POINT_X,POINT_Y
7113330,2015,2015-11-12,5002,2015-10-23,1901,11742,013,5,5,6,5002,0,0,0,,0,064,"STANDIFORD AV","SHAWNEE DR",0.00,,Y,A,-,N,,,,,,,,,,Y,4,0,1,2,A,-,09,21801,A,N,D,D,A,A,H,-,C,A,0,,,,,Y,,A,,0,0,1,0,0,0,0,0,0,"- ","- ",,,STANISLAUS,MODESTO,-121.02658993,37.68951989
7113331,2015,2015-11-12,5002,2015-10-23,2024,11658,537,5,5,6,5002,0,0,0,,0,066,"SISK RD","VINTAGE DR",300.00,,N,A,-,N,,,,,,,,,,N,2,0,2,2,A,-,09,21801,,N,D,C,A,A,H,-,C,D,0,,,Y,,Y,,A,,1,0,1,0,0,0,0,0,1,"- ","- ",,,STANISLAUS,MODESTO,-121.06228987999999,37.69115996
7113332,2015,2015-11-12,5002,2015-10-24,0739,11742,410,6,5,6,5002,0,0,0,,0,040,"G ST","7TH ST",0.00,,Y,A,-,N,,,,,,,,,,Y,4,0,1,2,A,-,12,21453,A,N,D,I,A,A,H,-,A,A,0,,,,,Y,,A,,0,0,1,0,0,0,0,0,0,"- ","- ",,,STANISLAUS,MODESTO,-120.99970994,37.635449970000003
7113336,2015,2016-08-12,5002,2015-10-26,1533,11290,M024,1,5,6,5002,0,0,0,,0,065,"WEST BRIGGSMORE AV","SISK RD",0.00,,Y,A,-,N,,,,,,,,,,Y,4,0,3,2,A,-,12,21453,A,N,D,C,A,A,H,-,A,A,0,,,,,Y,,A,,0,0,3,0,0,0,0,0,0,"- ","- ",,,STANISLAUS,MODESTO,-121.03137999,37.667789890000002
7113346,2015,2015-11-12,5002,2015-10-31,1244,11248,M389,6,5,6,5002,0,0,0,,0,040,"15TH ST","I ST",0.00,S,N,A,-,N,,,,,,,,,,Y,3,0,3,2,A,-,09,21802,A,N,D,C,A,A,H,-,A,A,0,,,,,Y,,A,,0,2,1,0,0,0,0,0,0,"- ","- ",,,STANISLAUS,MODESTO,-120.99444986,37.643159990000001
7114150,2015,2015-11-17,5004,2015-10-22,1317,266,RD48,4,5,3,5004,0,0,0,,0,005,"SOUTH MAAG AV",CAROLDEEN,112.00,S,N,A,-,N,,,,,,,,,,N,4,0,1,2,A,-,08,22107,,N,B,E,A,A,H,-,A,D,0,,,,,Y,,A,07,0,0,1,0,0,0,0,0,0,"- ","- ",37.762790000000003,-120.82751,STANISLAUS,OAKDALE,-120.82792213,37.763025980000002
7114939,2015,2015-11-13,5007,2015-10-28,1614,5739,,3,5,5,5007,0,0,0,,0,002,"EAST AV","N MINARET AV",0.00,,Y,A,-,N,,,,,,,,,,Y,3,0,2,2,A,-,09,21803,A,N,A,D,A,A,H,-,A,A,0,,,,,Y,,A,07,0,2,0,0,0,0,0,0,0,"- ","- ",,,STANISLAUS,TURLOCK,-120.83985993,37.492689990000002
7116840,2015,2015-11-18,5001,2015-10-20,1239,528,,2,5,4,5001,0,0,0,,0,,"HATCH RD","RICHLAND AV",204.00,E,N,A,-,N,,,,,,,,,,Y,4,0,1,2,A,-,03,22350,,N,C,C,A,A,H,-,A,A,0,,,,,Y,,A,01,0,0,1,0,0,0,0,0,0,"- ","- ",,,STANISLAUS,CERES,-120.96549606000001,37.609314359999999
7119115,2015,2015-12-01,5007,2015-11-10,1452,5742,5007,2,5,5,5007,0,0,0,,0,001,"EAST TUOLUMNE RD","NORTH OLIVE AV",0.00,,Y,A,-,N,,,,,,,,,,N,3,0,1,2,D,-,00,,,N,G,B,B,A,H,-,A,A,0,Y,,,,Y,,-,"- ",0,1,0,0,1,0,0,0,0,"- ","- ",,,STANISLAUS,TURLOCK,-120.83977991,37.514609980000003
7121050,2015,2016-08-12,5001,2015-11-16,1717,521,5003,1,5,4,5001,0,0,0,,0,001,"WHITMORE RD","WHITMORE RD 2500",0.00,,N,A,-,N,,,,,,,,,,N,4,0,1,2,A,-,03,22350,,N,G,B,D,A,H,-,B,D,0,Y,,,,Y,,-,,0,0,1,0,1,0,0,0,0,"- ","- ",,,STANISLAUS,CERES,,
7122631,2015,2015-11-24,5002,2015-11-09,1245,11789,M99,1,5,6,5002,0,0,0,,0,052,"MCHENRY AV","COOLIDGE AV",20.00,S,N,B,-,N,,,,,,,,,,N,4,0,4,4,A,-,03,22350,,N,C,C,A,B,H,-,C,A,0,,,,,Y,,A,,0,0,4,0,0,0,0,0,0,"- ","- ",,,STANISLAUS,MODESTO,-120.99394907999999,37.665445079999998
7122636,2015,2015-11-23,5002,2015-11-11,1424,10249,M537,3,5,6,5002,0,0,0,,0,063,"SISK RD","VINTAGE DR",290.00,N,N,A,-,N,,,,,,,,,,Y,4,0,1,2,A,-,09,21804,A,N,D,C,A,A,H,-,A,D,0,,,,,Y,,A,,0,0,1,0,0,0,0,0,0,"- ","- ",,,STANISLAUS,MODESTO,-121.06301895,37.691697189999999
7122842,2015,2015-11-23,5002,2015-11-12,1707,11812,,4,5,6,5002,0,0,0,,0,031,"NICKERSON DR","WHITMORE AV",0.00,,Y,A,-,N,,,,,,,,,,Y,4,0,2,2,A,-,08,22107,,N,D,C,A,A,H,-,C,A,0,,,,,Y,,-,,0,0,2,0,0,0,0,0,0,"- ","- ",,,STANISLAUS,MODESTO,-120.98558998999999,37.59489997
7122920,2015,2017-02-02,5002,2015-10-28,1639,11646,M237,3,5,6,5002,0,0,0,,0,071,"RT 108","MODESTO AV",100.00,N,N,A,-,Y,STA,10,108,-,-,23.350,H,-,E,N,4,0,1,2,A,-,08,22107,,N,B,G,A,A,H,-,A,A,0,,Y,,,Y,,L,,0,0,1,0,0,0,1,0,0,"- ","- ",,,STANISLAUS,MODESTO,-120.99385202000001,37.649647119999997
7126115,2015,2015-12-02,5002,2015-11-13,2347,11521,M595,5,5,6,5002,0,0,0,,0,071,"EAST ORANGEBURG AV",CHRISTOPHER,20.00,E,N,A,-,N,,,,,,,,,,Y,3,0,3,3,A,-,01,23152,,N,A,C,A,A,H,-,C,D,0,,,,,Y,Y,A,,0,1,2,0,0,0,0,0,0,"- ","- ",,,STANISLAUS,MODESTO,-120.92851091,37.663610560000002
7126135,2015,2015-12-16,5002,2015-11-17,2215,11818,M99,2,5,6,5002,0,0,0,,0,034,"PAGE RD","BECKWITH RD",198.00,S,N,A,-,N,,,,,,,,,,Y,4,0,1,1,A,-,03,22350,,N,D,E,A,D,A,-,-,B,0,,,,,Y,,A,,0,0,1,0,0,0,0,0,0,"- ","- ",,,STANISLAUS,MODESTO,-121.20505,37.680686620000003
7126171,2015,2017-02-02,5002,2015-10-30,1555,11770,255,5,5,6,5002,0,0,0,,0,071,"ORANGEBURG AV","MCHENRY AV",0.00,,Y,A,-,Y,STA,10,108,-,-,24.320,I,5,E,Y,4,0,1,2,A,-,09,21801,A,N,A,C,A,A,H,-,A,A,0,,,,,Y,,A,,0,0,1,0,0,0,0,0,0,"- ","- ",,,STANISLAUS,MODESTO,-120.99402678,37.66352174
7129993,2015,2015-12-15,5007,2015-11-22,1804,5764,,7,5,5,5007,0,0,0,,0,2B25,"EAST CANAL DR","KENWOOD AV",0.00,,Y,A,-,N,,,,,,,,,,Y,3,0,3,3,A,-,07,21658,A,F,D,C,A,A,H,-,C,D,0,,,,,Y,,D,22,0,1,2,0,0,0,0,0,0,"- ","- ",,,STANISLAUS,TURLOCK,-120.84103989,37.500439999999998
7135465,2015,2015-12-11,5002,2015-11-21,1748,10524,080,6,5,6,5002,0,0,0,,0,062,"SHELDON DR","OTIS AV",160.00,E,N,A,-,N,,,,,,,,,,Y,4,0,1,2,A,-,08,22107,,N,C,E,A,A,H,-,C,D,0,,,,,Y,,A,,0,0,1,0,0,0,0,0,0,"- ","- ",,,STANISLAUS,MODESTO,-121.0188371,37.685409999999997
7135469,2015,2017-01-28,5002,2015-11-21,1205,10249,M726,6,5,6,5002,0,0,0,,0,052,"RT 108","LEVELAND AV",13.00,N,N,A,-,Y,STA,10,108,-,-,25.400,H,-,W,N,4,0,1,2,A,-,04,21703,,N,C,C,A,A,H,-,A,A,0,,,,,Y,,A,,0,0,1,0,0,0,0,0,0,"- ","- ",,,STANISLAUS,MODESTO,-120.99415755,37.679195739999997
7135497,2015,2015-12-11,5002,2015-11-27,1650,11691,M018,5,5,6,5002,0,0,0,,0,052,"MOUNT VERNON DR","TULLY RD",0.00,,Y,A,-,N,,,,,,,,,,N,4,0,1,2,A,-,12,21453,A,N,D,G,A,A,H,-,A,A,0,,Y,,,Y,,E,,0,0,1,0,0,0,1,0,0,"- ","- ",,,STANISLAUS,MODESTO,-121.01233992,37.677179930000001
7136020,2015,2015-12-17,5002,2015-12-01,1757,11612,M99,2,5,6,5002,0,0,0,,0,043,"MARTIN LUTHER KING","MAPLE ST",25.00,S,N,A,-,N,,,,,,,,,,N,3,0,1,2,A,-,08,22107,,N,-,G,A,A,H,-,C,D,0,,Y,,,Y,Y,L,,0,1,0,0,0,0,1,0,0,"- ","- ",,,STANISLAUS,MODESTO,-121.01185065999999,37.637571350000002
7136056,2015,2015-12-23,5002,2015-12-05,2122,11084,M035,6,5,6,5002,0,0,0,,0,053,"WEST RUMBLE RD","TULLY RD",0.00,,Y,A,-,N,,,,,,,,,,Y,3,0,1,1,A,-,01,23152,,N,A,J,A,A,H,-,C,A,0,,,,,Y,Y,-,,0,1,0,0,0,0,0,0,0,"- ","- ",,,STANISLAUS,MODESTO,-121.01238986,37.68206996
7136134,2015,2015-12-17,5002,2015-11-30,0747,11025,151,1,5,6,5002,0,0,0,,0,073,"ROSELLE AV","KODIAK DR",0.00,,Y,A,-,N,,,,,,,,,,N,4,0,1,2,A,-,09,21802,A,N,D,G,A,A,H,-,A,A,0,,Y,,,Y,,A,,0,0,1,0,0,0,1,0,0,"- ","- ",,,STANISLAUS,MODESTO,-120.93969994,37.681599939999998
7136143,2015,2015-12-14,5002,2015-10-22,1636,11402,M359,4,5,6,5002,0,0,0,,0,033,"S EMERALD AV","LENORE DR",75.00,N,N,A,-,N,,,,,,,,,,Y,4,0,2,2,A,-,08,22107,,N,C,E,A,A,H,-,A,D,0,,,,,Y,,A,,0,0,2,0,0,0,0,0,0,"- ","- ",,,STANISLAUS,MODESTO,-121.02099131999999,37.632575969999998
7137783,2015,2015-12-18,5007,2015-11-17,1049,5505,,2,5,5,5007,0,0,0,,0,004,"W MONTE VISTA","N WALNUT",0.00,,Y,A,-,N,,,,,,,,,,Y,4,0,1,2,A,-,12,21453,A,N,A,E,A,A,H,-,A,A,0,,,,,Y,,A,01,0,0,1,0,0,0,0,0,0,"- ","- ",,,STANISLAUS,TURLOCK,-120.86725987,37.521859919999997
7142268,2015,2017-01-28,5002,2015-12-08,1211,11509,M99,2,5,6,5002,0,0,0,,0,043,"9TH ST","H ST",55.00,N,N,A,-,Y,STA,10,132,-,L,15.330,H,-,E,N,4,0,1,2,A,-,04,21703,,N,C,C,A,A,H,-,A,A,0,,,,,Y,,A,,0,0,1,0,0,0,0,0,0,"- ","- ",,,STANISLAUS,MODESTO,-120.99973774999999,37.638509689999999
7142278,2015,2016-01-06,5002,2015-12-11,0627,11213,159,5,5,6,5002,0,0,0,,0,072,"WOODCREST WY","GARLANDWOOD DR",30.00,S,N,A,-,N,,,,,,,,,,Y,4,0,1,3,A,-,05,21650,,N,E,E,A,B,H,-,C,A,0,,,,,Y,,A,,0,0,1,0,0,0,0,0,0,"- ","- ",,,STANISLAUS,MODESTO,-120.95002287,37.669223080000002
7142409,2015,2016-02-22,5001,2015-12-19,1927,790,5001,6,5,4,5001,0,0,0,,0,001,"WHITMORE AV","MALIK AV",150.00,W,N,A,-,N,,,,,,,,,,N,4,0,1,2,A,-,03,22350,,N,C,C,A,A,H,-,D,D,0,,,,,Y,,-,,0,0,1,0,0,0,0,0,0,"- ","- ",,,STANISLAUS,CERES,-120.9818477,37.59489739
7147347,2015,2016-01-05,5002,2015-12-17,2136,11658,M068,4,5,6,5002,0,0,0,,0,063,"PELANDALE AV","CARVER RD",0.00,,Y,A,-,N,,,,,,,,,,N,4,0,2,2,A,-,12,21453,A,N,D,C,A,A,H,-,C,A,0,,,,,Y,,D,,0,0,2,0,0,0,0,0,0,"- ","- ",,,STANISLAUS,MODESTO,-121.02261987999999,37.700459960000003
7147367,2015,2017-02-02,5002,2015-12-16,2005,11658,M110,3,5,6,5002,0,0,0,,0,052,"MCHENRY AV","BOWEN AV",215.00,S,N,A,-,Y,STA,10,108,-,-,25.100,H,-,W,N,3,0,1,2,A,-,09,21801,A,N,D,C,A,A,H,-,C,D,0,,,,,Y,,A,,0,1,0,0,0,0,0,0,0,"- ","- ",,,STANISLAUS,MODESTO,-120.99409857000001,37.674778699999997
7147384,2015,2016-01-05,5002,2015-11-02,1206,10153,M096,1,5,6,5002,0,0,0,,0,053,"MONTANA DR","ANTIQUITY WY",0.00,,Y,A,-,N,,,,,,,,,,Y,4,0,2,2,A,-,09,21803,,N,D,C,A,A,H,-,A,A,0,,,,Y,Y,,F,,0,0,2,0,0,0,0,0,0,"- ","- ",,,STANISLAUS,MODESTO,-120.98023992,37.697899919999998
7147411,2015,2016-01-04,5002,2015-11-15,1710,11808,237,7,5,6,5002,0,0,0,,0,051,"SYCAMORE AV","WEST MORRIS AV",0.00,,Y,A,-,N,,,,,,,,,,N,4,0,1,2,A,-,10,21950,A,N,G,B,B,A,H,-,B,A,0,Y,,,,Y,Y,A,,0,0,1,0,1,0,0,0,0,"- ","- ",,,STANISLAUS,MODESTO,-120.99766999000001,37.651049980000003
7147421,2015,2016-01-05,5002,2015-12-16,2038,11775,165,3,5,6,5002,0,0,0,,0,072,"ROSELLE AV","MERLE AV",0.00,,Y,A,-,N,,,,,,,,,,Y,4,0,3,2,A,-,09,21801,A,N,A,C,A,A,H,-,C,A,0,,,,,Y,,A,,0,0,3,0,0,0,0,0,0,"- ","- ",,,STANISLAUS,MODESTO,-120.93974996,37.670799979999998
7147433,2015,2016-08-12,5002,2015-12-18,1535,10474,714,5,5,6,5002,0,0,0,,0,042,"G ST","4TH ST",0.00,,Y,A,-,N,,,,,,,,,,Y,4,0,1,2,A,-,00,22340,,N,D,C,A,A,H,-,A,A,0,,,,,Y,,A,,0,0,1,0,0,0,0,0,0,"- ","- ",,,STANISLAUS,MODESTO,-121.00254993,37.633330000000001
7147797,2015,2017-02-02,5002,2015-12-24,1313,11136,M106,4,5,6,5002,0,0,0,,0,052,"RT 108","KAVANAGH AV",0.00,,Y,B,-,Y,STA,10,108,-,-,25.440,I,5,E,Y,4,0,1,2,A,-,09,21801,A,N,D,C,A,B,H,-,A,D,0,,,,,Y,,D,,0,0,1,0,0,0,0,0,0,"- ","- ",,,STANISLAUS,MODESTO,-120.99426105000001,37.679785610000003
7147842,2015,2016-01-06,5002,2015-12-22,2346,11750,M99,2,5,6,5002,0,0,0,,0,044,"G ST","7TH ST",0.00,,Y,A,-,N,,,,,,,,,,Y,3,0,2,2,A,-,12,21453,A,N,D,C,A,A,H,-,C,A,0,,,,,Y,,A,,0,1,1,0,0,0,0,0,0,"- ","- ",,,STANISLAUS,MODESTO,-120.99970994,37.635449970000003
7147846,2015,2017-02-02,5002,2015-12-23,2100,11773,M120,3,5,6,5002,0,0,0,,0,052,"BRIGGSMORE AV","MCHENRY AV",0.00,,Y,A,-,Y,STA,10,108,-,-,24.810,I,5,E,Y,4,0,2,2,A,-,12,21453,A,N,D,C,A,A,H,-,C,A,0,,,,,Y,,A,,0,0,2,0,0,0,0,0,0,"- ","- ",,,STANISLAUS,MODESTO,-120.99411994,37.670508959999999
7147905,2015,2016-01-06,5002,2015-12-27,1209,11136,M159,7,5,6,5002,0,0,0,,0,072,"OAKDALE RD","EAST BRIGGSMORE AV",0.00,,Y,B,-,N,,,,,,,,,,Y,4,0,1,2,A,-,12,21453,A,N,D,C,A,A,H,-,A,A,0,,,,,Y,,A,,0,0,1,0,0,0,0,0,0,"- ","- ",,,STANISLAUS,MODESTO,-120.95755991,37.66717998
7147909,2015,2016-01-06,5002,2015-12-26,1258,11741,M99,6,5,6,5002,0,0,0,,0,072,"ROSELLE AV","MERLE AV",0.00,,Y,A,-,N,,,,,,,,,,Y,4,0,2,2,A,-,09,21801,,N,A,C,A,A,H,-,A,A,0,,,,,Y,,A,,0,0,2,0,0,0,0,0,0,"- ","- ",,,STANISLAUS,MODESTO,-120.93974996,37.670799979999998
7149632,2015,2016-01-11,5007,2015-12-12,1920,5723,,6,5,5,5007,0,0,0,,0,004,"W CHRISTOFFERSEN PKWY","NORTH WALNUT RD",0.00,,Y,A,-,N,,,,,,,,,,Y,3,0,1,4,A,-,17,21451,A,N,A,C,A,A,H,-,C,A,0,,,,,Y,,A,01,0,1,0,0,0,0,0,0,0,"- ","- ",,,STANISLAUS,TURLOCK,-120.86702991,37.52932998
7150550,2015,2017-02-02,5004,2015-12-23,1859,265,RD37,3,5,3,5004,0,0,0,,0,00S,"N 6TH ST","RT 120",0.00,,Y,A,-,Y,STA,10,120,-,-,5.320,I,6,W,N,3,0,1,2,A,-,10,21950,A,N,G,B,B,A,H,-,C,D,0,Y,,,,Y,,D,22,0,1,0,0,1,0,0,0,0,"- ","- ",37.767789999999998,-120.84363999999999,STANISLAUS,OAKDALE,-120.84357894999999,37.768119280000001
7150681,2015,2016-01-13,5004,2015-11-29,1522,236,RD31,7,5,3,5004,0,0,0,,0,00S,"PONTIAC ST","REED RD",0.00,,-,A,-,N,,,,,,,,,,N,3,0,1,2,A,-,03,22350,,M,H,G,A,A,G,-,B,D,0,,Y,,,Y,,-,,0,1,0,0,0,0,1,0,0,"- ","- ",37.757080000000002,-120.86109,STANISLAUS,OAKDALE,-120.87427993999999,37.76182996
7150725,2015,2017-02-02,5004,2015-12-02,1825,176,RD3,3,5,3,5004,0,0,0,,0,00N,"RT 120","E A ST",0.00,,Y,A,-,Y,STA,10,120,-,-,604.670,H,-,W,N,4,0,1,2,A,-,08,22107,,N,B,C,A,A,H,-,C,D,0,,,,,Y,,A,01,0,0,1,0,0,0,0,0,0,"- ","- ",37.772480000000002,-120.85093999999999,STANISLAUS,OAKDALE,-120.85093999999999,37.772480000000002
7154833,2015,2016-01-11,5002,2015-11-30,0828,10644,M99,1,5,6,5002,0,0,0,,0,042,"SUTTER AV","SOUTH AV",20.00,S,N,A,-,N,,,,,,,,,,Y,3,0,1,2,A,-,03,22350,,N,C,C,A,A,H,-,A,D,0,,,,,Y,,A,,0,1,0,0,0,0,0,0,0,"- ","- ",,,STANISLAUS,MODESTO,-121.01177031,37.624185079999997
7160348,2016,2016-01-20,5002,2016-01-12,1933,10152,265,2,5,6,5002,0,0,0,,0,052,"EAST BRIGGSMORE AV","BRANNON AV",50.00,E,N,B,-,N,,,,,,,,,,N,3,0,1,2,A,-,11,21950,B,F,G,B,D,A,H,-,C,D,0,Y,,,,Y,,N,,0,1,0,0,1,0,0,0,0,"- ","- ",,,STANISLAUS,MODESTO,-120.98180839,37.667301520000002
7168295,2016,2017-02-11,5002,2016-01-05,1635,11267,M256,2,5,6,5002,0,0,0,,0,051,"RT 108","ROSEBURG AV",0.00,,Y,C,-,Y,STA,10,108,-,-,24.060,I,5,E,N,2,0,1,2,A,-,10,21950,A,N,G,B,B,B,H,-,B,A,0,Y,,,,Y,,M,,1,0,0,0,1,0,0,0,0,"- ","- ",,,STANISLAUS,MODESTO,-120.99397620000001,37.659813739999997
7170066,2015,2016-02-16,5003,2015-10-15,1357,N201,RDNM,4,5,2,5003,0,0,0,,0,0NM,"HILLS FERRY RD","SHERMAN PKWY",40.00,E,N,A,-,N,,,,,,,,,,Y,3,0,2,2,A,-,09,21802,A,N,D,D,A,A,H,-,A,D,0,,,,,Y,,H,64,0,2,0,0,0,0,0,0,0,"- ","- ",37.322920000000003,-121.00207,STANISLAUS,NEWMAN,-121.00196037000001,37.32298334
7170082,2015,2016-03-02,5003,2015-01-14,2110,N282,RDNM,3,5,2,5003,0,0,0,,0,0NM,"HILLS FERRY RD","HILLS FERRY RD 407",5.00,W,N,E,-,N,,,,,,,,,,Y,3,0,1,1,A,-,01,23152,,M,F,J,A,B,H,-,C,D,0,,,,,Y,Y,A,01,0,1,0,0,0,0,0,0,0,"- ","- ",,,STANISLAUS,NEWMAN,,
7170928,2015,2016-02-01,5002,2015-08-27,2001,11186,290,4,5,6,5002,0,0,0,,0,072,"COFFEE RD","LUCERN AV",450.00,S,N,A,-,N,,,,,,,,,,N,2,0,1,2,A,-,03,22350,,N,G,B,D,A,H,-,C,D,0,Y,,,,Y,,A,01,1,0,0,0,1,0,0,0,0,"- ","- ",,,STANISLAUS,MODESTO,-120.97556464,37.651464220000001
7170977,2016,2016-02-01,5002,2016-01-18,0052,11795,159,1,5,6,5002,0,0,0,,0,072,"EAST BRIGGSMORE AV","OAKDALE RD",0.00,,Y,C,-,N,,,,,,,,,,Y,3,0,1,1,A,-,08,22107,,N,E,I,A,B,H,-,C,A,0,,,,,Y,,A,,0,1,0,0,0,0,0,0,0,"- ","- ",,,STANISLAUS,MODESTO,-120.95755991,37.66717998
7171005,2016,2016-02-03,5002,2016-01-17,0728,10474,415,7,5,6,5002,0,0,0,,0,Q44,"9TH ST","12TH ST",0.00,,Y,B,-,N,,,,,,,,,,Y,4,0,2,2,A,-,00,22453,,N,D,C,A,A,H,-,A,-,0,,,,,Y,,A,,0,0,2,0,0,0,0,0,0,"- ","- ",,,STANISLAUS,MODESTO,,
7171033,2016,2016-02-01,5002,2016-01-14,1930,11778,M151,4,5,6,5002,0,0,0,,0,073,"CLAUS RD","SYLVAN AV",155.00,N,N,B,-,N,,,,,,,,,,Y,4,0,2,3,A,-,03,22350,,N,C,C,A,B,H,-,D,D,0,,,,,Y,,A,,0,0,2,0,0,0,0,0,0,"- ","- ",,,STANISLAUS,MODESTO,-120.9215433,37.689505519999997
7171118,2015,2016-02-01,5003,2015-02-03,2015,N287,RDNM,2,5,2,5003,0,0,0,,0,0NM,"BARRINGTON AV","DRISKELL AV",0.00,,Y,A,-,N,,,,,,,,,,N,3,0,2,2,A,-,01,23153,,N,C,C,A,A,H,-,C,A,0,,,Y,,Y,Y,C,02,0,2,0,0,0,0,0,0,2,"- ","- ",,,STANISLAUS,NEWMAN,-121.01293986,37.318270069999997
7172554,2016,2016-02-01,5007,2016-01-12,1857,5701,,2,5,5,5007,0,0,0,,0,001,"EAST TUOLUMNE RD","NORTH OLIVE AV",0.00,,Y,A,-,N,,,,,,,,,,N,4,0,1,2,A,-,12,21453,A,N,D,C,A,A,H,-,C,A,0,,,,,Y,,A,01,0,0,1,0,0,0,0,0,0,"- ","- ",,,STANISLAUS,TURLOCK,-120.83977991,37.514609980000003
7172886,2016,2016-03-04,5007,2016-01-12,1047,5764,,2,5,5,5007,0,0,0,,0,005,"EAST OLIVE AV","NORTH CENTER ST",0.00,,Y,B,-,N,,,,,,,,,,Y,4,0,1,2,A,-,17,21451,A,N,D,C,A,A,H,-,A,A,0,,,,,Y,,A,07,0,0,1,0,0,0,0,0,0,"- ","- ",,,STANISLAUS,TURLOCK,-120.84598988,37.496049960000001
7174715,2016,2016-03-04,5001,2016-01-27,1510,458,CITY,3,5,4,5001,0,0,0,,0,005,"EL CAMINO AV","PARK ST",0.00,,Y,A,-,N,,,,,,,,,,Y,4,0,1,2,A,-,10,21950,A,F,G,B,B,A,H,-,A,A,0,Y,,,,Y,,A,08,0,0,1,0,1,0,0,0,0,"- ","- ",,,STANISLAUS,CERES,-120.95185995999999,37.588429910000002
7177925,2016,2016-02-16,5009,2016-01-18,1750,5002,HUGHS,1,5,2,5009,0,0,0,,0,9L1,"EAST WHITMORE AV","SANTA FE AV",0.00,,Y,-,-,N,,,,,,,,,,Y,4,0,1,2,A,-,09,21804,A,N,-,-,A,-,-,-,-,-,0,,,,,Y,,-,,0,0,1,0,0,0,0,0,0,"- ","- ",,,STANISLAUS,HUGHSON,-120.86685998999999,37.594799979999998
7178322,2016,2016-02-22,5004,2016-01-21,1828,268,RD26,4,5,3,5004,0,0,0,,0,00N,"WEST F ST","N OAK AV",0.00,,Y,A,-,N,,,108,,,,,,,N,4,0,1,3,A,-,03,22350,,F,C,C,A,A,H,-,C,A,0,,,,,Y,,D,72,0,0,1,0,0,0,0,0,0,"- ","- ",37.760359999999999,-120.86187,STANISLAUS,OAKDALE,-120.86186982,37.760359559999998
7178326,2016,2017-02-11,5004,2016-02-01,1440,204,RD31,1,5,3,5004,0,0,0,,0,00S,"RT 108","N OAK AV",6.00,W,N,A,-,Y,STA,10,108,-,-,37.300,H,-,W,N,4,0,1,2,A,-,08,22107,,N,D,C,A,A,H,-,A,A,0,,,,,Y,,A,01,0,0,1,0,0,0,0,0,0,"- ","- ",37.760359999999999,-120.86187,STANISLAUS,OAKDALE,-120.86225473,37.760192400000001
7178581,2015,2016-04-06,5005,2015-12-18,1311,501626,5005,5,5,3,5005,0,0,0,,0,PPD,"WARD AV","W LAS PALMAS",0.00,,Y,A,-,N,,,,,,,,,,N,4,0,1,3,A,-,03,22350,,N,C,C,A,A,H,-,A,D,0,,,,Y,Y,Y,-,"- ",0,0,1,0,0,0,0,0,0,"- ","- ",,,STANISLAUS,PATTERSON,-121.14098986,37.466749919999998
7179522,2016,2016-02-10,5002,2016-01-23,1926,11675,537,6,5,6,5002,0,0,0,,0,063,"STANDIFORD AV","SISK RD",0.00,,Y,A,B,N,,,,,,,,,,Y,3,0,1,2,A,-,05,21650,1,N,G,G,A,A,H,-,C,A,0,,Y,,,Y,,L,,0,1,0,0,0,0,1,0,0,"- ","- ",,,STANISLAUS,MODESTO,-121.0507899,37.684869999999997
7179546,2016,2016-02-10,5002,2016-01-06,2324,11775,279,3,5,6,5002,0,0,0,,0,051,"ENIC DR","COFFEE RD",866.00,E,N,B,-,N,,,,,,,,,,Y,3,0,1,1,A,-,01,23152,,N,E,I,A,B,H,-,C,D,0,,,,,Y,Y,A,,0,1,0,0,0,0,0,0,0,"- ","- ",,,STANISLAUS,MODESTO,,
7179554,2016,2016-02-10,5002,2016-01-30,1150,11788,151,6,5,6,5002,0,0,0,,0,073,"HILLGLEN AV","FETERIA DR",0.00,,Y,A,B,N,,,,,,,,,,Y,4,0,1,2,A,-,08,22107,A,N,D,C,A,B,H,-,A,D,0,,,,,Y,,A,,0,0,1,0,0,0,0,0,0,"- ","- ",,,STANISLAUS,MODESTO,-120.93215991,37.685489949999997
7179562,2016,2016-02-10,5002,2016-01-29,1320,11744,003,5,5,6,5002,0,0,0,,0,063,"PELANDALE AV","NORTH POINTE SHOPPING CENTER",30.00,W,N,B,-,N,,,,,,,,,,N,4,0,1,2,A,-,03,22350,,N,C,C,A,A,H,-,A,A,0,,,,,Y,,A,,0,0,1,0,0,0,0,0,0,"- ","- ",,,STANISLAUS,MODESTO,,
7179565,2016,2016-02-26,5002,2016-01-03,0853,10153,M99,7,5,6,5002,0,0,0,,0,043,"CARPENTER RD","ELM AV",0.00,,Y,A,-,N,,,,,,,,,,Y,4,0,1,2,A,-,09,21804,A,N,A,G,A,A,B,-,A,A,0,,Y,,,Y,,L,,0,0,1,0,0,0,1,0,0,"- ","- ",,,STANISLAUS,MODESTO,-121.03023992999999,37.643250000000002