CASE_ID,ACCIDENT_YEAR,PROC_DATE,JURIS,COLLISION_DATE,COLLISION_TIME,OFFICER_ID,REPORTING_DISTRICT,DAY_OF_WEEK,CHP_SHIFT,POPULATION,CNTY_CITY_LOC,SPECIAL_COND,BEAT_TYPE,CHP_BEAT_TYPE,CITY_DIVISION_LAPD,CHP_BEAT_CLASS,BEAT_NUMBER,PRIMARY_RD,SECONDARY_RD,DISTANCE,DIRECTION,INTERSECTION,WEATHER_1,WEATHER_2,STATE_HWY_IND,CALTRANS_COUNTY,CALTRANS_DISTRICT,STATE_ROUTE,ROUTE_SUFFIX,POSTMILE_PREFIX,POSTMILE,LOCATION_TYPE,RAMP_INTERSECTION,SIDE_OF_HWY,TOW_AWAY,COLLISION_SEVERITY,NUMBER_KILLED,NUMBER_INJURED,PARTY_COUNT,PRIMARY_COLL_FACTOR,PCF_CODE_OF_VIOL,PCF_VIOL_CATEGORY,PCF_VIOLATION,PCF_VIOL_SUBSECTION,HIT_AND_RUN,TYPE_OF_COLLISION,MVIW,PED_ACTION,ROAD_SURFACE,ROAD_COND_1,ROAD_COND_2,LIGHTING,CONTROL_DEVICE,CHP_ROAD_TYPE,PEDESTRIAN_ACCIDENT,BICYCLE_ACCIDENT,MOTORCYCLE_ACCIDENT,TRUCK_ACCIDENT,NOT_PRIVATE_PROPERTY,ALCOHOL_INVOLVED,STWD_VEHTYPE_AT_FAULT,CHP_VEHTYPE_AT_FAULT,COUNT_SEVERE_INJ,COUNT_VISIBLE_INJ,COUNT_COMPLAINT_PAIN,COUNT_PED_KILLED,COUNT_PED_INJURED,COUNT_BICYCLIST_KILLED,COUNT_BICYCLIST_INJURED,COUNT_MC_KILLED,COUNT_MC_INJURED,PRIMARY_RAMP,SECONDARY_RAMP,LATITUDE,LONGITUDE,COUNTY,CITY,POINT_X,POINT_Y
7179593,2016,2016-02-10,5002,2016-01-25,1904,10152,M99,1,5,6,5002,0,0,0,,0,071,"OAKDALE RD","SCENIC DR",220.00,N,N,A,-,N,,,,,,,,,,Y,4,0,1,2,A,-,03,22350,,N,C,C,A,A,H,-,C,D,0,,,,,Y,,A,,0,0,1,0,0,0,0,0,0,"- ","- ",,,STANISLAUS,MODESTO,-120.95739636,37.653674070000001
7179642,2016,2016-03-04,5002,2016-01-30,2010,11855,M420,6,5,6,5002,0,0,0,,0,043,"5TH ST","K ST",0.00,,Y,A,-,N,,,,,,,,,,N,4,0,1,2,A,-,08,22107,,N,B,C,A,A,H,-,C,D,0,,,,,Y,,-,,0,0,1,0,0,0,0,0,0,"- ","- ",,,STANISLAUS,MODESTO,-121.00616995999999,37.637879900000001
7179725,2016,2016-02-17,5002,2016-01-26,1202,11300,,2,5,6,5002,0,0,0,,0,053,"TULLY RD","STANDIFORD AV",288.00,N,N,A,-,N,,,,,,,,,,Y,3,0,2,3,A,-,09,21801,A,N,D,C,A,A,H,-,A,D,0,,,,,Y,,A,,0,2,0,0,0,0,0,0,0,"- ","- ",,,STANISLAUS,MODESTO,-121.01252571000001,37.690120819999997
7182253,2016,2016-03-02,5002,2016-02-07,2240,11334,M440,7,5,6,5002,0,0,0,,0,045,"EL VISTA AV","HADDON AV",0.00,,Y,A,-,N,,,,,,,,,,Y,3,0,1,3,A,-,12,22450,A,M,D,C,A,A,H,-,C,D,0,,,,,Y,Y,A,,0,1,0,0,0,0,0,0,0,"- ","- ",,,STANISLAUS,MODESTO,-120.95719994,37.641699969999998
7185547,2016,2016-02-18,5002,2016-02-09,1346,11510,416,2,5,6,5002,0,0,0,,0,044,"I ST","8TH ST",0.00,,Y,A,-,N,,,,,,,,,,,4,0,1,2,A,-,09,21802,A,N,D,C,A,A,H,-,A,A,0,,,,,Y,,A,,0,0,1,0,0,0,0,0,0,"- ","- ",,,STANISLAUS,MODESTO,-121.00104997,37.638109919999998
7185563,2016,2016-02-18,5002,2016-02-06,1905,11271,M420,6,5,6,5002,0,0,0,,0,043,"I ST","3RD ST",0.00,,Y,A,-,N,,,,,,,,,,N,3,0,3,4,A,-,10,21950,A,N,G,B,B,A,H,-,C,A,0,Y,,,,Y,,A,,0,3,0,0,3,0,0,0,0,"- ","- ",,,STANISLAUS,MODESTO,-121.00580988,37.634499929999997
7185571,2016,2016-02-18,5002,2016-02-07,1634,11744,410,7,5,6,5002,0,0,0,,0,044,"G ST","9TH ST",0.00,,Y,A,-,N,,,,,,,,,,N,4,0,4,2,A,-,03,22350,,N,C,C,A,A,H,-,A,A,0,,,,,Y,,A,,0,0,4,0,0,0,0,0,0,"- ","- ",,,STANISLAUS,MODESTO,-120.99784990000001,37.636859909999998
7185579,2016,2016-02-18,5002,2016-02-08,1455,11773,M080,1,5,6,5002,0,0,0,,0,062,"CARVER RD","DELPHINE AV",0.00,,Y,A,-,N,,,,,,,,,,N,4,0,1,2,A,-,05,21650,1,M,B,G,A,A,H,-,A,D,0,,Y,,,Y,,A,,0,0,1,0,0,0,1,0,0,"- ","- ",,,STANISLAUS,MODESTO,-121.02234989999999,37.683939960000004
7185613,2016,2016-02-17,5002,2016-01-17,1926,11818,M999,7,5,6,5002,0,0,0,,0,042,"SUTTER AV","WESTERN WY",0.00,,Y,C,-,N,,,,,,,,,,Y,4,0,2,2,A,-,01,23152,A,N,D,C,A,B,H,-,C,A,0,,,,,Y,Y,A,,0,0,2,0,0,0,0,0,0,"- ","- ",,,STANISLAUS,MODESTO,-121.01179998000001,37.626019970000002
7187938,2016,2017-02-11,5002,2016-02-04,1540,11741,M097,4,5,6,5002,0,0,0,,0,053,"MCHENRY AV","STANDIFORD AV",0.00,,Y,B,-,Y,STA,10,108,-,-,26.060,I,5,W,N,3,0,1,2,A,-,10,21950,A,N,D,B,B,A,H,-,A,A,0,Y,,,,Y,,-,,0,1,0,0,1,0,0,0,0,"- ","- ",,,STANISLAUS,MODESTO,-120.99429999,37.688912999999999
7189371,2015,2016-06-01,5007,2015-09-28,1533,5761,TURLO,1,5,5,5007,0,0,0,,0,B23,"SOUTH ORANGE ST","HIGH ST",0.00,,Y,A,-,N,,,,,,,,,,Y,4,0,3,2,A,-,08,22107,,N,C,B,A,A,H,-,A,-,0,,,,,Y,,A,01,0,0,3,0,0,0,0,0,0,"- ","- ",,,STANISLAUS,TURLOCK,-120.85265989,37.4904899
7189932,2016,2016-02-22,5001,2016-02-11,1848,528,,4,5,4,5001,0,0,0,,0,,"MITCHELL RD","SERVICE RD",170.00,S,N,A,-,N,,,,,,,,,,Y,4,0,1,2,A,-,09,21801,A,N,D,C,A,A,H,-,C,D,0,,,,,Y,,-,,0,0,1,0,0,0,0,0,0,"- ","- ",,,STANISLAUS,CERES,-120.93872,37.579765000000002
7190440,2016,2016-09-30,5002,2016-07-30,2045,11023,M027,6,5,6,5002,0,0,0,,0,083,"TULLY RD","STANDIFORD AV",541.00,N,N,A,-,N,,,,,,,,,,N,1,1,0,2,D,-,00,,,N,G,B,D,A,H,-,B,D,0,Y,,,,Y,,-,"- ",0,0,0,1,0,0,0,0,0,"- ","- ",,,STANISLAUS,MODESTO,-121.01253951,37.690815530000002
7190604,2016,2018-09-27,5003,2016-06-25,1816,N201,RDNM,6,5,2,5003,0,0,0,,0,0NM,"BALSAM DR","SHERMAN PKWY",3.00,S,N,A,-,N,,,,,,,,,,Y,1,1,0,2,A,-,09,21801,A,N,D,G,A,A,H,-,A,D,0,,Y,,,Y,,A,01,0,0,0,0,0,1,0,0,0,"- ","- ",37.326740000000001,-121.01893,STANISLAUS,NEWMAN,-121.01894554,37.326753050000001
7190665,2016,2017-02-13,5007,2016-11-04,2032,5743,5007,5,5,5,5007,0,0,0,,0,005,"NORTH GOLDEN STATE BL","FULKERTH RD",19.00,S,N,A,-,N,,,,,,,,,,Y,1,1,1,2,A,-,11,21456,B,N,-,B,B,A,H,-,C,A,0,Y,,,,Y,,N,60,0,1,0,1,0,0,0,0,0,"- ","- ",,,STANISLAUS,TURLOCK,,
7192708,2016,2016-03-04,5002,2016-02-09,1000,11758,134,2,5,6,5002,0,0,0,,0,073,"COFFEE RD","CLARATINA AV",0.00,,Y,A,-,N,,,,,,,,,,Y,3,0,1,3,A,-,03,22350,,M,C,C,A,A,H,-,A,D,0,,,,,Y,,A,,0,1,0,0,0,0,0,0,0,"- ","- ",,,STANISLAUS,MODESTO,-120.97620999999999,37.699959999999997
7195364,2016,2016-03-09,5002,2016-02-15,1635,10085,M021,1,5,6,5002,0,0,0,,0,062,STANDIFORD,"RUMBLE AV",300.00,N,N,A,-,N,,,,,,,,,,Y,4,0,1,2,C,-,18,,,N,-,I,A,A,H,-,A,-,0,,,,,Y,,-,"- ",0,0,1,0,0,0,0,0,0,"- ","- ",,,STANISLAUS,MODESTO,,
7195379,2016,2016-02-29,5001,2016-02-16,2245,811,,2,5,4,5001,0,0,0,,0,003,"MITCHELL RD","FOWLER RD",58.00,S,N,A,-,N,,,,,,,,,,N,4,0,1,2,A,-,03,22350,,F,C,G,A,A,H,-,A,D,0,,Y,,,Y,Y,A,01,0,0,1,0,0,0,1,0,0,"- ","- ",,,STANISLAUS,CERES,-120.93871688,37.601850740000003
7195411,2016,2016-03-09,5002,2016-02-12,0711,11793,395,5,5,6,5002,0,0,0,,0,041,"I ST","17TH ST",0.00,,Y,A,-,N,,,,,,,,,,Y,3,0,1,2,A,-,12,21453,A,N,D,C,A,A,H,-,A,A,0,,,,,Y,,-,,0,1,0,0,0,0,0,0,0,"- ","- ",,,STANISLAUS,MODESTO,-120.99251987,37.644599890000002
7195419,2016,2016-03-09,5002,2016-02-09,0600,11770,857,2,5,6,5002,0,0,0,,0,051,"TULLY RD","LEONARD AV",20.00,S,N,B,-,N,,,,,,,,,,N,4,0,1,2,A,-,10,21950,A,N,G,B,B,A,H,-,B,D,0,Y,,,,Y,Y,-,,0,0,1,0,1,0,0,0,0,"- ","- ",,,STANISLAUS,MODESTO,-121.01202094999999,37.654615079999999
7195422,2016,2016-03-10,5007,2016-01-29,1350,5764,,5,5,5,5007,0,0,0,,0,002,"EAST OLIVE AV","BONITA AV",0.00,,Y,A,-,N,,,,,,,,,,Y,4,0,1,2,A,-,09,21802,A,N,D,C,A,A,H,-,A,D,0,,,,,Y,,A,01,0,0,1,0,0,0,0,0,0,"- ","- ",,,STANISLAUS,TURLOCK,-120.84070993,37.499879919999998
7195542,2016,2017-02-11,5002,2016-02-19,1457,11754,256,5,5,6,5002,0,0,0,,0,081,"RT 108","ROSEBURG AV",120.00,N,N,A,-,Y,STA,10,108,-,-,24.080,H,-,E,N,4,0,1,4,A,-,03,22350,,N,C,C,A,A,H,-,A,A,0,,,,,Y,,A,,0,0,1,0,0,0,0,0,0,"- ","- ",,,STANISLAUS,MODESTO,-120.99398008999999,37.660098959999999
7195612,2016,2016-02-29,5002,2016-01-28,1458,10654,286,4,5,6,5002,0,0,0,,0,071,"WYLIE DR","LAVENDER LN",15.00,W,N,B,-,N,,,,,,,,,,Y,2,0,1,1,A,-,01,23152,A,N,E,I,A,A,H,-,A,D,0,,,,,Y,,A,,1,0,0,0,0,0,0,0,0,"- ","- ",,,STANISLAUS,MODESTO,-120.96845415999999,37.657928460000001
7195788,2016,2016-03-09,5007,2016-02-14,2345,5517,,7,5,5,5007,0,0,0,,0,002,"SOUTH GOLDEN STATE BL","F ST",0.00,,Y,A,-,N,,,,,,,,,,N,4,0,1,2,A,-,03,22350,,M,C,C,A,A,H,-,C,A,0,,,,,Y,,A,01,0,0,1,0,0,0,0,0,0,"- ","- ",,,STANISLAUS,TURLOCK,-120.8395299,37.48896989
7195906,2016,2017-02-11,5008,2016-02-09,1930,S01120,5008,2,5,2,5008,0,0,0,,0,WPS,"YOSEMITE BL","G ST",0.00,,Y,A,-,Y,STA,10,132,-,-,27.890,H,-,E,Y,4,0,3,4,A,-,03,22350,,N,C,C,A,A,H,-,C,D,0,,,,,Y,,A,01,0,0,3,0,0,0,0,0,0,"- ","- ",,,STANISLAUS,WATERFORD,-120.76157797,37.638260279999997
7198754,2016,2016-03-09,5001,2016-02-26,1716,790,5001,5,5,4,5001,0,0,0,,0,003,"MONTEREY PINE","BEECH WY",24.00,N,N,A,-,N,,,,,,,,,,N,2,0,1,2,C,-,18,,,N,G,B,E,A,H,-,A,D,0,Y,,,,Y,,-,"- ",1,0,0,0,1,0,0,0,0,"- ","- ",,,STANISLAUS,CERES,-120.92900942,37.602795909999998
7200234,2017,2018-02-13,5006,2017-01-28,1831,S01836,RSS,6,5,3,5006,0,0,0,,0,MAIT,"RT 108","OAKDALE RD",455.00,W,N,A,-,Y,STA,10,108,-,-,30.960,H,-,E,Y,1,1,0,2,A,-,11,21954,A,N,G,B,D,A,H,-,C,D,0,Y,,,,Y,,N,60,0,0,0,1,0,0,0,0,0,"- ","- ",,,STANISLAUS,RIVERBANK,-120.96034089,37.7326482
7201273,2016,2016-03-14,5002,2016-02-25,1508,13018,812,4,5,6,5002,0,0,0,,0,033,"PARADISE RD","PINE TREE LN",200.00,W,N,A,-,N,,,,,,,,,,N,3,0,1,2,A,-,03,22350,,N,F,A,A,A,H,-,A,D,0,,,Y,,Y,,C,,0,1,0,0,0,0,0,0,1,"- ","- ",,,STANISLAUS,MODESTO,-121.02415744,37.619475680000001
7201295,2016,2016-03-11,5002,2016-03-03,1250,10360,M99,4,5,6,5002,0,0,0,,0,061,WOODLAND,RENO,0.00,,Y,A,-,N,,,,,,,,,,Y,4,0,1,2,A,-,09,21802,A,N,D,C,A,A,H,-,A,A,0,,,,,Y,,A,,0,0,1,0,0,0,0,0,0,"- ","- ",,,STANISLAUS,MODESTO,-121.02804999,37.653219970000002
7201299,2016,2016-03-14,5002,2016-03-04,0837,11790,M865,5,5,6,5002,0,0,0,,0,071,"ROSE AV","PRIMROSE LN",0.00,,Y,A,-,N,,,,,,,,,,Y,4,0,3,2,A,-,03,22350,,N,A,C,A,A,H,-,A,D,0,,,,,Y,,A,,0,0,3,0,0,0,0,0,0,"- ","- ",,,STANISLAUS,MODESTO,-120.96656989,37.659069889999998
7201352,2016,2016-03-17,5002,2016-03-04,1943,11679,090,5,5,6,5002,0,0,0,,0,062,"CARVER RD","BAY MEADOWS DR",0.00,,Y,C,-,N,,,,,,,,,,N,3,0,1,2,A,-,09,21802,A,N,D,G,A,-,G,-,C,A,0,,Y,,,Y,,L,,0,1,0,0,0,0,1,0,0,"- ","- ",,,STANISLAUS,MODESTO,-121.02216991,37.673269930000004
7203882,2016,2016-03-11,5001,2016-02-25,1754,611,,4,5,4,5001,0,0,0,,0,001,"GAIL CT","EVANS RD",0.00,,Y,A,-,N,,,,,,,,,,Y,4,0,1,1,A,-,03,22350,,N,-,I,A,A,H,-,A,A,0,,,,,Y,,-,,0,0,1,0,0,0,0,0,0,"- ","- ",,,STANISLAUS,CERES,-120.9611,37.602699909999998
7207073,2016,2016-03-23,5004,2016-03-06,1012,268,64,7,5,3,5004,0,0,0,,0,00S,"E G ST","S MAAG AV",0.00,,Y,A,-,N,,,,,,,,,,Y,3,0,1,1,A,-,12,21453,A,N,E,I,A,A,H,-,A,A,0,,,,,Y,,A,01,0,1,0,0,0,0,0,0,0,"- ","- ",37.770310000000002,-120.82940000000001,STANISLAUS,OAKDALE,-120.82942993,37.770039959999998
7207878,2016,2016-03-23,5001,2016-03-09,1220,811,5001,3,5,4,5001,0,0,0,,0,005,"MITCHELL RD","MITCHELL RD  3800",58.00,E,N,A,-,N,,,,,,,,,,Y,4,0,1,2,A,-,04,21703,,N,C,C,A,A,H,-,A,A,0,,,,,Y,,A,01,0,0,1,0,0,0,0,0,0,"- ","- ",,,STANISLAUS,CERES,,
7213619,2016,2016-03-22,5007,2016-03-03,1347,5724,,4,5,5,5007,0,0,0,,0,005,"20TH CENTURY BL","20TH CENTURY BL 500",0.00,,N,B,-,N,,,,,,,,,,N,4,0,1,2,A,-,03,22350,,N,G,B,E,A,H,-,A,D,0,Y,,,,Y,,A,07,0,0,1,0,1,0,0,0,0,"- ","- ",,,STANISLAUS,TURLOCK,-120.85505999999999,37.505991999999999
8001060,2016,2016-04-08,5002,2016-03-18,2337,11428,350,5,5,6,5002,0,0,0,,0,033,"EMERALD AV","KANSAS AV",324.00,S,N,A,-,N,,,,,,,,,,N,3,0,1,2,-,-,"- ",,,F,G,B,E,A,H,-,D,D,0,Y,,,,Y,,-,"- ",0,1,0,0,1,0,0,0,0,"- ","- ",,,STANISLAUS,MODESTO,-121.02113437,37.645103329999998
8001075,2016,2016-04-01,5002,2016-03-25,2200,11661,267,5,5,6,5002,0,0,0,,0,081,"SUNRISE AV","EDISON AV",0.00,,Y,A,-,N,,,,,,,,,,Y,3,0,1,2,A,-,08,22107,,N,F,C,A,A,H,-,C,D,0,,,,,Y,,A,,0,1,0,0,0,0,0,0,0,"- ","- ",,,STANISLAUS,MODESTO,-120.98474999,37.658169919999999
8001080,2016,2016-04-06,5002,2016-03-21,0723,11812,M99,1,5,6,5002,0,0,0,,0,041,"9TH ST","B ST",0.00,,Y,B,-,N,,,,,,,,,,Y,3,0,4,2,A,-,17,21454,A,N,D,C,A,A,H,-,A,A,0,,,,,Y,,A,,0,2,2,0,0,0,0,0,0,"- ","- ",,,STANISLAUS,MODESTO,-120.99201995,37.632119950000003
8001095,2016,2016-04-01,5002,2016-03-04,1411,11788,M99,5,5,6,5002,0,0,0,,0,061,ORANGEBURG,KEARNEY,0.00,,Y,C,-,N,,,,,,,,,,N,4,0,1,2,A,-,10,21950,A,N,G,B,B,B,H,-,A,A,0,Y,,,,Y,,A,,0,0,1,0,1,0,0,0,0,"- ","- ",,,STANISLAUS,MODESTO,-121.01671985999999,37.664069949999998
8001145,2016,2017-02-11,5002,2016-03-22,1203,11714,095,2,5,6,5002,0,0,0,,0,083,"MCHENRY AV","E UNION AV",0.00,,Y,A,-,Y,STA,10,108,-,-,26.350,I,5,E,Y,4,0,2,2,A,-,12,21453,A,N,D,C,A,A,H,-,A,A,0,,,,,Y,,-,,0,0,2,0,0,0,0,0,0,"- ","- ",,,STANISLAUS,MODESTO,-120.99446982000001,37.693184189999997
8001149,2016,2017-02-03,5002,2016-03-26,1347,11413,110,6,5,6,5002,0,0,0,,0,082,"MCHENRY AV","TOKAY AV",0.00,,Y,A,-,Y,STA,10,108,-,-,24.950,I,5,W,Y,3,0,3,2,A,-,12,21453,A,N,D,C,A,A,H,-,A,A,0,,,,,Y,,-,,0,1,2,0,0,0,0,0,0,"- ","- ",,,STANISLAUS,MODESTO,-120.99405729999999,37.67257051
8001158,2016,2016-03-30,5002,2016-03-18,1640,11728,M309,5,5,6,5002,0,0,0,,0,071,"EL VISTA AV","SCENIC DR",175.00,S,N,A,-,N,,,,,,,,,,Y,4,0,2,3,A,-,03,22350,,N,C,C,A,A,H,-,A,A,0,,,,,Y,,A,,0,0,2,0,0,0,0,0,0,"- ","- ",,,STANISLAUS,MODESTO,-120.95738093,37.652589470000002
8001166,2016,2016-03-30,5002,2016-03-17,0756,11789,151,4,5,6,5002,0,0,0,,0,073,"ROSELLE AV","SYLVAN AV",35.00,S,N,A,-,N,,,,,,,,,,N,3,0,1,2,A,-,05,21202,A,N,D,C,A,A,H,-,A,D,0,,Y,,,Y,,L,04,0,1,0,0,0,0,1,0,0,"- ","- ",,,STANISLAUS,MODESTO,,
8001169,2016,2016-04-01,5007,2016-03-02,0430,5764,,3,5,5,5007,0,0,0,,0,002,"LANDER AV","GLENWOOD AV",36.00,S,N,A,-,N,,,,,,,,,,N,4,0,1,2,A,-,04,21703,,N,C,G,A,A,H,-,C,A,0,,Y,,,Y,,A,01,0,0,1,0,0,0,1,0,0,"- ","- ",,,STANISLAUS,TURLOCK,-120.84901747000001,37.475461160000002
8001178,2016,2016-03-30,5002,2016-03-22,1946,11428,035,2,5,6,5002,0,0,0,,0,083,"TULLY RD","RUMBLE RD",0.00,,Y,A,-,N,,,,,,,,,,N,3,0,1,2,A,-,10,21950,,N,G,B,B,A,H,-,C,A,0,Y,,,,Y,,-,,0,1,0,0,1,0,0,0,0,"- ","- ",,,STANISLAUS,MODESTO,-121.01238986,37.68206996
8001186,2016,2016-04-01,5002,2016-03-21,1357,11714,002,1,5,6,5002,0,0,0,,0,063,"PELANDALE AV","BLUEBIRD DR",0.00,,Y,B,-,N,,,,,,,,,,Y,4,0,2,2,A,-,09,21801,A,N,D,C,A,A,H,-,A,A,0,,,,,Y,,-,,0,0,2,0,0,0,0,0,0,"- ","- ",,,STANISLAUS,MODESTO,-121.05869986,37.700179980000001
8003946,2016,2017-02-11,5003,2016-03-15,1700,N282,,2,5,2,5003,0,0,0,,0,00S,"RT 33","MERCED ST",0.00,,Y,A,-,Y,STA,10,33,-,-,0.680,I,5,N,N,2,0,1,2,A,-,09,21800,A,N,A,G,A,A,H,-,A,A,0,,Y,,,Y,,L,04,1,0,0,0,0,0,1,0,0,"- ","- ",37.31371,-121.02059,STANISLAUS,NEWMAN,-121.02053576,37.313532000000002
8013796,2016,2017-02-06,5002,2016-04-02,1100,11789,M405,6,5,6,5002,0,0,0,,0,041,"D ST","14TH ST",0.00,,Y,A,-,Y,STA,10,132,-,-,15.340,I,5,W,Y,4,0,2,2,A,-,12,21453,A,N,D,C,A,A,H,-,A,A,0,,,,,Y,,-,,0,0,2,0,0,0,0,0,0,"- ","- ",,,STANISLAUS,MODESTO,-120.98978898,37.637414370000002
8016723,2016,2016-04-12,5007,2016-03-24,1139,5724,,4,5,5,5007,0,0,0,,0,005,"GEER RD","20TH CENTURY BL",0.00,,Y,A,-,N,,,,,,,,,,,4,0,1,2,A,-,03,22350,,N,C,C,A,A,H,-,A,D,0,,,,,Y,,A,01,0,0,1,0,0,0,0,0,0,"- ","- ",,,STANISLAUS,TURLOCK,-120.84896989000001,37.50597999
8021681,2016,2016-04-15,5002,2016-04-06,1814,11717,M013,3,5,6,5002,0,0,0,,0,063,"CHEYENNE WY","PRESCOTT RD",0.00,,Y,A,-,N,,,,,,,,,,Y,4,0,2,2,A,-,09,21801,A,N,A,C,A,A,H,-,A,A,0,,,,,Y,,-,,0,0,2,0,0,0,0,0,0,"- ","- ",,,STANISLAUS,MODESTO,-121.03161,37.693439910000002
8022644,2016,2016-04-20,5007,2016-03-31,1642,6821,,4,5,5,5007,0,0,0,,0,004,"W MONTE VISTA",DEWAR,491.00,E,N,A,-,N,,,,,,,,,,Y,3,0,2,4,A,-,03,22350,,N,C,C,A,A,H,-,A,A,0,,,,,Y,,A,01,0,1,1,0,0,0,0,0,0,"- ","- ",,,STANISLAUS,TURLOCK,-120.87420725,37.521898129999997
8026244,2016,2016-04-25,5002,2016-04-09,2342,11209,M385,6,5,6,5002,0,0,0,,0,041,"K ST",14TH,10.00,E,N,C,-,N,,,,,,,,,,Y,3,0,4,2,A,-,12,21453,A,N,D,D,A,B,H,-,C,A,0,,,,,Y,,-,,0,2,2,0,0,0,0,0,0,"- ","- ",,,STANISLAUS,MODESTO,-120.99763483,37.644368810000003
8026256,2016,2016-04-25,5002,2016-04-12,1706,11742,M156,2,5,6,5002,0,0,0,,0,073,"SYLVAN AV","OAKDALE RD",20.00,E,N,A,-,N,,,,,,,,,,Y,4,0,1,2,A,-,09,21804,A,N,D,C,A,-,H,-,A,D,0,,,,,Y,,-,,0,0,1,0,0,0,0,0,0,"- ","- ",,,STANISLAUS,MODESTO,-120.95791088999999,37.688969290000003
8026260,2016,2016-04-25,5002,2016-04-12,1634,11778,M166,2,5,6,5002,0,0,0,,0,072,"CLAUS RD","E BRIGGSMORE",202.00,N,N,A,-,N,,,,,,,,,,Y,4,0,2,2,A,-,09,21804,A,N,D,C,A,A,H,-,A,D,0,,,,,Y,,-,,0,0,2,0,0,0,0,0,0,"- ","- ",,,STANISLAUS,MODESTO,-120.92130397,37.66745461
8026263,2016,2016-04-26,5002,2016-03-29,2246,11236,609,2,5,6,5002,0,0,0,,0,043,"MECHALYS WY","N MCCLURE RD",57.00,E,N,B,-,N,,,,,,,,,,Y,3,0,1,2,A,-,01,23152,A,M,B,I,A,A,H,-,D,D,0,,,,,Y,Y,-,,0,1,0,0,0,0,0,0,0,"- ","- ",,,STANISLAUS,MODESTO,-120.92987316,37.64483224
8026294,2016,2016-04-26,5002,2016-04-06,1523,11317,156,3,5,6,5002,0,0,0,,0,073,"SYLVAN AV","ELSAKR WY",0.00,,Y,A,-,N,,,,,,,,,,Y,3,0,1,2,A,-,09,21802,A,N,D,C,A,A,H,-,A,A,0,,,,,Y,,D,,0,1,0,0,0,0,0,0,0,"- ","- ",,,STANISLAUS,MODESTO,-120.95514,37.688960000000002
8026310,2016,2016-04-26,5002,2016-04-09,0726,11136,M410,6,5,6,5002,0,0,0,,0,041,"7TH ST","G ST",0.00,,Y,C,-,N,,,,,,,,,,Y,3,0,2,2,A,-,09,21801,A,N,A,C,A,B,H,-,A,A,0,,,,,Y,,D,,0,1,1,0,0,0,0,0,0,"- ","- ",,,STANISLAUS,MODESTO,-120.99970994,37.635449970000003
8026315,2016,2016-04-25,5002,2016-04-11,1058,11808,148,1,5,6,5002,0,0,0,,0,073,"FLOYD AV","ROSE AV",0.00,,Y,A,-,N,,,,,,,,,,Y,3,0,1,2,A,-,12,22450,,N,D,C,A,A,H,-,A,A,0,,,,,Y,,-,"- ",0,1,0,0,0,0,0,0,0,"- ","- ",,,STANISLAUS,MODESTO,-120.96683997,37.678059959999999
8026362,2016,2016-08-29,5002,2016-04-13,0812,11812,M99,3,5,6,5002,0,0,0,,0,041,"5TH ST","I ST",0.00,,Y,A,-,N,,,,,,,,,,Y,4,0,1,2,A,-,12,21453,A,N,D,-,A,A,H,-,A,A,0,,,,,Y,,A,,0,0,1,0,0,0,0,0,0,"- ","- ",,,STANISLAUS,MODESTO,-121.00387997999999,37.635969969999998
8026378,2016,2016-04-22,5002,2016-04-14,1432,11855,504,4,5,6,5002,0,0,0,,0,032,"SUTTER AV","FIGARO AV",50.00,N,N,A,-,N,,,,,,,,,,N,4,0,2,2,A,-,03,22350,,N,C,C,A,A,H,-,A,D,0,,,,,Y,,A,,0,0,2,0,0,0,0,0,0,"- ","- ",,,STANISLAUS,MODESTO,-121.01178726000001,37.618007300000002
8026382,2016,2016-04-22,5002,2016-04-13,2207,11233,M319,3,5,6,5002,0,0,0,,0,043,"EL VISTA AV","MILLER AV",9.00,N,N,A,-,N,,,,,,,,,,N,4,0,1,2,A,-,10,21950,A,N,G,B,B,A,H,-,C,A,0,Y,,,,Y,,A,,0,0,1,0,1,0,0,0,0,"- ","- ",,,STANISLAUS,MODESTO,-120.95720985,37.64009472
8026398,2016,2016-04-22,5002,2016-04-18,1130,11789,M99,1,5,6,5002,0,0,0,,0,041,"17TH ST","I ST",0.00,,Y,A,-,N,,,,,,,,,,Y,4,0,1,2,A,-,12,21453,A,N,D,C,A,A,H,-,A,A,0,,,,,Y,,A,,0,0,1,0,0,0,0,0,0,"- ","- ",,,STANISLAUS,MODESTO,-120.99251987,37.644599890000002
8028655,2016,2016-05-25,5007,2016-05-04,1245,5708,,3,5,5,5007,0,0,0,,0,003,"NORTH TULLY RD","ROTH CT",9.00,S,N,A,-,N,,,,,,,,,,Y,4,0,1,2,A,-,03,22350,,N,C,C,A,A,H,-,A,D,0,,,,,Y,,-,,0,0,1,0,0,0,0,0,0,"- ","- ",,,STANISLAUS,TURLOCK,-120.87176032000001,37.505775290000003
8028896,2016,2016-05-25,5007,2016-04-24,1356,5736,,7,5,5,5007,0,0,0,,0,004,"COUNTRYSIDE DR","FULKERTH RD",690.00,N,N,A,-,N,,,,,,,,,,Y,4,0,2,2,A,-,09,21804,A,N,D,C,A,A,H,-,A,D,0,,,,,Y,,A,07,0,0,2,0,0,0,0,0,0,"- ","- ",,,STANISLAUS,TURLOCK,-120.87632196,37.508749289999997
8031596,2016,2016-05-10,5007,2016-04-14,1822,5767,5007,4,5,5,5007,0,0,0,,0,002,"S ROSE ST","EAST F ST",70.00,N,N,A,-,N,,,,,,,,,,Y,4,0,1,2,A,-,07,21658,,N,E,E,A,A,H,-,A,D,0,,,,,Y,,D,22,0,0,1,0,0,0,0,0,0,"- ","- ",,,STANISLAUS,TURLOCK,-120.83704391000001,37.491011039999997
8031802,2016,2016-05-09,5007,2016-04-10,2239,5743,5007,7,5,5,5007,0,0,0,,0,003,"FULKERTH RD","TULLY RD",13.00,E,N,A,-,N,,,,,,,,,,Y,4,0,1,1,A,-,08,22107,,N,E,I,A,A,H,-,C,D,0,,,,,Y,,A,01,0,0,1,0,0,0,0,0,0,"- ","- ",,,STANISLAUS,TURLOCK,-120.87172519000001,37.507270159999997
8036433,2016,2017-02-04,5002,2016-04-22,1541,11628,110,5,5,6,5002,0,0,0,,0,082,"MCHENRY AV","SHEILA CT",114.00,S,N,C,-,Y,STA,10,108,-,-,25.230,H,-,E,N,4,0,1,2,A,-,03,22350,,N,C,C,A,B,H,-,A,A,0,,,,,Y,,D,,0,0,1,0,0,0,0,0,0,"- ","- ",,,STANISLAUS,MODESTO,-120.99421397,37.676693020000002