CASE_ID,ACCIDENT_YEAR,PROC_DATE,JURIS,COLLISION_DATE,COLLISION_TIME,OFFICER_ID,REPORTING_DISTRICT,DAY_OF_WEEK,CHP_SHIFT,POPULATION,CNTY_CITY_LOC,SPECIAL_COND,BEAT_TYPE,CHP_BEAT_TYPE,CITY_DIVISION_LAPD,CHP_BEAT_CLASS,BEAT_NUMBER,PRIMARY_RD,SECONDARY_RD,DISTANCE,DIRECTION,INTERSECTION,WEATHER_1,WEATHER_2,STATE_HWY_IND,CALTRANS_COUNTY,CALTRANS_DISTRICT,STATE_ROUTE,ROUTE_SUFFIX,POSTMILE_PREFIX,POSTMILE,LOCATION_TYPE,RAMP_INTERSECTION,SIDE_OF_HWY,TOW_AWAY,COLLISION_SEVERITY,NUMBER_KILLED,NUMBER_INJURED,PARTY_COUNT,PRIMARY_COLL_FACTOR,PCF_CODE_OF_VIOL,PCF_VIOL_CATEGORY,PCF_VIOLATION,PCF_VIOL_SUBSECTION,HIT_AND_RUN,TYPE_OF_COLLISION,MVIW,PED_ACTION,ROAD_SURFACE,ROAD_COND_1,ROAD_COND_2,LIGHTING,CONTROL_DEVICE,CHP_ROAD_TYPE,PEDESTRIAN_ACCIDENT,BICYCLE_ACCIDENT,MOTORCYCLE_ACCIDENT,TRUCK_ACCIDENT,NOT_PRIVATE_PROPERTY,ALCOHOL_INVOLVED,STWD_VEHTYPE_AT_FAULT,CHP_VEHTYPE_AT_FAULT,COUNT_SEVERE_INJ,COUNT_VISIBLE_INJ,COUNT_COMPLAINT_PAIN,COUNT_PED_KILLED,COUNT_PED_INJURED,COUNT_BICYCLIST_KILLED,COUNT_BICYCLIST_INJURED,COUNT_MC_KILLED,COUNT_MC_INJURED,PRIMARY_RAMP,SECONDARY_RAMP,LATITUDE,LONGITUDE,COUNTY,CITY,POINT_X,POINT_Y
82366191,2024,2024-04-18,5002,2024-01-18,1655,13424,M256,4,5,6,5002,0,0,0,,0,081,"SUNRISE AVE","ROSEBURG AVE",14.00,N,N,A,-,N,,,,,,,,,,N,4,0,1,4,A,-,09,21802,A,N,D,C,A,A,H,-,A,D,0,,,,,Y,,A,01,0,0,1,0,0,0,0,0,0,"- ","- ",37.659961700439453,-120.98490905761719,STANISLAUS,MODESTO,-120.98475646972656,37.660026550292969
82366195,2024,2024-04-17,5002,2024-02-15,2343,13451,M102,4,5,6,5002,0,0,0,,0,073,"SYLVAN AVE","COFFEE RD",0.00,,Y,A,-,N,,,,,,,,,,Y,3,0,1,2,A,-,01,23152,A,N,D,C,A,A,H,-,C,A,0,,,,,Y,Y,D,22,0,1,0,0,0,0,0,0,0,"- ","- ",37.688690185546875,-120.97622680664062,STANISLAUS,MODESTO,-120.97608947753906,37.68890380859375
82366199,2024,2024-04-17,5002,2024-02-22,2003,13522,M334,4,5,6,5002,0,0,0,,0,043,"YOSEMITE BLVD (SR-132)","LINCOLN AVE",77.00,W,N,A,-,Y,,,,,,,,,,Y,4,0,1,2,A,-,08,22107,,F,B,C,A,A,H,-,C,A,0,,,,,Y,,A,01,0,0,1,0,0,0,0,0,0,"- ","- ",37.637821197509766,-120.93952178955078,STANISLAUS,MODESTO,-120.93952178955078,37.638172149658203
82366202,2024,2024-04-18,5002,2024-02-25,2500,13464,M269,7,5,6,5002,0,0,0,,0,071,"COFFEE RD","ORANGEBURG AVE",221.00,N,N,A,-,N,,,,,,,,,,N,2,0,1,2,A,-,03,22350,,N,H,A,A,A,H,-,A,D,0,,,Y,,Y,,M,94,1,0,0,0,0,0,0,0,1,"- ","- ",37.663520812988281,-120.95757293701172,STANISLAUS,MODESTO,-120.97569274902344,37.664157867431641
82366204,2024,2024-04-17,5002,2024-03-15,"530 ",13055,M027,5,5,6,5002,0,0,0,,0,083,"TULLY RD","STANDIFORD AVE",0.00,,Y,A,-,N,,,,,,,,,,Y,4,0,1,2,A,-,12,21453,A,N,D,C,A,A,H,-,C,A,0,,,,,Y,,A,01,0,0,1,0,0,0,0,0,0,"- ","- ",37.689361572265625,-121.012451171875,STANISLAUS,MODESTO,-121.01251220703125,37.689327239990234
82366206,2024,2024-04-18,5002,2024-03-16,1556,13225,M240,6,5,6,5002,0,0,0,,0,081,"MORRIS AVE","PARK AVE",0.00,,Y,A,-,N,,,,,,,,,,N,3,0,1,2,A,-,12,22450,A,N,D,G,A,A,H,-,A,A,0,,Y,,,Y,,L,04,0,1,0,0,0,0,1,0,0,"- ","- ",37.651088714599609,-120.99826049804688,STANISLAUS,MODESTO,-120.99835968017578,37.651050567626953
82366217,2024,2024-04-17,5002,2024-03-26,1920,11331,,2,5,6,5002,0,0,0,,0,063,"SISK RD","TARGET CENTER",400.00,N,N,A,-,N,,,,,,,,,,N,3,0,1,2,A,-,09,21804,A,N,D,C,A,A,H,-,A,D,0,,,,,Y,,A,01,0,1,0,0,0,0,0,0,0,"- ","- ",,,STANISLAUS,MODESTO,-121.06635284423828,37.694698333740234
82366221,2024,2024-04-17,5002,2024-03-29,2235,11797,M261,5,5,6,5002,0,0,0,,0,081,"SCENIC DR","BODEM ST",1610.00,E,N,B,C,N,,,,,,,,,,Y,4,0,2,2,A,-,03,22350,,N,D,C,A,B,H,-,C,D,0,,,,,Y,,A,01,0,0,2,0,0,0,0,0,0,"- ","- ",37.646831512451172,-120.98535919189453,STANISLAUS,MODESTO,-120.97991180419922,37.647396087646484
82367409,2024,2024-04-19,5002,2024-03-23,1753,13513,RD04,6,5,6,5002,0,0,0,,0,061,"COLDWELL AVE","9TH ST",99.00,E,N,C,-,N,,,,,,,,,,Y,4,0,3,2,A,-,09,21801,A,N,D,C,A,B,H,-,A,D,0,,,,,Y,Y,A,01,0,0,3,0,0,0,0,0,0,"- ","- ",37.653209686279297,-121.01798248291016,STANISLAUS,MODESTO,-121.01776123046875,37.6531982421875
82367410,2024,2024-04-18,5002,2024-04-03,2109,13180,M009,3,5,6,5002,0,0,0,,0,063,"PRESCOTT RD","SNYDER AVE",0.00,,Y,A,-,N,,,,,,,,,,Y,4,0,1,2,A,-,12,21453,A,N,D,C,A,A,H,-,C,A,0,,,,,Y,,-,"- ",0,0,1,0,0,0,0,0,0,"- ","- ",37.696910858154297,-121.03163146972656,STANISLAUS,MODESTO,-121.03169250488281,37.696914672851562
82368558,2024,2024-04-22,5002,2024-04-15,1433,13042,,1,5,6,5002,0,0,0,,0,,"14TH ST","H ST",0.00,,Y,A,-,N,,,,,,,,,,N,4,0,1,2,A,-,17,21451,A,N,G,B,B,A,H,-,A,A,0,Y,,,,Y,,A,01,0,0,1,0,1,0,0,0,0,"- ","- ",37.64141845703125,-120.99416351318359,STANISLAUS,MODESTO,-120.99417114257812,37.641445159912109
82374759,2024,2024-04-25,5002,2024-04-19,"706 ",13574,,5,5,6,5002,0,0,0,,0,041,"9TH ST (SR132)","F ST",135.00,N,N,A,-,Y,,,,,,,,,,Y,4,0,1,2,A,-,09,21801,A,N,D,C,A,A,H,-,A,D,0,,,,,Y,,A,01,0,0,1,0,0,0,0,0,0,"- ","- ",37.635818481445312,-120.99723052978516,STANISLAUS,MODESTO,-120.99703216552734,37.636180877685547
82374760,2024,2024-04-25,5002,2024-04-19,1630,13300,,5,5,6,5002,0,0,0,,0,042,"ENCINA AVE","SANTA BARBARA AVE",0.00,,Y,A,-,N,,,,,,,,,,Y,4,0,2,2,A,-,12,22450,A,N,D,C,A,A,H,-,A,A,0,,,,,Y,,A,01,0,0,2,0,0,0,0,0,0,"- ","- ",37.645290374755859,-120.97554016113281,STANISLAUS,MODESTO,-120.97549438476562,37.645271301269531
82375743,2024,2024-04-26,5002,2024-04-22,"959 ",11754,,1,5,6,5002,0,0,0,,0,043,"YOSEMITE BLVD (SR-132)","CLAUS RD",0.00,,Y,A,-,Y,,,,,,,,,,Y,3,0,3,2,A,-,12,21453,A,N,D,C,A,A,H,-,A,A,0,,,,,Y,,A,07,0,2,1,0,0,0,0,0,0,"- ","- ",37.637870788574219,-120.92388916015625,STANISLAUS,MODESTO,-120.92331695556641,37.638259887695312
82381794,2024,2024-05-06,5002,2024-04-12,"718 ",13574,,5,5,6,5002,0,0,0,,0,063,"STANDIFORD AVE","CONANT AVE",0.00,,Y,A,-,N,,,,,,,,,,Y,4,0,1,2,A,-,12,21453,A,N,D,C,A,A,H,-,A,A,0,,,Y,,Y,,A,01,0,0,1,0,0,0,0,0,1,"- ","- ",37.685958862304688,-121.04080963134766,STANISLAUS,MODESTO,-121.0406494140625,37.685737609863281
82381796,2024,2024-05-06,5002,2024-04-12,1732,13462,,5,5,6,5002,0,0,0,,0,081,"COLLEGE AVE","COLDWELL AVE",3.00,N,N,A,B,N,,,,,,,,,,N,3,0,1,2,A,-,10,21950,A,N,G,B,B,A,H,-,A,A,0,Y,,,,Y,,A,01,0,1,0,0,1,0,0,0,0,"- ","- ",37.653049468994141,-121.00746917724609,STANISLAUS,MODESTO,-121.00746154785156,37.653087615966797
82381803,2024,2024-05-06,5002,2024-04-16,2021,13262,,2,5,6,5002,0,0,0,,0,041,"G ST","7TH ST",0.00,,Y,A,-,N,,,,,,,,,,N,4,0,1,2,A,-,05,21650,1,N,H,G,A,A,H,-,D,A,0,,Y,,,Y,,L,04,0,0,1,0,0,0,1,0,0,"- ","- ",37.635459899902344,-120.99965667724609,STANISLAUS,MODESTO,-120.99971008300781,37.635452270507812
82381818,2024,2024-05-06,5002,2024-04-29,1507,11661,,1,5,6,5002,0,0,0,,0,043,"YOSEMITE BLVD (SR-132)","TRASK LN",110.00,E,N,A,-,Y,STA,,132," "," ",17.386,H,,R,Y,3,0,2,2,A,-,09,21801,A,N,D,C,A,A,H,-,A,A,0,,,,,Y,,A,07,0,1,1,0,0,0,0,0,0,"- ","- ",37.638130187988281,-120.95278167724609,STANISLAUS,MODESTO,-120.95278167724609,37.638111114501953
82381820,2024,2024-05-06,5002,2024-04-29,1734,13300,,1,5,6,5002,0,0,0,,0,041,"9TH ST","B ST",27.00,N,N,A,-,N,,,,,,,,,,N,4,0,1,2,A,-,03,22350,,N,C,C,A,A,H,-,A,A,0,,,,,Y,,D,22,0,0,1,0,0,0,0,0,0,"- ","- ",37.631988525390625,-120.99266815185547,STANISLAUS,MODESTO,-120.99208831787109,37.632171630859375
82381824,2024,2024-06-19,5002,2024-04-30,1836,13300,,2,5,6,5002,0,0,0,,0,041,"H ST","10TH ST",0.00,,Y,A,-,N,,,,,,,,,,N,4,0,1,2,A,-,12,21453,A,N,D,C,A,A,H,-,A,A,0,,,,,Y,,-,"- ",0,0,1,0,0,0,0,0,0,"- ","- ",37.638458251953125,-120.99852752685547,STANISLAUS,MODESTO,-120.99800109863281,37.638557434082031
82385575,2024,2024-05-09,5002,2024-04-11,1600,13488,,4,5,6,5002,0,0,0,,0,071,"OAKDALE RD","WYLIE DR",0.00,,Y,A,-,N,,,,,,,,,,N,3,0,1,2,A,-,10,21950,A,F,G,B,B,A,H,-,A,A,0,Y,,,,Y,,A,01,0,1,0,0,1,0,0,0,0,"- ","- ",37.6580810546875,-120.95745849609375,STANISLAUS,MODESTO,-120.95751953125,37.658123016357422
82385582,2024,2024-05-09,5002,2024-05-02,1023,13396,,4,5,6,5002,0,0,0,,0,041,"SR-132 (L ST)","L ST",0.00,,Y,A,-,Y,STA,,132," "," ",14.744,H,,R,Y,4,0,1,2,A,-,12,21453,A,N,D,C,A,A,H,-,A,A,0,,,,,Y,,A,01,0,0,1,0,0,0,0,0,0,"- ","- ",37.639511108398438,-121.00691986083984,STANISLAUS,MODESTO,-121.00670623779297,37.639335632324219
82393227,2024,2024-05-27,5002,2024-03-27,2233,13132,,3,5,6,5002,0,0,0,,0,041,"SR-132 (YOSEMITE BLVD)","GROVELAND ST",6.00,W,N,B,-,Y,,,,,,,,,,Y,2,0,1,3,A,-,11,21950,B,N,G,B,D,B,H,-,E,D,0,Y,,,,Y,Y,N,60,1,0,0,0,1,0,0,0,0,"- ","- ",,,STANISLAUS,MODESTO,-120.98715209960938,37.6373291015625
82397654,2024,2024-05-24,5001,2024-05-20,1647,755,,1,5,4,5001,0,0,0,,0,003,"EASTGATE BLVD","NORTHERN OAK DR",82.00,S,N,A,-,N,,,,,,,,,,Y,4,0,1,1,A,-,03,22350,,M,E,I,A,A,H,-,A,D,0,,,,,Y,,A,01,0,0,1,0,0,0,0,0,0,"- ","- ",,,STANISLAUS,CERES,-120.92680358886719,37.597824096679688
82397879,2024,2024-05-24,5002,2024-04-19,1101,10152,,5,5,6,5002,0,0,0,,0,072,"BRIGGSMORE AVE","ROSELLE AVE",0.00,,Y,A,-,N,,,,,,,,,,Y,4,0,2,2,A,-,09,21800,A,N,D,C,A,A,D,-,A,A,0,,,,,Y,,A,08,0,0,2,0,0,0,0,0,0,"- ","- ",37.666839599609375,-120.93940734863281,STANISLAUS,MODESTO,-120.93942260742188,37.666908264160156
82397903,2024,2024-05-27,5002,2024-05-07,1831,13300,,2,5,6,5002,0,0,0,,0,043,"YOSEMITE BLVD (SR-132)","CREEKWOOD DR",21.00,W,N,A,-,Y,,,,,,,,,,Y,3,0,1,1,A,-,08,22107,,M,E,I,A,A,H,-,A,A,0,,,,,Y,,A,01,0,1,0,0,0,0,0,0,0,"- ","- ",37.637889862060547,-120.92710876464844,STANISLAUS,MODESTO,-120.92664337158203,37.638248443603516
82397919,2024,2024-05-24,5002,2024-05-13,1150,13561,,1,5,6,5002,0,0,0,,0,041,"6TH ST","H ST",0.00,,Y,A,-,N,,,,,,,,,,Y,4,0,2,2,A,-,12,21453,A,N,D,C,A,A,H,-,A,A,0,,,,,Y,,D,22,0,0,2,0,0,0,0,0,0,"- ","- ",37.635631561279297,-121.00232696533203,STANISLAUS,MODESTO,-121.00183868408203,37.635658264160156
82398836,2024,2024-06-06,5008,2024-03-15,1108,S03550,,5,5,2,5008,0,0,0,,0,WPD,"REINWAY AVE","YOSEMITE BLVD",150.00,N,N,A,-,N,,,,,,,,,,Y,4,0,1,4,A,-,05,21650,,N,B,E,A,A,C,D,A,A,0,,,,,Y,,A,01,0,0,1,0,0,0,0,0,0,"- ","- ",,,STANISLAUS,WATERFORD,-120.77388000488281,37.638633728027344
82399068,2024,2024-05-27,5001,2024-05-17,1600,748,,5,5,4,5001,0,0,0,,0,005,"MITCHELL RD","SERVICE RD",68.00,N,N,A,-,N,,,,,,,,,,N,4,0,1,2,A,-,03,22350,,F,C,C,A,A,H,-,A,A,0,,,,,Y,,A,07,0,0,1,0,0,0,0,0,0,"- ","- ",,,STANISLAUS,CERES,-120.93872833251953,37.580436706542969
82399600,2024,2024-05-28,5002,2024-04-21,1732,13490,,7,5,6,5002,0,0,0,,0,083,"WOODROW AVE","MC HENRY AVE",300.00,W,N,A,-,N,,,,,,,,,,N,3,0,1,2,A,-,05,21650,,N,D,C,A,A,H,-,A,D,0,,,Y,,Y,,C,03,0,1,0,0,0,0,0,0,1,"- ","- ",37.685428619384766,-120.99434661865234,STANISLAUS,MODESTO,-120.99528503417969,37.685470581054688
82400865,2024,2024-05-30,5002,2024-04-13,1106,13488,,6,5,6,5002,0,0,0,,0,033,"PANAMA DR","FLORENCE AVE",0.00,,Y,C,-,N,,,,,,,,,,N,2,0,1,2,A,-,09,21802,A,N,D,G,A,B,H,-,A,A,0,,Y,,,Y,,L,04,1,0,0,0,0,0,1,0,0,"- ","- ",37.629661560058594,-121.02323913574219,STANISLAUS,MODESTO,-121.02323913574219,37.629703521728516
82400876,2024,2024-06-24,5002,2024-05-19,1744,13039,,7,5,6,5002,0,0,0,,0,082,"LEVELAND LN","STAFFORD LN",0.00,,Y,A,-,N,,,,,,,,,,N,3,0,1,2,A,-,01,23152,A,N,A,C,A,A,H,-,A,A,0,,,Y,,Y,Y,A,07,0,1,0,0,0,0,0,0,1,"- ","- ",37.679191589355469,-121.00186920166016,STANISLAUS,MODESTO,-121.00186920166016,37.679210662841797
82403700,2024,2024-06-03,5002,2024-04-29,1354,13060,,1,5,6,5002,0,0,0,,0,061,"BRIGGSMORE AVE","CARVER RD",408.00,W,N,A,-,N,,,,,,,,,,Y,3,0,2,2,A,-,04,21703,,N,C,C,A,A,H,-,A,A,0,,,,,Y,,A,01,0,1,1,0,0,0,0,0,0,"- ","- ",37.670978546142578,-121.02211761474609,STANISLAUS,MODESTO,-121.02353668212891,37.671195983886719
82403991,2024,2024-06-03,5006,2024-05-09,2105,129,,4,5,3,5006,0,0,0,,0,RPD,"OAKDALE RD","MORRILL RD",0.00,,Y,A,-,N,,,,,,,,,,N,3,0,1,3,A,-,03,22350,,F,C,C,A,A,H,-,C,A,0,,,,,Y,,-,99,0,1,0,0,0,0,0,0,0,"- ","- ",37.723789215087891,-120.95719146728516,STANISLAUS,RIVERBANK,-120.95855712890625,37.725418090820312
82405015,2024,2024-06-04,5002,2024-01-09,2036,13384,,2,5,6,5002,0,0,0,,0,061,"TULLY RD","MADRONE DR",10.00,E,N,A,-,N,,,,,,,,,,N,4,0,1,2,A,-,09,21802,A,N,H,G,A,A,H,-,C,D,0,,Y,,,Y,,A,07,0,0,1,0,0,0,1,0,0,"- ","- ",37.669181823730469,-121.01230621337891,STANISLAUS,MODESTO,-121.01222991943359,37.669139862060547
82405031,2024,2024-06-05,5002,2024-05-01,"812 ",13506,,3,5,6,5002,0,0,0,,0,083,"SYLVAN AVE","NORTHAMPTON LN",118.00,W,N,A,-,N,,,,,,,,,,Y,4,0,2,2,A,-,03,22350,,N,C,C,A,A,H,-,A,D,0,,,,,Y,,A,07,0,0,2,0,0,0,0,0,0,"- ","- ",37.689060211181641,-120.98722076416016,STANISLAUS,MODESTO,-120.98762512207031,37.68902587890625
82405051,2024,2024-06-04,5002,2024-05-09,1715,13307,,4,5,6,5002,0,0,0,,0,073,"COFFEE RD","GRAND PRIX DR",95.00,N,N,A,-,N,,,,,,,,,,N,4,0,1,2,A,-,07,21658,A,F,B,C,A,A,H,-,A,D,0,,,,,Y,,-,99,0,0,1,0,0,0,0,0,0,"- ","- ",37.694271087646484,-120.97611236572266,STANISLAUS,MODESTO,-120.97616577148438,37.694549560546875
82405053,2024,2024-06-04,5002,2024-05-11,1559,13299,,6,5,6,5002,0,0,0,,0,071,"E ORANGEBURG","SANTA PAULA",128.00,W,N,A,-,N,,,,,,,,,,Y,3,0,1,2,A,-,08,22107,,N,C,E,A,A,H,-,A,D,0,,,,,Y,,A,01,0,1,0,0,0,0,0,0,0,"- ","- ",,,STANISLAUS,MODESTO,-120.95953369140625,37.663570404052734
82405056,2024,2024-06-05,5002,2024-05-16,1013,11661,,4,5,6,5002,0,0,0,,0,081,"COLDWELL AVE","COLLEGE AVE",0.00,,Y,A,-,N,,,,,,,,,,N,3,0,1,2,A,-,10,21950,A,N,G,B,B,A,H,-,A,A,0,Y,,,,Y,,D,22,0,1,0,0,1,0,0,0,0,"- ","- ",37.653018951416016,-121.00791168212891,STANISLAUS,MODESTO,-121.00746154785156,37.653083801269531
82405059,2024,2024-06-04,5002,2024-05-16,1517,11661,,4,5,6,5002,0,0,0,,0,033,"EMERALD AVE","ELM AVE",0.00,,Y,A,-,N,,,,,,,,,,Y,4,0,1,2,A,-,09,21802,A,N,D,C,A,A,H,-,A,A,0,,,,,Y,,A,07,0,0,1,0,0,0,0,0,0,"- ","- ",37.643211364746094,-121.02107238769531,STANISLAUS,MODESTO,-121.02110290527344,37.643211364746094
82405065,2024,2024-06-04,5002,2024-05-20,1519,11531,,1,5,6,5002,0,0,0,,0,032,"SUTTER AVE","ROUSE AVE",0.00,,Y,A,-,N,,,,,,,,,,Y,4,0,2,2,A,-,09,21802,A,N,D,C,A,A,H,-,A,A,0,,,,,Y,,A,07,0,0,2,0,0,0,0,0,0,"- ","- ",37.620578765869141,-121.01180267333984,STANISLAUS,MODESTO,-121.01175689697266,37.620567321777344
82405067,2024,2024-06-04,5002,2024-05-23,1150,13111,,4,5,6,5002,0,0,0,,0,,"TULLY RD","WOODROW AVE",16.00,N,N,A,-,N,,,,,,,,,,N,4,0,1,2,A,-,09,21804,A,N,D,C,A,A,H,-,A,D,0,,,,,Y,,A,01,0,0,1,0,0,0,0,0,0,"- ","- ",37.685741424560547,-121.01242065429688,STANISLAUS,MODESTO,-121.01244354248047,37.685802459716797
82405076,2024,2024-06-04,5002,2024-05-03,1422,13000,,5,5,6,5002,0,0,0,,0,041,"SR108 (K ST)","12TH ST",178.00,W,N,A,-,Y,STA,,108," ",R,22.625,H,,R,Y,4,0,2,3,A,-,08,22100,B,N,B,C,A,A,H,-,A,D,0,,,,,Y,,A,01,0,0,2,0,0,0,0,0,0,"- ","- ",37.642818450927734,-121.00006103515625,STANISLAUS,MODESTO,-120.99990844726562,37.642692565917969
82406321,2024,2024-06-06,5002,2024-04-27,2139,13206,,6,5,6,5002,0,0,0,,0,041,"H ST","12TH ST",10.00,E,N,A,-,N,,,,,,,,,,N,4,0,1,3,A,-,04,21703,,N,C,C,A,A,H,-,C,A,0,,,,,Y,,A,07,0,0,1,0,0,0,0,0,0,"- ","- ",37.639991760253906,-120.99607086181641,STANISLAUS,MODESTO,-120.99605560302734,37.640029907226562
82406333,2024,2024-06-05,5002,2024-05-21,1732,13519,,2,5,6,5002,0,0,0,,0,041,"6TH ST","H ST",15.00,W,N,A,-,N,,,,,,,,,,Y,3,0,1,2,A,-,12,21453,A,N,D,C,A,A,H,-,A,A,0,,,,,Y,,-,"- ",0,1,0,0,0,0,0,0,0,"- ","- ",37.635711669921875,-121.00179290771484,STANISLAUS,MODESTO,-121.00187683105469,37.635688781738281
82406337,2024,2024-06-05,5002,2024-05-28,1220,13570,,2,5,6,5002,0,0,0,,0,062,"RUMBLE RD","HAHN DR",0.00,,Y,A,-,N,,,,,,,,,,N,3,0,1,2,A,-,09,21802,A,N,D,C,A,A,H,-,A,A,0,,,,,Y,,A,01,0,1,0,0,0,0,0,0,0,"- ","- ",37.682281494140625,-121.04527282714844,STANISLAUS,MODESTO,-121.04518127441406,37.682216644287109
82407308,2024,2024-06-06,5001,2024-06-03,1408,755,,1,5,4,5001,0,0,0,,0,004,"CROWS LANDING RD","WHITMORE AVE",85.00,S,N,A,-,N,,,,,,,,,,N,4,0,1,2,A,-,03,22350,,N,C,C,A,A,H,-,A,A,0,,,,,Y,,A,01,0,0,1,0,0,0,0,0,0,"- ","- ",,,STANISLAUS,CERES,-120.99360656738281,37.594657897949219
82407441,2024,2024-06-06,5002,2024-06-02,1012,13191,,7,5,6,5002,0,0,0,,0,082,"MC HENRY AVE","SHEILA CT",80.00,S,N,A,-,Y,STA,,108," "," ",25.225,H,,R,Y,3,0,1,1,A,-,08,22107,,N,E,I,A,B,H,-,A,D,0,,,,,Y,,A,01,0,1,0,0,0,0,0,0,0,"- ","- ",37.676860809326172,-120.99414825439453,STANISLAUS,MODESTO,-120.99405670166016,37.676860809326172
82408529,2024,2024-06-07,5002,2024-05-10,"244 ",13322,,5,5,6,5002,0,0,0,,0,082,"W BRIGGSMORE AVE","SUNRISE AVE",300.00,E,N,A,-,N,,,,,,,,,,Y,3,0,1,2,A,-,01,23152,A,N,C,C,A,A,H,-,C,D,0,,,,,Y,Y,A,01,0,1,0,0,0,0,0,0,0,"- ","- ",,,STANISLAUS,MODESTO,-120.98390197753906,37.668346405029297
82408537,2024,2024-06-07,5002,2024-06-05,1444,13570,,3,5,6,5002,0,0,0,,0,063,"STANDIFORD AVE","DALE RD",0.00,,Y,A,-,N,,,,,,,,,,N,4,0,1,2,A,-,17,21461,A,N,D,C,A,A,H,-,A,A,0,,,,,Y,,A,01,0,0,1,0,0,0,0,0,0,"- ","- ",37.685279846191406,-121.04988098144531,STANISLAUS,MODESTO,-121.04981231689453,37.685314178466797
82409847,2024,2024-06-10,5001,2024-05-09,1426,936,,4,5,4,5001,0,0,0,,0,001,"HATCH RD","HERNDON AVE",187.00,W,N,A,-,N,,,,,,,,,,N,4,0,1,2,A,-,08,22107,,N,B,C,A,A,H,-,A,D,0,,,,,Y,,-,31,0,0,1,0,0,0,0,0,0,"- ","- ",,,STANISLAUS,CERES,-120.97486877441406,37.609291076660156
82411135,2024,2024-06-11,5002,2024-05-01,1759,13424,,3,5,6,5002,0,0,0,,0,072,"FLOYD AVE","ROSELLE AVE",12.00,S,N,A,-,N,,,,,,,,,,N,3,0,1,2,A,-,08,22100,B,N,B,C,A,A,H,-,A,A,0,,,Y,,Y,,C,03,0,1,0,0,0,0,0,0,0,"- ","- ",37.677730560302734,-120.93979644775391,STANISLAUS,MODESTO,-120.93977355957031,37.678256988525391
82411138,2024,2024-06-11,5002,2024-05-03,"837 ",13191,,5,5,6,5002,0,0,0,,0,072,"BRIGGSMORE AVE","CLAUS RD",337.00,E,N,A,-,N,,,,,,,,,,N,3,0,2,2,A,-,09,21804,A,N,D,C,A,A,H,-,A,D,0,,,,,Y,,A,01,0,1,1,0,0,0,0,0,0,"- ","- ",37.666881561279297,-120.92128753662109,STANISLAUS,MODESTO,-120.92012786865234,37.666927337646484
82411145,2024,2024-06-11,5002,2024-05-06,"858 ",11413,,1,5,6,5002,0,0,0,,0,083,"STANDIFORD AVE","TULLY RD",0.00,,Y,A,-,N,,,,,,,,,,Y,4,0,1,2,A,-,04,21703,,N,C,C,A,A,H,-,A,A,0,,,,,Y,,A,01,0,0,1,0,0,0,0,0,0,"- ","- ",37.689361572265625,-121.012451171875,STANISLAUS,MODESTO,-121.01251220703125,37.689327239990234
82411148,2024,2024-06-12,5002,2024-05-12,"921 ",13362,,7,5,6,5002,0,0,0,,0,073,"SYLVAN AVE","MC REYNOLDS AVE",197.00,W,N,A,-,N,,,,,,,,,,Y,3,0,2,1,A,-,01,23152,A,N,E,I,A,A,H,-,A,D,0,,,,,Y,Y,A,01,0,1,1,0,0,0,0,0,0,"- ","- ",37.688850402832031,-120.94438934326172,STANISLAUS,MODESTO,-120.945068359375,37.688949584960938
82411157,2024,2024-06-11,5002,2024-05-22,1814,13384,,3,5,6,5002,0,0,0,,0,072,"ROSE AVE","BRIGGSMORE AVE",21.00,N,N,A,-,N,,,,,,,,,,Y,4,0,2,2,A,-,12,21453,A,N,D,C,A,A,H,-,A,A,0,,,,,Y,,A,01,0,0,2,0,0,0,0,0,0,"- ","- ",37.667030334472656,-120.96662139892578,STANISLAUS,MODESTO,-120.96665954589844,37.666976928710938
82411170,2024,2024-06-11,5002,2024-05-30,1631,13409,,4,5,6,5002,0,0,0,,0,041,"B ST","7TH ST",226.00,E,N,A,-,N,,,,,,,,,,N,4,0,1,2,A,-,05,21650,1,N,D,G,A,A,H,-,A,D,0,,Y,,,Y,,L,04,0,0,1,0,0,0,1,0,0,"- ","- ",37.630180358886719,-120.99461364746094,STANISLAUS,MODESTO,-120.99407196044922,37.630607604980469
82412293,2024,2024-06-12,5002,2024-05-29,1957,13035,,3,5,6,5002,0,0,0,,0,072,"BRIGGSMORE AVE","COFFEE RD",43.00,W,N,A,-,N,,,,,,,,,,N,3,0,1,2,A,-,12,21453,A,N,D,G,A,A,H,-,A,A,0,,Y,,,Y,,D,22,0,1,0,0,0,0,1,0,0,"- ","- ",37.667110443115234,-120.95755767822266,STANISLAUS,MODESTO,-120.97586059570312,37.667152404785156
82412294,2024,2024-06-12,5002,2024-06-05,"917 ",10152,,3,5,6,5002,0,0,0,,0,071,"OAKDALE RD","SCENIC DR",38.00,N,N,A,-,N,,,,,,,,,,N,3,0,1,2,A,-,12,21453,A,N,H,C,A,A,H,-,A,A,0,,,Y,,Y,,C,03,0,1,0,0,0,0,0,0,1,"- ","- ",37.653068542480469,-120.95741271972656,STANISLAUS,MODESTO,-120.95738983154297,37.653175354003906