CASE_ID,ACCIDENT_YEAR,PROC_DATE,JURIS,COLLISION_DATE,COLLISION_TIME,OFFICER_ID,REPORTING_DISTRICT,DAY_OF_WEEK,CHP_SHIFT,POPULATION,CNTY_CITY_LOC,SPECIAL_COND,BEAT_TYPE,CHP_BEAT_TYPE,CITY_DIVISION_LAPD,CHP_BEAT_CLASS,BEAT_NUMBER,PRIMARY_RD,SECONDARY_RD,DISTANCE,DIRECTION,INTERSECTION,WEATHER_1,WEATHER_2,STATE_HWY_IND,CALTRANS_COUNTY,CALTRANS_DISTRICT,STATE_ROUTE,ROUTE_SUFFIX,POSTMILE_PREFIX,POSTMILE,LOCATION_TYPE,RAMP_INTERSECTION,SIDE_OF_HWY,TOW_AWAY,COLLISION_SEVERITY,NUMBER_KILLED,NUMBER_INJURED,PARTY_COUNT,PRIMARY_COLL_FACTOR,PCF_CODE_OF_VIOL,PCF_VIOL_CATEGORY,PCF_VIOLATION,PCF_VIOL_SUBSECTION,HIT_AND_RUN,TYPE_OF_COLLISION,MVIW,PED_ACTION,ROAD_SURFACE,ROAD_COND_1,ROAD_COND_2,LIGHTING,CONTROL_DEVICE,CHP_ROAD_TYPE,PEDESTRIAN_ACCIDENT,BICYCLE_ACCIDENT,MOTORCYCLE_ACCIDENT,TRUCK_ACCIDENT,NOT_PRIVATE_PROPERTY,ALCOHOL_INVOLVED,STWD_VEHTYPE_AT_FAULT,CHP_VEHTYPE_AT_FAULT,COUNT_SEVERE_INJ,COUNT_VISIBLE_INJ,COUNT_COMPLAINT_PAIN,COUNT_PED_KILLED,COUNT_PED_INJURED,COUNT_BICYCLIST_KILLED,COUNT_BICYCLIST_INJURED,COUNT_MC_KILLED,COUNT_MC_INJURED,PRIMARY_RAMP,SECONDARY_RAMP,LATITUDE,LONGITUDE,COUNTY,CITY,POINT_X,POINT_Y
8402251,2017,2017-08-15,5002,2017-07-06,2101,715,C013,4,5,6,5002,0,0,0,,0,004,"W WHITMORE AV","CROWS LANDING RD",514.00,W,N,A,-,N,,,,,,,,,,Y,2,0,1,2,A,-,07,21658,A,N,B,C,A,A,H,-,C,D,0,,,,,Y,,A,01,1,0,0,0,0,0,0,0,0,"- ","- ",37.594830000000002,-120.99366000000001,STANISLAUS,MODESTO,-120.99537309999999,37.594935280000001
8402415,2017,2017-07-17,5007,2017-06-10,1611,5764,,6,5,5,5007,0,0,0,,0,004,"CHERISE CT","TEA ROSE ST",100.00,N,N,A,-,N,,,,,,,,,,N,4,0,1,2,A,-,08,22107,,N,E,I,A,A,H,-,A,D,0,,,,,Y,,A,01,0,0,1,0,0,0,0,0,0,"- ","- ",,,STANISLAUS,TURLOCK,-120.873937,37.532057000000002
8402423,2017,2017-07-17,5007,2017-06-07,1421,5602,,3,5,5,5007,0,0,0,,0,003,"GRANT AV","FLORENCE ST",0.00,,Y,A,-,N,,,,,,,,,,Y,4,0,2,2,A,-,09,21802,A,N,D,C,A,A,H,-,A,A,0,,,,,Y,,A,01,0,0,2,0,0,0,0,0,0,"- ","- ",,,STANISLAUS,TURLOCK,-120.85545986,37.494619970000002
8402494,2017,2017-07-31,5001,2017-07-02,1701,833,C005,7,5,4,5001,0,0,0,,0,005,"ROEDING RD","9TH ST",11.00,W,N,A,-,N,,,,,,,,,,N,3,0,1,2,A,-,08,22107,,N,D,C,A,A,H,-,A,D,0,,,,,Y,,A,01,0,1,0,0,0,0,0,0,0,"- ","- ",37.587479999999999,-120.94779,STANISLAUS,CERES,-120.94789796000001,37.587479469999998
8403548,2017,2017-07-12,5002,2017-06-26,0201,13100,72158,1,5,6,5002,0,0,0,,0,072,"FLOYD AV","LINCOLN OAK DR",400.00,W,N,A,-,N,,,,,,,,,,N,4,0,1,2,A,-,08,22107,,N,C,E,A,A,H,-,C,D,0,,,,,Y,,D,,0,0,1,0,0,0,0,0,0,"- ","- ",,,STANISLAUS,MODESTO,-120.94935208,37.678200009999998
8403568,2017,2017-07-12,5002,2017-06-27,1110,11531,396,2,5,6,5002,0,0,0,,0,041,"H ST","16TH ST",0.00,,Y,A,-,N,,,,,,,,,,Y,4,0,2,2,A,-,08,22100,B,N,D,C,A,A,H,-,A,D,0,,,,,Y,,A,,0,0,2,0,0,0,0,0,0,"- ","- ",,,STANISLAUS,MODESTO,-120.99225989,37.642889930000003
8403596,2017,2017-07-12,5002,2017-06-03,1442,11795,63,6,5,6,5002,0,0,0,,0,M005,"STANDIFORD AV","DALE RD",500.00,E,N,A,-,N,,,,,,,,,,Y,3,0,3,2,A,-,09,21804,A,N,F,C,A,A,H,-,A,A,0,,,,,Y,,A,,0,1,2,0,0,0,0,0,0,"- ","- ",,,STANISLAUS,MODESTO,-121.04808808,37.685412470000003
8404570,2017,2018-04-26,5002,2017-07-17,1759,704,A204,1,5,6,5002,0,0,0,,0,001,"EAST HATCH RD","STONUM RD",0.00,,Y,A,-,N,,,,,,,,,,Y,1,1,0,2,A,-,09,21801,A,N,D,C,A,A,H,-,A,A,0,,,Y,,Y,,A,08,0,0,0,0,0,0,0,1,0,"- ","- ",37.609229999999997,-120.96160999999999,STANISLAUS,MODESTO,-120.96158998999999,37.609209880000002
8405150,2017,2017-07-21,5002,2017-06-16,1110,11795,MO94,5,5,6,5002,0,0,0,,0,062,BRIGGSMORE,TULLY,33.00,E,N,A,-,N,,,,,,,,,,Y,4,0,1,2,A,-,03,22350,,N,C,C,A,A,H,-,A,A,0,,,,,Y,,A,,0,0,1,0,0,0,0,0,0,"- ","- ",,,STANISLAUS,MODESTO,-121.012136,37.670471429999999
8405302,2017,2018-04-20,5002,2017-06-22,0824,10384,458,4,5,6,5002,0,0,0,,0,042,"RT 132","EL VISTA AV",316.00,W,N,A,-,Y,STA,10,132,-,-,17.070,H,-,W,Y,3,0,1,1,A,-,01,23152,A,N,E,I,A,A,H,-,A,A,0,,,,,Y,Y,-,,0,1,0,0,0,0,0,0,0,"- ","- ",,,STANISLAUS,MODESTO,-120.95852351000001,37.638180859999999
8407050,2017,2018-05-16,5002,2017-07-13,1721,11478,458,4,5,6,5002,0,0,0,,0,042,"YOSEMITE BL",PHOENIX,12.00,E,N,A,-,Y,STA,10,132,-,-,16.870,H,-,E,Y,3,0,1,2,A,-,03,22350,,N,B,C,A,A,H,-,A,D,0,,,Y,,Y,,C,,0,1,0,0,0,0,0,0,1,"- ","- ",,,STANISLAUS,MODESTO,-120.96213462999999,37.638190350000002
8407054,2017,2018-06-11,5002,2017-07-13,1943,11765,110,4,5,6,5002,0,0,0,,0,082,"RT 108","FLOYD AV",0.00,,Y,A,-,Y,STA,10,108,-,-,25.320,I,5,E,N,3,0,1,2,A,-,01,23152,A,N,D,C,A,A,H,-,A,A,0,,,,,Y,Y,A,,0,1,0,0,0,0,0,0,0,"- ","- ",,,STANISLAUS,MODESTO,-120.99423614,37.678018799999997
8410535,2017,2017-07-28,5007,2017-07-06,2225,5727,,4,5,5,5007,0,0,0,,0,,"GEER RD","PEDRAS RD",0.00,,Y,A,-,N,,,,,,,,,,Y,4,0,2,2,A,-,12,21453,A,N,-,C,A,A,H,-,C,A,0,,,,,Y,,D,22,0,0,2,0,0,0,0,0,0,"- ","- ",,,STANISLAUS,TURLOCK,-120.8489799,37.510889949999999
8410565,2017,2017-07-28,5007,2017-07-11,0045,5696,,2,5,5,5007,0,0,0,,0,,"NORTH AV","LOYOLA WY",143.00,W,N,A,-,N,,,,,,,,,,Y,3,0,1,2,A,-,08,22107,,N,C,E,A,A,H,-,D,D,0,,,,,Y,,A,01,0,1,0,0,0,0,0,0,0,"- ","- ",,,STANISLAUS,TURLOCK,-120.84675294,37.510033839999998
8411186,2017,2017-07-31,5002,2017-03-30,1440,10791,,4,5,6,5002,0,0,0,,0,031,"CROWS LANDING",SCHOOL,80.00,N,N,A,-,N,,,,,,,,,,N,4,0,1,2,A,-,03,22350,,N,C,C,A,A,H,-,A,D,0,,,,,Y,,A,,0,0,1,0,0,0,0,0,0,"- ","- ",,,STANISLAUS,MODESTO,-120.99368,37.612389700000001
8411307,2017,2017-07-27,5002,2017-07-06,1520,11758,188,4,5,6,5002,0,0,0,,0,061,"WEST ORANGEBURG AV","CARVER RD",0.00,,Y,A,-,N,,,,,,,,,,Y,4,0,1,1,A,-,08,22107,,N,E,I,A,A,H,-,A,A,0,,,,,Y,,A,,0,0,1,0,0,0,0,0,0,"- ","- ",,,STANISLAUS,MODESTO,-121.02201991,37.664179920000002
8411316,2017,2017-07-26,5002,2017-07-10,0604,11248,609,1,5,6,5002,0,0,0,,0,043,"CLAUS RD","CREEKWOOD DR",40.00,S,N,A,-,N,,,,,,,,,,Y,4,0,1,2,A,-,12,21453,A,N,D,C,A,A,H,-,A,A,0,,,,,Y,,A,,0,0,1,0,0,0,0,0,0,"- ","- ",,,STANISLAUS,MODESTO,-120.92117456,37.649846029999999
8411323,2017,2017-07-27,5002,2017-07-14,1956,11628,414,5,5,6,5002,0,0,0,,0,041,"S ST","13TH ST",80.00,W,N,A,-,N,,,,,,,,,,Y,4,0,2,2,A,-,03,22350,,N,C,C,A,A,H,-,A,D,0,,,,,Y,,A,,0,0,2,0,0,0,0,0,0,"- ","- ",,,STANISLAUS,MODESTO,,
8411343,2017,2017-07-27,5002,2017-07-16,1146,11854,515,7,5,6,5002,0,0,0,,0,031,"WEST HATCH RD","DALLAS ST",160.00,W,N,A,-,N,,,,,,,,,,N,4,0,3,3,A,-,03,22350,,N,C,C,A,A,H,-,A,A,0,,,,,Y,,A,,0,0,3,0,0,0,0,0,0,"- ","- ",,,STANISLAUS,MODESTO,-121.00203258000001,37.609077730000003
8411352,2017,2017-07-26,5002,2017-07-14,1649,11530,STANI,5,5,6,5002,0,0,0,,0,073,CLARATINA,"COFFEE RD",0.00,W,N,A,-,N,,,,,,,,,,Y,4,0,1,3,A,-,03,22350,,N,C,C,A,A,H,-,A,D,0,,,,,Y,,D,,0,0,1,0,0,0,0,0,0,"- ","- ",,,STANISLAUS,MODESTO,-120.97622800000001,37.699919000000001
8411359,2017,2017-08-18,5002,2017-07-18,1734,11404,,2,5,6,5002,0,0,0,,0,033,CARPENTER,CALIFORNIA,0.00,,Y,A,-,N,,,,,,,,,,Y,2,0,3,3,A,-,09,21802,A,N,A,C,A,A,H,-,A,D,0,,,,,Y,,A,,2,0,1,0,0,0,0,0,0,"- ","- ",,,STANISLAUS,MODESTO,-121.03054992,37.631399960000003
8411429,2017,2017-08-29,5001,2017-07-07,1507,747,A206,5,5,4,5001,0,0,0,,0,002,"HERNDON RD","HATCH RD",235.00,N,N,A,-,N,,,,,,,,,,Y,4,0,2,3,A,-,09,21801,A,N,D,C,A,A,H,-,A,D,0,,,,,Y,,A,01,0,0,2,0,0,0,0,0,0,"- ","- ",37.609360000000002,-120.97423000000001,STANISLAUS,CERES,-120.97422,37.609299999999998
8411755,2017,2017-07-28,5007,2017-06-25,0341,5743,5007,7,5,5,5007,0,0,0,,0,001,"PEDRAS RD","GEER RD",17.00,W,N,A,-,N,,,,,,,,,,Y,3,0,1,1,A,-,08,22107,,M,E,I,A,A,H,-,C,A,0,,,,,Y,Y,-,,0,1,0,0,0,0,0,0,0,"- ","- ",,,STANISLAUS,TURLOCK,-120.8490386,37.510890680000003
8412914,2017,2017-09-06,5001,2017-08-26,1358,340,B102,6,5,4,5001,0,0,0,,0,003,"MITCHELL RD","ROSEWOOD AV",0.00,,Y,A,-,N,,,,,,,,,,Y,3,0,2,2,A,-,08,22107,,N,D,C,A,A,H,-,A,A,0,,,,,Y,,A,07,0,1,1,0,0,0,0,0,0,"- ","- ",37.60604,-120.93871,STANISLAUS,CERES,-120.93873997999999,37.605989960000002
8414361,2017,2017-09-20,5007,2017-09-06,1358,5505,TURLO,3,5,5,5007,0,0,0,,0,005,"COLORADO AV","ESCONDIDO AV",33.00,N,N,A,-,N,,,,,,,,,,N,4,0,1,2,A,-,11,21950,B,N,G,B,D,A,-,-,A,D,0,Y,,,,Y,,N,60,0,0,1,0,1,0,0,0,0,"- ","- ",,,STANISLAUS,TURLOCK,-120.83531858000001,37.50490061
8421045,2017,2017-08-08,5007,2017-07-12,1223,5770,,3,5,5,5007,0,0,0,,0,003,"FULKERTH RD",FRANSIL,420.00,W,N,A,-,N,,,,,,,,,,N,4,0,1,1,A,-,08,22107,,N,E,I,A,A,H,-,A,D,0,,,,,Y,,E,22,0,0,1,0,0,0,0,0,0,"- ","- ",,,STANISLAUS,TURLOCK,-120.89141782,37.507246770000002
8421053,2017,2017-08-08,5007,2017-07-08,0207,5760,,6,5,5,5007,0,0,0,,0,001,"GEER RD","CHRISTOFFERSEN PKWY",0.00,,Y,A,-,N,,,,,,,,,,Y,4,0,2,2,A,-,03,22350,,N,C,C,A,A,H,-,C,A,0,,,,,Y,Y,A,01,0,0,2,0,0,0,0,0,0,"- ","- ",,,STANISLAUS,TURLOCK,-120.84908,37.529389979999998
8421220,2017,2017-08-02,5007,2017-07-08,2205,5755,,6,5,5,5007,0,0,0,,0,005,"GEER RD","EAST CANAL DR",0.00,,Y,A,-,N,,,,,,,,,,Y,3,0,1,1,A,-,08,22107,,N,E,I,A,A,H,-,C,A,0,,,,,Y,,A,01,0,1,0,0,0,0,0,0,0,"- ","- ",,,STANISLAUS,TURLOCK,-120.84880991,37.50034995
8421228,2017,2017-08-02,5007,2017-07-18,1406,6627,D204,2,5,5,5007,0,0,0,,0,002,"WEST F ST","5TH ST",0.00,,Y,A,-,N,,,,,,,,,,Y,3,0,1,2,A,-,09,21802,A,N,D,C,A,A,H,-,A,A,0,,,,,Y,,A,01,0,1,0,0,0,0,0,0,0,"- ","- ",,,STANISLAUS,TURLOCK,-120.84419986,37.485599929999999
8423325,2017,2017-08-16,5007,2017-07-21,1606,5757,,5,5,5,5007,0,0,0,,0,002,"LANDER AV","W GLENWOOD AV",174.00,S,N,A,-,N,,,,,,,,,,Y,4,0,2,2,A,-,06,21755,A,N,D,C,A,A,H,-,A,D,0,,,,,Y,,A,01,0,0,2,0,0,0,0,0,0,"- ","- ",,,STANISLAUS,TURLOCK,-120.84901142,37.475082260000001
8428027,2017,2017-08-15,5007,2017-07-22,0005,5739,,6,5,5,5007,0,0,0,,0,002,"WEST MAIN ST","NORTH 1ST ST",50.00,W,N,A,-,N,,,,,,,,,,N,3,0,1,2,A,-,21,22106,,N,G,B,E,A,H,-,C,D,0,Y,,,,Y,Y,A,01,0,1,0,0,1,0,0,0,0,"- ","- ",,,STANISLAUS,TURLOCK,-120.84690777,37.493957860000002
8428256,2017,2017-08-17,5007,2017-07-22,0016,5719,,6,5,5,5007,0,0,0,,0,005,"NORTH GOLDEN STATE BL","FULKERTH RD",0.00,,Y,A,-,N,,,,,,,,,,N,4,0,1,2,A,-,17,21451,A,N,A,C,A,A,H,-,C,A,0,,,,,Y,,D,22,0,0,1,0,0,0,0,0,0,"- ","- ",,,STANISLAUS,TURLOCK,-120.861135,37.507334
8429340,2017,2017-08-22,5001,2017-08-03,1245,818,D003,4,5,4,5001,0,0,0,,0,005,"MITCHELL RD","COLLEEN WY",0.00,,Y,A,-,N,,,,,,,,,,N,4,0,2,2,A,-,09,21801,A,N,A,C,A,A,H,-,A,D,0,,,,,Y,,A,01,0,0,2,0,0,0,0,0,0,"- ","- ",37.591670000000001,-120.9395,STANISLAUS,CERES,-120.93878989,37.591549980000003
8431955,2017,2017-08-23,5002,2017-07-22,1245,10152,198,6,5,6,5002,0,0,0,,0,061,"LEONARD AV","KEARNEY AV",6.00,E,N,A,-,N,,,,,,,,,,N,4,0,1,2,C,-,18,,,N,H,B,B,A,H,-,A,A,0,Y,,,,Y,,-,"- ",0,0,1,0,1,0,0,0,0,"- ","- ",,,STANISLAUS,MODESTO,-121.01660927,37.654699919999999
8431980,2017,2017-08-18,5002,2017-07-28,2146,11098,,5,5,6,5002,0,0,0,,0,061,"CARPENTER RD","BLUE GUM AV",30.00,N,N,A,-,N,,,,,,,,,,Y,4,0,1,2,A,-,01,23152,,N,C,C,A,A,H,-,C,A,0,,,,,Y,Y,A,,0,0,1,0,0,0,0,0,0,"- ","- ",,,STANISLAUS,MODESTO,-121.03113,37.660612389999997
8431983,2017,2017-08-23,5002,2017-07-30,1149,13079,,7,5,6,5002,0,0,0,,0,061,"WEST ORANGEBURG AV","DEL VALE AV",0.00,,Y,A,-,N,,,,,,,,,,Y,4,0,2,2,A,-,09,21802,A,N,D,C,A,A,H,-,A,D,0,,,,,Y,,A,,0,0,2,0,0,0,0,0,0,"- ","- ",,,STANISLAUS,MODESTO,-121.01932992,37.664119909999997
8431984,2017,2017-08-18,5002,2017-07-29,1218,11795,187,6,5,6,5002,0,0,0,,0,061,"CARVER RD","WEST GRANGER AV",0.00,,Y,A,-,N,,,,,,,,,,Y,3,0,2,2,A,-,12,21453,A,N,D,C,A,A,H,-,A,A,0,,,,,Y,,A,,0,1,1,0,0,0,0,0,0,"- ","- ",,,STANISLAUS,MODESTO,,
8432009,2017,2017-08-21,5002,2017-08-05,1858,13006,,6,5,6,5002,0,0,0,,0,041,"I ST","6TH ST",0.00,,Y,A,-,N,,,,,,,,,,N,4,0,1,2,A,-,12,21453,A,N,D,C,A,A,H,-,A,A,0,,,,,Y,,A,,0,0,1,0,0,0,0,0,0,"- ","- ",,,STANISLAUS,MODESTO,-121.00297987,37.636649980000001
8432010,2017,2017-08-29,5002,2017-08-06,1225,11773,M094,7,5,6,5002,0,0,0,,0,062,"BRIGGSMORE AV","CARVER RD",0.00,,Y,A,-,N,,,,,,,,,,Y,4,0,2,2,A,-,12,21453,A,N,B,C,A,A,H,-,A,A,0,,,,,Y,,A,,0,0,2,0,0,0,0,0,0,"- ","- ",,,STANISLAUS,MODESTO,-121.0221399,37.671489950000002
8432013,2017,2017-08-21,5002,2017-08-05,2142,13053,5002,6,5,6,5002,0,0,0,,0,072,"EAST BRIGGSMORE AV","CLAUS RD",2700.00,W,N,A,-,N,,,,,,,,,,Y,4,0,2,2,A,-,03,22350,,N,C,C,A,A,H,-,D,D,0,,,,,Y,,A,,0,0,2,0,0,0,0,0,0,"- ","- ",,,STANISLAUS,MODESTO,-120.93060595999999,37.666800000000002
8432022,2017,2017-08-21,5002,2017-08-07,0800,11317,,1,5,6,5002,0,0,0,,0,073,"OAKDALE RD","BRIDGEWOOD LN",48.00,N,N,A,-,N,,,,,,,,,,Y,4,0,1,4,A,-,03,22350,,N,C,C,A,A,H,-,A,D,0,,,,,Y,,A,,0,0,1,0,0,0,0,0,0,"- ","- ",,,STANISLAUS,MODESTO,-120.95804154,37.692101809999997
8432049,2017,2017-08-21,5002,2017-08-01,1500,10384,409,2,5,6,5002,0,0,0,,0,041,"9TH ST","D ST",20.00,S,N,A,-,N,,,,,,,,,,N,4,0,1,2,A,-,03,22350,,F,C,C,A,A,H,-,A,A,0,,,,,Y,,D,,0,0,1,0,0,0,0,0,0,"- ","- ",,,STANISLAUS,MODESTO,-120.99433196,37.633980540000003
8433359,2017,2017-08-29,5007,2017-07-29,1918,5774,5007,6,5,5,5007,0,0,0,,0,001,"NORTH OLIVE AV","HEDSTROM RD",10.00,N,N,A,-,N,,,,,,,,,,N,3,0,1,2,A,-,10,21950,A,N,G,B,B,A,H,-,A,D,0,Y,,,,Y,,D,22,0,1,0,0,1,0,0,0,0,"- ","- ",,,STANISLAUS,TURLOCK,-120.8398897,37.520047460000001
8433742,2017,2017-08-25,5007,2017-07-31,1830,5757,,1,5,5,5007,0,0,0,,0,002,"F ST","5TH ST",0.00,,Y,A,-,N,,,,,,,,,,Y,4,0,1,2,A,-,12,22450,A,N,D,C,A,A,H,-,A,D,0,,,,,Y,,A,01,0,0,1,0,0,0,0,0,0,"- ","- ",,,STANISLAUS,TURLOCK,-120.84419986,37.485599929999999
8433750,2017,2017-08-25,5007,2017-07-26,0916,5724,,3,5,5,5007,0,0,0,,0,002,"LANDER AV","W GLENWOOD AV",0.00,,Y,A,-,N,,,,,,,,,,N,4,0,2,2,A,-,03,22350,,N,C,D,A,A,H,-,A,A,0,,,,,Y,,-,,0,0,2,0,0,0,0,0,0,"- ","- ",,,STANISLAUS,TURLOCK,-120.84901986,37.47555998
8434069,2017,2018-06-11,5002,2017-07-19,0951,11698,M385,3,5,6,5002,0,0,0,,0,041,"12TH ST","RT 108",0.00,,Y,A,-,Y,STA,10,108,-,R,22.649,I,5,W,Y,3,0,3,2,A,-,12,21453,A,N,D,C,A,A,H,-,A,A,0,,,,,Y,,A,,0,3,0,0,0,0,0,0,0,"- ","- ",,,STANISLAUS,MODESTO,-121.00070956,37.643870380000003
8434082,2017,2018-05-16,5002,2017-07-30,1946,11612,458,7,5,6,5002,0,0,0,,0,042,"RT 132","EL VISTA",107.00,E,N,A,-,Y,STA,10,132,-,-,17.160,H,-,E,Y,4,0,2,2,A,-,03,22350,,N,C,C,A,A,H,-,A,A,0,,,,Y,Y,,F,,0,0,2,0,0,0,0,0,0,"- ","- ",,,STANISLAUS,MODESTO,-120.9569005,37.638181430000003
8434333,2017,2018-06-11,5004,2017-07-11,1535,120,RD21,2,5,3,5004,0,0,0,,0,00W,"RT 108","CRANE RD",0.00,,Y,A,-,Y,STA,10,108,-,-,36.151,I,5,E,Y,4,0,2,2,A,-,09,21453,C,N,D,C,A,A,H,-,A,A,0,,,,,Y,,A,01,0,0,2,0,0,0,0,0,0,"- ","- ",37.754649999999998,-120.88160000000001,STANISLAUS,OAKDALE,-120.88167829,37.75469974
8434777,2017,2017-08-22,5002,2017-08-05,1548,831,A308,6,5,6,5002,0,0,0,,0,001,"EAST HATCH RD","HERNDON RD",860.00,E,N,A,-,N,,,,,,,,,,N,4,0,1,2,A,-,09,21801,A,N,D,C,A,A,H,-,A,A,0,,,,,Y,,A,01,0,0,1,0,0,0,0,0,0,"- ","- ",37.60962,-120.97157,STANISLAUS,MODESTO,-120.97125615,37.609250000000003
84353246,2024,2024-08-14,5001,2024-08-08,"427 ",755,,4,5,4,5001,0,0,0,,0,001,"HATCH RD","HERNDON AVE",323.00,E,N,A,-,N,,,,,,,,,,Y,2,0,1,1,A,-,03,22350,,N,E,I,A,A,H,-,C,D,0,,,,,Y,,A,01,1,0,0,0,0,0,0,0,0,"- ","- ",,,STANISLAUS,CERES,-120.97311401367188,37.609348297119141
84356575,2024,2024-08-16,5002,2024-05-20,1544,10152,,1,5,6,5002,0,0,0,,0,073,"COFFEE RD","SYLVAN MEADOWS DR",0.00,,Y,A,-,N,,,,,,,,,,Y,2,0,4,3,A,-,12,21453,A,N,D,C,A,A,H,-,A,A,0,,,,,Y,,A,07,2,1,1,0,0,0,0,0,0,"- ","- ",37.691318511962891,-120.97608184814453,STANISLAUS,MODESTO,-120.97611999511719,37.691314697265625
84356599,2024,2024-08-16,5002,2024-08-05,1644,13355,,1,5,6,5002,0,0,0,,0,061,"ROSEMORE AVE","MOUNT HAMILTON DR",0.00,,Y,A,-,N,,,,,,,,,,N,4,0,2,2,A,-,09,21802,A,N,D,C,A,A,H,-,A,A,0,,,,,Y,,A,01,0,0,2,0,0,0,0,0,0,"- ","- ",37.64691162109375,-121.04006958007812,STANISLAUS,MODESTO,-121.04008483886719,37.646919250488281
84356600,2024,2024-08-16,5002,2024-08-06,"951 ",11053,,2,5,6,5002,0,0,0,,0,032,"CARPENTER RD","ROBERTSON RD",525.00,S,N,A,-,N,,,,,,,,,,Y,3,0,4,2,A,-,03,22350,,N,C,C,A,A,H,-,A,A,0,,,,,Y,,A,01,0,1,3,0,0,0,0,0,0,"- ","- ",37.613208770751953,-121.03053283691406,STANISLAUS,MODESTO,-121.03047180175781,37.611789703369141
8435768,2017,2017-08-29,5002,2017-08-17,1748,13025,155,4,5,6,5002,0,0,0,,0,072,"CELESTE DR","CELESTE CT",12.00,N,N,A,-,N,,,,,,,,,,Y,3,0,2,2,A,-,09,21801,A,N,D,C,A,A,H,-,A,D,0,,,,,Y,,A,,0,1,1,0,0,0,0,0,0,"- ","- ",,,STANISLAUS,MODESTO,-120.96165999999999,37.672260000000001
8435771,2017,2017-08-30,5002,2017-08-12,1738,10507,021,6,5,6,5002,0,0,0,,0,062,"STANDIFORD AV","HAHN DR",195.00,E,N,A,-,N,,,,,,,,,,Y,3,0,2,3,A,-,03,22350,,N,C,C,A,A,H,-,A,A,0,,,,,Y,,E,,0,1,1,0,0,0,0,0,0,"- ","- ",,,STANISLAUS,MODESTO,-121.04455828,37.685622539999997
8435779,2017,2017-08-30,5002,2017-08-13,1600,13012,134,7,5,6,5002,0,0,0,,0,013,"SYLVAN AV","OAKDALE RD",0.00,,Y,A,-,N,,,,,,,,,,Y,3,0,2,2,A,-,12,21453,A,N,D,C,A,A,H,-,A,A,0,,,,,Y,,D,,0,1,1,0,0,0,0,0,0,"- ","- ",,,STANISLAUS,MODESTO,-120.95797988,37.688969950000001
8435783,2017,2017-08-30,5002,2017-08-13,1948,13053,290,7,5,6,5002,0,0,0,,0,071,"SCENIC DR","BRIGHTON AV",0.00,,Y,A,-,N,,,,,,,,,,Y,3,0,3,2,A,-,09,21801,A,N,D,C,A,A,H,-,A,D,0,,,,,Y,,A,,0,2,1,0,0,0,0,0,0,"- ","- ",,,STANISLAUS,MODESTO,-120.97095991,37.650369959999999
8435784,2017,2017-08-29,5002,2017-08-19,0955,10437,528,6,5,6,5002,0,0,0,,0,031,"CROWS LANDING RD","BUTTE AV",0.00,,Y,A,-,N,,,,,,,,,,Y,3,0,1,2,A,-,12,21453,A,F,D,C,A,A,H,-,A,A,0,,,,,Y,,D,,0,1,0,0,0,0,0,0,0,"- ","- ",,,STANISLAUS,MODESTO,-120.99355994,37.605739960000001
8435802,2017,2017-08-29,5002,2017-08-04,0630,13085,,5,5,6,5002,0,0,0,,0,081,"9TH ST","NEEDHAM AV",60.00,E,N,B,-,N,,,,,,,,,,Y,3,0,1,1,A,-,08,22107,,N,A,I,A,A,H,-,A,D,0,,,,,Y,,A,,0,1,0,0,0,0,0,0,0,"- ","- ",,,STANISLAUS,MODESTO,-121.00857456999999,37.645852290000001
8435811,2017,2017-08-29,5002,2017-08-10,1640,11854,961,4,5,6,5002,0,0,0,,0,032,"TUOLUMNE BL","ROSELAWN AV",0.00,,Y,A,-,N,,,,,,,,,,Y,2,0,1,3,A,-,09,21801,A,F,D,C,A,A,H,-,A,A,0,,,,,Y,Y,A,,1,0,0,0,0,0,0,0,0,"- ","- ",,,STANISLAUS,MODESTO,-121.00492986,37.627829910000003
8435819,2017,2017-08-29,5002,2017-08-15,0759,13104,305,2,5,6,5002,0,0,0,,0,071,OAKDALE,ORANGEBURG,0.00,,Y,A,-,N,,,,,,,,,,Y,3,0,1,2,A,-,09,21801,B,N,D,C,A,A,H,-,A,A,0,,,Y,,Y,,C,,0,1,0,0,0,0,0,0,1,"- ","- ",,,STANISLAUS,MODESTO,-120.95757999,37.663569940000002
8435831,2017,2017-08-29,5002,2017-08-16,2039,11856,708,3,5,6,5002,0,0,0,,0,041,"6TH ST","H ST",0.00,,Y,A,-,N,,,,,,,,,,Y,3,0,2,2,A,-,12,21453,A,N,D,C,A,A,H,-,C,A,0,,,,,Y,,A,,0,2,0,0,0,0,0,0,0,"- ","- ",,,STANISLAUS,MODESTO,-121.00183998,37.635659920000002
8435839,2017,2017-08-29,5002,2017-08-17,1455,13039,M405,4,5,6,5002,0,0,0,,0,041,"D ST","12TH ST",110.00,E,N,A,-,N,,,,,,,,,,Y,4,0,1,1,A,-,08,22107,,N,E,I,A,A,H,-,A,D,0,,,,,Y,,A,,0,0,1,0,0,0,0,0,0,"- ","- ",,,STANISLAUS,MODESTO,-120.99124032,37.636382750000003
84361244,2024,2024-08-20,5002,2024-06-20,1204,13111,,4,5,6,5002,0,0,0,,0,073,"RUMBLE RD","COFFEE RD",15.00,W,N,A,-,N,,,,,,,,,,N,4,0,1,1,A,-,08,22107,,N,E,I,A,A,H,-,A,D,0,,,Y,,Y,,C,02,0,0,1,0,0,0,0,0,1,"- ","- ",37.681690216064453,-120.97602081298828,STANISLAUS,MODESTO,-120.97604370117188,37.681678771972656
84361249,2024,2024-08-20,5002,2024-07-02,2127,11697,,2,5,6,5002,0,0,0,,0,042,"MILLER AVE","CONEJO AVE",0.00,,Y,A,-,N,,,,,,,,,,Y,4,0,3,2,A,-,12,22450,A,N,D,C,A,A,H,-,A,A,0,,,,,Y,,A,01,0,0,3,0,0,0,0,0,0,"- ","- ",37.63983154296875,-120.96685791015625,STANISLAUS,MODESTO,-120.96633148193359,37.640052795410156