CASE_ID,ACCIDENT_YEAR,PROC_DATE,JURIS,COLLISION_DATE,COLLISION_TIME,OFFICER_ID,REPORTING_DISTRICT,DAY_OF_WEEK,CHP_SHIFT,POPULATION,CNTY_CITY_LOC,SPECIAL_COND,BEAT_TYPE,CHP_BEAT_TYPE,CITY_DIVISION_LAPD,CHP_BEAT_CLASS,BEAT_NUMBER,PRIMARY_RD,SECONDARY_RD,DISTANCE,DIRECTION,INTERSECTION,WEATHER_1,WEATHER_2,STATE_HWY_IND,CALTRANS_COUNTY,CALTRANS_DISTRICT,STATE_ROUTE,ROUTE_SUFFIX,POSTMILE_PREFIX,POSTMILE,LOCATION_TYPE,RAMP_INTERSECTION,SIDE_OF_HWY,TOW_AWAY,COLLISION_SEVERITY,NUMBER_KILLED,NUMBER_INJURED,PARTY_COUNT,PRIMARY_COLL_FACTOR,PCF_CODE_OF_VIOL,PCF_VIOL_CATEGORY,PCF_VIOLATION,PCF_VIOL_SUBSECTION,HIT_AND_RUN,TYPE_OF_COLLISION,MVIW,PED_ACTION,ROAD_SURFACE,ROAD_COND_1,ROAD_COND_2,LIGHTING,CONTROL_DEVICE,CHP_ROAD_TYPE,PEDESTRIAN_ACCIDENT,BICYCLE_ACCIDENT,MOTORCYCLE_ACCIDENT,TRUCK_ACCIDENT,NOT_PRIVATE_PROPERTY,ALCOHOL_INVOLVED,STWD_VEHTYPE_AT_FAULT,CHP_VEHTYPE_AT_FAULT,COUNT_SEVERE_INJ,COUNT_VISIBLE_INJ,COUNT_COMPLAINT_PAIN,COUNT_PED_KILLED,COUNT_PED_INJURED,COUNT_BICYCLIST_KILLED,COUNT_BICYCLIST_INJURED,COUNT_MC_KILLED,COUNT_MC_INJURED,PRIMARY_RAMP,SECONDARY_RAMP,LATITUDE,LONGITUDE,COUNTY,CITY,POINT_X,POINT_Y
84661091,2025,2025-04-24,5002,2025-03-07,"817 ",13191,,5,5,6,5002,0,0,0,,0,043,"ENCINA AVE","TRASK LN",0.00,,Y,A,-,N,,,,,,,,,,N,4,0,1,2,A,-,09,21802,A,N,D,C,A,A,H,-,A,A,0,,,,,Y,,A,07,0,0,1,0,0,0,0,0,0,"- ","- ",37.644939422607422,-120.95323181152344,STANISLAUS,MODESTO,-120.95275115966797,37.645217895507812
8466178,2017,2017-10-13,5002,2017-08-04,0811,11698,M414,5,5,6,5002,0,0,0,,0,041,"I ST","11TH ST",0.00,,Y,B,-,N,,,,,,,,,,Y,4,0,2,2,A,-,09,21801,,N,D,C,A,A,H,-,A,A,0,,,,,Y,,-,"- ",0,0,2,0,0,0,0,0,0,"- ","- ",,,STANISLAUS,MODESTO,-120.99823997999999,37.640259960000002
84663480,2025,2025-04-25,5006,2025-04-04,1815,S03177,,5,5,3,5006,0,0,0,,0,RPD,"CLARIBEL RD","OAKDALE RD",1092.00,E,N,A,-,N,,,,,,,,,,N,2,0,1,2,A,-,09,21804,A,N,D,C,A,A,H,-,A,D,0,,,Y,,Y,,A,01,1,0,0,0,0,0,0,0,1,"- ","- ",37.711189270019531,-120.95835876464844,STANISLAUS,RIVERBANK,-120.95460510253906,37.710979461669922
8466425,2017,2017-10-11,5002,2017-09-19,1756,13040,M134,2,5,6,5002,0,0,0,,0,073,"OAKDALE RD","MABLE AV",0.00,,Y,A,-,N,,,,,,,,,,Y,3,0,3,2,A,-,08,22107,,N,A,C,A,A,H,-,A,D,0,,,,,Y,,A,,0,1,2,0,0,0,0,0,0,"- ","- ",,,STANISLAUS,MODESTO,-120.95808991,37.696249940000001
84664838,2025,2025-04-28,5006,2025-03-19,1315,S02582,,3,5,3,5006,0,0,0,,0,RPD,"SQUIRE WELLS WAY","CLARIBEL RD",360.00,N,N,A,-,N,,,,,,,,,,Y,4,0,2,3,A,-,09,21804,A,N,D,C,A,A,H,-,A,A,0,,,,,Y,,A,07,0,0,2,0,0,0,0,0,0,"- ","- ",37.711189270019531,-120.95162200927734,STANISLAUS,RIVERBANK,-120.95159149169922,37.711978912353516
84664852,2025,2025-04-28,5006,2025-04-05,1543,S01019,,6,5,3,5006,0,0,0,,0,RPD,"CALLANDER AVE","TOPEKA ST",230.00,N,N,A,-,Y,STA,,108," "," ",32.092,H,,R,N,3,0,1,1,A,-,03,22350,,N,E,I,A,A,H,-,A,D,0,,,Y,,Y,,C,02,0,1,0,0,0,0,0,0,1,"- ","- ",37.737171173095703,-120.94481658935547,STANISLAUS,RIVERBANK,-120.94489288330078,37.737174987792969
84667391,2025,2025-04-29,5001,2025-04-13,1746,963,,7,5,4,5001,0,0,0,,0,001,"HATCH RD","HERNDON RD",857.00,E,N,A,-,N,,,,,,,,,,N,4,0,1,2,A,-,09,21801,A,N,B,C,A,A,H,-,A,A,0,,,,,Y,,D,22,0,0,1,0,0,0,0,0,0,"- ","- ",,,STANISLAUS,CERES,-120.97126770019531,37.609359741210938
84667645,2025,2025-04-30,5002,2025-01-15,1637,13424,,3,5,6,5002,0,0,0,,0,082,"BRIGGSMORE AVE","SR-108 (MCHENRY AVE)",669.00,E,N,A,-,N,,,,,,,,,,Y,3,0,1,2,A,-,09,21802,A,N,D,G,A,A,H,-,A,A,0,,Y,,,Y,,A,01,0,1,0,0,0,0,1,0,0,"- ","- ",37.670448303222656,-120.99411010742188,STANISLAUS,MODESTO,-120.9940185546875,37.670570373535156
84667646,2025,2025-04-29,5002,2025-01-17,1747,11331,,5,5,6,5002,0,0,0,,0,072,"FLOYD AVE","ROSELLE AVE",0.00,,Y,A,-,N,,,,,,,,,,N,4,0,1,2,D,-,00,,,N,D,C,A,A,H,-,A,D,0,,,,,Y,,-,"- ",0,0,1,0,0,0,0,0,0,"- ","- ",,,STANISLAUS,MODESTO,-120.93977355957031,37.678256988525391
84667649,2025,2025-04-29,5002,2025-02-02,1723,13464,,7,5,6,5002,0,0,0,,0,082,"TULLY RD","BOWEN AVE",60.00,S,N,A,-,N,,,,,,,,,,N,3,0,1,1,A,-,08,22107,,N,E,I,A,A,H,-,B,D,0,,,,,Y,,A,07,0,1,0,0,0,0,0,0,0,"- ","- ",37.674850463867188,-121.01235198974609,STANISLAUS,MODESTO,-121.01230621337891,37.674694061279297
84667659,2025,2025-04-29,5002,2025-02-14,1613,13613,,5,5,6,5002,0,0,0,,0,083,"STANDIFORD AVE","SR 108(MCHENRY AVE)",320.00,W,N,A,-,N,,,,,,,,,,Y,4,0,1,2,A,-,05,21460,,N,D,C,A,A,H,-,A,A,0,,,,,Y,,A,01,0,0,1,0,0,0,0,0,0,"- ","- ",37.688980102539062,-120.99446868896484,STANISLAUS,MODESTO,-120.99541473388672,37.689117431640625
84667684,2025,2025-04-29,5002,2025-02-25,2039,13342,,2,5,6,5002,0,0,0,,0,061,"COLDWELL AVE","TULLY RD",0.00,,Y,A,-,N,,,,,,,,,,Y,4,0,1,2,A,-,09,21801,A,N,A,C,A,A,H,-,C,A,0,,,,,Y,,A,01,0,0,1,0,0,0,0,0,0,"- ","- ",37.653171539306641,-121.01203155517578,STANISLAUS,MODESTO,-121.01203918457031,37.653202056884766
84671206,2024,2025-05-01,5002,2024-12-06,1939,13580,,5,5,6,5002,0,0,0,,0,033,"OAK ST","JEFFERSON ST",0.00,,Y,A,-,N,,,,,,,,,,N,3,0,1,2,A,-,09,21802,A,N,H,G,A,A,H,-,C,A,0,,Y,Y,,Y,,L,04,0,1,0,0,0,0,0,0,1,"- ","- ",37.636508941650391,-121.00943756103516,STANISLAUS,MODESTO,-121.00888061523438,37.636558532714844
84676059,2025,2025-05-06,5001,2025-05-03,1700,947,,6,5,4,5001,0,0,0,,0,004,"WHITMORE AVE","FAIRVIEW DR",230.00,W,N,A,-,N,,,,,,,,,,N,4,0,1,3,A,-,03,22350,,N,C,C,A,A,H,-,A,D,0,,,,,Y,,A,01,0,0,1,0,0,0,0,0,0,"- ","- ",37.594898223876953,-120.96919250488281,STANISLAUS,CERES,-120.96908569335938,37.5948486328125
84677740,2025,2025-05-07,5001,2025-04-18,"27  ",948,,5,5,4,5001,0,0,0,,0,001,"HERNDON RD","STEELE AVE",24.00,N,N,A,-,N,,,,,,,,,,Y,4,0,1,3,A,-,08,22107,,N,B,E,A,A,H,-,D,D,0,,,,,Y,,A,01,0,0,1,0,0,0,0,0,0,"- ","- ",,,STANISLAUS,CERES,-120.975341796875,37.614784240722656
84677753,2025,2025-05-07,5001,2025-05-05,1412,821,,1,5,4,5001,0,0,0,,0,004,"WHITMORE AVE","MORGAN RD",361.00,E,N,A,-,N,,,,,,,,,,Y,3,0,1,2,A,-,03,22350,,N,C,C,A,A,H,-,A,D,0,,,Y,,Y,,C,02,0,1,0,0,0,0,0,0,1,"- ","- ",,,STANISLAUS,CERES,-120.97401428222656,37.594841003417969
84677977,2025,2025-05-07,5002,2025-02-24,1200,13622,,1,5,6,5002,0,0,0,,0,041,"J ST","11TH ST",84.00,E,N,B,-,N,,,,,,,,,,N,4,0,2,2,A,-,03,22350,,N,C,C,A,A,H,-,A,A,0,,,,,Y,,A,01,0,0,2,0,0,0,0,0,0,"- ","- ",37.641139984130859,-120.9998779296875,STANISLAUS,MODESTO,-120.99911499023438,37.641384124755859
84677987,2025,2025-05-07,5002,2025-03-17,"744 ",13444,,1,5,6,5002,0,0,0,,0,082,"ORANGEBURG AVE","SARAH AVE",90.00,W,N,B,-,N,,,,,,,,,,Y,3,0,2,2,A,-,09,21804,A,N,D,C,A,B,H,-,A,D,0,,,,,Y,,A,07,0,1,1,0,0,0,0,0,0,"- ","- ",37.663600921630859,-120.96440887451172,STANISLAUS,MODESTO,-120.98284912109375,37.663608551025391
84678001,2025,2025-05-07,5002,2025-04-19,2134,13595,,6,5,6,5002,0,0,0,,0,032,"ROUSE AVE","KAZMIR CT (E)",0.00,,Y,A,-,N,,,,,,,,,,Y,3,0,3,2,A,-,09,21801,A,N,D,C,A,A,H,-,C,D,0,,,,,Y,,A,01,0,1,2,0,0,0,0,0,0,"- ","- ",37.620578765869141,-121.01277160644531,STANISLAUS,MODESTO,-121.01586151123047,37.620559692382812
84678007,2025,2025-05-07,5002,2025-04-27,2309,13595,,7,5,6,5002,0,0,0,,0,072,"BRIGGSMORE AVE","OAKDALE RD",860.00,E,N,A,-,N,,,,,,,,,,Y,3,0,2,1,A,-,07,21658,A,N,E,I,A,A,H,-,C,A,0,,,,,Y,,A,01,0,1,1,0,0,0,0,0,0,"- ","- ",37.666778564453125,-120.95790863037109,STANISLAUS,MODESTO,-120.95463562011719,37.667366027832031
84679789,2025,2025-05-08,5002,2025-02-01,1329,13621,,6,5,6,5002,0,0,0,,0,071,"OAKDALE RD","ORANGEBURG AVE",341.00,N,N,B,-,N,,,,,,,,,,N,4,0,5,2,A,-,08,22100,B,N,D,C,A,A,H,-,A,D,0,,,,,Y,,A,01,0,0,5,0,0,0,0,0,0,"- ","- ",37.663631439208984,-120.95752716064453,STANISLAUS,MODESTO,-120.95758056640625,37.664505004882812
84684656,2025,2025-05-13,5001,2025-04-26,"223 ",957,,6,5,4,5001,0,0,0,,0,003,"MOFFETT RD","HATCH RD",65.00,S,N,C,-,N,,,,,,,,,,N,3,0,1,2,A,-,01,23152,A,N,A,E,A,B,H,-,C,D,0,,,,,Y,Y,A,07,0,1,0,0,0,0,0,0,0,"- ","- ",,,STANISLAUS,CERES,-120.94790649414062,37.609100341796875
84686647,2025,2025-05-14,5002,2025-04-20,2359,13426,,7,5,6,5002,0,0,0,,0,042,"YOSEMITE BLVD","SANTA ANA AVE",0.00,,Y,A,-,Y,STA,,132," "," ",16.062,H,,R,Y,3,0,1,2,A,-,01,23152,A,N,H,E,A,A,H,-,C,D,0,,,,,Y,Y,A,01,0,1,0,0,0,0,0,0,0,"- ","- ",37.638031005859375,-120.97708892822266,STANISLAUS,MODESTO,-120.97708892822266,37.638179779052734
84689820,2025,2025-10-22,5002,2025-02-27,"742 ",13520,,4,5,6,5002,0,0,0,,0,082,"ORANGEBURG AVE","MC HENRY AVE",0.00,,Y,A,-,Y,STA,,108," "," ",24.320,H,,L,N,4,0,1,2,A,-,03,22350,,N,C,C,A,A,H,-,A,A,0,,,,,Y,,A,01,0,0,1,0,0,0,0,0,0,"- ","- ",37.663688659667969,-120.99405670166016,STANISLAUS,MODESTO,-120.99400329589844,37.663688659667969
8469247,2018,2018-04-02,5001,2018-02-07,0807,521,C001,3,5,4,5001,0,0,0,,0,005,"MAGNOLIA ST","5TH ST",0.00,,Y,A,-,N,,,,,,,,,,Y,4,0,1,2,A,-,09,21802,A,N,D,C,A,A,H,-,A,A,0,,,,,Y,,A,01,0,0,1,0,0,0,0,0,0,"- ","- ",37.5931396484375,-120.95258331298828,STANISLAUS,CERES,-120.95220947265625,37.593208312988281
84695107,2025,2025-05-22,5002,2025-03-05,1403,11331,,3,5,6,5002,0,0,0,,0,072,"CELESTE DR","PRESIDIO AVE",0.00,,Y,B,C,N,,,,,,,,,,Y,4,0,1,2,A,-,21,22106,,N,C,C,A,B,H,-,A,D,0,,,,,Y,,A,01,0,0,1,0,0,0,0,0,0,"- ","- ",37.672401428222656,-120.95085144042969,STANISLAUS,MODESTO,-120.96900939941406,37.672470092773438
84695121,2025,2025-05-22,5002,2025-04-13,"316 ",13509,,7,5,6,5002,0,0,0,,0,062,"CONANT AVE","BUDD ST",0.00,,Y,A,-,N,,,,,,,,,,Y,4,0,3,2,A,-,01,23152,A,N,D,C,A,A,H,-,C,D,0,,,,,Y,Y,A,01,0,0,3,0,0,0,0,0,0,"- ","- ",37.677841186523438,-121.04057312011719,STANISLAUS,MODESTO,-121.04048156738281,37.677799224853516
84696481,2025,2025-05-22,5001,2025-05-21,"731 ",930,,3,5,4,5001,0,0,0,,0,005,"MITCHELL RD","SERVICE RD",68.00,S,N,B,-,N,,,,,,,,,,N,4,0,2,2,A,-,03,22350,,N,C,C,A,A,H,-,A,D,0,,,,Y,Y,,G,25,0,0,2,0,0,0,0,0,0,"- ","- ",,,STANISLAUS,CERES,-120.93872833251953,37.580062866210938
84696743,2025,2025-05-22,5002,2025-03-15,"933 ",13060,,6,5,6,5002,0,0,0,,0,063,"PELANDALE AVE","DALE RD",90.00,W,N,A,-,N,,,,,,,,,,N,4,0,1,2,A,-,17,22517,,N,B,C,A,A,H,-,A,A,0,,,,,Y,,A,01,0,0,1,0,0,0,0,0,0,"- ","- ",37.700408935546875,-121.05010986328125,STANISLAUS,MODESTO,-121.05036926269531,37.700283050537109
84696748,2025,2025-05-22,5002,2025-03-17,"634 ",11093,,1,5,6,5002,0,0,0,,0,031,"MARIN AVE","USTICK RD",50.00,E,N,C,-,N,,,,,,,,,,N,3,0,1,2,A,-,11,21954,A,N,G,B,D,B,H,-,C,D,0,Y,,,,Y,,A,01,0,1,0,0,1,0,0,0,0,"- ","- ",37.598281860351562,-121.011962890625,STANISLAUS,MODESTO,-121.01161956787109,37.598285675048828
84696749,2025,2025-05-22,5002,2025-03-17,1225,11093,,1,5,6,5002,0,0,0,,0,041,"9TH ST","H ST",0.00,,Y,A,-,N,,,,,,,,,,Y,3,0,1,2,A,-,12,21453,A,N,A,C,A,A,H,-,A,A,0,,,,Y,Y,,A,01,0,1,0,0,0,0,0,0,0,"- ","- ",37.637840270996094,-120.99896240234375,STANISLAUS,MODESTO,-120.99898529052734,37.637809753417969
84696754,2025,2025-05-22,5002,2025-03-19,1432,13594,,3,5,6,5002,0,0,0,,0,061,"ORANGEBURG AVE","EVERGREEN AVE",41.00,S,N,A,-,N,,,,,,,,,,N,4,0,2,2,A,-,09,21801,A,N,A,C,A,A,H,-,A,D,0,,,,,Y,,A,01,0,0,2,0,0,0,0,0,0,"- ","- ",37.667430877685547,-121.03040313720703,STANISLAUS,MODESTO,-121.03030395507812,37.667369842529297
84696764,2025,2025-05-28,5002,2025-05-04,"53  ",13111,,7,5,6,5002,0,0,0,,0,082,"SR-108 (MCHENRY AVE)","ORANGEBURG AVE",108.00,N,N,A,-,Y,STA,,108," "," ",24.321,H,,R,Y,3,0,2,1,A,-,01,23152,A,N,E,I,A,A,H,-,C,D,0,,,,,Y,Y,A,01,0,2,0,0,0,0,0,0,0,"- ","- ",37.663688659667969,-120.99405670166016,STANISLAUS,MODESTO,-120.993896484375,37.663692474365234
8469842,2017,2017-10-31,5002,2017-09-28,0856,10384,D94,4,5,6,5002,0,0,0,,0,062,"WEST BRIGGSMORE AV","CARVER RD",0.00,,Y,A,-,N,,,,,,,,,,Y,3,0,3,2,A,-,12,21453,A,N,D,C,A,A,H,-,A,A,0,,,,,Y,,-,"- ",0,1,2,0,0,0,0,0,0,"- ","- ",,,STANISLAUS,MODESTO,-121.0221399,37.671489950000002
8469850,2017,2017-10-20,5002,2017-09-29,1904,11530,ME95,5,5,6,5002,0,0,0,,0,041,"I ST","17TH ST",0.00,,Y,A,-,N,,,,,,,,,,Y,4,0,1,2,A,-,12,21453,A,N,D,C,A,A,H,-,B,A,0,,,,,Y,,A,,0,0,1,0,0,0,0,0,0,"- ","- ",,,STANISLAUS,MODESTO,-120.99251987,37.644599890000002
8470014,2017,2017-10-24,5007,2017-10-03,2134,5763,TURLO,2,5,5,5007,0,0,0,,0,002,"SOUTH 1ST ST","B ST",166.00,S,N,A,-,N,,,,,,,,,,N,4,0,1,1,A,-,08,22107,,N,E,I,A,A,H,-,D,D,0,,,,,Y,,A,07,0,0,1,0,0,0,0,0,0,"- ","- ",,,STANISLAUS,TURLOCK,-120.84420983,37.491392359999999
84702844,2025,2025-05-28,5002,2025-02-12,1039,13411,,3,5,6,5002,0,0,0,,0,062,"STANDIFORD AVE","PRESCOTT RD",667.00,W,N,A,-,N,,,,,,,,,,N,3,0,1,1,A,-,07,21658,A,N,E,I,A,A,H,-,A,D,0,,,Y,,Y,,C,02,0,1,0,0,0,0,0,0,1,"- ","- ",37.689739227294922,-121.03170013427734,STANISLAUS,MODESTO,-121.03382110595703,37.689678192138672
84702853,2025,2025-05-28,5002,2025-02-26,1847,13574,,3,5,6,5002,0,0,0,,0,043,"SR132 (YOSEMITE BLVD)","CLAUS RD",612.00,E,N,A,-,Y,,,,,,,,,,Y,3,0,3,2,A,-,09,21801,A,N,D,C,A,A,H,-,C,D,0,,,,,Y,,A,01,0,1,2,0,0,0,0,0,0,"- ","- ",37.637870788574219,-120.92388916015625,STANISLAUS,MODESTO,-120.92120361328125,37.638248443603516
84702874,2025,2025-06-05,5002,2025-03-07,1149,13421,,5,5,6,5002,0,0,0,,0,062,"PRESCOTT RD","PLAZA PARKWAY",0.00,,Y,A,-,N,,,,,,,,,,Y,4,0,2,2,A,-,12,21453,A,N,D,C,A,A,H,-,A,A,0,,,,,Y,,A,07,0,0,2,0,0,0,0,0,0,"- ","- ",37.671638488769531,-121.03125762939453,STANISLAUS,MODESTO,-121.03127288818359,37.671596527099609
84702882,2025,2025-05-28,5002,2025-03-17,1653,13409,,1,5,6,5002,0,0,0,,0,033,"COMSTOCK CT","ELM AVE",282.00,N,N,B,-,N,,,,,,,,,,Y,2,0,1,2,A,-,08,22107,,N,D,E,A,A,H,-,A,D,0,,,Y,,Y,,C,02,1,0,0,0,0,0,0,0,1,"- ","- ",,,STANISLAUS,MODESTO,-121.02680969238281,37.644012451171875
84702903,2025,2025-05-28,5002,2025-04-01,2015,13574,,2,5,6,5002,0,0,0,,0,073,"RUMBLE RD","COFFEE RD",0.00,,Y,A,-,N,,,,,,,,,,N,4,0,1,2,A,-,09,21801,A,N,D,C,A,A,H,-,C,A,0,,,,,Y,,D,22,0,0,1,0,0,0,0,0,0,"- ","- ",37.681690216064453,-120.97602081298828,STANISLAUS,MODESTO,-120.97599029541016,37.681678771972656
84706769,2025,2025-05-30,5002,2025-03-20,"557 ",13028,,4,5,6,5002,0,0,0,,0,041,"9TH ST","B ST",0.00,,Y,A,-,N,,,,,,,,,,N,4,0,3,2,A,-,12,21453,A,N,D,C,A,A,H,-,C,A,0,,,,,Y,Y,A,01,0,0,3,0,0,0,0,0,0,"- ","- ",,,STANISLAUS,MODESTO,-120.99201965332031,37.632122039794922
84706802,2025,2025-05-30,5002,2025-04-02,1507,13253,,3,5,6,5002,0,0,0,,0,081,"MCHENRY AVE (SR108)","MORRIS AVE",0.00,,Y,A,-,Y,,,,,,,,,,Y,4,0,1,2,A,-,09,21801,A,N,D,C,A,A,H,-,A,A,0,,,,,Y,,D,22,0,0,1,0,0,0,0,0,0,"- ","- ",,,STANISLAUS,MODESTO,-120.99378204345703,37.650978088378906
84706823,2025,2025-05-30,5002,2025-05-14,"819 ",13315,,3,5,6,5002,0,0,0,,0,072,"ROSELLE AVE","BELHARBOUR DR",0.00,,Y,A,-,N,,,,,,,,,,Y,4,0,3,2,A,-,09,21801,A,N,D,C,A,A,H,-,A,A,0,,,,,Y,,D,22,0,0,3,0,0,0,0,0,0,"- ","- ",37.674468994140625,-120.93952941894531,STANISLAUS,MODESTO,-120.93959808349609,37.674457550048828
84708045,2025,2025-06-02,5006,2025-05-04,1305,S03077,,7,5,3,5006,0,0,0,,0,RPD,"OAKDALE RD","PATTERSON RD",294.00,S,N,A,-,N,,,,,,,,,,Y,3,0,6,3,A,-,09,21801,A,N,A,C,A,A,H,-,A,A,0,,,,,Y,,D,22,0,2,4,0,0,0,0,0,0,"- ","- ",37.731029510498047,-120.95729827880859,STANISLAUS,RIVERBANK,-120.95864105224609,37.731853485107422
84714032,2025,2025-06-05,5002,2025-03-10,"822 ",13548,,1,5,6,5002,0,0,0,,0,031,"USTICK RD","HATCH RD",100.00,S,N,A,-,N,,,,,,,,,,N,4,0,1,2,A,-,03,22350,,F,C,C,A,A,H,-,A,A,0,,,,,Y,,A,01,0,0,1,0,0,0,0,0,0,"- ","- ",37.606449127197266,-121.01190948486328,STANISLAUS,MODESTO,-121.01179504394531,37.606147766113281
84714060,2025,2025-06-05,5002,2025-04-08,1446,13343,,2,5,6,5002,0,0,0,,0,033,"PARADISE RD","PINE TREE LN",369.00,W,N,A,-,N,,,,,,,,,,Y,4,0,1,2,A,-,09,21804,A,N,B,C,A,A,H,-,A,D,0,,,,,Y,,D,22,0,0,1,0,0,0,0,0,0,"- ","- ",37.619911193847656,-121.02366638183594,STANISLAUS,MODESTO,-121.02460479736328,37.619174957275391
84714064,2025,2025-06-05,5002,2025-04-11,1312,13462,,5,5,6,5002,0,0,0,,0,081,"MC HENRY AVE","ALICE ST",61.00,S,N,A,-,Y,,,,,,,,,,N,3,0,1,1,A,-,03,22350,,N,H,G,A,A,H,-,A,D,0,,Y,,,Y,,L,04,0,1,0,0,0,0,1,0,0,"- ","- ",37.64691162109375,-120.99421691894531,STANISLAUS,MODESTO,-120.99371337890625,37.646873474121094
84714075,2025,2025-06-09,5002,2025-05-08,1938,11697,,4,5,6,5002,0,0,0,,0,041,"7TH ST","TUOLUMNE BLVD",0.00,,Y,A,-,Y,,,,,,,,,,Y,4,0,1,2,A,-,01,23152,A,F,H,C,A,A,H,-,A,A,0,,,Y,,Y,Y,A,01,0,0,1,0,0,0,0,0,1,"- ","- ",37.630180358886719,-120.99461364746094,STANISLAUS,MODESTO,-120.99462890625,37.630168914794922
84714085,2025,2025-06-05,5002,2025-05-30,1337,13541,,5,5,6,5002,0,0,0,,0,,"MARSALA WAY","VAN GOGH DR",66.00,N,N,A,-,N,,,,,,,,,,Y,3,0,3,2,A,-,08,22107,,N,A,C,A,A,H,-,A,D,0,,,,,Y,,A,01,0,2,1,0,0,0,0,0,0,"- ","- ",37.695358276367188,-121.04077911376953,STANISLAUS,MODESTO,-121.04081726074219,37.695472717285156
84714088,2025,2025-06-05,5002,2025-06-03,1025,13619,,2,5,6,5002,0,0,0,,0,063,"CARVER RD","EVERGREEN AVE",0.00,,Y,A,-,N,,,,,,,,,,Y,4,0,2,3,A,-,09,21802,A,N,D,C,A,A,H,-,A,A,0,,,,,Y,,A,01,0,0,2,0,0,0,0,0,0,"- ","- ",37.667751312255859,-121.02239227294922,STANISLAUS,MODESTO,-121.02207183837891,37.667762756347656
84716848,2025,2025-06-09,5005,2025-05-02,2031,S04660,,5,5,3,5005,0,0,0,,0,PPD,"HARTLEY ST","LORELEI LN",0.00,N,Y,A,-,N,,,,,,,,,,N,3,0,1,2,A,-,09,21802,A,N,B,G,A,A,H,-,C,A,0,,Y,,,Y,Y,L,04,0,1,0,0,0,0,1,0,0,"- ","- ",39.2069091796875,-121.16381072998047,STANISLAUS,PATTERSON,-121.12400054931641,37.478977203369141
8471925,2017,2018-07-09,5002,2017-09-26,2332,13137,M415,2,5,6,5002,0,0,0,,0,041,"H ST","RT 132",0.00,,Y,A,-,Y,STA,10,132,-,L,15.340,I,5,E,Y,4,0,1,2,A,-,12,21453,A,N,D,C,A,A,H,-,C,A,0,,,,,Y,,A,,0,0,1,0,0,0,0,0,0,"- ","- ",,,STANISLAUS,MODESTO,-120.99959524,37.63839187
8471968,2017,2018-06-05,5002,2017-10-10,1149,10069,,2,5,6,5002,0,0,0,,0,032,"TUOLUMNE BL","RT 99",0.00,,Y,A,-,Y,STA,10,99,-,R,15.210,R,4,S,N,4,0,2,2,A,-,01,23152,A,F,C,C,A,A,H,-,A,D,0,,,,,Y,Y,A,,0,0,2,0,0,0,0,0,0,"- ","- ",,,STANISLAUS,MODESTO,-120.99737382000001,37.628827680000001
8471971,2017,2018-07-09,5002,2017-09-30,0620,13102,M055,6,5,6,5002,0,0,0,,0,083,"SYLVAN AV","RT 108",1.00,E,N,A,-,Y,STA,10,108,-,-,26.060,I,6,E,N,3,0,1,2,A,-,10,21950,,N,G,B,B,A,H,-,D,A,0,Y,,,,Y,,A,,0,1,0,0,1,0,0,0,0,"- ","- ",,,STANISLAUS,MODESTO,-120.99439528000001,37.688915430000002
84722873,2025,2025-06-12,5002,2025-01-07,1454,13096,,2,5,6,5002,0,0,0,,0,081,"ROSEBURG AVE","VIRGINIA AVE",350.00,W,N,A,-,N,,,,,,,,,,N,4,0,1,2,A,-,05,21650,1,N,H,G,A,A,H,-,A,D,0,,Y,,,Y,,L,04,0,0,1,0,0,0,1,0,0,"- ","- ",37.6602783203125,-121.00315093994141,STANISLAUS,MODESTO,-121.00426483154297,37.660259246826172
84722887,2025,2025-06-12,5002,2025-03-08,2050,13342,,6,5,6,5002,0,0,0,,0,063,"PELANDALE AVE","GAGOS DR",135.00,E,N,A,-,N,,,,,,,,,,Y,3,0,1,2,A,-,09,21802,A,N,C,C,A,A,H,-,C,D,0,,,Y,,Y,,A,01,0,1,0,0,0,0,0,0,1,"- ","- ",37.700321197509766,-121.06269073486328,STANISLAUS,MODESTO,-121.06217193603516,37.700088500976562
84722897,2025,2025-06-12,5002,2025-03-30,1113,13580,,7,5,6,5002,0,0,0,,0,082,"SR108( MCHENRY AVE)","JUDITH LN",86.00,N,N,B,-,Y,STA,,108," "," ",24.670,H,,R,N,4,0,1,2,A,-,09,21804,A,N,A,C,A,A,H,-,A,D,0,,,,,Y,,A,01,0,0,1,0,0,0,0,0,0,"- ","- ",37.668849945068359,-120.99410247802734,STANISLAUS,MODESTO,-120.99396514892578,37.668849945068359
84722909,2025,2025-06-12,5002,2025-04-14,"840 ",13641,,1,5,6,5002,0,0,0,,0,072,"MERLE AVE","OAKDALE RD",233.00,E,N,A,-,N,,,,,,,,,,N,4,0,2,2,A,-,06,21755,A,N,A,C,A,A,H,-,A,D,0,,,,,Y,,A,01,0,0,2,0,0,0,0,0,0,"- ","- ",37.670558929443359,-120.95794677734375,STANISLAUS,MODESTO,-120.95685577392578,37.670841217041016