CASE_ID,ACCIDENT_YEAR,PROC_DATE,JURIS,COLLISION_DATE,COLLISION_TIME,OFFICER_ID,REPORTING_DISTRICT,DAY_OF_WEEK,CHP_SHIFT,POPULATION,CNTY_CITY_LOC,SPECIAL_COND,BEAT_TYPE,CHP_BEAT_TYPE,CITY_DIVISION_LAPD,CHP_BEAT_CLASS,BEAT_NUMBER,PRIMARY_RD,SECONDARY_RD,DISTANCE,DIRECTION,INTERSECTION,WEATHER_1,WEATHER_2,STATE_HWY_IND,CALTRANS_COUNTY,CALTRANS_DISTRICT,STATE_ROUTE,ROUTE_SUFFIX,POSTMILE_PREFIX,POSTMILE,LOCATION_TYPE,RAMP_INTERSECTION,SIDE_OF_HWY,TOW_AWAY,COLLISION_SEVERITY,NUMBER_KILLED,NUMBER_INJURED,PARTY_COUNT,PRIMARY_COLL_FACTOR,PCF_CODE_OF_VIOL,PCF_VIOL_CATEGORY,PCF_VIOLATION,PCF_VIOL_SUBSECTION,HIT_AND_RUN,TYPE_OF_COLLISION,MVIW,PED_ACTION,ROAD_SURFACE,ROAD_COND_1,ROAD_COND_2,LIGHTING,CONTROL_DEVICE,CHP_ROAD_TYPE,PEDESTRIAN_ACCIDENT,BICYCLE_ACCIDENT,MOTORCYCLE_ACCIDENT,TRUCK_ACCIDENT,NOT_PRIVATE_PROPERTY,ALCOHOL_INVOLVED,STWD_VEHTYPE_AT_FAULT,CHP_VEHTYPE_AT_FAULT,COUNT_SEVERE_INJ,COUNT_VISIBLE_INJ,COUNT_COMPLAINT_PAIN,COUNT_PED_KILLED,COUNT_PED_INJURED,COUNT_BICYCLIST_KILLED,COUNT_BICYCLIST_INJURED,COUNT_MC_KILLED,COUNT_MC_INJURED,PRIMARY_RAMP,SECONDARY_RAMP,LATITUDE,LONGITUDE,COUNTY,CITY,POINT_X,POINT_Y
90684871,2018,2018-03-19,9465,2018-03-09,0305,020395,,5,3,9,5000,0,3,5,,2,020,"TERMINAL AVENUE","CLAUS ROAD",550.00,N,N,B,-,N,,,,,,,,,,Y,3,0,1,1,A,-,08,22107,,N,F,A,A,A,H,-,D,D,0,,,,,Y,,A,01,0,1,0,0,0,0,0,0,0,"- ","- ",37.694190979003906,-120.92234039306641,STANISLAUS,UNINCORPORATED,-120.92216491699219,37.693675994873047
90685943,2018,2018-03-20,9465,2018-03-11,1640,021549,,7,2,9,5000,0,3,5,,2,020,"SONORA ROAD","CEMETERY ROAD",1470.00,N,N,A,-,N,,,,,,,,,,Y,3,0,1,1,A,-,01,23152,A,N,F,A,A,A,H,-,A,D,0,,,Y,,Y,Y,C,02,0,1,0,0,0,0,0,0,1,"- ","- ",37.823200225830078,-120.67494201660156,STANISLAUS,UNINCORPORATED,-120.67489624023438,37.823104858398438
90686055,2018,2018-03-20,9465,2018-03-13,0640,018998,,2,1,9,5000,0,3,5,,2,040,"LINWOOD AVENUE","MITCHELL ROAD",0.00,,Y,A,-,N,,,,,,,,,,Y,3,0,2,2,A,-,12,22450,A,N,A,C,A,A,H,-,D,A,0,,,,,Y,,A,07,0,2,0,0,0,0,0,0,0,"- ","- ",37.478160858154297,-120.94011688232422,STANISLAUS,UNINCORPORATED,-120.94014739990234,37.478199005126953
90686807,2018,2018-05-11,9465,2018-03-12,0511,021783,,1,3,9,5000,0,3,5,,2,030,"KEYES ROAD","GRIFFEN ROAD",0.00,,Y,A,-,N,,,,,,,,,,Y,3,0,2,2,A,-,12,22450,A,N,D,C,A,A,H,-,D,A,0,,,,Y,Y,,D,22,0,2,0,0,0,0,0,0,0,"- ","- ",37.551189422607422,-120.85623168945312,STANISLAUS,UNINCORPORATED,-120.85623168945312,37.551170349121094
90686818,2018,2018-03-21,9465,2018-03-09,2000,021226,,5,2,9,5000,0,2,4,,2,042,"HATCH ROAD","CROWS LANDING ROAD",50.00,W,N,A,-,N,,,,,,,,,,N,4,0,1,2,A,-,09,21804,A,N,B,C,A,A,H,-,C,D,0,,,,,Y,,A,01,0,0,1,0,0,0,0,0,0,"- ","- ",37.609458923339844,-120.99382781982422,STANISLAUS,UNINCORPORATED,-120.99383544921875,37.609466552734375
90690927,2018,2018-03-27,9465,2018-03-16,1500,019517,,5,2,9,5000,0,1,3,,2,041,"SR-99  N/B","HATCH ROAD",2112.00,S,N,B,-,Y,,,99,,,,,,N,Y,4,0,1,3,A,-,03,22350,,N,C,C,A,A,H,-,A,D,0,,,,,Y,,A,07,0,0,1,0,0,0,0,0,0,"- ","- ",37.603199005126953,-120.97003936767578,STANISLAUS,UNINCORPORATED,-120.97001647949219,37.603221893310547
90692935,2018,2018-03-29,9465,2018-03-21,1550,020260,,3,2,9,5000,0,1,3,,2,041,"STATE ROUTE 99 (SOUTHBOUND)","MITCHELL ROAD",930.00,S,N,A,-,Y,,,99,,,,,,,N,4,0,1,2,A,-,07,21658,A,N,B,C,A,A,H,-,A,D,0,,,,,Y,,A,08,0,0,1,0,0,0,0,0,0,"- ","- ",37.572700500488281,-120.93556976318359,STANISLAUS,UNINCORPORATED,-120.93556976318359,37.572704315185547
90696723,2018,2018-04-02,9465,2018-03-23,0200,020457,,5,3,9,5000,0,1,3,,2,041,"STATE ROUTE 99 FROM CROWS LANDING ROAD","CROWS LANDING ROAD",30.00,S,N,A,-,Y,,,99,,,,R,,,Y,3,0,1,1,A,-,01,23152,A,M,E,I,A,A,H,-,C,A,0,,,,,Y,Y,A,01,0,1,0,0,0,0,0,0,0,"- ","- ",37.617668151855469,-120.99343109130859,STANISLAUS,UNINCORPORATED,-120.99343109130859,37.617668151855469
90696794,2018,2018-04-02,9465,2018-03-23,1615,020842,,5,2,9,5000,0,3,5,,2,010,"PARADISE ROAD","STONE AVENUE",318.00,E,N,A,-,N,,,,,,,,,,N,4,0,1,2,A,-,03,22350,,N,C,C,A,A,H,-,A,D,0,,,,,Y,,A,01,0,0,1,0,0,0,0,0,0,"- ","- ",37.60906982421875,-121.08409118652344,STANISLAUS,UNINCORPORATED,-121.08418273925781,37.609096527099609
90699116,2018,2018-04-05,9465,2018-03-24,2019,020457,,6,2,9,5000,0,3,5,,2,020,"STEARNS ROAD","TWILDO ROAD",43.00,N,N,A,-,N,,,,,,,,,,Y,2,0,1,1,A,-,03,22350,,N,E,I,A,A,H,-,D,D,0,,,Y,,Y,Y,C,02,1,0,0,0,0,0,0,0,1,"- ","- ",37.773769378662109,-120.81771850585938,STANISLAUS,UNINCORPORATED,-120.81776428222656,37.773666381835938
90699134,2018,2018-04-05,9465,2018-03-26,0935,019517,,1,1,9,5000,0,1,3,,2,041,"SR-99 N/B","CROWS LANDING ROAD",1056.00,S,N,A,-,Y,,,99,,,,,,N,N,4,0,2,2,A,-,03,22350,,N,C,C,A,A,H,-,A,D,0,,,,,Y,,A,01,0,0,2,0,0,0,0,0,0,"- ","- ",37.617340087890625,-120.99019622802734,STANISLAUS,UNINCORPORATED,-120.99018859863281,37.617431640625
90703712,2018,2018-04-11,9465,2018-04-05,1810,020395,,4,2,9,5000,0,1,3,,2,011,"STATE ROUTE 99 NORTHBOUND","HAMMETT ROAD",2640.00,S,N,B,F,Y,,,99,,,,,,N,Y,4,0,1,2,A,-,04,21703,,N,C,C,A,B,H,-,A,D,0,,,,,Y,,A,01,0,0,1,0,0,0,0,0,0,"- ","- ",37.719650268554688,-121.09641265869141,STANISLAUS,UNINCORPORATED,-121.09661865234375,37.719406127929688
90704004,2018,2018-04-12,9465,2018-03-30,1130,021136,,5,1,6,5002,0,1,3,,2,011,"SR-99 NB","KIERNAN AVENUE",1686.00,N,N,A,-,Y,,,,,,,,,,Y,3,0,1,2,A,-,03,22350,,N,C,C,A,A,H,-,A,D,0,,,,,Y,,A,01,0,1,0,0,0,0,0,0,0,"- ","- ",37.711860656738281,-121.085693359375,STANISLAUS,MODESTO,-121.08573913574219,37.711894989013672
90704475,2018,2018-04-12,9465,2018-03-30,2055,021066,,5,2,9,5000,0,3,5,,2,030,"SERVICE ROAD","PIONEER AVENUE",0.00,,Y,A,-,N,,,,,,,,,,Y,3,0,3,2,A,-,12,22450,A,N,D,C,A,A,H,-,D,A,0,,,,,Y,,D,22,0,1,2,0,0,0,0,0,0,"- ","- ",37.58026123046875,-120.89253997802734,STANISLAUS,UNINCORPORATED,-120.89264,37.580269999999999
90704653,2018,2018-04-12,9465,2018-04-08,0035,020874,,7,3,9,5000,0,3,5,,2,040,"FULKERTH ROAD","MITCHELL ROAD",52.00,W,N,A,-,N,,,,,,,,,,Y,4,0,1,1,A,-,08,22107,,N,E,I,A,A,H,-,D,D,0,,,,,Y,,A,07,0,0,1,0,0,0,0,0,0,"- ","- ",37.507301330566406,-120.94200134277344,STANISLAUS,UNINCORPORATED,-120.94066619873047,37.507305145263672
90704663,2018,2018-04-12,9465,2018-04-08,1337,018292,,7,1,9,5000,0,1,3,,2,041,"STATE ROUTE 99 (NORTHBOUND)","CROWS LANDING ROAD",550.00,S,N,A,-,Y,,,99,,,,,,,Y,4,0,1,2,A,-,03,22350,,N,C,C,A,A,H,-,A,D,0,,,,,Y,,A,01,0,0,1,0,0,0,0,0,0,"- ","- ",37.61737060546875,-120.98960876464844,STANISLAUS,UNINCORPORATED,-120.98961639404297,37.617347717285156
90706370,2018,2018-04-16,9465,2018-04-07,0753,019155,,6,1,9,5000,0,1,3,,2,011,"STATE ROUTE 99 (SOUTHBOUND)","KANSAS AVENUE",600.00,S,N,C,-,Y,,,99,,,,,,,Y,4,0,3,1,A,-,03,22350,,N,E,I,A,B,H,-,B,D,0,,,,,Y,,A,08,0,0,3,0,0,0,0,0,0,"- ","- ",37.644821166992188,-121.01500701904297,STANISLAUS,UNINCORPORATED,-121.01504516601562,37.644771575927734
90707510,2018,2018-04-17,9465,2018-04-09,1410,019713,,1,2,9,5000,0,3,5,,2,050,"FINK ROAD","WARD AVENUE",800.00,E,N,A,-,N,,,,,,,,,,Y,4,0,1,1,C,-,18,,,N,E,I,A,A,H,-,A,D,0,,,,,Y,,-,"- ",0,0,1,0,0,0,0,0,0,"- ","- ",37.397598266601562,-121.136962890625,STANISLAUS,UNINCORPORATED,-121.13473510742188,37.396533966064453
90707714,2018,2018-04-18,9465,2018-04-11,0127,020874,,3,3,9,5000,0,1,3,,2,041,"STATE ROUTE 99 (SOUTHBOUND)","TAYLOR ROAD",300.00,S,N,A,-,Y,,,99,,,,,,,Y,3,0,1,1,A,-,01,23152,A,N,F,A,A,A,H,-,D,D,0,,,,,Y,Y,A,01,0,1,0,0,0,0,0,0,0,"- ","- ",37.540241241455078,-120.895751953125,STANISLAUS,UNINCORPORATED,-120.89574432373047,37.540245056152344
9070881,2020,2020-10-19,5002,2020-01-08,0059,11267,334,3,5,6,5002,0,0,0,,0,043,"RT 132","LINCOLN AV",1000.00,W,N,E,-,Y,STA,10,132,-,-,17.960,H,-,W,N,2,0,2,2,A,-,17,21208,A,F,C,G,A,A,H,-,C,D,0,,Y,,,Y,,L,04,1,0,1,0,0,0,2,0,0,"- ","- ",,,STANISLAUS,MODESTO,-120.9423828125,37.638145446777344
9070950,2020,2020-09-25,5002,2020-02-22,2039,11404,M515,6,5,6,5002,0,0,0,,0,031,"CROWS LANDING RD","RT 99",15.00,S,N,A,-,Y,STA,10,99,-,R,14.571,R,4,S,N,4,0,1,2,A,-,07,21658,A,N,B,C,A,A,H,-,C,D,0,,,,,Y,,D,,0,0,1,0,0,0,0,0,0,"- ",SF,,,STANISLAUS,MODESTO,-120.99472045898438,37.619632720947266
90711250,2018,2018-04-23,9465,2018-04-09,0815,019155,,1,1,9,5000,0,1,3,,2,041,"STATE ROUTE 99 (NORTHBOUND)","CROWS LANDING ROAD",1056.00,S,N,A,-,Y,,,99,,,,,,,Y,4,0,1,4,A,-,03,22350,,N,C,C,A,A,H,-,A,D,0,,,,,Y,,A,07,0,0,1,0,0,0,0,0,0,"- ","- ",37.617328643798828,-120.98979949951172,STANISLAUS,UNINCORPORATED,-120.98979187011719,37.617366790771484
90712029,2018,2018-04-24,9465,2018-04-15,1648,021235,,7,2,9,5000,0,3,5,,2,030,"FINCH ROAD","MCCLURE ROAD",623.00,E,N,A,-,N,,,,,,,,,,Y,2,0,1,1,A,-,01,23152,A,N,E,I,A,A,H,-,A,D,0,,,,,Y,Y,D,22,1,0,0,0,0,0,0,0,0,"- ","- ",37.625011444091797,-120.92739868164062,STANISLAUS,UNINCORPORATED,-120.92770385742188,37.624935150146484
90714112,2018,2018-04-26,9465,2018-04-20,0630,019161,,5,1,9,5000,0,3,5,,2,030,"RIVER ROAD","MUSICK AVENUE",35.00,W,N,A,-,N,,,,,,,,,,Y,4,0,1,1,A,-,08,22107,,N,E,I,A,A,H,-,A,D,0,,,,,Y,,A,01,0,0,1,0,0,0,0,0,0,"- ","- ",37.620601654052734,-121.97099304199219,STANISLAUS,UNINCORPORATED,-120.97089385986328,37.620708465576172
90716153,2018,2018-04-30,9465,2018-04-24,1734,021235,,2,2,6,5002,0,1,3,,2,011,"STATE ROUTE 99 (NORTHBOUND)","G STREET",150.00,S,N,A,-,Y,,,99,,,,,,,Y,4,0,1,2,A,-,03,22350,,N,C,C,A,A,H,-,A,D,0,,,,,Y,,A,01,0,0,1,0,0,0,0,0,0,"- ","- ",37.634059906005859,-121.00061798095703,STANISLAUS,MODESTO,-121.00057983398438,37.634109497070312
9071701,2020,2020-09-25,5002,2020-02-24,0740,13268,,1,5,6,5002,0,0,0,,0,040,"11TH ST","RT 108",0.00,,Y,A,-,Y,STA,10,108,-,R,22.578,I,5,W,Y,3,0,2,2,A,-,12,21453,A,N,D,C,A,A,H,-,A,A,0,,,,,Y,,A,,0,2,0,0,0,0,0,0,0,"- ","- ",,,STANISLAUS,MODESTO,-121.00167083740234,37.64312744140625
90718998,2018,2018-05-18,9465,2018-04-28,1235,019713,,6,1,9,5000,0,3,5,,2,050,"DEL PUERTO CANYON ROAD","DIABLO GRANDE PARKWAY",23760.00,W,N,A,-,N,,,,,,,,,,Y,3,0,1,2,A,-,05,21460,A,N,B,C,A,A,H,-,A,D,0,,,Y,,Y,,C,02,0,1,0,0,0,0,0,0,1,"- ","- ",37.473598480224609,-121.24062347412109,STANISLAUS,UNINCORPORATED,-121.24620819091797,37.466545104980469
90719811,2018,2018-05-04,9465,2018-05-01,1435,018292,,2,2,9,5000,0,1,3,,2,041,"STATE ROUTE 99 (SOUTHBOUND)","CROWS LANDING ROAD",652.00,N,N,A,-,Y,,,99,,,,,,,N,4,0,1,2,A,-,03,22350,,N,C,C,A,A,H,-,A,D,0,,,,,Y,,A,01,0,0,1,0,0,0,0,0,0,"- ","- ",37.622428894042969,-120.99595642089844,STANISLAUS,UNINCORPORATED,-120.99591827392578,37.622440338134766
90720052,2018,2018-05-04,9465,2018-04-24,0658,020362,,2,1,9,5000,0,1,3,,2,041,"STATE ROUTE 99 (NORTHBOUND)","MONTE VISTA AVENUE",200.00,N,N,A,-,Y,,,99,,,,,,,Y,4,0,1,3,A,-,03,22350,,N,C,C,A,A,H,-,A,D,0,,,,,Y,,A,01,0,0,1,0,0,0,0,0,0,"- ","- ",37.522369384765625,-120.8856201171875,STANISLAUS,UNINCORPORATED,-120.88568115234375,37.5223388671875
90723851,2018,2018-05-10,9465,2018-04-29,2105,020874,,7,2,9,5000,0,2,4,,2,043,"WEST MAIN STREET","MITCHELL ROAD",1056.00,E,N,B,-,N,,,,,,,,,,Y,3,0,1,2,A,-,03,22350,,N,C,C,A,A,H,-,D,D,0,,,,,Y,,A,01,0,1,0,0,0,0,0,0,0,"- ","- ",37.492740631103516,-120.93668365478516,STANISLAUS,UNINCORPORATED,-120.936767578125,37.492721557617188
90724058,2018,2018-05-10,9465,2018-05-08,0545,014658,,2,3,9,5000,0,3,5,,2,010,"MILTON ROAD","DUNTON ROAD",0.00,,Y,A,-,N,,,,,,,,,,Y,4,0,4,2,A,-,09,21801,A,N,D,C,A,A,H,-,D,D,0,,,,,Y,,A,01,0,0,4,0,0,0,0,0,0,"- ","- ",37.915580749511719,-120.84369659423828,STANISLAUS,UNINCORPORATED,-120.84387969970703,37.9156494140625
90724354,2018,2018-05-11,9465,2018-03-18,0055,021022,,7,3,9,5000,0,3,5,,2,030,"MITCHELL ROAD","FINCH ROAD",1800.00,S,N,B,-,N,,,,,,,,,,Y,4,0,2,2,A,-,01,23152,A,N,A,C,A,A,H,-,D,D,0,,,,,Y,Y,A,01,0,0,2,0,0,0,0,0,0,"- ","- ",37.619510650634766,-120.93885803222656,STANISLAUS,UNINCORPORATED,-120.93925476074219,37.620326995849609
90724989,2018,2018-05-14,9465,2018-04-28,0402,021783,,6,3,9,5000,0,3,5,,2,010,"ROBERTSON ROAD","SUTTER AVENUE",0.00,,Y,A,-,N,,,,,,,,,,Y,3,0,1,1,A,-,01,23152,F,N,E,I,A,A,H,-,C,D,0,,,,,Y,Y,A,07,0,1,0,0,0,0,0,0,0,"- ","- ",37.613380432128906,-121.01174926757812,STANISLAUS,UNINCORPORATED,-121.01187896728516,37.613368988037109
90725458,2018,2018-08-29,9465,2018-05-04,0640,019517,,5,1,9,5000,0,3,5,,2,040,"SHILOH ROAD","DOS RIOS LANE",1056.00,N,N,A,-,N,,,,,,,,,,Y,2,0,1,1,A,-,08,22107,,N,F,A,A,A,H,-,A,D,0,,,,,Y,,A,01,1,0,0,0,0,0,0,0,0,"- ","- ",37.575698852539062,-121.14041900634766,STANISLAUS,UNINCORPORATED,-121.14034271240234,37.576179504394531
90725688,2018,2018-05-14,9465,2018-05-10,2046,019553,,4,2,9,5000,0,1,3,,2,011,"STATE ROUTE 99 (NORTHBOUND)","BECKWITH ROAD",1750.00,S,N,A,-,Y,,,99,,,,,,,Y,4,0,1,4,A,-,03,22350,,N,C,C,A,A,H,-,D,D,0,,,,Y,Y,,A,01,0,0,1,0,0,0,0,0,0,"- ","- ",37.679691314697266,-121.04902648925781,STANISLAUS,UNINCORPORATED,-121.04900360107422,37.679714202880859
90727760,2018,2018-05-16,9465,2018-05-11,1645,020486,,5,2,9,5000,0,1,3,,2,041,"STATE ROUTE 99 (SOUTHBOUND)","GOLF ROAD",410.00,S,N,A,-,Y,,,99,,,,,,,N,4,0,2,2,A,-,03,22350,,N,C,C,A,A,H,-,A,D,0,,,,,Y,,A,01,0,0,2,0,0,0,0,0,0,"- ","- ",37.466060638427734,-120.82948303222656,STANISLAUS,UNINCORPORATED,-120.82948303222656,37.466060638427734
9072838,2020,2020-06-26,5007,2020-03-02,0753,5786,5007,1,5,5,5007,0,0,0,,0,004,"W CHRISTOFFERSEN PKWY","N KILROY",545.00,E,N,A,-,N,,,,,,,,,,,4,0,2,2,A,-,04,21703,,N,C,C,A,A,H,-,A,D,0,,,,,Y,,A,07,0,0,2,0,0,0,0,0,0,"- ","- ",,,STANISLAUS,TURLOCK,-120.87424468994141,37.529178619384766
90729409,2018,2018-05-18,9465,2018-05-14,1543,021226,,1,2,6,5002,0,1,3,,2,011,"SR-99 (S/B)","KANSAS AVENUE",477.00,S,N,A,-,Y,,,99,,,,,,,Y,4,0,1,2,A,-,03,22350,,N,C,C,A,A,H,-,A,D,0,,,,,Y,,D,22,0,0,1,0,0,0,0,0,0,"- ","- ",37.644798278808594,-121.01499176025391,STANISLAUS,MODESTO,-121.01502227783203,37.644756317138672
90730057,2018,2018-05-21,9465,2018-05-14,1954,021226,,1,2,9,5000,0,3,5,,2,050,"RIVER ROAD","CROWS LANDING ROAD",2112.00,S,N,A,-,N,,,,,,,,,,Y,3,0,1,1,A,-,01,23152,A,M,E,I,A,A,H,-,A,D,0,,,,,Y,Y,A,07,0,1,0,0,0,0,0,0,0,"- ","- ",37.415409088134766,-121.01648712158203,STANISLAUS,UNINCORPORATED,-121.01704406738281,37.416004180908203
90730677,2018,2018-05-21,9465,2018-05-13,0957,019155,,7,1,9,5000,0,1,3,,2,015,"STATE ROUTE 219 (KIERNAN AVENUE)","TULLY ROAD",0.00,,Y,A,-,Y,,,219,,,,,,,N,3,0,1,2,A,-,08,22107,,N,B,G,A,A,H,-,A,D,0,,Y,,,Y,,L,04,0,1,0,0,0,0,1,0,0,"- ","- ",37.711441040039062,-121.01294708251953,STANISLAUS,UNINCORPORATED,-121.01294708251953,37.711147308349609
90731644,2018,2018-05-22,9465,2018-05-18,1655,020575,,5,2,9,5000,0,1,3,,2,012,"SR-132 MAZE BOULEVARD","DAKOTA AVENUE",0.00,,Y,A,-,Y,,,132,,,,,,,Y,4,0,1,2,A,-,09,21802,A,N,D,C,A,A,H,-,A,A,0,,,,,Y,,A,07,0,0,1,0,0,0,0,0,0,"- ","- ",37.638088226318359,-121.06742095947266,STANISLAUS,UNINCORPORATED,-121.06742095947266,37.638229370117188
90732129,2018,2018-05-23,9465,2018-05-19,1556,019553,,6,2,9,5000,0,3,5,,2,030,"SERVICE ROAD","ESMAR ROAD",150.00,E,N,A,-,N,,,,,,,,,,Y,3,0,1,2,A,-,01,23152,A,N,B,C,A,A,H,-,A,D,0,,,,,Y,Y,A,01,0,1,0,0,0,0,0,0,0,"- ","- ",37.58026123046875,-120.92894744873047,STANISLAUS,UNINCORPORATED,-120.929035,37.580278
9073390,2020,2020-11-04,5002,2020-05-11,1038,13172,M184,1,5,6,5002,0,0,0,,0,MP61,CARPENTER,"BLUE GUM",15.00,S,N,A,-,N,,,,,,,,,,N,3,0,2,2,A,-,03,22350,,N,C,C,A,A,H,-,A,A,0,,,,,Y,,-,,0,2,0,0,0,0,0,0,0,"- ","- ",,,STANISLAUS,MODESTO,-121.0311279296875,37.660488128662109
90735018,2018,2018-05-25,9465,2018-05-18,1640,020486,,5,2,9,5000,0,1,3,,2,041,"STATE ROUTE 99 S/B TO MITCHELL ROAD","MITCHELL AVENUE",0.00,,Y,A,-,N,,,99,,,,R,,S,N,4,0,1,2,A,-,09,21802,A,N,D,C,A,A,H,-,A,A,0,,,,,Y,,A,01,0,0,1,0,0,0,0,0,0,"- ","- ",37.575729370117188,-120.93876647949219,STANISLAUS,UNINCORPORATED,-120.93876647949219,37.575729370117188
9073532,2020,2020-08-10,5007,2020-05-04,1134,5790,5007,1,5,5,5007,0,0,0,,0,002,"LANDER AV","WEST LENWOOD AV",0.00,,Y,A,-,N,,,,,,,,,,N,3,0,1,2,A,-,12,21453,A,N,D,C,A,A,H,-,A,A,0,,,,,Y,,A,01,0,1,0,0,0,0,0,0,0,"- ","- ",,,STANISLAUS,TURLOCK,-120.84899139404297,37.478179931640625
90737224,2018,2018-05-30,9465,2018-05-26,1641,021226,,6,2,9,5000,0,3,5,,2,010,"ROUSE AVENUE","ADKINSON WAY",45.00,E,N,A,-,N,,,,,,,,,,Y,3,0,2,1,A,-,08,22107,,N,E,I,A,A,H,-,A,D,0,,,,,Y,,A,01,0,2,0,0,0,0,0,0,0,"- ","- ",37.620559692382812,-121.00401306152344,STANISLAUS,UNINCORPORATED,-121.00390625,37.620571136474609
90740984,2018,2018-06-05,9465,2018-05-26,1625,020575,,6,2,9,5000,0,3,5,,2,040,"AMADOR AVENUE","EUREKA STREET",160.00,W,N,A,-,N,,,,,,,,,,N,4,0,1,2,A,-,08,22107,,N,B,G,A,A,H,-,A,D,0,,Y,,,Y,,L,04,0,0,1,0,0,0,1,0,0,"- ","- ",37.607639312744141,-120.99591064453125,STANISLAUS,UNINCORPORATED,-120.995849609375,37.607677459716797
90741017,2018,2018-06-05,9465,2018-05-17,1753,020914,,4,2,9,5000,0,3,5,,2,030,"KEYES ROAD","MONTPELIER ROAD",975.00,E,N,A,-,N,,,,,,,,,,Y,3,0,1,1,A,-,08,22107,,M,E,I,A,A,H,-,A,D,0,,,,,Y,,A,01,0,1,0,0,0,0,0,0,0,"- ","- ",37.551128387451172,-120.709228515625,STANISLAUS,UNINCORPORATED,-120.70946502685547,37.551101684570312
90741726,2018,2018-06-05,9465,2018-05-25,1313,014588,,5,1,9,5000,0,1,1,,2,056,"INTERSTATE 5 (NORTHBOUND)","SHIELLS ROAD",2112.00,S,N,B,-,Y,,,5,,,,,,,Y,2,0,1,2,A,-,03,22350,,N,C,C,A,A,H,-,A,D,0,,,,,Y,,A,01,1,0,0,0,0,0,0,0,0,"- ","- ",37.295650482177734,-121.10150146484375,STANISLAUS,UNINCORPORATED,-121.10140991210938,37.295673370361328
90741955,2018,2018-06-06,9465,2018-05-26,1623,020914,,6,2,9,5000,0,3,5,,2,030,"GOLDEN STATE BLVD (NORTHBOUND)","DAUBENBERGER ROAD",0.00,,Y,A,-,N,,,,,,,,,,Y,3,0,1,2,A,-,09,21801,A,N,D,C,A,A,H,-,A,D,0,,,,,Y,,D,22,0,1,0,0,0,0,0,0,0,"- ","- ",37.471408843994141,-120.82132720947266,STANISLAUS,UNINCORPORATED,-120.82112884521484,37.471450805664062
90742329,2018,2018-06-06,9465,2018-05-31,1605,020663,,4,2,9,5000,0,1,3,,1,031,"STATE ROUTE 132","FRAZINE ROAD",40.00,W,N,A,-,Y,,,132,,,,,,,N,4,0,1,3,A,-,03,22350,,N,C,C,A,A,H,-,A,D,0,,,,,Y,,A,01,0,0,1,0,0,0,0,0,0,"- ","- ",37.638160705566406,-120.91177368164062,STANISLAUS,UNINCORPORATED,-120.91177368164062,37.638240814208984
90742487,2018,2018-06-06,9465,2018-05-30,1310,018274,,3,1,9,5000,0,3,5,,2,030,"FINCH ROAD","CODONI AVENUE",617.00,W,N,A,-,N,,,,,,,,,,Y,3,0,1,1,C,-,18,,,N,E,I,A,A,H,-,A,D,0,,,,,Y,,-,"- ",0,1,0,0,0,0,0,0,0,"- ","- ",37.625011444091797,-120.91323089599609,STANISLAUS,UNINCORPORATED,-120.91326141357422,37.625091552734375
9074414,2020,2020-11-07,5001,2020-05-06,1931,869,A309,3,5,4,5001,0,0,0,,0,001,"HERNDON AV","HERNDON RD",8.00,N,N,A,-,N,,,,,,,,,,N,4,0,1,1,A,-,08,22107,,N,E,J,A,A,H,-,A,D,0,,,,,Y,,A,01,0,0,1,0,0,0,0,0,0,"- ","- ",37.611080169677734,-120.97499847412109,STANISLAUS,CERES,-120.97535705566406,37.610801696777344
90744404,2018,2018-06-08,9465,2018-06-01,1603,020663,,5,2,9,5000,0,1,3,,2,041,"STATE ROUTE 99 (SOUTHBOUND)","FAITH HOME ROAD",500.00,S,N,A,-,Y,,,99,,,,,,,Y,2,0,1,1,A,-,08,22107,,N,E,I,A,A,H,-,A,D,0,,,,,Y,,D,22,1,0,0,0,0,0,0,0,0,"- ","- ",37.557708740234375,-120.91770172119141,STANISLAUS,UNINCORPORATED,-120.91782379150391,37.557575225830078
90745035,2018,2018-06-11,9465,2018-06-01,1502,021320,,5,2,9,5000,0,1,3,,2,012,"SR-132 E/B","FAUST ROAD",550.00,E,N,A,-,Y,,,132,,,,,,E,Y,2,0,1,2,A,-,03,22350,,N,C,C,A,A,H,-,A,A,0,,,,,Y,,A,07,1,0,0,0,0,0,0,0,0,"- ","- ",37.637821197509766,-121.13421630859375,STANISLAUS,UNINCORPORATED,-121.13421630859375,37.637840270996094
90745544,2018,2018-06-11,9465,2018-06-02,1628,021320,,6,2,9,5000,0,2,4,,2,024,"ALBERS ROAD",SR132,50.00,N,N,A,-,N,,,,,,,,,,N,3,0,1,2,A,-,03,22350,,N,C,C,A,A,H,-,A,A,0,,,,,Y,,A,01,0,1,0,0,0,0,0,0,0,"- ","- ",37.639129638671875,-120.84781646728516,STANISLAUS,UNINCORPORATED,-120.8477,37.63888