CASE_ID,ACCIDENT_YEAR,PROC_DATE,JURIS,COLLISION_DATE,COLLISION_TIME,OFFICER_ID,REPORTING_DISTRICT,DAY_OF_WEEK,CHP_SHIFT,POPULATION,CNTY_CITY_LOC,SPECIAL_COND,BEAT_TYPE,CHP_BEAT_TYPE,CITY_DIVISION_LAPD,CHP_BEAT_CLASS,BEAT_NUMBER,PRIMARY_RD,SECONDARY_RD,DISTANCE,DIRECTION,INTERSECTION,WEATHER_1,WEATHER_2,STATE_HWY_IND,CALTRANS_COUNTY,CALTRANS_DISTRICT,STATE_ROUTE,ROUTE_SUFFIX,POSTMILE_PREFIX,POSTMILE,LOCATION_TYPE,RAMP_INTERSECTION,SIDE_OF_HWY,TOW_AWAY,COLLISION_SEVERITY,NUMBER_KILLED,NUMBER_INJURED,PARTY_COUNT,PRIMARY_COLL_FACTOR,PCF_CODE_OF_VIOL,PCF_VIOL_CATEGORY,PCF_VIOLATION,PCF_VIOL_SUBSECTION,HIT_AND_RUN,TYPE_OF_COLLISION,MVIW,PED_ACTION,ROAD_SURFACE,ROAD_COND_1,ROAD_COND_2,LIGHTING,CONTROL_DEVICE,CHP_ROAD_TYPE,PEDESTRIAN_ACCIDENT,BICYCLE_ACCIDENT,MOTORCYCLE_ACCIDENT,TRUCK_ACCIDENT,NOT_PRIVATE_PROPERTY,ALCOHOL_INVOLVED,STWD_VEHTYPE_AT_FAULT,CHP_VEHTYPE_AT_FAULT,COUNT_SEVERE_INJ,COUNT_VISIBLE_INJ,COUNT_COMPLAINT_PAIN,COUNT_PED_KILLED,COUNT_PED_INJURED,COUNT_BICYCLIST_KILLED,COUNT_BICYCLIST_INJURED,COUNT_MC_KILLED,COUNT_MC_INJURED,PRIMARY_RAMP,SECONDARY_RAMP,LATITUDE,LONGITUDE,COUNTY,CITY,POINT_X,POINT_Y
9090193,2020,2020-07-06,5002,2020-03-23,1312,13138,M387,1,5,6,5002,0,0,0,,0,041,"14TH ST","J ST",0.00,,Y,A,-,N,,,,,,,,,,N,3,0,2,2,A,-,12,21453,A,N,D,C,A,A,H,-,A,A,0,,,,,Y,,A,01,0,1,1,0,0,0,0,0,0,"- ","- ",,,STANISLAUS,MODESTO,-120.99649810791016,37.643398284912109
90902839,2019,2019-01-11,9465,2019-01-07,1640,020985,,1,2,9,5000,0,3,5,,2,040,"KEYES ROAD","CENTRAL AVENUE",0.00,,Y,A,-,N,,,,,,,,,,Y,4,0,5,2,A,-,12,22450,A,N,D,C,A,A,H,-,D,A,0,,,,,Y,,A,01,0,0,5,0,0,0,0,0,0,"- ","- ",37.551311492919922,-120.95706939697266,STANISLAUS,UNINCORPORATED,-120.95706939697266,37.551300048828125
90903571,2019,2019-01-14,9465,2019-01-02,1800,020395,,3,2,9,5000,0,3,5,,2,040,"KEYES ROAD","MOFFETT ROAD",125.00,W,N,B,-,N,,,,,,,,,,Y,4,0,1,1,A,-,08,22107,,N,E,I,A,A,H,-,D,D,0,,,,,Y,,A,01,0,0,1,0,0,0,0,0,0,"- ","- ",37.550910949707031,-120.94795227050781,STANISLAUS,UNINCORPORATED,-120.9483642578125,37.551254272460938
90904650,2019,2019-01-15,9465,2019-01-03,1117,018274,,4,1,9,5000,0,2,4,,2,042,"CROWS LANDING ROAD","BUTTE AVENUE",10.00,N,N,A,-,N,,,,,,,,,,N,4,0,1,2,D,-,00,,,N,D,C,A,A,H,-,A,A,0,,,,,Y,,-,"- ",0,0,1,0,0,0,0,0,0,"- ","- ",37.605808258056641,-120.9935302734375,STANISLAUS,UNINCORPORATED,-120.99356079101562,37.605766296386719
90905474,2019,2019-01-16,9465,2019-01-10,0615,015979,,4,1,9,5000,0,3,5,,2,030,"SANTA FE AVENUE","7TH STREET",0.00,,Y,E,-,N,,,,,,,,,,N,3,0,1,2,A,-,12,22450,A,N,D,C,A,B,H,-,D,A,0,,,,,Y,,A,01,0,1,0,0,0,0,0,0,0,"- ","- ",37.589019775390625,-120.86116027832031,STANISLAUS,UNINCORPORATED,-120.8609619140625,37.588951110839844
90908474,2019,2019-01-22,9465,2019-01-14,1213,018945,,1,1,9,5000,0,3,5,,2,010,"PIRRONE ROAD","GATEWAY DRIVE",0.00,,Y,A,-,N,,,,,,,,,,Y,4,0,2,2,A,-,03,22350,,N,C,C,A,B,H,-,A,A,0,,,,,Y,,D,22,0,0,2,0,0,0,0,0,0,"- ","- ",37.721908569335938,-121.09918975830078,STANISLAUS,UNINCORPORATED,-121.09906768798828,37.7218017578125
90909771,2019,2019-01-23,9465,2019-01-18,0810,018844,,5,1,9,5000,0,1,3,,2,041,"STATE ROUTE 99 (NORTHBOUND)","CROWS LANDING ROAD",316.00,S,N,A,-,Y,,,99,,,,,,,Y,4,0,2,4,A,-,07,21658,A,N,C,C,A,A,H,-,A,D,0,,,,,Y,,A,01,0,0,2,0,0,0,0,0,0,"- ","- ",37.617439270019531,-120.989501953125,STANISLAUS,UNINCORPORATED,-120.98950958251953,37.617332458496094
90913029,2019,2019-01-25,9465,2019-01-14,1500,021368,,1,2,9,5000,0,3,5,,2,010,"ROBERTSON ROAD","PINE TREE LANE",75.00,E,N,B,-,N,,,,,,,,,,Y,4,0,1,2,A,-,09,21804,A,N,D,C,A,B,H,-,A,D,0,,,,,Y,,A,08,0,0,1,0,0,0,0,0,0,"- ","- ",37.61328125,-121.02191925048828,STANISLAUS,UNINCORPORATED,-121.02198028564453,37.613262176513672
90913356,2019,2019-01-28,9465,2019-01-14,1740,020609,,1,2,9,5000,0,3,5,,2,040,"CROWS LANDING ROAD","GRAYSON ROAD",686.00,N,N,B,-,N,,,,,,,,,,Y,3,0,1,1,A,-,08,22107,,N,E,I,A,B,H,-,D,D,0,,,,,Y,,A,07,0,1,0,0,0,0,0,0,0,"- ","- ",37.567508697509766,-120.99388885498047,STANISLAUS,UNINCORPORATED,-120.99368286132812,37.567733764648438
90913490,2019,2019-01-28,9465,2019-01-14,1755,021368,,1,2,9,5000,0,3,5,,2,010,"SR-99 S/B TO HAMMET ROAD","HAMMETT ROAD",0.00,,Y,C,-,N,,,99,,,,R,,S,Y,3,0,2,2,A,-,09,21802,A,N,D,C,A,B,H,-,D,A,0,,,,,Y,,A,07,0,1,1,0,0,0,0,0,0,"- ","- ",37.725421905517578,-121.10397338867188,STANISLAUS,UNINCORPORATED,-121.10397338867188,37.725421905517578
90915570,2019,2019-01-30,9465,2019-01-22,0458,020642,,2,3,6,5002,0,1,3,,2,011,"STATE ROUTE 99","CARPENTER ROAD",3960.00,N,N,A,-,Y,,,99,,,,,,,Y,4,0,1,3,A,-,03,22350,,N,D,C,A,A,H,-,D,D,0,,,,,Y,,D,22,0,0,1,0,0,0,0,0,0,"- ","- ",37.675571441650391,-121.04454040527344,STANISLAUS,MODESTO,-121.04458618164062,37.675510406494141
90916877,2019,2019-01-31,9465,2019-01-26,1655,019730,,6,2,9,5000,0,3,5,,2,040,"HATCH ROAD","CHURCH LANE",300.00,W,N,A,-,N,,,,,,,,,,Y,4,0,1,2,A,-,03,22350,,N,C,C,A,A,H,-,A,D,0,,,,,Y,,A,01,0,0,1,0,0,0,0,0,0,"- ","- ",37.609439849853516,-120.98258972167969,STANISLAUS,UNINCORPORATED,-120.98257446289062,37.609439849853516
90917133,2019,2019-02-01,9465,2019-01-29,0742,018274,,2,1,9,5000,0,1,3,,1,031,"STATE ROUTE 132","C STREET",375.00,E,N,B,C,Y,,,132,,,,,,,Y,3,0,1,2,A,-,03,22350,,N,C,C,A,B,H,-,A,D,0,,,,,Y,,D,22,0,1,0,0,0,0,0,0,0,"- ","- ",37.638271331787109,-120.90442657470703,STANISLAUS,UNINCORPORATED,-120.90442657470703,37.638263702392578
90917317,2019,2019-02-01,9465,2019-01-28,1725,020395,,1,2,9,5000,0,1,3,,2,041,"STATE ROUTE 99 (NORTHBOUND)","WHITMORE AVENUE",750.00,S,N,A,-,Y,,,,,,,,,,Y,4,0,2,3,A,-,03,22350,,N,C,C,A,A,H,-,A,D,0,,,,,Y,,A,01,0,0,2,0,0,0,0,0,0,"- ","- ",37.592720031738281,-120.95799255371094,STANISLAUS,UNINCORPORATED,-120.95876312255859,37.593124389648438
90917433,2019,2019-02-01,9465,2019-01-30,0615,015979,,3,1,9,5000,0,1,3,,1,032,"BALDWIN ROAD","HATCH ROAD",1056.00,S,N,B,-,N,,,,,,,,,,N,4,0,1,2,A,-,03,22350,,N,C,C,A,A,H,-,B,D,0,,,,,Y,,D,22,0,0,1,0,0,0,0,0,0,"- ","- ",37.607269287109375,-120.88823699951172,STANISLAUS,UNINCORPORATED,-120.88824462890625,37.606361389160156
90917568,2019,2019-02-01,9465,2019-01-31,0745,018825,,4,1,9,5000,0,3,5,,2,010,"STODDARD ROAD","LADD ROAD",821.00,S,N,E,-,N,,,,,,,,,,Y,4,0,1,1,A,-,03,22350,,N,E,I,A,B,H,-,A,D,0,,,,,Y,,A,01,0,0,1,0,0,0,0,0,0,"- ","- ",37.730609893798828,-121.06874847412109,STANISLAUS,UNINCORPORATED,-121.06882476806641,37.730575561523438
90918751,2019,2019-02-04,9465,2019-01-21,1940,020395,,1,2,9,5000,0,3,5,,2,020,"EL POMAR AVENUE","N. REINWAY AVENUE",5.00,N,N,A,-,N,,,,,,,,,,N,4,0,1,2,A,-,12,22450,A,M,D,C,A,A,H,-,D,A,0,,,,,Y,,-,99,0,0,1,0,0,0,0,0,0,"- ","- ",37.652889251708984,-120.77413940429688,STANISLAUS,UNINCORPORATED,-120.774169921875,37.652900695800781
90918803,2019,2019-02-04,9465,2019-01-31,0742,018059,,4,1,9,5000,0,2,4,,2,043,"W. MAIN STREET","CARPENTER ROAD",0.00,,Y,E,-,N,,,,,,,,,,Y,4,0,1,2,A,-,12,22450,A,N,D,C,A,B,H,-,A,A,0,,,,,Y,,D,22,0,0,1,0,0,0,0,0,0,"- ","- ",37.493350982666016,-121.03105926513672,STANISLAUS,UNINCORPORATED,-121.0308837890625,37.493289947509766
9092068,2020,2020-07-30,5002,2020-04-02,1410,11789,,4,5,6,5002,0,0,0,,0,061,"NORTH CARPENTER RD",TORRIDAV,0.00,,Y,A,-,N,,,,,,,,,,N,4,0,1,2,A,-,09,21802,A,N,D,G,A,A,H,-,A,D,0,,Y,,,Y,,A,07,0,0,1,0,0,0,1,0,0,"- ","- ",,,STANISLAUS,MODESTO,-121.03097,37.649509999999999
9092070,2020,2020-07-30,5002,2020-04-07,1515,11621,159,2,5,6,5002,0,0,0,,0,072,"LAKEWOOD AV","EAST BRIGGSMORE AV",249.00,S,N,A,-,N,,,,,,,,,,Y,3,0,2,2,A,-,09,21801,A,N,D,C,A,A,H,-,A,D,0,,,Y,,Y,,C,02,0,1,1,0,0,0,0,0,1,"- ","- ",,,STANISLAUS,MODESTO,-120.93940734863281,37.666229248046875
90923012,2019,2019-02-11,9465,2019-01-28,0351,021783,,1,3,9,5000,0,3,5,,2,010,"CARPENTER ROAD","PARADISE ROAD",75.00,N,N,A,-,N,,,,,,,,,,Y,3,0,1,2,A,-,09,21804,A,N,D,C,A,A,H,-,C,D,0,,,,,Y,,A,01,0,1,0,0,0,0,0,0,0,"- ","- ",37.616840362548828,-121.03035736083984,STANISLAUS,UNINCORPORATED,-121.03038787841797,37.616687774658203
90925252,2019,2019-02-13,9465,2019-02-04,1739,018671,,1,2,9,5000,0,1,3,,2,023,SR-108,"KENNEDY ROAD",1455.00,W,N,B,C,Y,,,,,,,,,,Y,3,0,2,4,A,-,03,22350,,N,C,C,A,B,H,-,B,D,0,,,,,Y,,D,22,0,1,1,0,0,0,0,0,0,"- ","- ",37.806388854980469,-120.66980743408203,STANISLAUS,UNINCORPORATED,-120.66939544677734,37.806583404541016
90929894,2018,2019-02-20,9465,2018-12-22,0034,020642,,6,3,9,5000,0,1,3,,2,011,"STATE ROUTE 99 (SOUTHBOUND)","PELANDALE AVENUE",1267.00,N,N,B,-,Y,,,99,,,,,,,Y,1,3,1,3,A,-,01,23152,A,N,B,C,A,A,H,-,D,A,0,,,,,Y,Y,A,07,0,0,1,0,0,0,0,0,0,"- ","- ",37.702320098876953,-121.07353973388672,STANISLAUS,UNINCORPORATED,-121.07357788085938,37.702278137207031
9093483,2020,2020-07-27,5002,2020-04-12,0532,13127,M247,7,5,6,5002,0,0,0,,0,081,"NEEDHAM AV","ORANGE AV",0.00,,Y,A,-,N,,,,,,,,,,Y,3,0,2,2,A,-,09,21802,A,N,D,C,A,A,H,-,B,A,0,,,,,Y,,A,01,0,2,0,0,0,0,0,0,0,"- ","- ",,,STANISLAUS,MODESTO,-121.00411224365234,37.645881652832031
9093484,2020,2020-07-27,5002,2020-04-11,1910,13127,M235,6,5,6,5002,0,0,0,,0,081,"SYCAMORE AV","COLDWELL AV",0.00,,Y,A,-,N,,,,,,,,,,N,2,0,1,1,A,-,08,22107,,N,E,I,A,A,H,-,A,D,0,,,,,Y,Y,M,94,1,0,0,0,0,0,0,0,0,"- ","- ",,,STANISLAUS,MODESTO,-120.997802734375,37.652839660644531
90937679,2019,2019-03-01,9465,2019-02-21,0618,017558,,4,1,9,5000,0,1,3,,2,012,SR-132,"GATES ROAD",30.00,W,N,C,-,N,,,132,,,,,,,Y,3,0,1,2,A,-,03,22350,,N,D,C,A,B,H,-,D,D,0,,,,,Y,,A,01,0,1,0,0,0,0,0,0,0,"- ","- ",37.63787841796875,-121.15904998779297,STANISLAUS,UNINCORPORATED,-121.15904998779297,37.637828826904297
9093891,2020,2020-07-16,5002,2020-04-17,0646,13201,M189,5,5,6,5002,0,0,0,,0,061,"TULLY RD","ORANGEBURG AV",0.00,,Y,A,-,N,,,,,,,,,,Y,3,0,2,3,A,-,12,21453,A,N,D,C,A,A,H,-,A,A,0,,,,,Y,,-,,0,2,0,0,0,0,0,0,0,"- ","- ",,,STANISLAUS,MODESTO,-121.01219940185547,37.664051055908203
9093895,2020,2020-07-16,5002,2020-04-29,2157,13285,M175,3,5,6,5002,0,0,0,,0,061,"EVERGREEN AV","RANDAZZO AV",205.00,W,N,A,-,N,,,,,,,,,,Y,3,0,1,1,A,-,08,22107,,N,E,I,A,A,H,-,C,D,0,,,,,Y,,-,,0,1,0,0,0,0,0,0,0,"- ","- ",,,STANISLAUS,MODESTO,-121.02792358398438,37.667781829833984
90941044,2019,2019-03-06,9465,2019-03-01,1900,018844,,5,2,9,5000,0,1,3,,2,015,"SR-219 (KIERNAN AVE)","TULLY ROAD",0.00,,Y,A,-,Y,,,219,,,,,,,Y,4,0,1,2,A,-,17,21451,A,N,D,C,A,A,H,-,C,A,0,,,,,Y,,A,01,0,0,1,0,0,0,0,0,0,"- ","- ",37.711101531982422,-121.01283264160156,STANISLAUS,UNINCORPORATED,-121.01283264160156,37.711147308349609
90941504,2019,2019-03-07,9465,2019-03-04,1020,015979,,1,1,9,5000,0,3,5,,2,030,"SOUTH 7TH STREET","CROWS LANDING ROAD",18.00,S,N,A,-,N,,,,,,,,,,N,4,0,1,3,A,-,03,22350,,M,C,C,A,A,H,-,A,A,0,,,,,Y,,A,07,0,0,1,0,0,0,0,0,0,"- ","- ",37.624599456787109,-120.99295043945312,STANISLAUS,UNINCORPORATED,-120.99302673339844,37.624656677246094
90943355,2019,2019-03-11,9465,2019-02-23,2330,021235,,6,3,9,5000,0,3,5,,2,020,"CHURCH STREET","MILNES ROAD",2975.00,S,N,A,-,N,,,,,,,,,,Y,4,0,1,1,A,-,01,23152,A,N,E,I,A,A,H,-,D,D,0,,,,,Y,Y,D,22,0,0,1,0,0,0,0,0,0,"- ","- ",37.673610687255859,-120.89836120605469,STANISLAUS,UNINCORPORATED,-120.89839172363281,37.673629760742188
90943399,2019,2019-03-11,9465,2019-02-28,1740,020912,,4,2,9,5000,0,3,5,,2,040,"WASHINGTON ROAD","HARDING ROAD",0.00,,Y,A,-,N,,,,,,,,,,Y,4,0,1,2,A,-,09,21802,A,N,D,C,A,A,H,-,A,A,0,,,,,Y,,A,01,0,0,1,0,0,0,0,0,0,"- ","- ",37.463588714599609,-120.90361022949219,STANISLAUS,UNINCORPORATED,-120.90364074707031,37.463581085205078
90944042,2019,2019-03-12,9465,2019-03-04,2000,019713,,1,2,9,5000,0,1,3,,2,053,"STATE ROUTE 33","BELL ROAD",5280.00,S,N,A,-,Y,,,33,,,,,,,Y,2,0,1,1,A,-,01,23152,A,N,F,A,A,A,H,-,D,D,0,,,,,Y,Y,A,01,1,0,0,0,0,0,0,0,0,"- ","- ",37.420658111572266,-121.09140014648438,STANISLAUS,UNINCORPORATED,-121.09146118164062,37.420616149902344
90944128,2019,2019-03-12,9465,2019-03-04,1830,020833,,1,2,9,5000,0,1,3,,2,015,"STATE ROUTE 219 (KIERNAN AVENUE)","STATE ROUTE 99",30.00,E,N,A,-,Y,,,219,,,,,,,Y,3,0,2,2,A,-,03,22350,,N,C,C,A,A,H,-,C,A,0,,,,,Y,,D,22,0,1,1,0,0,0,0,0,0,"- ","- ",37.708999633789062,-121.08119964599609,STANISLAUS,UNINCORPORATED,-121.08110809326172,37.708854675292969
90946319,2019,2019-03-14,9465,2019-03-13,1235,015979,,3,1,9,5000,0,3,5,,2,030,"SOUTH SANTA CRUZ AVENUE","CANAL STREET",0.00,,Y,A,-,N,,,,,,,,,,N,3,0,1,2,A,-,03,22350,,F,C,G,A,A,H,-,A,D,0,,Y,,,Y,,A,01,0,1,0,0,0,0,1,0,0,"- ","- ",37.632671356201172,-120.97473907470703,STANISLAUS,UNINCORPORATED,-120.97474670410156,37.632659912109375
90947704,2019,2019-03-18,9465,2019-03-10,0140,021321,,7,3,9,5000,0,1,3,,2,012,"STATE ROUTE 132","DAKOTA AVENUE",2640.00,W,N,B,-,Y,,,132,,,,,,,Y,2,0,3,1,A,-,08,22107,,N,E,I,A,B,H,-,D,D,0,,,,,Y,,A,01,1,2,0,0,0,0,0,0,0,"- ","- ",37.638099670410156,-121.07614898681641,STANISLAUS,UNINCORPORATED,-121.07614898681641,37.638198852539062
90951491,2019,2019-03-22,9465,2019-03-14,0205,020912,,4,3,9,5000,0,3,5,,2,010,"SR-108 (PATTERSON ROAD)","COFFEE ROAD",1056.00,W,N,A,-,Y,,,108,,,,,,,Y,3,0,2,1,A,-,01,23152,A,F,E,I,A,A,H,-,D,D,0,,,,,Y,Y,A,07,0,2,0,0,0,0,0,0,0,"- ","- ",37.732791900634766,-120.98084259033203,STANISLAUS,UNINCORPORATED,-120.98084259033203,37.732757568359375
90954259,2019,2019-03-27,9465,2019-03-18,1650,020833,,1,2,6,5002,0,1,3,,2,011,"STATE ROUTE 99 (NORTHBOUND)","PELANDALE AVENUE",1000.00,S,N,A,-,Y,,,99,,,,,,,Y,4,0,3,1,A,-,08,22107,,N,F,A,A,A,H,-,A,D,0,,,,,Y,,A,01,0,0,3,0,0,0,0,0,0,"- ","- ",37.694999694824219,-121.06719970703125,STANISLAUS,MODESTO,-121.06718444824219,37.695014953613281
90954928,2019,2019-03-27,9465,2019-03-21,1500,020914,,4,2,9,5000,0,3,5,,2,040,"CROWS LANDING ROAD","BARNHART ROAD",500.00,S,N,A,-,N,,,,,,,,,,Y,4,0,1,2,A,-,03,22350,,N,C,C,A,A,H,-,A,D,0,,,,,Y,,A,01,0,0,1,0,0,0,0,0,0,"- ","- ",37.542549133300781,-120.99349212646484,STANISLAUS,UNINCORPORATED,-120.9935302734375,37.542655944824219
9095619,2020,2020-07-29,5002,2020-04-20,1412,13207,260,1,5,6,5002,0,0,0,,0,081,"DOWNEY AV","SEMPLE ST",42.00,E,N,A,-,N,,,,,,,,,,N,3,0,1,2,A,-,08,22107,,N,B,C,A,A,H,-,A,A,0,,,,,Y,,-,,0,1,0,0,0,0,0,0,0,"- ","- ",,,STANISLAUS,MODESTO,-120.99013519287109,37.645500183105469
90957180,2019,2019-03-29,9465,2019-03-19,1608,020374,,2,2,9,5000,0,3,5,,2,010,"HAMMETT ROAD","CICCARELLI ROAD",630.00,S,N,A,-,N,,,,,,,,,,Y,4,0,2,2,A,-,05,21650,,N,A,C,A,A,H,-,A,D,0,,,Y,,Y,,C,02,0,0,2,0,0,0,0,0,1,"- ","- ",37.716148376464844,-121.10498809814453,STANISLAUS,UNINCORPORATED,-121.10503387451172,37.716300964355469
9095741,2020,2020-07-30,5002,2020-04-21,1225,11413,117,2,5,6,5002,0,0,0,,0,081,SUNRISE,ORANGEBURG,40.00,N,N,A,-,N,,,,,,,,,,N,4,0,1,2,A,-,21,22106,,N,C,C,A,A,H,-,A,A,0,,,,,Y,,A,01,0,0,1,0,0,0,0,0,0,"- ","- ",,,STANISLAUS,MODESTO,-120.98481750488281,37.663730621337891
90958652,2019,2019-04-02,9465,2019-03-08,0030,021368,,5,3,5,5007,0,1,3,,2,041,"SR-99 SOUTHBOUND","FULKERTH ROAD",2640.00,N,N,B,-,Y,,,99,,,,,,S,Y,4,0,1,2,A,-,01,23152,A,M,C,C,A,A,H,-,D,D,0,,,,,Y,Y,A,01,0,0,1,0,0,0,0,0,0,"- ","- ",37.510898590087891,-120.87993621826172,STANISLAUS,TURLOCK,-120.87989807128906,37.510921478271484
90961258,2019,2019-04-04,9465,2019-03-26,1406,021235,,2,2,9,5000,0,2,4,,2,034,"GEER ROAD","WHITMORE AVENUE",80.00,S,N,A,-,N,,,,,,,,,,Y,4,0,1,3,A,-,03,22350,,N,C,C,A,A,H,-,A,D,0,,,,,Y,,A,01,0,0,1,0,0,0,0,0,0,"- ","- ",37.594440460205078,-120.8472900390625,STANISLAUS,UNINCORPORATED,-120.84725952148438,37.594478607177734
90963982,2019,2019-04-09,9465,2019-03-24,2335,020912,,7,3,9,5000,0,3,5,,2,010,"GRIMES AVENUE","CALIFORNIA AVENUE",1056.00,S,N,A,-,N,,,,,,,,,,Y,4,0,1,1,A,-,01,23152,A,M,E,I,A,A,H,-,D,D,0,,,,,Y,Y,A,01,0,0,1,0,0,0,0,0,0,"- ","- ",37.627960205078125,-121.04438781738281,STANISLAUS,UNINCORPORATED,-121.04432678222656,37.628360748291016
90964785,2019,2019-04-10,9465,2019-03-25,1550,019730,,1,2,9,5000,0,3,5,,2,020,"RIVER ROAD","CLEVELAND AVENUE",425.00,E,N,B,-,N,,,,,,,,,,Y,2,0,1,1,A,-,08,22107,,N,F,A,A,A,H,-,A,D,0,,,,,Y,,D,22,1,0,0,0,0,0,0,0,0,"- ","- ",37.780239105224609,-120.88294982910156,STANISLAUS,UNINCORPORATED,-120.88311004638672,37.780097961425781
90964788,2019,2019-04-10,9465,2019-03-29,1425,019730,,5,2,9,5000,0,3,5,,2,020,"RIVER ROAD","VICTORY AVENUE",225.00,E,N,A,-,N,,,,,,,,,,N,4,0,1,1,A,-,08,22107,,N,E,I,A,A,H,-,A,D,0,,,,,Y,,D,22,0,0,1,0,0,0,0,0,0,"- ","- ",37.769321441650391,-120.92208099365234,STANISLAUS,UNINCORPORATED,-120.92219543457031,37.769367218017578
90964793,2019,2019-04-16,9465,2019-03-31,1328,020457,,7,1,9,5000,0,1,3,,2,011,"VIVIAN ROAD","GRAYSON ROAD",0.00,,Y,A,-,N,,,,,,,,,,Y,2,0,7,2,A,-,01,23152,F,N,D,C,A,A,H,-,A,A,0,,,,,Y,,D,22,4,3,0,0,0,0,0,0,0,"- ","- ",37.5660400390625,-121.04827117919922,STANISLAUS,UNINCORPORATED,-121.0484619140625,37.565959930419922
90966904,2019,2019-04-12,9465,2019-03-31,1425,019155,,7,2,5,5007,0,1,3,,2,041,"STATE ROUTE 99 (NORTHBOUND)","MONTE VISTA AVENUE",2112.00,N,N,A,-,Y,,,99,,,,,,,Y,3,0,1,1,A,-,08,22107,,N,F,I,A,A,H,-,A,D,0,,,,,Y,,A,01,0,1,0,0,0,0,0,0,0,"- ","- ",37.526771545410156,-120.88823699951172,STANISLAUS,TURLOCK,-120.88832092285156,37.526725769042969
9096810,2020,2020-07-31,5003,2020-05-02,1927,N305,,6,5,2,5003,0,0,0,,0,,"AMY DR","DRISKELL AV",79.00,S,N,A,-,N,,,,,,,,,,N,3,0,1,2,A,-,08,22107,,N,C,E,A,A,H,-,A,D,0,,,,,Y,Y,A,01,0,1,0,0,0,0,0,0,0,"- ","- ",37.317600250244141,-121.01727294921875,STANISLAUS,NEWMAN,-121.01802062988281,37.318099975585938
9096811,2020,2020-07-31,5003,2020-01-15,1615,N222,,3,5,2,5003,0,0,0,,0,,"MAIN AV","FRESNO AV",0.00,,Y,A,-,N,,,,,,,,,,N,4,0,1,2,A,-,12,22450,A,N,D,D,A,A,H,-,A,A,0,,,,,Y,,A,01,0,0,1,0,0,0,0,0,0,"- ","- ",,,STANISLAUS,NEWMAN,-121.02239990234375,37.314640045166016
90968940,2019,2019-04-16,9465,2019-04-07,1455,018844,,7,2,9,5000,0,3,5,,2,020,"VALLEY HOME ROAD","SR-120 (LON DALE ROAD)",203.00,N,N,A,-,N,,,,,,,,,,Y,3,0,1,2,A,-,05,21460,A,N,B,C,A,A,H,-,A,D,0,,,,,Y,,D,22,0,1,0,0,0,0,0,0,0,"- ","- ",37.790428161621094,-120.86624908447266,STANISLAUS,UNINCORPORATED,-120.86434936523438,37.789024353027344
90970128,2019,2019-04-18,9465,2019-04-10,2007,018671,,3,2,9,5000,0,1,3,,2,022,SR-108/120,"DILLWOOD ROAD",0.00,,Y,A,-,Y,,,120,,,,,,,Y,4,0,1,1,A,-,01,23152,A,N,E,I,A,A,H,-,D,A,0,,,,,Y,Y,A,07,0,0,1,0,0,0,0,0,0,"- ","- ",37.776580810546875,-120.79331207275391,STANISLAUS,UNINCORPORATED,-120.79331207275391,37.776454925537109
90972025,2019,2019-04-22,9465,2019-04-06,0225,020912,,6,3,9,5000,0,3,5,,2,030,"BERKELEY ROAD","WHITMORE AVENUE",1056.00,S,N,B,-,N,,,,,,,,,,Y,3,0,1,1,A,-,01,23152,A,N,F,A,A,A,H,-,D,D,0,,,,,Y,Y,A,07,0,1,0,0,0,0,0,0,0,"- ","- ",37.591670989990234,-120.82900238037109,STANISLAUS,UNINCORPORATED,-120.8289794921875,37.591800689697266
90973151,2019,2019-04-23,9465,2019-04-15,0850,018259,,1,1,9,5000,0,3,5,,2,040,"BUTTE AVENUE","EUREKA STREET",0.00,,Y,B,-,N,,,,,,,,,,Y,4,0,1,2,A,-,09,21801,A,N,D,C,A,A,H,-,A,D,0,,,,,Y,,A,07,0,0,1,0,0,0,0,0,0,"- ","- ",37.605709075927734,-120.99529266357422,STANISLAUS,UNINCORPORATED,-120.99529266357422,37.605728149414062
90973647,2019,2019-04-23,9465,2019-04-17,1640,020609,,3,2,6,5002,0,3,5,,2,010,"STATE ROUTE 99","KANSAS AVENUE",1056.00,N,N,A,-,Y,,,99,,,,,,,Y,4,0,1,3,A,-,03,22350,,N,C,A,A,A,H,-,A,D,0,,,,,Y,,A,01,0,0,1,0,0,0,0,0,0,"- ","- ",37.648090362548828,-121.018798828125,STANISLAUS,MODESTO,-121.01879119873047,37.648097991943359
90973967,2019,2019-04-24,9465,2019-04-16,2350,021337,,2,3,9,5000,0,1,3,,2,053,SR-33,"MCCRACKEN ROAD",2112.00,N,N,A,-,Y,,,33,,,,,,,N,4,0,1,1,C,-,18,,,N,H,H,A,A,H,-,D,D,0,,,,Y,Y,,-,"- ",0,0,1,0,0,0,0,0,0,"- ","- ",37.618961334228516,-121.27455902099609,STANISLAUS,UNINCORPORATED,-121.27455139160156,37.618965148925781