CASE_ID,ACCIDENT_YEAR,PROC_DATE,JURIS,COLLISION_DATE,COLLISION_TIME,OFFICER_ID,REPORTING_DISTRICT,DAY_OF_WEEK,CHP_SHIFT,POPULATION,CNTY_CITY_LOC,SPECIAL_COND,BEAT_TYPE,CHP_BEAT_TYPE,CITY_DIVISION_LAPD,CHP_BEAT_CLASS,BEAT_NUMBER,PRIMARY_RD,SECONDARY_RD,DISTANCE,DIRECTION,INTERSECTION,WEATHER_1,WEATHER_2,STATE_HWY_IND,CALTRANS_COUNTY,CALTRANS_DISTRICT,STATE_ROUTE,ROUTE_SUFFIX,POSTMILE_PREFIX,POSTMILE,LOCATION_TYPE,RAMP_INTERSECTION,SIDE_OF_HWY,TOW_AWAY,COLLISION_SEVERITY,NUMBER_KILLED,NUMBER_INJURED,PARTY_COUNT,PRIMARY_COLL_FACTOR,PCF_CODE_OF_VIOL,PCF_VIOL_CATEGORY,PCF_VIOLATION,PCF_VIOL_SUBSECTION,HIT_AND_RUN,TYPE_OF_COLLISION,MVIW,PED_ACTION,ROAD_SURFACE,ROAD_COND_1,ROAD_COND_2,LIGHTING,CONTROL_DEVICE,CHP_ROAD_TYPE,PEDESTRIAN_ACCIDENT,BICYCLE_ACCIDENT,MOTORCYCLE_ACCIDENT,TRUCK_ACCIDENT,NOT_PRIVATE_PROPERTY,ALCOHOL_INVOLVED,STWD_VEHTYPE_AT_FAULT,CHP_VEHTYPE_AT_FAULT,COUNT_SEVERE_INJ,COUNT_VISIBLE_INJ,COUNT_COMPLAINT_PAIN,COUNT_PED_KILLED,COUNT_PED_INJURED,COUNT_BICYCLIST_KILLED,COUNT_BICYCLIST_INJURED,COUNT_MC_KILLED,COUNT_MC_INJURED,PRIMARY_RAMP,SECONDARY_RAMP,LATITUDE,LONGITUDE,COUNTY,CITY,POINT_X,POINT_Y
91564520,2021,2021-09-07,9465,2021-06-08,1237,018259,,2,1,9,5000,0,1,1,,2,055,"INTERSTATE 5 (I-5) NB","DEL PUERTO CANYON ROAD",369.00,N,N,A,-,Y,,,5,,,,,,N,Y,1,1,1,1,A,-,08,22107,,N,F,A,A,A,H,-,A,D,0,,,,Y,Y,,G,25,1,0,0,0,0,0,0,0,0,"- ","- ",37.464771270751953,-121.18118286132812,STANISLAUS,UNINCORPORATED,-121.18117523193359,37.464778900146484
91566277,2021,2021-09-09,9465,2021-08-26,0802,020260,,4,1,9,5000,0,3,5,,2,040,"WEST MAIN STREET","FAITH HOME ROAD",600.00,E,N,A,-,N,,,,,,,,,,Y,3,0,3,3,A,-,03,22350,,N,C,C,A,A,H,-,A,D,0,,,,Y,Y,,D,22,0,3,0,0,0,0,0,0,0,"- ","- ",37.492691040039062,-120.91966247558594,STANISLAUS,UNINCORPORATED,-120.91947937011719,37.492626190185547
91566284,2021,2021-09-09,9465,2021-08-29,0840,018623,,7,1,9,5000,0,2,4,,2,024,"ALBERS ROAD","DUSTY LANE",2370.00,S,N,A,-,N,,,,,,,,,,Y,2,0,8,2,A,-,05,21460,C,N,B,C,A,A,H,-,A,D,0,,,,,Y,,A,07,1,6,1,0,0,0,0,0,0,"- ","- ",37.653999328613281,-120.84793853759766,STANISLAUS,UNINCORPORATED,-120.84794616699219,37.653831481933594
91566308,2021,2021-09-09,9465,2021-08-29,1855,020833,,7,2,9,5000,0,3,5,,2,010,"CARPENTER ROAD","ROBERTSON ROAD",0.00,,Y,A,-,N,,,,,,,,,,N,2,0,1,2,A,-,09,21801,A,N,D,C,A,A,H,-,A,A,0,,,Y,,Y,,A,08,1,0,0,0,0,0,0,0,1,"- ","- ",37.613239288330078,-121.03041076660156,STANISLAUS,UNINCORPORATED,-121.03041076660156,37.613231658935547
91566490,2021,2021-09-09,9465,2021-08-25,1828,018274,,3,2,9,5000,0,3,5,,2,020,"PLAINVIEW ROAD","TERMINAL AVENUE",0.00,,Y,A,-,N,,,,,,,,,,Y,3,0,3,2,A,-,12,22450,A,N,D,C,A,A,H,-,A,A,0,,,,,Y,,A,07,0,2,1,0,0,0,0,0,0,"- ","- ",37.703571319580078,-120.92626190185547,STANISLAUS,UNINCORPORATED,-120.92628479003906,37.703582763671875
91570623,2021,2021-09-15,9465,2021-08-27,2007,018274,,5,2,9,5000,0,3,5,,2,020,"26 MILE ROAD","METTLER ROAD",115.00,S,N,A,-,N,,,,,,,,,,Y,2,0,3,3,A,-,05,21460,C,F,A,C,A,A,H,-,D,D,0,,,,,Y,,-,99,1,1,1,0,0,0,0,0,0,"- ","- ",37.820079803466797,-120.86884307861328,STANISLAUS,UNINCORPORATED,-120.868798,37.820031
91570680,2021,2021-09-15,9465,2021-09-07,1510,020609,,2,2,5,5007,0,1,3,,2,041,"STATE ROUTE 99 (SOUTHBOUND)","MONTE VISTA AVENUE",2030.00,N,N,A,-,Y,,,99,,,,,,,Y,4,0,1,1,A,-,08,22107,,N,E,I,A,A,H,-,A,D,0,,,,,Y,,A,01,0,0,1,0,0,0,0,0,0,"- ","- ",37.531581878662109,-120.89032745361328,STANISLAUS,TURLOCK,-120.89031219482422,37.531585693359375
91571215,2021,2021-09-15,9465,2021-09-03,1400,020833,,5,2,9,5000,0,2,4,,2,026,"CLARIBEL ROAD","CLAUS ROAD",1400.00,E,N,A,-,N,,,,,,,,,,N,4,0,2,2,A,-,09,21801,A,N,E,J,A,A,H,-,A,D,0,,,,,Y,,D,22,0,0,2,0,0,0,0,0,0,"- ","- ",37.710929870605469,-120.91677093505859,STANISLAUS,UNINCORPORATED,-120.91703033447266,37.710929870605469
91574003,2021,2021-09-20,9465,2021-09-04,1015,018955,,6,1,9,5000,0,3,5,,2,020,"RODDEN ROAD","OAK VIEW DRIVE",198.00,E,N,A,-,N,,,,,,,,,,N,4,0,1,2,A,-,03,22350,,N,C,C,A,A,H,-,A,D,0,,,Y,,Y,,C,02,0,0,1,0,0,0,0,0,1,"- ","- ",37.795448303222656,-120.82467651367188,STANISLAUS,UNINCORPORATED,-120.82469940185547,37.795448303222656
91574008,2021,2021-09-20,9465,2021-09-11,1855,020457,,6,2,9,5000,0,1,3,,2,028,"STATE ROUTE 4","MILTON ROAD",5544.00,E,N,A,-,Y,,,4,,,,,,,Y,3,0,1,1,A,-,08,22107,,N,F,A,A,A,H,-,B,D,0,,,,,Y,Y,A,01,0,1,0,0,0,0,0,0,0,"- ","- ",37.944408416748047,-120.82441711425781,STANISLAUS,UNINCORPORATED,-120.82442474365234,37.94439697265625
91574098,2021,2021-09-20,9465,2021-08-27,1102,018259,,5,1,9,5000,0,1,1,,2,055,"INTERSTATE 5 (SOUTHBOUND)","INGRAM CREEK ROAD",1000.00,S,N,B,-,Y,,,5,,,,,,,N,4,0,1,2,A,-,07,21658,A,N,D,C,A,A,H,-,A,D,0,,,,,Y,,A,07,0,0,1,0,0,0,0,0,0,"- ","- ",37.538021087646484,-121.26531219482422,STANISLAUS,UNINCORPORATED,-121.26530456542969,37.538021087646484
91574507,2021,2021-09-20,9465,2021-09-05,1845,020833,,7,2,9,5000,0,3,5,,2,010,"LADD ROAD","CARVER ROAD",0.00,,Y,A,-,N,,,,,,,,,,Y,4,0,2,2,A,-,12,22450,A,N,D,C,A,A,H,-,A,A,0,,,,,Y,,D,22,0,0,2,0,0,0,0,0,0,"- ","- ",37.733100891113281,-121.02352142333984,STANISLAUS,UNINCORPORATED,-121.02355194091797,37.733074188232422
91575658,2021,2021-09-21,9465,2021-09-15,1723,020833,,3,2,9,5000,0,3,5,,2,010,"CALIFORNIA AVENUE","WHEATLEY AVENUE",0.00,,Y,A,-,N,,,,,,,,,,Y,4,0,1,2,A,-,09,21802,A,N,D,C,A,A,H,-,A,A,0,,,,,Y,,A,07,0,0,1,0,0,0,0,0,0,"- ","- ",37.63140869140625,-121.01770782470703,STANISLAUS,UNINCORPORATED,-121.01773071289062,37.631412506103516
91575719,2021,2021-09-21,9465,2021-09-07,0800,019517,,2,1,9,5000,0,1,3,,2,041,"SR-99 N/B","FAITH HOME ROAD",310.00,N,N,A,-,Y,,,99,,,,,,N,Y,4,0,2,3,A,-,03,22350,,N,C,C,A,A,H,-,A,D,0,,,,,Y,,A,01,0,0,2,0,0,0,0,0,0,"- ","- ",37.560878753662109,-120.92147064208984,STANISLAUS,UNINCORPORATED,-120.9215087890625,37.560832977294922
91576307,2021,2021-09-22,9465,2021-09-16,2255,021062,,4,3,9,5000,0,3,5,,2,010,"BECKWITH ROAD","STATE ROUTE 99 (SOUTHBOUND)",1584.00,W,N,A,-,N,,,,,,,,,,Y,4,0,1,1,A,-,08,22107,,N,E,I,A,A,H,-,D,D,0,,,,,Y,,A,07,0,0,1,0,0,0,0,0,0,"- ","- ",37.682041168212891,-121.05763244628906,STANISLAUS,UNINCORPORATED,-121.05361175537109,37.683200836181641
91577611,2021,2021-09-23,9465,2021-09-16,1540,020457,,4,2,9,5000,0,3,5,,2,040,"FAITH HOME ROAD","FULKERTH ROAD",0.00,,Y,A,-,N,,,,,,,,,,Y,3,0,5,2,A,-,09,21802,A,N,D,C,A,A,H,-,A,A,0,,,,,Y,,A,01,0,4,1,0,0,0,0,0,0,"- ","- ",37.507099151611328,-120.92141723632812,STANISLAUS,UNINCORPORATED,-120.92143249511719,37.507129669189453
91578664,2021,2021-09-24,9465,2021-09-17,1830,021022,,5,2,9,5000,0,3,5,,2,040,"WEST MAIN STREET","BLAKER ROAD",0.00,,Y,A,-,N,,,,,,,,,,Y,4,0,1,2,A,-,09,21801,A,N,D,C,A,A,H,-,B,D,0,,,,,Y,,E,22,0,0,1,0,0,0,0,0,0,"- ","- ",37.492889404296875,-120.967529296875,STANISLAUS,UNINCORPORATED,-120.96749877929688,37.492866516113281
91579394,2021,2021-09-27,9465,2021-09-14,0948,019517,,2,1,9,5000,0,1,3,,2,041,"SR-99 N/B","WHITMORE AVENUE",850.00,S,N,A,-,Y,,,,,,,,,,Y,4,0,1,2,A,-,03,22350,,N,C,C,A,A,H,-,A,D,0,,,,Y,Y,,G,26,0,0,1,0,0,0,0,0,0,"- ","- ",37.592960357666016,-120.95825958251953,STANISLAUS,UNINCORPORATED,-120.95829772949219,37.592983245849609
91583800,2021,2021-09-30,9465,2021-05-28,1340,017966,,5,1,9,5000,0,3,5,,2,010,"COFFEE ROAD","CRAWFORD ROAD",300.00,N,N,A,-,N,,,,,,,,,,Y,1,1,1,2,A,-,06,21750,A,N,D,C,A,A,H,-,A,D,0,,,Y,,Y,,C,02,0,0,1,0,0,0,0,1,0,"- ","- ",37.719600677490234,-120.976806640625,STANISLAUS,UNINCORPORATED,-120.97678399999999,37.719062999999998
91583884,2021,2021-09-30,9465,2021-05-18,1857,018274,,2,2,9,5000,0,3,5,,2,020,"ORANGE BLOSSOM ROAD","LANCASTER ROAD",20.00,N,N,A,-,N,,,,,,,,,,Y,1,2,3,2,A,-,01,23152,A,N,A,C,A,A,H,-,A,D,0,,,,,Y,Y,D,22,2,1,0,0,0,0,0,0,0,"- ","- ",37.782699584960938,-120.76644897460938,STANISLAUS,UNINCORPORATED,-120.76642608642578,37.782752990722656
91585509,2021,2021-10-01,9465,2021-09-14,0245,020914,,2,3,9,5000,0,3,5,,2,010,"PARADISE ROAD","LATERAL NUMBER FOUR",525.00,S,N,A,-,N,,,,,,,,,,Y,4,0,1,1,A,-,01,23152,F,N,F,A,A,A,H,-,D,D,0,,,,,Y,,A,01,0,0,1,0,0,0,0,0,0,"- ","- ",37.62921142578125,-121.15899658203125,STANISLAUS,UNINCORPORATED,,
91586839,2021,2021-10-04,9465,2021-09-23,0335,018623,,4,3,9,5000,0,1,3,,2,012,"STATE ROUTE 132","PAULINE AVENUE",0.00,,N,A,-,Y,,,132,,,,,,,Y,3,0,1,2,A,-,03,22350,,N,C,C,A,A,H,-,C,D,0,,,,,Y,,D,22,0,1,0,0,0,0,0,0,0,"- ","- ",37.638320922851562,-121.05361938476562,STANISLAUS,UNINCORPORATED,-121.05361938476562,37.638412475585938
91589169,2021,2021-10-06,9465,2021-09-25,0937,021226,,6,1,5,5007,0,1,3,,2,041,"STATE ROUTE 99 (SOUTHBOUND)","MONTE VISTA AVENUE",1600.00,N,N,A,-,Y,,,99,,,,,,,Y,4,0,1,2,A,-,08,22107,,N,E,8,A,A,H,-,A,D,0,,,,,Y,,A,07,0,0,1,0,0,0,0,0,0,"- ","- ",37.526248931884766,-120.88812255859375,STANISLAUS,TURLOCK,-120.88808441162109,37.526271820068359
91589697,2021,2021-10-06,9465,2021-09-30,0025,021239,,4,3,9,5000,0,3,5,,2,030,SR-132,"ALBERS ROAD",0.00,,Y,B,-,N,,,132,,,,,,,N,4,0,1,2,A,-,12,21453,A,N,D,C,A,A,H,-,C,A,0,,,,,Y,,A,01,0,0,1,0,0,0,0,0,0,"- ","- ",37.638710021972656,-120.84770965576172,STANISLAUS,UNINCORPORATED,-120.84770965576172,37.638729095458984
91590480,2021,2021-10-07,9465,2021-09-28,1745,018767,,2,2,9,5000,0,3,5,,2,040,"GRAYSON RD","LAIRD ROAD",2640.00,W,N,A,-,N,,,,,,,,,,N,4,0,1,2,A,-,09,21804,A,N,B,C,A,A,H,-,A,D,0,,,,,Y,,D,22,0,0,1,0,0,0,0,0,0,"- ","- ",37.565898895263672,-121.10678863525391,STANISLAUS,UNINCORPORATED,-121.11238861083984,37.565948486328125
91590972,2021,2021-10-07,9465,2021-09-24,1615,018274,,5,2,9,5000,0,3,5,,2,030,"S 9TH STREET","LOMBARDO AVENUE",0.00,,Y,A,-,N,,,,,,,,,,Y,3,0,1,3,A,-,09,21801,A,N,D,C,A,A,H,-,A,D,0,,,Y,,Y,,A,07,0,1,0,0,0,0,0,0,1,"- ","- ",37.621601104736328,-120.98571014404297,STANISLAUS,UNINCORPORATED,-120.98578643798828,37.621612548828125
91593459,2021,2021-12-10,9465,2021-09-17,1045,019730,,5,1,9,5000,0,3,5,,2,030,"CROWS LANDING ROAD","BLAKENBURG AVENUE",0.00,,Y,A,-,N,,,,,,,,,,N,3,0,1,2,A,-,09,21801,A,N,B,C,A,A,H,-,A,A,0,,,Y,,Y,,A,01,0,1,0,0,0,0,0,0,1,"- ","- ",37.620800018310547,-120.99356842041016,STANISLAUS,UNINCORPORATED,-120.99357604980469,37.620800018310547
91593566,2021,2021-10-11,9465,2021-09-30,1429,021235,,4,2,9,5000,0,3,5,,2,010,"STODDARD ROAD","PIRRONE ROAD",680.00,S,N,A,-,N,,,,,,,,,,N,4,0,1,3,A,-,03,22350,,N,C,C,A,A,H,-,A,D,0,,,,,Y,,D,22,0,0,1,0,0,0,0,0,0,"- ","- ",37.716300964355469,-121.06854248046875,STANISLAUS,UNINCORPORATED,-121.06851959228516,37.716564178466797
91594000,2021,2021-10-12,9465,2021-09-25,2030,021235,,6,2,9,5000,0,3,5,,2,020,"TERMINAL AVENUE","CLARIBEL ROAD",0.00,,Y,A,-,Y,,,,,,,,,,Y,3,0,1,2,A,-,17,21451,A,F,D,C,A,A,H,-,C,A,0,,,,,Y,,-,99,0,1,0,0,0,0,0,0,0,"- ","- ",37.710891723632812,-120.92932891845703,STANISLAUS,UNINCORPORATED,-120.92935943603516,37.710899353027344
91594534,2020,2021-10-12,9465,2020-10-31,1923,021022,,6,2,9,5000,0,3,5,,2,030,"SOUTH 9TH STREET","LOMBARDO AVENUE",0.00,,Y,A,-,N,,,,,,,,,,Y,1,1,0,3,A,-,01,23152,G,N,D,C,A,A,H,-,C,D,0,,,Y,,Y,Y,C,02,0,0,0,0,0,0,0,1,0,"- ","- ",37.621570587158203,-120.98573303222656,STANISLAUS,UNINCORPORATED,-120.98578643798828,37.621608734130859
91595443,2021,2021-10-13,9465,2021-10-04,1110,019517,,1,1,9,5000,0,1,3,,2,041,"SR-99 NB","HATCH ROAD",3696.00,S,N,A,-,Y,,,,,,,,,,N,4,0,3,2,A,-,03,22350,,M,C,C,A,A,H,-,A,D,0,,,,,Y,,A,01,0,0,3,0,0,0,0,0,0,"- ","- ",37.601509094238281,-120.96800994873047,STANISLAUS,UNINCORPORATED,-120.96820831298828,37.601619720458984
91596532,2021,2021-10-14,9465,2021-09-24,1445,021235,,5,2,9,5000,0,3,5,,2,010,"PARADISE ROAD","PAULINE AVENUE",445.00,E,N,A,-,N,,,,,,,,,,Y,2,0,1,1,A,-,01,23152,A,N,E,I,A,A,H,-,A,D,0,,,,,Y,Y,D,22,1,0,0,0,0,0,0,0,0,"- ","- ",37.609451293945312,-121.05126953125,STANISLAUS,UNINCORPORATED,-121.05169677734375,37.609348297119141
91596810,2021,2021-10-14,9465,2021-09-29,0840,017966,,3,1,9,5000,0,2,4,,2,016,"STATE ROUTE 219 (KIERNAN AVENUE)","STATE ROUTE 108",30.00,E,N,A,-,N,,,219,,,,,,,Y,4,0,2,2,A,-,09,21453,B,N,D,C,A,A,H,-,A,A,0,,,,,Y,,A,07,0,0,2,0,0,0,0,0,0,"- ","- ",37.710990905761719,-120.99468231201172,STANISLAUS,UNINCORPORATED,-120.99494171142578,37.711021423339844
91597946,2021,2021-10-15,9465,2021-10-08,0325,021239,,5,3,9,5000,0,3,5,,2,030,SR-132,"RESERVOIR ROAD",950.00,W,N,B,-,N,,,132,,,,,,,Y,4,0,1,1,A,-,08,22107,,N,E,J,A,A,H,-,D,D,0,,,,,Y,,A,07,0,0,1,0,0,0,0,0,0,"- ","- ",37.646389007568359,-120.68618011474609,STANISLAUS,UNINCORPORATED,-120.68618011474609,37.646377563476562
91598814,2021,2021-10-18,9465,2021-10-15,1504,021022,,5,2,9,5000,0,1,3,,2,012,SR-132,"GATES ROAD",9293.00,W,N,A,-,Y,,,132,,,,,,,Y,3,0,5,5,A,-,01,23152,A,N,B,C,A,A,H,-,A,D,0,,,,,Y,Y,A,01,0,1,4,0,0,0,0,0,0,"- ","- ",37.638221740722656,-121.19341278076172,STANISLAUS,UNINCORPORATED,-121.19340515136719,37.638263702392578
91599312,2021,2021-10-18,9465,2021-10-06,0545,017966,,3,3,9,5000,0,1,3,,2,011,"STATE ROUTE 99 (NORTHBOUND)","STATE ROUTE 219 (KIERNAN AVENUE)",1056.00,S,N,A,-,Y,,,99,,,,,,,N,4,0,1,2,A,-,07,21658,A,N,B,C,A,A,H,-,A,D,0,,,,Y,Y,,F,25,0,0,1,0,0,0,0,0,0,"- ","- ",37.706169128417969,-121.07755279541016,STANISLAUS,UNINCORPORATED,-121.07756805419922,37.706150054931641
91599596,2021,2021-10-18,9465,2021-06-19,2210,021549,,6,3,9,5000,0,3,5,,2,030,"EAST KEYES ROAD","MOUNTAIN VIEW ROAD",0.00,,Y,A,-,N,,,,,,,,,,Y,1,1,1,2,A,-,01,23152,A,N,D,C,A,A,H,-,D,A,0,,,,,Y,Y,A,01,0,0,1,0,0,0,0,0,0,"- ","- ",37.55120849609375,-120.87908172607422,STANISLAUS,UNINCORPORATED,-120.87908935546875,37.551223754882812
91601886,2021,2021-10-20,9465,2021-10-10,2230,018623,,7,3,9,5000,0,2,4,,2,016,"CLARIBEL ROAD","MCHENRY AVENUE",25.00,E,N,A,-,N,,,,,,,,,,N,4,0,1,2,A,-,12,21453,A,N,C,C,A,A,H,-,C,A,0,,,,,Y,,A,01,0,0,1,0,0,0,0,0,0,"- ","- ",37.711040496826172,-120.99481201171875,STANISLAUS,UNINCORPORATED,-120.99483489990234,37.711181640625
91603649,2021,2021-10-22,9465,2021-10-12,1400,019730,,2,2,9,5000,0,3,5,,2,030,"MARIPOSA ROAD","FARRAR AVENUE",0.00,,Y,A,-,N,,,,,,,,,,Y,3,0,3,2,A,-,09,21802,A,N,D,C,A,A,H,-,A,A,0,,,,,Y,,A,01,0,3,0,0,0,0,0,0,0,"- ","- ",37.634498596191406,-120.93451690673828,STANISLAUS,UNINCORPORATED,-120.93450927734375,37.634552001953125
91610871,2021,2021-10-29,9465,2021-08-04,1530,020833,,3,2,9,5000,0,3,5,,2,010,"WOODLAND AVENUE","CLARK ROAD",100.00,W,N,A,-,N,,,,,,,,,,Y,1,1,0,1,A,-,01,23152,A,N,F,A,A,A,H,-,A,D,0,,,,,Y,Y,A,01,0,0,0,0,0,0,0,0,0,"- ","- ",37.652458190917969,-121.08657073974609,STANISLAUS,UNINCORPORATED,-121.08625793457031,37.652484893798828
9161560,2020,2020-10-03,5007,2020-07-30,1335,5739,TPD,4,5,5,5007,0,0,0,,0,PD4,"COUNTRYSIDE DR","FULKERTH RD",275.00,N,N,A,-,N,,,,,,,,,,N,4,0,1,2,A,-,09,21804,A,N,D,C,A,A,H,-,A,A,0,,,,,Y,,A,01,0,0,1,0,0,0,0,0,0,"- ","- ",,,STANISLAUS,TURLOCK,-120.87532043457031,37.5079345703125
9161561,2020,2020-10-06,5007,2020-07-30,0737,5764,TPD,4,5,5,5007,0,0,0,,0,PD1,"MONTE VISTA AV","JAMES LN",0.00,,Y,A,-,N,,,,,,,,,,Y,4,0,2,2,D,-,00,,,N,D,D,A,A,H,-,A,A,0,,,,,Y,,-,"- ",0,0,2,0,0,0,0,0,0,"- ","- ",37.521839141845703,-120.84776306152344,STANISLAUS,TURLOCK,-120.84496307373047,37.521961212158203
9161612,2020,2020-10-23,5007,2020-08-04,1249,5792,TPD,2,5,5,5007,0,0,0,,0,BEAT1,"EAST MONTE VISTA AV","GEER AV",483.00,E,N,A,-,N,,,,,,,,,,Y,2,0,2,2,A,-,09,21804,A,N,D,C,A,A,H,-,A,D,0,,,,,Y,,A,01,1,0,1,0,0,0,0,0,0,"- ","- ",,,STANISLAUS,TURLOCK,-120.84721374511719,37.521953582763672
91619174,2021,2021-11-08,9465,2021-10-13,1213,018324,,3,1,9,5000,0,1,3,,2,041,"SR-99 (N/B)","ZEFF ROAD",500.00,S,N,A,-,Y,,,99,,,,,,,N,3,0,1,2,A,-,04,21703,,N,C,C,A,A,H,-,A,D,0,,,,Y,Y,,G,25,0,1,0,0,0,0,0,0,0,"- ","- ",37.623600006103516,-120.995849609375,STANISLAUS,UNINCORPORATED,-120.99588012695312,37.623592376708984
9162267,2020,2020-10-24,5007,2020-08-31,1353,5764,TPD,1,5,5,5007,0,0,0,,0,PD3,"WEST MAIN ST","S TEGNER RD",500.00,,N,-,-,N,,,,,,,,,,Y,3,0,3,2,A,-,05,21650,,N,-,-,A,-,-,-,-,-,0,,,,,Y,,-,"- ",0,1,2,0,0,0,0,0,0,"- ","- ",37.492698669433594,-120.88083648681641,STANISLAUS,TURLOCK,-120.88539886474609,37.492679595947266
91622718,2021,2021-11-11,9465,2021-10-22,1930,018274,,5,2,9,5000,0,2,4,,2,026,"CLARIBEL ROAD","ELEANOR ROAD",1267.00,E,N,B,-,N,,,,,,,,,,Y,3,0,2,2,A,-,01,23152,A,N,B,C,A,A,H,-,D,D,0,,,,,Y,Y,A,07,0,2,0,0,0,0,0,0,0,"- ","- ",37.710971832275391,-120.90325164794922,STANISLAUS,UNINCORPORATED,-120.90331268310547,37.71099853515625
91622897,2021,2021-11-12,9465,2021-10-11,1120,017966,,1,1,9,5000,0,1,3,,2,013,"STATE ROUTE 108","COFFEE ROAD",0.00,,Y,A,-,Y,,,108,,,,,,,Y,4,0,1,2,A,-,05,21752,D,N,B,C,A,A,H,-,A,D,0,,,Y,,Y,,C,02,0,0,1,0,0,0,0,0,1,"- ","- ",37.732749938964844,-120.97693634033203,STANISLAUS,UNINCORPORATED,-120.97693634033203,37.732749938964844
91622950,2021,2021-11-12,9465,2021-10-09,1305,019376,,6,1,5,5007,0,3,5,,2,020,"STATE ROUTE 99 (NORTHBOUND)","W. LINWOOD AVENUE",1584.00,N,N,A,-,Y,,,99,,,,,,,N,2,0,2,3,A,-,17,23114,A,M,C,C,A,A,H,-,A,D,0,,,,,Y,,-,99,1,1,0,0,0,0,0,0,0,"- ","- ",37.481250762939453,-120.86325836181641,STANISLAUS,TURLOCK,-120.86324310302734,37.481266021728516
91622983,2021,2021-11-16,9465,2021-10-18,1238,018955,,1,1,9,5000,0,3,5,,2,040,"AVENUE D","COWAN STREET",0.00,,Y,B,-,N,,,,,,,,,,N,3,0,3,2,A,-,09,21804,A,N,D,C,A,A,H,-,A,D,0,,,,,Y,,A,07,0,1,2,0,0,0,0,0,0,"- ","- ",37.560379028320312,-120.98577880859375,STANISLAUS,UNINCORPORATED,-120.98578643798828,37.560401916503906
91623918,2021,2021-11-15,9465,2021-09-07,2110,021062,,2,2,9,5000,0,3,5,,2,020,"STATE ROUTE 108","CRAWFORD ROAD",1854.00,W,N,A,-,Y,,,108,,,,,,,Y,1,1,1,2,A,-,01,23152,G,N,C,C,A,A,H,-,D,D,0,,,,,Y,Y,A,01,0,1,0,0,0,0,0,0,0,"- ","- ",37.7164306640625,-120.99513244628906,STANISLAUS,UNINCORPORATED,-120.99508666992188,37.7164306640625
91624227,2021,2021-11-15,9465,2021-09-13,0732,019155,,1,1,9,5000,0,3,5,,2,010,"CALIFORNIA AVENUE","SEYBOLD AVENUE",30.00,E,N,A,-,N,,,,,,,,,,N,4,0,1,2,A,-,11,21954,A,F,G,B,D,A,H,-,A,D,0,Y,,,,Y,,N,60,0,0,1,0,1,0,0,0,0,"- ","- ",37.631378173828125,-121.01912689208984,STANISLAUS,UNINCORPORATED,-121.01913452148438,37.63140869140625
91625639,2021,2021-11-16,9465,2021-09-28,1217,018259,,2,1,9,5000,0,3,5,,2,040,"FULKERTH ROAD","BYSTRUM ROAD",963.00,E,N,E,G,N,,,,,,,,,,Y,2,0,5,3,A,-,05,21650,,N,A,C,A,A,H,-,A,D,0,,,,,Y,,A,01,1,3,1,0,0,0,0,0,0,"- ","- ",37.507461547851562,-120.98197174072266,STANISLAUS,UNINCORPORATED,-120.98226928710938,37.507461547851562
9162614,2020,2020-10-20,5007,2020-08-09,2138,5797,TPD,7,5,5,5007,0,0,0,,0,PD2,"LANDER AV","SOUTH AV",0.00,,Y,A,-,N,,,,,,,,,,Y,3,0,2,2,A,-,17,21451,A,N,D,D,A,A,H,-,C,A,0,,,,,Y,,D,22,0,1,1,0,0,0,0,0,0,"- ","- ",37.485500335693359,-120.84898376464844,STANISLAUS,TURLOCK,-120.84898376464844,37.485530853271484
9162618,2020,2020-10-20,5007,2020-08-03,1617,5791,TPD,1,5,5,5007,0,0,0,,0,PD2,"NORTH GOLDEN STATE BL","OLIVE AV",0.00,,Y,A,-,N,,,,,,,,,,Y,4,0,1,2,A,-,12,21453,A,F,D,C,A,A,H,-,A,A,0,,,,,Y,,D,22,0,0,1,0,0,0,0,0,0,"- ","- ",37.495410919189453,-120.84686279296875,STANISLAUS,TURLOCK,-120.84686279296875,37.495399475097656
91627418,2021,2021-11-17,9465,2021-11-05,0820,017966,,5,1,6,5002,0,1,3,,2,011,"STATE ROUTE 99 (SOUTHBOUND)","PELANDALE AVENUE",1056.00,S,N,A,-,Y,,,99,,,,,,,Y,4,0,1,2,A,-,08,22107,,M,B,2,A,A,H,-,A,D,0,,,,,Y,,A,07,0,0,1,0,0,0,0,0,0,"- ","- ",37.695301055908203,-121.06784057617188,STANISLAUS,MODESTO,-121.06782531738281,37.695316314697266
91634099,2021,2021-11-24,9465,2021-11-15,0700,018671,,1,1,9,5000,0,3,5,,2,020,"RODDEN ROAD","AMERINE LANE",381.00,W,N,E,-,N,,,,,,,,,,Y,3,0,1,1,A,-,08,22107,,N,E,I,A,B,H,-,A,D,0,,,,,Y,,D,22,0,1,0,0,0,0,0,0,0,"- ","- ",37.795688629150391,-120.82212066650391,STANISLAUS,UNINCORPORATED,-120.82161712646484,37.795707702636719