CASE_ID,ACCIDENT_YEAR,PROC_DATE,JURIS,COLLISION_DATE,COLLISION_TIME,OFFICER_ID,REPORTING_DISTRICT,DAY_OF_WEEK,CHP_SHIFT,POPULATION,CNTY_CITY_LOC,SPECIAL_COND,BEAT_TYPE,CHP_BEAT_TYPE,CITY_DIVISION_LAPD,CHP_BEAT_CLASS,BEAT_NUMBER,PRIMARY_RD,SECONDARY_RD,DISTANCE,DIRECTION,INTERSECTION,WEATHER_1,WEATHER_2,STATE_HWY_IND,CALTRANS_COUNTY,CALTRANS_DISTRICT,STATE_ROUTE,ROUTE_SUFFIX,POSTMILE_PREFIX,POSTMILE,LOCATION_TYPE,RAMP_INTERSECTION,SIDE_OF_HWY,TOW_AWAY,COLLISION_SEVERITY,NUMBER_KILLED,NUMBER_INJURED,PARTY_COUNT,PRIMARY_COLL_FACTOR,PCF_CODE_OF_VIOL,PCF_VIOL_CATEGORY,PCF_VIOLATION,PCF_VIOL_SUBSECTION,HIT_AND_RUN,TYPE_OF_COLLISION,MVIW,PED_ACTION,ROAD_SURFACE,ROAD_COND_1,ROAD_COND_2,LIGHTING,CONTROL_DEVICE,CHP_ROAD_TYPE,PEDESTRIAN_ACCIDENT,BICYCLE_ACCIDENT,MOTORCYCLE_ACCIDENT,TRUCK_ACCIDENT,NOT_PRIVATE_PROPERTY,ALCOHOL_INVOLVED,STWD_VEHTYPE_AT_FAULT,CHP_VEHTYPE_AT_FAULT,COUNT_SEVERE_INJ,COUNT_VISIBLE_INJ,COUNT_COMPLAINT_PAIN,COUNT_PED_KILLED,COUNT_PED_INJURED,COUNT_BICYCLIST_KILLED,COUNT_BICYCLIST_INJURED,COUNT_MC_KILLED,COUNT_MC_INJURED,PRIMARY_RAMP,SECONDARY_RAMP,LATITUDE,LONGITUDE,COUNTY,CITY,POINT_X,POINT_Y
6426729,2014,2015-02-10,5001,2014-02-25,1400,705,,2,5,4,5001,0,0,0,,0,,"PARTEE LN","MORGAN RD",0.00,,Y,A,-,N,,,,,,,,,,Y,4,0,1,2,A,-,03,22350,,M,A,C,A,A,H,-,A,D,0,,,,,Y,,-,,0,0,1,0,0,0,0,0,0,"- ","- ",,,STANISLAUS,CERES,-120.97531995,37.577189959999998
6427309,2014,2014-07-03,5002,2014-03-26,1827,11231,M261,3,5,6,5002,0,0,0,,0,071,"SCENIC DR","BODEM AV",800.00,E,N,C,-,N,,,,,,,,,,Y,4,0,1,3,A,-,08,22107,,N,D,C,A,B,H,-,A,D,0,,,,,Y,,D,,0,0,1,0,0,0,0,0,0,"- ","- ",,,STANISLAUS,MODESTO,-120.98268907000001,37.647239970000001
6427313,2014,2014-07-03,5002,2014-03-30,2000,10145,M515,7,5,6,5002,0,0,0,,0,031,"CROWS LANDING RD","PECOS AV",93.00,S,N,C,-,N,,,,,,,,,,Y,4,0,1,2,A,-,01,23152,A,F,B,C,A,B,H,-,C,D,0,,,,,Y,Y,A,,0,0,1,0,0,0,0,0,0,"- ","- ",,,STANISLAUS,MODESTO,-120.99359133999999,37.61644476
6430308,2014,2014-06-20,5005,2014-03-13,1001,SQ24,5005,4,5,3,5005,0,0,0,,0,,PLAZA,"SALADO AV",0.00,,Y,A,-,N,,,,,,,,,,N,3,0,3,2,A,-,03,22350,,N,C,C,A,A,H,-,A,A,0,,,,,Y,,A,01,0,1,2,0,0,0,0,0,0,"- ","- ",,,STANISLAUS,PATTERSON,-121.13051994999999,37.471619889999999
6432437,2014,2014-06-25,5001,2014-03-23,1635,771,5001,7,5,4,5001,0,0,0,,0,003,"MITCHELL RD","DALE RD",0.00,,Y,A,-,N,,,,,,,,,,Y,2,0,1,3,A,-,03,22350,,N,B,C,A,A,H,-,A,A,0,,,,,Y,,-,,1,0,0,0,0,0,0,0,0,"- ","- ",,,STANISLAUS,CERES,-120.93868988,37.59761992
6432841,2014,2014-06-27,5001,2014-03-07,1930,340,,5,5,4,5001,0,0,0,,0,005,"WHITMORE AV","9TH ST",0.00,,Y,A,-,N,,,,,,,,,,Y,3,0,3,2,A,-,09,21801,A,N,D,C,A,A,H,-,C,A,0,,,,,Y,,A,01,0,1,2,0,0,0,0,0,0,"- ","- ",,,STANISLAUS,CERES,-120.94782999,37.594759969999998
6433262,2014,2014-06-27,5002,2014-03-07,1126,11012,317,5,5,6,5002,0,0,0,,0,042,"EL VISTA AV","HADDON AV",251.00,N,N,A,-,N,,,,,,,,,,Y,3,0,1,2,A,-,08,22107,,N,C,E,A,A,H,-,A,D,0,,,,,Y,,A,,0,1,0,0,0,0,0,0,0,"- ","- ",,,STANISLAUS,MODESTO,-120.95720901,37.642389260000002
6433266,2014,2014-07-01,5002,2014-03-07,1349,11622,M410,5,5,6,5002,0,0,0,,0,040,"7TH ST","G ST",18.00,S,N,A,-,N,,,,,,,,,,N,3,0,1,2,A,-,08,22107,,N,D,G,A,A,H,-,A,A,0,,Y,,,Y,,D,,0,1,0,0,0,0,1,0,0,"- ","- ",,,STANISLAUS,MODESTO,-120.99966670000001,37.635414539999999
6433270,2014,2016-02-22,5002,2014-03-07,1656,11012,376,5,5,6,5002,0,0,0,,0,034,"RT 132","SOUTH JEFFERSON ST",0.00,,Y,A,-,Y,STA,10,132,-,-,14.580,H,-,W,Y,4,0,5,2,A,-,03,22350,,N,C,C,A,A,H,-,A,A,0,,,,,Y,,D,,0,0,5,0,0,0,0,0,0,"- ","- ",,,STANISLAUS,MODESTO,-121.00946361,37.638631629999999
6433305,2014,2014-07-08,5002,2014-03-06,1108,11642,220,4,5,6,5002,0,0,0,,0,061,SYCAMORE,ROSEBURG,500.00,N,N,A,-,N,,,,,,,,,,Y,4,0,1,2,A,-,01,23152,B,N,C,E,A,A,H,-,A,-,0,,,,,Y,,A,,0,0,1,0,0,0,0,0,0,"- ","- ",,,STANISLAUS,MODESTO,-120.99790135000001,37.661503089999997
6437043,2014,2014-06-10,5007,2014-01-12,0007,6821,,7,5,5,5007,0,0,0,,0,001,"COLORADO AV",SPRINGER,0.00,,Y,A,-,N,,,,,,,,,,Y,4,0,2,2,A,-,12,22450,,N,D,C,A,A,H,-,C,A,0,,,,,Y,,A,07,0,0,2,0,0,0,0,0,0,"- ","- ",,,STANISLAUS,TURLOCK,-120.83508987,37.531009969999999
6437055,2014,2014-06-10,5007,2014-01-10,1450,5753,TURLO,5,5,5,5007,0,0,0,,0,004,CROWELL,SPRINGER,0.00,,Y,A,-,N,,,,,,,,,,N,4,0,1,2,A,-,10,21950,A,N,D,G,A,A,H,-,A,A,0,,Y,,,Y,,A,,0,0,1,0,0,0,1,0,0,"- ","- ",,,STANISLAUS,TURLOCK,-120.86217988999999,37.532799900000001
6437082,2014,2014-06-27,5007,2014-02-04,1711,5750,TURLO,2,5,5,5007,0,0,0,,0,002,LANDER,"5TH ST",0.00,,Y,A,-,N,,,,,,,,,,Y,4,0,2,3,A,-,03,22350,,M,C,C,A,A,H,-,A,D,0,,,,,Y,Y,A,08,0,0,2,0,0,0,0,0,0,"- ","- ",,,STANISLAUS,TURLOCK,-120.84898987,37.489749969999998
6439534,2014,2014-07-01,5001,2014-03-21,1637,340,,5,5,4,5001,0,0,0,,0,001,"HERNDON RD","NADINE AV",0.00,,Y,A,-,N,,,,,,,,,,Y,4,0,3,2,A,-,09,21802,A,N,D,C,A,A,H,-,A,A,0,,,,,Y,,A,01,0,0,3,0,0,0,0,0,0,"- ","- ",,,STANISLAUS,CERES,-120.97535990999999,37.613039909999998
6440105,2014,2016-04-09,9465,2014-04-01,1535,018800,,2,2,9,5000,0,1,3,,1,032,"RT 132","HARDIN RD",45.00,W,N,C,-,Y,STA,10,132,-,-,24.890,H,-,E,N,4,0,1,2,A,-,03,22350,,N,C,C,A,B,H,-,A,A,0,,,,,Y,,A,01,0,0,1,0,0,0,0,0,0,"- ","- ",37.638770000000001,-120.82035,STANISLAUS,UNINCORPORATED,-120.8158925,37.63874277
6440153,2014,2014-07-03,9465,2014-03-29,0100,019201,,6,3,9,5000,0,3,5,,2,020,"DUSTY LN","ALBERS RD",2719.00,W,N,A,-,N,,,,,,,,,,Y,4,0,1,1,A,-,01,23152,A,N,E,I,A,A,H,-,D,D,0,,,,,Y,Y,D,22,0,0,1,0,0,0,0,0,0,"- ","- ",37.660350000000001,-120.85947,STANISLAUS,UNINCORPORATED,-120.85735396,37.660374189999999
6440409,2014,2014-06-24,5002,2014-03-27,1309,10043,M485,4,5,6,5002,0,0,0,,0,033,"BRIGGS AV","ACKERMAN AV",100.00,E,N,A,-,N,,,,,,,,,,N,4,0,1,2,A,-,08,22107,,N,G,B,F,A,H,-,A,A,0,Y,,,,Y,,A,,0,0,1,0,1,0,0,0,0,"- ","- ",,,STANISLAUS,MODESTO,-121.0152647,37.628709999999998
6442915,2014,2016-02-22,9465,2014-03-22,2130,18410,,6,2,9,5000,0,1,3,,1,031,"RT 132","SANTA FE AV",0.00,,Y,A,-,Y,STA,10,132,-,-,20.103,I,5,E,Y,4,0,4,2,A,-,17,21451,A,N,D,C,A,A,H,-,C,A,0,,,,,Y,,A,01,0,0,4,0,0,0,0,0,0,"- ","- ",37.638309999999997,-120.90325,STANISLAUS,UNINCORPORATED,-120.90311606,37.638264839999998
6442942,2014,2016-01-29,9465,2014-03-28,1715,018825,,5,2,6,5002,0,1,3,,2,011,"RT 99","G ST",400.00,S,N,A,-,Y,STA,10,99,-,R,15.580,H,-,S,Y,4,0,1,2,A,-,03,22350,,N,C,C,A,A,H,-,A,D,1,,,,,Y,,A,01,0,0,1,0,0,0,0,0,0,"- ","- ",37.633499999999998,-121.0001,STANISLAUS,MODESTO,-121.00022429000001,37.633478480000001
6444632,2014,2016-02-24,5004,2014-03-11,1124,112,RD15,2,5,3,5004,0,0,0,,0,00N,"RT 108","4TH AV",0.00,,Y,A,-,Y,STA,10,120,-,-,5.220,I,5,W,Y,3,0,3,2,A,-,09,21801,A,N,A,C,A,A,H,-,A,D,0,,,,,Y,,-,,0,1,2,0,0,0,0,0,0,"- ","- ",,,STANISLAUS,OAKDALE,-120.84523461000001,37.767412040000004
6444641,2014,2016-03-02,5004,2014-03-26,1057,136,RD13,3,5,3,5004,0,0,0,,0,00N,"RT 120","C ST",0.00,,Y,C,-,Y,STA,10,120,-,-,4.840,I,5,W,Y,4,0,1,2,A,-,09,21801,,N,D,C,A,B,H,-,A,D,0,,,,,Y,,A,07,0,0,1,0,0,0,0,0,0,"- ","- ",,,STANISLAUS,OAKDALE,-120.84938296999999,37.770140060000003
6445035,2014,2014-07-28,5007,2014-04-07,0029,5714,5007,1,5,5,5007,0,0,0,,0,001,"GEER RD","CALAVERAS WY",72.00,S,N,A,-,N,,,,,,,,,,Y,4,0,1,2,A,-,01,23152,B,N,B,E,A,A,H,-,C,D,0,,,,,Y,Y,A,01,0,0,1,0,0,0,0,0,0,"- ","- ",,,STANISLAUS,TURLOCK,-120.84893099999999,37.524462999999997
6445054,2014,2014-07-11,5002,2014-04-09,0632,11317,M151,3,5,6,5002,0,0,0,,0,076,"SYLVAN AV","MCREYNOLDS DR",695.00,W,N,A,-,N,,,,,,,,,,Y,4,0,1,1,A,-,08,22107,,N,E,I,A,A,H,-,A,D,0,,,,,Y,,-,,0,0,1,0,0,0,0,0,0,"- ","- ",,,STANISLAUS,MODESTO,-120.94679169,37.688947560000003
6446141,2014,2015-03-03,9465,2014-04-02,1755,14737,,3,2,9,5000,0,3,5,,2,020,"LANGWORTH RD","CLARIBEL RD",1584.00,N,N,A,-,N,,,,,,,,,,Y,2,0,2,2,A,-,09,21804,A,N,D,C,A,A,H,-,A,D,0,,,Y,,Y,,-,"- ",1,0,1,0,0,0,0,0,1,"- ","- ",37.716030000000003,-120.89404999999999,STANISLAUS,UNINCORPORATED,-120.89403045,37.715369639999999
6446209,2014,2014-08-26,9465,2014-04-01,1445,018274,,2,2,9,5000,0,2,4,,2,042,"CROWS LANDING RD","CLAUSEN RD",637.00,S,N,B,C,N,,,,,,,,,,Y,4,0,1,1,A,-,08,22107,,N,E,I,A,B,H,-,A,D,0,,,,,Y,,A,01,0,0,1,0,0,0,0,0,0,"- ","- ",37.454140000000002,-121.00221999999999,STANISLAUS,UNINCORPORATED,-121.00189394,37.454965479999998
6448826,2014,2014-07-03,5007,2014-03-11,1819,5753,TPD,2,5,5,5007,0,0,0,,0,002,"WEST F ST","NINTH ST",0.00,,Y,A,-,N,,,,,,,,,,Y,4,0,1,2,A,-,12,22450,,F,D,C,A,A,H,-,A,A,0,,,,,Y,,A,,0,0,1,0,0,0,0,0,0,"- ","- ",,,STANISLAUS,TURLOCK,-120.84809993,37.482759989999998
6448827,2014,2014-07-03,5007,2014-03-22,1720,5743,5007,6,5,5,5007,0,0,0,,0,003,"FULKERTH RD","TULLY RD",0.00,E,N,A,-,N,,,,,,,,,,N,4,0,2,2,A,-,"- ",,,N,C,C,A,A,H,-,A,A,0,,,,,Y,,A,01,0,0,2,0,0,0,0,0,0,"- ","- ",,,STANISLAUS,TURLOCK,-120.87176995,37.507269979999997
6448829,2014,2014-07-03,5007,2014-03-27,1718,5729,5007,4,5,5,5007,0,0,0,,0,004,"KILROY RD",CHRISTOFFERSEN,0.00,,Y,A,-,N,,,,,,,,,,Y,3,0,2,2,A,-,09,21801,A,N,-,C,A,A,-,-,A,A,0,,,,,Y,,A,01,0,1,1,0,0,0,0,0,0,"- ","- ",,,STANISLAUS,TURLOCK,-120.87611988,37.529139880000002
6453563,2014,2014-07-28,5002,2014-05-21,1058,11136,M156,3,5,6,5002,0,0,0,,0,076,"SYLVAN AV","ELSKAR WY",0.00,,Y,A,-,N,,,,,,,,,,N,3,0,1,2,A,-,05,21650,1,N,D,G,A,A,H,-,A,A,0,,Y,,,Y,,L,04,0,1,0,0,0,0,1,0,0,"- ","- ",,,STANISLAUS,MODESTO,-120.95514,37.688960000000002
6456325,2014,2015-03-10,5001,2014-04-13,1250,123,,7,5,4,5001,0,0,0,,0,,"CROWS LANDING RD","HACKETT RD",62.00,S,N,A,-,N,,,,,,,,,,N,4,0,2,3,A,-,03,22350,,N,C,C,A,A,H,-,A,A,0,,,,,Y,,D,22,0,0,2,0,0,0,0,0,0,"- ","- ",,,STANISLAUS,CERES,-120.99364279,37.58747975
6457127,2014,2016-04-29,5002,2014-04-24,0836,11654,106,4,5,6,5002,0,0,0,,0,071,"RT 108","FLOYD AV",0.00,,Y,A,-,Y,STA,10,108,-,-,25.320,I,5,E,Y,4,0,2,2,A,-,12,21453,A,N,D,C,A,A,H,-,A,A,0,,,,,Y,,A,,0,0,2,0,0,0,0,0,0,"- ","- ",,,STANISLAUS,MODESTO,-120.99423614,37.678018799999997
6459656,2014,2014-08-11,9465,2014-05-13,1410,014588,,2,2,9,5000,0,3,5,,2,010,"PELTON AV","SUTTER AV",0.00,,Y,A,-,N,,,,,,,,,,N,4,0,1,2,A,-,09,21802,A,N,D,C,A,A,H,-,A,A,0,,,,,Y,,-,"- ",0,0,1,0,0,0,0,0,0,"- ","- ",37.616790000000002,-121.01184000000001,STANISLAUS,UNINCORPORATED,-121.01178998,37.616529939999999
6459668,2014,2014-08-11,9465,2014-05-08,1308,018059,,4,1,9,5000,0,3,5,,2,040,"CENTRAL AV","TAYLOR RD",601.00,N,N,A,-,N,,,,,,,,,,Y,3,0,1,1,A,-,08,22107,,N,E,I,A,A,H,-,A,D,0,,,,,Y,,-,"- ",0,1,0,0,0,0,0,0,0,"- ","- ",37.540649999999999,-120.95716,STANISLAUS,UNINCORPORATED,-120.95788371,37.534606719999999
6459776,2014,2014-08-26,9465,2014-05-06,1645,015098,,2,2,9,5000,0,3,5,,2,050,"UPPER RD","HALLOWELL RD",0.00,,Y,A,-,N,,,,,,,,,,Y,4,0,2,2,A,-,12,22450,A,N,D,C,A,A,H,-,A,A,0,,,,,Y,,-,"- ",0,0,2,0,0,0,0,0,0,"- ","- ",37.296590000000002,-121.03103,STANISLAUS,UNINCORPORATED,-121.03102986,37.296570000000003
6462788,2014,2016-04-11,9465,2014-04-06,1633,018274,,7,2,9,5000,0,1,3,,1,032,"RT 132","CRABTREE RD",3696.00,E,N,A,-,Y,STA,10,132,-,-,37.370,H,-,E,Y,4,0,1,1,A,-,01,23152,A,N,E,I,A,A,H,-,A,D,0,,,,,Y,Y,D,22,0,0,1,0,0,0,0,0,0,"- ","- ",37.641829999999999,-120.60091,STANISLAUS,UNINCORPORATED,-120.60084392,37.641957570000002
6463879,2014,2016-04-11,5002,2014-04-13,1034,10283,320,7,5,6,5002,0,0,0,,0,042,"RT 132","RIVERSIDE DR",24.00,E,N,A,-,Y,STA,10,132,-,-,17.660,H,-,E,Y,4,0,1,2,A,-,12,21453,A,N,D,C,A,A,H,-,A,A,0,,,,,Y,,D,,0,0,1,0,0,0,0,0,0,"- ","- ",,,STANISLAUS,MODESTO,-120.94788886000001,37.638170809999998
6464659,2014,2014-07-15,5007,2014-04-10,1607,5750,TURLO,4,5,5,5007,0,0,0,,0,001,"EAST HAWKEYE AV","NORTH OLIVE AV",0.00,,Y,A,-,N,,,,,,,,,,Y,3,0,2,2,A,-,09,21803,A,N,D,C,A,A,H,-,A,A,0,,,Y,,Y,,C,02,0,2,0,0,0,0,0,0,1,"- ","- ",,,STANISLAUS,TURLOCK,-120.83984999,37.507289970000002
6464752,2014,2014-07-22,5007,2014-04-03,1059,5730,,4,5,5,5007,0,0,0,,0,005,"GOLDEN STATE BL","HAWKEYE DR",0.00,,Y,A,-,N,,,,,,,,,,Y,3,0,3,2,A,-,12,21453,A,N,-,C,A,A,H,-,A,A,0,,,,,Y,,A,,0,2,1,0,0,0,0,0,0,"- ","- ",,,STANISLAUS,TURLOCK,-120.861113,37.507308999999999
6467946,2014,2016-02-22,5002,2014-03-25,1730,11093,125,2,5,6,5002,0,0,0,,0,033,"RT 132","SOUTH JEFFERSON ST",9.00,E,N,C,-,Y,STA,10,132,-,-,14.590,H,-,W,N,4,0,1,2,A,-,04,21703,,N,C,C,A,B,H,-,A,D,0,,,,,Y,,A,,0,0,1,0,0,0,0,0,0,"- ","- ",,,STANISLAUS,MODESTO,-121.00928273,37.638629049999999
6468022,2014,2016-03-29,5002,2014-04-19,2015,10184,309,6,5,6,5002,0,0,0,,0,073,"OAKDALE RD","COUNTY CENTER CT",0.00,,Y,A,-,N,,,,,,,,,,Y,3,0,1,2,A,-,08,22107,,N,D,C,A,A,H,-,C,A,0,,,,,Y,,-,,0,1,0,0,0,0,0,0,0,"- ","- ",,,STANISLAUS,MODESTO,-120.95746,37.655569999999997
6468065,2014,2014-07-10,5002,2014-04-12,1700,11629,M414,6,5,6,5002,0,0,0,,0,04D,"J ST","10TH ST",10.00,W,N,A,-,N,,,,,,,,,,Y,4,0,1,2,A,-,01,23152,A,N,B,E,A,A,H,-,A,A,0,,,Y,,Y,Y,C,,0,0,1,0,0,0,0,0,1,"- ","- ",,,STANISLAUS,MODESTO,-121.00032496999999,37.640481029999997
6469511,2014,2014-07-09,9465,2014-03-30,1820,18671,,7,2,9,5000,0,3,5,,2,020,"RODDEN RD","GIBBS DR",100.00,W,N,A,-,N,,,,,,,,,,Y,4,0,1,1,A,-,08,22107,,M,F,J,A,A,H,-,A,D,0,,,,,Y,,-,"- ",0,0,1,0,0,0,0,0,0,"- ","- ",37.787739999999999,-120.78953,STANISLAUS,UNINCORPORATED,-120.78793673,37.787999630000002
6469629,2014,2014-08-26,9465,2014-04-09,1610,15979,,3,2,9,5000,0,3,5,,2,040,"USTICK RD","INYO AV",0.00,,Y,A,-,N,,,,,,,,,,N,3,0,1,2,A,-,12,22450,A,F,D,G,A,A,H,-,A,A,0,,Y,,,Y,,L,04,0,1,0,0,0,0,1,0,0,"- ","- ",37.600900000000003,-121.01164,STANISLAUS,UNINCORPORATED,-121.01164996,37.600069959999999
6469665,2014,2016-04-09,9465,2014-04-09,0924,17288,,3,1,9,5000,0,1,1,,2,055,"RT 5","HOWARD RD",5280.00,S,N,A,-,Y,STA,10,5,-,-,21.980,H,-,N,Y,3,0,4,1,A,-,08,22107,,N,F,I,A,A,H,-,A,D,1,,,,,Y,,A,07,0,2,2,0,0,0,0,0,0,"- ","- ",37.528889999999997,-121.25336,STANISLAUS,UNINCORPORATED,-121.25440965999999,37.52968456
6471039,2014,2016-04-09,9465,2014-04-30,0635,018274,,3,1,9,5000,0,1,3,,2,041,"RT 99","9TH ST",1056.00,S,N,A,-,Y,STA,10,99,-,R,13.750,H,-,N,Y,3,0,1,2,A,-,07,21658,A,N,C,C,A,A,H,-,A,B,1,,,,Y,Y,,A,01,0,1,0,0,0,0,0,0,0,"- ","- ",37.615360000000003,-120.98148999999999,STANISLAUS,UNINCORPORATED,-120.98155301,37.615359300000001
6471063,2014,2014-07-12,5007,2014-04-18,1307,5697,,5,5,5,5007,0,0,0,,0,004,"WEST MONTE VISTA AV","NORTH WALNUT RD",25.00,W,N,A,-,N,,,,,,,,,,N,4,0,1,2,A,-,21,22106,,N,C,C,A,A,H,-,A,A,0,,,,,Y,,D,22,0,0,1,0,0,0,0,0,0,"- ","- ",,,STANISLAUS,TURLOCK,-120.86734619000001,37.521859579999997
6472753,2014,2014-07-10,5007,2014-04-24,1208,5610,,4,5,5,5007,0,0,0,,0,003,"FULKERTH RD","COUNTRYSIDE DR",20.00,W,N,A,-,N,,,,,,,,,,N,3,0,2,2,A,-,03,22350,,N,C,C,A,A,H,-,A,A,0,,,,,Y,,A,01,0,1,1,0,0,0,0,0,0,"- ","- ",,,STANISLAUS,TURLOCK,-120.87510894,37.507240400000001
6473789,2014,2014-06-26,5002,2014-04-25,1051,11226,,5,5,6,5002,0,0,0,,0,040,"RT 108/132","8TH ST",0.00,,Y,C,-,Y,,,,,,,,,,Y,4,0,3,3,A,-,09,21802,A,N,D,C,A,B,H,-,A,A,0,,,,,Y,,A,,0,0,3,0,0,0,0,0,0,"- ","- ",,,STANISLAUS,MODESTO,,
6478255,2014,2014-07-23,5002,2014-05-03,1830,11342,M595,6,5,6,5002,0,0,0,,0,073,"SCENIC DR","LILLIAN DR",0.00,,Y,A,-,N,,,,,,,,,,Y,4,0,1,2,A,-,03,22350,,N,C,D,A,A,H,-,A,D,0,,,,,Y,,A,,0,0,1,0,0,0,0,0,0,"- ","- ",,,STANISLAUS,MODESTO,-120.93210993,37.656259910000003
6478263,2014,2014-07-23,5002,2014-05-05,1233,10377,M275,1,5,6,5002,0,0,0,,0,071,"SCENIC DR","BODEN ST",0.00,,Y,A,-,N,,,,,,,,,,Y,4,0,1,2,A,-,12,21453,A,N,D,C,A,A,H,-,A,A,0,,,,,Y,,A,,0,0,1,0,0,0,0,0,0,"- ","- ",,,STANISLAUS,MODESTO,-120.98533988,37.646819979999997
6479718,2014,2014-07-15,5005,2014-04-19,0301,$Q96,P101,6,5,3,5005,0,0,0,,0,001,"EAST LAS PALMAS AV","NORTH 1ST ST",0.00,,Y,A,-,N,,,,,,,,,,N,4,0,1,2,A,-,09,21801,A,M,D,C,A,A,H,-,C,A,0,,,,,Y,,A,01,0,0,1,0,0,0,0,0,0,"- ","- ",37.473219999999998,-121.12761999999999,STANISLAUS,PATTERSON,-121.12752991000001,37.472749929999999
6482054,2014,2016-04-09,9465,2014-05-15,0905,18222,,4,1,6,5002,0,1,3,,2,011,"RT 99","CARPENTER RD",805.00,S,N,A,-,Y,STA,10,99,-,M,18.520,R,3,N,N,4,0,1,1,A,-,08,22107,,N,E,I,A,A,H,-,A,D,1,,,,,Y,,D,22,0,0,1,0,0,0,0,0,0,TO,"- ",37.664859999999997,-121.02915,STANISLAUS,MODESTO,-121.03131808000001,37.6662751
6482073,2014,2014-07-30,9465,2014-05-05,0530,15398,,1,3,9,5000,0,2,4,,2,014,"OAKDALE RD","CLARIBEL RD",2112.00,S,N,A,-,N,,,,,,,,,,Y,4,0,1,2,A,-,03,22350,,N,C,C,A,A,H,-,D,D,0,,,,,Y,,D,22,0,0,1,0,0,0,0,0,0,"- ","- ",37.70411,-120.95832,STANISLAUS,UNINCORPORATED,-120.95825961,37.705170879999997
6484120,2014,2014-07-29,5001,2014-05-14,0713,340,,3,5,4,5001,0,0,0,,0,,"LUPIN LN","FOWLER RD",5.00,N,N,A,-,N,,,,,,,,,,N,3,0,1,2,A,-,09,21803,A,N,D,B,B,A,H,-,A,A,0,Y,,,,Y,,N,60,0,1,0,0,1,0,0,0,0,"- ","- ",,,STANISLAUS,CERES,-120.93399006999999,37.601303729999998
6486893,2014,2014-06-30,5002,2014-05-18,2030,10329,MP99,7,5,6,5002,0,0,0,,0,031,"CROWS LANDING","BAROZZI AV",131.00,N,N,A,-,N,,,,,,,,,,N,3,0,1,2,A,-,05,21650,1,N,D,G,A,A,H,-,A,D,0,,Y,,,Y,,L,,0,1,0,0,0,0,1,0,0,"- ","- ",,,STANISLAUS,MODESTO,-120.99368613,37.611599750000003
6489633,2014,2016-04-09,9465,2014-05-29,1830,019713,,4,2,6,5002,0,1,3,,2,011,"RT 99","BECKWITH RD",1795.00,S,N,A,-,Y,STA,10,99,-,R,19.880,H,-,S,Y,4,0,1,2,A,-,03,22350,,N,C,C,A,A,H,-,A,D,1,,,Y,,Y,,C,02,0,0,1,0,0,0,0,0,1,"- ","- ",37.679430000000004,-121.04933,STANISLAUS,MODESTO,-121.04928077,37.679527540000002
6489669,2014,2016-04-11,9465,2014-06-03,1635,15098,,2,2,9,5000,0,1,3,,2,013,"RT 108","BANGS AV",450.00,N,N,A,-,Y,STA,10,108,-,-,27.200,H,-,W,N,4,0,1,2,A,-,03,22350,,N,D,C,A,A,H,-,A,D,0,,,,,Y,,D,22,0,0,1,0,0,0,0,0,0,"- ","- ",37.70478,-120.99526,STANISLAUS,UNINCORPORATED,-120.9947284,37.705456720000001
6494735,2014,2014-07-28,9465,2014-05-21,1450,015979,,3,2,9,5000,0,2,4,,2,042,"CROWS LANDING RD","LINWOOD AV",50.00,S,N,A,-,N,,,,,,,,,,Y,4,0,1,1,C,-,18,,,N,E,I,A,A,H,-,A,A,0,,,,,Y,,-,"- ",0,0,1,0,0,0,0,0,0,"- ","- ",37.47833,-120.99517,STANISLAUS,UNINCORPORATED,-120.99511142999999,37.478316710000001
6498994,2014,2014-07-21,5002,2014-04-22,1600,10331,M936,2,5,6,5002,0,0,0,,0,032,"SUTTER AV","SOUTH AV",0.00,,Y,A,-,N,,,,,,,,,,N,4,0,1,2,A,-,09,21802,,F,D,G,A,A,H,-,A,D,0,,Y,,,Y,,A,,0,0,1,0,0,0,1,0,0,"- ","- ",,,STANISLAUS,MODESTO,-121.01176989,37.624239969999998
6501601,2014,2014-08-26,9465,2014-05-26,0800,018251,,1,1,9,5000,0,3,5,,2,040,"HARDING RD","CROWS LANDING RD",1056.00,E,N,A,-,N,,,,,,,,,,Y,4,0,1,1,A,-,01,23152,E,N,F,A,A,A,H,-,A,D,0,,,,,Y,,A,01,0,0,1,0,0,0,0,0,0,"- ","- ",37.464329999999997,-120.99428,STANISLAUS,UNINCORPORATED,-120.99937,37.46369
6501605,2014,2016-04-09,9465,2014-05-11,0230,018318,,7,3,6,5002,0,1,3,,2,011,"RT 99","KIERNAN AV",300.00,S,N,A,-,Y,STA,10,99,-,R,22.980,H,-,N,Y,4,0,1,1,A,-,08,22107,,M,E,I,A,A,H,-,A,D,1,,,,,Y,,A,07,0,0,1,0,0,0,0,0,0,"- ","- ",37.780149999999999,-121.07974,STANISLAUS,MODESTO,-121.08710601999999,37.712585150000002
6501617,2014,2014-08-26,9465,2014-05-26,0118,016440,,1,3,9,5000,0,3,5,,2,040,"CENTRAL AV","KEYES RD",2640.00,S,N,A,-,N,,,,,,,,,,Y,2,0,1,1,A,-,08,22107,,F,E,I,A,A,H,-,D,D,0,,,,,Y,,A,01,1,0,0,0,0,0,0,0,0,"- ","- ",37.543840000000003,-120.95696,STANISLAUS,UNINCORPORATED,-120.95700196999999,37.544050130000002
6503156,2014,2014-07-29,5007,2014-05-24,1922,5736,,6,5,5,5007,0,0,0,,0,004,"COUNTRYSIDE DR","FULKERTH RD",631.00,N,N,A,-,N,,,,,,,,,,Y,2,0,1,1,A,-,08,22107,,N,E,I,A,A,H,-,A,D,0,,,Y,,Y,,C,,1,0,0,0,0,0,0,0,1,"- ","- ",,,STANISLAUS,TURLOCK,-120.87619585,37.508622879999997
6503887,2014,2016-04-11,5006,2014-05-29,0934,S983,R001,4,5,3,5006,0,0,0,,0,2L4,"PATTERSON RD","OAKDALE RD",0.00,,Y,A,-,Y,STA,10,108,-,-,31.050,I,5,E,Y,4,0,3,2,A,-,09,21453,C,N,A,D,A,A,H,-,A,A,0,,,,,Y,,-,,0,0,3,0,0,0,0,0,0,"- ","- ",,,STANISLAUS,RIVERBANK,-120.95869570000001,37.732643400000001