CASE_ID,ACCIDENT_YEAR,PROC_DATE,JURIS,COLLISION_DATE,COLLISION_TIME,OFFICER_ID,REPORTING_DISTRICT,DAY_OF_WEEK,CHP_SHIFT,POPULATION,CNTY_CITY_LOC,SPECIAL_COND,BEAT_TYPE,CHP_BEAT_TYPE,CITY_DIVISION_LAPD,CHP_BEAT_CLASS,BEAT_NUMBER,PRIMARY_RD,SECONDARY_RD,DISTANCE,DIRECTION,INTERSECTION,WEATHER_1,WEATHER_2,STATE_HWY_IND,CALTRANS_COUNTY,CALTRANS_DISTRICT,STATE_ROUTE,ROUTE_SUFFIX,POSTMILE_PREFIX,POSTMILE,LOCATION_TYPE,RAMP_INTERSECTION,SIDE_OF_HWY,TOW_AWAY,COLLISION_SEVERITY,NUMBER_KILLED,NUMBER_INJURED,PARTY_COUNT,PRIMARY_COLL_FACTOR,PCF_CODE_OF_VIOL,PCF_VIOL_CATEGORY,PCF_VIOLATION,PCF_VIOL_SUBSECTION,HIT_AND_RUN,TYPE_OF_COLLISION,MVIW,PED_ACTION,ROAD_SURFACE,ROAD_COND_1,ROAD_COND_2,LIGHTING,CONTROL_DEVICE,CHP_ROAD_TYPE,PEDESTRIAN_ACCIDENT,BICYCLE_ACCIDENT,MOTORCYCLE_ACCIDENT,TRUCK_ACCIDENT,NOT_PRIVATE_PROPERTY,ALCOHOL_INVOLVED,STWD_VEHTYPE_AT_FAULT,CHP_VEHTYPE_AT_FAULT,COUNT_SEVERE_INJ,COUNT_VISIBLE_INJ,COUNT_COMPLAINT_PAIN,COUNT_PED_KILLED,COUNT_PED_INJURED,COUNT_BICYCLIST_KILLED,COUNT_BICYCLIST_INJURED,COUNT_MC_KILLED,COUNT_MC_INJURED,PRIMARY_RAMP,SECONDARY_RAMP,LATITUDE,LONGITUDE,COUNTY,CITY,POINT_X,POINT_Y
6504967,2014,2014-08-22,9465,2014-05-20,1920,15761,,2,2,9,5000,0,3,5,,2,040,"MARIN AV","TUCSON AV",24.00,E,N,B,-,N,,,,,,,,,,N,4,0,1,1,A,-,03,22350,,N,E,I,A,A,H,-,A,D,0,,,,,Y,,A,01,0,0,1,0,0,0,0,0,0,"- ","- ",37.598260000000003,-121.01409,STANISLAUS,UNINCORPORATED,-121.01433716,37.598280000000003
6504971,2014,2016-04-09,9465,2014-05-19,2140,14737,,1,2,9,5000,0,1,3,,2,011,"RT 99","RT 219",600.00,N,N,A,-,Y,STA,10,99,-,R,22.640,H,-,S,Y,4,0,6,3,A,-,03,22350,,N,C,C,A,A,D,-,D,A,1,,,,,Y,,A,01,0,0,6,0,0,0,0,0,0,"- ","- ",37.710189999999997,-121.08304,STANISLAUS,UNINCORPORATED,-121.08223276,37.709726430000003
6508850,2014,2014-07-31,5002,2014-05-23,0529,11564,M384,5,5,6,5002,0,0,0,,0,040,"9TH ST","N ST",120.00,N,N,A,-,N,,,,,,,,,,Y,3,0,1,2,A,-,01,23152,A,N,C,E,A,A,H,-,B,A,0,,,,,Y,Y,D,,0,1,0,0,0,0,0,0,0,"- ","- ",,,STANISLAUS,MODESTO,-121.00610252,37.643821119999998
6509793,2014,2016-04-11,5002,2014-05-30,0652,11242,M106,5,5,6,5002,0,0,0,,0,074,"RT 108","FLOYD AV",23.00,S,N,A,-,Y,STA,10,108,-,-,25.310,H,-,W,Y,3,0,5,2,A,-,01,23152,A,N,C,C,A,A,H,-,A,A,0,,,,,Y,,A,,0,1,4,0,0,0,0,0,0,"- ","- ",,,STANISLAUS,MODESTO,-120.99413825000001,37.677871260000003
6511941,2014,2014-08-11,5002,2014-06-11,1149,11622,M537,3,5,6,5002,0,0,0,,0,066,"SISK RD","TARGET CENTER",0.00,,Y,A,-,N,,,,,,,,,,N,4,0,1,2,A,-,08,22107,,N,B,C,A,A,H,-,A,A,0,,,,,Y,,D,,0,0,1,0,0,0,0,0,0,"- ","- ",,,STANISLAUS,MODESTO,-121.06541986000001,37.693889900000002
6512480,2014,2014-07-29,5002,2014-05-21,2204,11563,5002,3,5,6,5002,0,0,0,,0,032,"PARADISE RD","MARTIN LUTHER KING DR",0.00,,Y,A,-,N,,,,,,,,,,Y,4,0,1,1,A,-,01,23152,A,N,A,J,A,A,H,-,C,A,0,,,,,Y,Y,A,,0,0,1,0,0,0,0,0,0,"- ","- ",,,STANISLAUS,MODESTO,-121.01184997,37.627819950000003
6512686,2014,2014-08-11,5004,2014-05-13,1618,112,RD50,2,5,3,5004,0,0,0,,0,00S,"SOUTH YOSEMITE AV","J ST",337.00,S,N,A,-,N,,,,,,,,,,Y,3,0,3,2,A,-,04,21703,,N,C,C,A,A,H,-,A,D,0,,,,,Y,,A,08,0,1,2,0,0,0,0,0,0,"- ","- ",,,STANISLAUS,OAKDALE,-120.84334801,37.761178469999997
6512688,2014,2014-08-11,5004,2014-05-06,1141,112,RD13,2,5,3,5004,0,0,0,,0,00N,"MAGNOLIA ST","CALIFORNIA AV",15.00,W,N,A,-,N,,,,,,,,,,Y,4,0,1,2,A,-,09,21802,A,N,D,C,A,A,H,-,A,A,0,,,,,Y,,-,,0,0,1,0,0,0,0,0,0,"- ","- ",,,STANISLAUS,OAKDALE,-120.85295187,37.767278910000002
6513818,2014,2014-07-29,5004,2014-04-22,1915,104,RD54,2,5,3,5004,0,0,0,,0,00S,"W GREGER ST","W GREGER ST 200",0.00,,-,A,-,N,,,,,,,,,,Y,4,0,1,1,-,-,"- ",,,N,H,E,A,A,H,-,A,D,0,,,,,Y,,-,"- ",0,0,1,0,0,0,0,0,0,"- ","- ",,,STANISLAUS,OAKDALE,,
6514861,2014,2016-04-11,9465,2014-05-31,1424,017542,,6,2,9,5000,0,1,3,,2,023,"RT 108","RICHARDSON RD",80.00,E,N,A,-,Y,STA,10,108,-,-,34.880,H,-,W,Y,3,0,2,2,A,-,03,22350,,N,C,C,A,A,H,-,A,D,0,,,,,Y,,A,01,0,1,1,0,0,0,0,0,0,"- ","- ",37.751429999999999,-121.90311,STANISLAUS,UNINCORPORATED,-120.90281947,37.7514897
6514869,2014,2015-12-21,9465,2014-05-29,1620,013756,,4,2,9,5000,0,3,5,,2,010,"PATTERSON RD","MCHENRY AV",0.00,,Y,A,-,N,,,,,,,,,,Y,4,0,2,2,A,-,12,21453,A,N,D,C,A,A,H,-,A,A,0,,,,,Y,,A,01,0,0,2,0,0,0,0,0,0,"- ","- ",37.732990000000001,-120.99518,STANISLAUS,UNINCORPORATED,-120.99522988,37.731489969999998
6514878,2014,2014-08-11,9465,2014-05-29,1625,017787,,4,2,9,5000,0,3,5,,2,010,"TOOMES RD","MURPHY RD",0.00,,Y,A,-,N,,,,,,,,,,Y,4,0,1,2,A,-,09,21801,A,N,A,C,A,A,H,-,A,D,0,,,,,Y,,A,01,0,0,1,0,0,0,0,0,0,"- ","- ",37.696390000000001,-121.09560999999999,STANISLAUS,UNINCORPORATED,-121.095651,37.696357999999996
6515681,2014,2016-04-09,9465,2014-06-03,1317,015398,,2,1,6,5002,0,1,3,,2,011,"RT 99","CARPENTER RD",3960.00,N,N,A,-,Y,STA,10,99,-,R,19.270,H,-,S,Y,4,0,1,2,A,-,11,21954,A,N,F,A,D,A,H,-,A,D,1,Y,,,,Y,,N,60,0,0,1,0,0,0,0,0,0,"- ","- ",37.67351,-121.04208,STANISLAUS,MODESTO,-121.04152465999999,37.672945499999997
6515766,2014,2015-01-15,5001,2014-06-10,1428,469,,2,5,4,5001,0,0,0,,0,005,"MITCHELL RD","SERVICE RD",0.00,,Y,A,-,N,,,,,,,,,,Y,4,0,3,3,A,-,12,21453,A,N,F,C,A,A,H,-,A,A,0,,,,,Y,,-,,0,0,3,0,0,0,0,0,0,"- ","- ",,,STANISLAUS,CERES,-120.93873000000001,37.580249999999999
6517275,2014,2016-04-09,9465,2014-06-08,1325,012845,,7,1,9,5000,0,1,3,,1,031,"RT 132","GEER RD",150.00,W,N,A,-,Y,STA,10,132,-,-,23.110,H,-,W,Y,4,0,1,2,A,-,05,21460,A,N,D,C,A,A,H,-,A,A,0,,,,,Y,,A,01,0,0,1,0,0,0,0,0,0,"- ","- ",37.638719999999999,-120.84856000000001,STANISLAUS,UNINCORPORATED,-120.84830413,37.63872946
6517498,2014,2014-08-12,9465,2014-06-07,1205,14889,,6,1,9,5000,0,3,5,,2,020,"SIERRA RD","LAUGHLIN RD",1584.00,E,N,A,-,N,,,,,,,,,,N,3,0,1,1,A,-,08,22107,,N,H,G,A,A,H,-,A,D,0,,Y,,,Y,,L,04,0,1,0,0,0,0,1,0,0,"- ","- ",37.76182,-120.7923,STANISLAUS,UNINCORPORATED,-120.79241116,37.761890010000002
6517520,2014,2014-08-11,5002,2014-06-16,1924,11646,014,1,5,6,5002,0,0,0,,0,031,"ELM AV","CARPENTER RD",10.00,E,N,A,-,N,,,,,,,,,,Y,4,0,1,2,A,-,01,23152,A,N,D,C,A,A,H,-,A,A,0,,,,,Y,Y,D,,0,0,1,0,0,0,0,0,0,"- ","- ",,,STANISLAUS,MODESTO,-121.03020547,37.643249429999997
6517525,2014,2014-08-08,5002,2014-06-16,1055,11236,384,1,5,6,5002,0,0,0,,0,040,"9TH ST","O ST",0.00,,Y,A,-,N,,,,,,,,,,N,2,0,1,2,A,-,09,21453,B,N,G,B,B,A,H,-,A,A,0,Y,,,,Y,,A,,1,0,0,0,1,0,0,0,0,"- ","- ",,,STANISLAUS,MODESTO,-121.006975,37.644565999999998
6517730,2014,2014-08-07,5002,2014-06-10,1246,11646,146,2,5,6,5002,0,0,0,,0,075,"EAST BRIGGSMORE AV","COFFEE RD",500.00,W,N,A,-,N,,,,,,,,,,Y,4,0,1,2,A,-,07,21658,A,N,B,C,A,A,H,-,A,A,0,,,,,Y,,A,,0,0,1,0,0,0,0,0,0,"- ","- ",,,STANISLAUS,MODESTO,-120.97743222,37.667107459999997
6517734,2014,2014-08-07,5002,2014-06-10,1202,11022,308,2,5,6,5002,0,0,0,,0,073,"OAKDALE RD","WYLIE DR",300.00,S,N,A,-,N,,,,,,,,,,N,4,0,2,2,A,-,07,21658,A,N,B,C,A,A,H,-,A,A,0,,,,,Y,,-,,0,0,2,0,0,0,0,0,0,"- ","- ",,,STANISLAUS,MODESTO,-120.95750196,37.657296270000003
6518202,2014,2014-07-08,5002,2014-03-04,0834,11236,234,2,5,6,5002,0,0,0,,0,061,"COLLEGE AV","COLDWELL AV",20.00,S,N,A,-,N,,,,,,,,,,Y,4,0,1,2,A,-,07,21658,A,N,C,C,A,A,H,-,A,A,0,,,,,Y,,A,,0,0,1,0,0,0,0,0,0,"- ","- ",,,STANISLAUS,MODESTO,-121.00745917,37.653025079999999
6521524,2014,2016-04-09,9465,2014-05-04,1722,017439,,7,2,9,5000,0,1,3,,1,032,"RT 132","LAKE RD",1584.00,E,N,A,-,Y,STA,10,132,-,-,44.310,H,-,E,N,2,0,1,1,A,-,08,22107,,N,F,A,A,A,H,-,A,D,0,,,Y,,Y,,C,02,1,0,0,0,0,0,0,0,1,"- ","- ",37.65943,-120.6045,STANISLAUS,UNINCORPORATED,-120.48958352,37.65207917
6521528,2014,2014-08-08,9465,2014-05-03,1835,018894,,6,2,9,5000,0,2,4,,2,044,"CARPENTER RD","SERVICE RD",2640.00,S,N,A,-,N,,,,,,,,,,Y,4,0,1,2,A,-,08,22107,,N,B,C,A,A,H,-,A,D,0,,,,,Y,,A,01,0,0,1,0,0,0,0,0,0,"- ","- ",37.573309999999999,-121.03019999999999,STANISLAUS,UNINCORPORATED,-121.030208,37.573281999999999
6521937,2014,2014-07-17,5002,2014-04-25,1022,10257,158,5,5,6,5002,0,0,0,,0,076,"OAKDALE RD","MANOR OAK DR",467.00,N,N,B,C,N,,,,,,,,,,Y,4,0,1,2,A,-,09,21804,A,N,D,C,A,B,G,-,A,D,0,,,,,Y,,A,,0,0,1,0,0,0,0,0,0,"- ","- ",,,STANISLAUS,MODESTO,-120.95775771,37.675762120000002
6521969,2014,2014-07-17,9465,2014-04-26,1215,014889,,6,1,9,5000,0,3,5,,2,020,"COOPERSTOWN RD","LA GRANGE RD",16368.00,W,N,A,-,N,,,,,,,,,,N,3,0,1,1,A,-,03,22350,,N,F,A,A,D,A,G,A,D,0,,,Y,,Y,,C,02,0,1,0,0,0,0,0,0,1,"- ","- ",37.709600000000002,-120.5056,STANISLAUS,UNINCORPORATED,-120.50578204,37.709739900000002
6522049,2014,2016-04-09,9465,2014-04-24,0723,018222,,4,1,6,5002,0,1,3,,2,011,"RT 99","PELANDALE AV",1442.00,N,N,A,-,Y,STA,10,99,-,R,22.010,H,-,N,Y,4,0,1,2,A,-,07,21658,A,M,E,I,A,A,H,-,A,A,1,,,,,Y,,A,01,0,0,1,0,0,0,0,0,0,"- ","- ",37.703319999999998,-121.07461000000001,STANISLAUS,MODESTO,-121.07418504,37.703161180000002
6523851,2014,2015-12-21,5002,2014-05-09,1827,757,5001,5,5,6,5002,0,0,0,,0,001,"HATCH RD","HERNDON RD",0.00,,Y,A,-,N,,,,,,,,,,Y,4,0,2,2,A,-,04,21703,,M,C,C,A,A,H,-,A,A,0,,,,,Y,,-,,0,0,2,0,0,0,0,0,0,"- ","- ",,,STANISLAUS,MODESTO,-120.97421992,37.60929994
6527026,2014,2014-07-18,5002,2014-04-10,1707,11567,M136,4,5,6,5002,0,0,0,,0,075,"FLOYD AV","COFFEE RD",0.00,,Y,A,-,N,,,,,,,,,,N,4,0,1,2,A,-,09,21801,A,N,B,D,A,A,H,-,A,D,0,,,,,Y,Y,-,,0,0,1,0,0,0,0,0,0,"- ","- ",,,STANISLAUS,MODESTO,-120.97582997000001,37.678009930000002
6527703,2014,2014-07-29,9465,2014-04-18,1732,18800,,5,2,9,5000,0,3,5,,2,020,"SONORA RD","28 MILE RD",3000.00,E,N,A,-,N,,,,,,,,,,N,4,0,1,1,A,-,08,22107,,N,F,I,A,A,H,-,A,A,0,,,Y,,Y,,C,02,0,0,1,0,0,0,0,0,1,"- ","- ",37.882669999999997,-120.82821,STANISLAUS,UNINCORPORATED,-120.83080262999999,37.884200569999997
6529322,2014,2014-08-15,5007,2014-06-19,1333,6623,,4,5,5,5007,0,0,0,,0,005,"MINARET AV","EAST MAIN ST",0.00,,Y,A,-,N,,,,,,,,,,N,4,0,1,2,A,-,03,22350,,N,C,C,A,A,H,-,A,-,0,,,,,Y,,-,,0,0,1,0,0,0,0,0,0,"- ","- ",,,STANISLAUS,TURLOCK,-120.83986989,37.499069990000002
6531787,2014,2014-08-12,5007,2014-06-12,1555,5725,,4,5,5,5007,0,0,0,,0,003,"S TULLY RD","WEST MAIN ST",2112.00,S,N,A,-,N,,,,,,,,,,N,4,0,2,2,A,-,03,22350,,M,C,C,A,A,H,-,A,D,0,,,,,Y,,A,,0,0,2,0,0,0,0,0,0,"- ","- ",,,STANISLAUS,TURLOCK,-120.86725,37.487749999999998
6532098,2014,2014-08-20,9465,2014-06-17,1002,18251,,2,1,9,5000,0,2,4,,2,016,"CLARIBEL RD","MCHENRY AV",270.00,E,N,A,-,N,,,,,,,,,,Y,4,0,1,4,A,-,08,22107,,N,D,E,A,A,H,-,A,D,0,,,,,Y,,A,01,0,0,1,0,0,0,0,0,0,"- ","- ",37.710979999999999,-120.99393000000001,STANISLAUS,UNINCORPORATED,-120.99397669,37.711065499999997
6535908,2014,2014-08-01,5002,2014-05-29,2206,11311,180,4,5,6,5002,0,0,0,,0,062,"W CARPENTER RD","CARPENTER RD",153.00,W,N,A,-,N,,,,,,,,,,Y,4,0,2,2,A,-,04,21703,,N,C,C,A,A,H,-,C,A,0,,,,,Y,,A,,0,0,2,0,0,0,0,0,0,"- ","- ",,,STANISLAUS,MODESTO,-121.03138,37.667789999999997
6537105,2014,2014-08-20,5002,2014-06-21,2249,10542,145,6,5,6,5002,0,0,0,,0,075,"ENSENADA DR","COFFEE RD",7.00,E,N,A,-,N,,,,,,,,,,N,4,0,1,2,A,-,10,21950,A,N,A,B,B,A,H,-,D,D,0,Y,,,,Y,Y,D,,0,0,1,0,1,0,0,0,0,"- ","- ",,,STANISLAUS,MODESTO,-120.97575581,37.675759849999999
6537124,2014,2014-08-25,5002,2014-06-10,0220,10249,055,2,5,6,5002,0,0,0,,0,063,"WOODROW AV","MCHENRY AV",330.00,W,N,A,-,N,,,,,,,,,,Y,4,0,1,3,A,-,01,23152,A,N,A,E,A,A,H,-,D,D,0,,,,,Y,Y,A,,0,0,1,0,0,0,0,0,0,"- ","- ",,,STANISLAUS,MODESTO,-120.99539031,37.68549256
6537183,2014,2014-08-22,5002,2014-06-20,1300,10309,538,5,5,6,5002,0,0,0,,0,065,"STANDIFORD AV","SISK RD",75.00,W,N,A,-,N,,,,,,,,,,N,4,0,1,3,A,-,03,22350,,N,C,C,A,A,H,-,A,A,0,,,,,Y,,A,,0,0,1,0,0,0,0,0,0,"- ","- ",,,STANISLAUS,MODESTO,-121.05099736,37.684746439999998
6537195,2014,2014-08-22,5002,2014-06-17,1811,10188,156,2,5,6,5002,0,0,0,,0,076,"SYLVAN AV","ARIA WY",0.00,,Y,A,-,N,,,,,,,,,,Y,4,0,4,2,A,-,09,21802,A,N,D,C,A,A,H,-,A,A,0,,,,,Y,,A,,0,0,4,0,0,0,0,0,0,"- ","- ",,,STANISLAUS,MODESTO,-120.94886991,37.68893989
6537199,2014,2016-04-11,5002,2014-06-12,2029,11668,123,4,5,6,5002,0,0,0,,0,061,"MCHENRY AV","BRIGGSMORE AV",10.00,S,N,A,-,Y,STA,10,108,-,-,24.800,H,-,W,Y,4,0,1,1,A,-,03,22350,,N,E,I,A,A,H,-,C,D,0,,,,,Y,,-,,0,0,1,0,0,0,0,0,0,"- ","- ",,,STANISLAUS,MODESTO,-120.99402325,37.670366530000003
6537441,2014,2014-07-22,5002,2014-04-19,2220,11252,M134,6,5,6,5002,0,0,0,,0,075,"SYLVAN AV","KELLER ST",150.00,E,N,A,-,N,,,,,,,,,,Y,2,0,1,2,A,-,17,21208,B,N,D,G,A,A,-,-,D,A,0,,Y,,,Y,Y,L,04,1,0,0,0,0,0,1,0,0,"- ","- ",,,STANISLAUS,MODESTO,-120.96979164,37.68891
6537808,2014,2014-07-30,5004,2014-05-16,1442,170,RD10,5,5,3,5004,0,0,0,,0,00N,"OAK AV","ALLEN ST",0.00,,Y,A,-,N,,,,,,,,,,Y,4,0,2,2,A,-,05,21650,,N,A,C,A,A,H,-,A,A,0,,,,,Y,,A,01,0,0,2,0,0,0,0,0,0,"- ","- ",,,STANISLAUS,OAKDALE,-120.86249989,37.766390000000001
6542576,2014,2014-08-13,5002,2014-06-29,0320,10660,123,7,5,6,5002,0,0,0,,0,071,"COFFEE RD","SCENIC DR",13.00,S,N,A,-,N,,,,,,,,,,Y,4,0,1,1,A,-,03,22350,,N,A,I,A,A,H,-,C,B,0,,,,,Y,Y,A,,0,0,1,0,0,0,0,0,0,"- ","- ",,,STANISLAUS,MODESTO,-120.97551,37.64902
6542592,2014,2014-08-13,5002,2014-06-24,1716,10188,153,2,5,6,5002,0,0,0,,0,076,"SYLVAN AV","ROSELLE AV",0.00,,Y,A,-,N,,,,,,,,,,N,3,0,1,2,A,-,07,21658,A,N,H,C,A,A,H,-,A,A,0,,,Y,,Y,,A,,0,1,0,0,0,0,0,0,1,"- ","- ",,,STANISLAUS,MODESTO,-120.940072,37.688890999999998
6543435,2014,2014-09-02,5002,2014-07-05,1358,11642,M024,6,5,6,5002,0,0,0,,0,065,"CONANT AV","SISK RD",160.00,N,N,A,-,N,,,,,,,,,,N,4,0,1,2,A,-,12,22450,,N,C,C,A,A,H,-,A,D,0,,,,,Y,,D,,0,0,1,0,0,0,0,0,0,"- ","- ",,,STANISLAUS,MODESTO,-121.0403539,37.673162410000003
6544663,2014,2014-08-12,9465,2014-06-22,2004,18407,,7,2,9,5000,0,3,5,,2,020,"RODDEN RD","EATON RD",0.00,,Y,A,-,N,,,,,,,,,,Y,3,0,1,1,A,-,01,23152,A,N,E,J,A,A,H,-,A,D,0,,,,,Y,Y,A,01,0,1,0,0,0,0,0,0,0,"- ","- ",37.78884,-120.79745,STANISLAUS,UNINCORPORATED,-120.79743986,37.78881999
6544687,2014,2014-08-12,9465,2014-06-24,0735,12845,,2,1,9,5000,0,3,5,,2,010,"BELTIS DR","SPY GLASS DR",200.00,S,N,A,-,N,,,,,,,,,,Y,4,0,1,1,A,-,08,22107,,N,E,I,A,A,H,-,A,D,0,,,,,Y,,A,01,0,0,1,0,0,0,0,0,0,"- ","- ",37.744059999999998,-121.00333000000001,STANISLAUS,UNINCORPORATED,-121.00321173,37.74410847
6548823,2014,2014-08-12,5006,2014-06-26,1346,5987,,4,5,3,5006,0,0,0,,0,MODEST,"ROSELLE AV","PATTERSON RD",0.00,,Y,A,-,N,,,,,,,,,,N,4,0,1,2,A,-,04,21703,,N,C,C,A,A,H,-,A,A,0,,,,,Y,,D,22,0,0,1,0,0,0,0,0,0,"- ","- ",,,STANISLAUS,RIVERBANK,-120.94045998999999,37.73271991
6548856,2014,2014-09-04,5007,2014-07-02,0742,5602,,3,5,5,5007,0,0,0,,0,002,"EAST OLIVE AV","NORTH CENTER ST",0.00,,Y,A,-,N,,,,,,,,,,Y,3,0,1,2,-,-,"- ",,,F,B,C,A,A,H,-,A,-,0,,,,,Y,,-,"- ",0,1,0,0,0,0,0,0,0,"- ","- ",,,STANISLAUS,TURLOCK,-120.84598988,37.496049960000001
6549399,2014,2014-08-21,5002,2014-07-09,1318,10588,259,3,5,6,5002,0,0,0,,0,071,"EAST MORRIS AV","SEMPLE ST",151.00,E,N,A,-,N,,,,,,,,,,Y,4,0,2,2,A,-,03,22350,,N,C,C,A,A,H,-,A,D,0,,,,,Y,,D,,0,0,2,0,0,0,0,0,0,"- ","- ",,,STANISLAUS,MODESTO,-120.98982845,37.650959999999998
6549940,2014,2014-08-21,5002,2014-07-01,1241,10576,599,2,5,6,5002,0,0,0,,0,073,"SCENIC DR","GETTYSBURG WY",0.00,,Y,A,-,N,,,,,,,,,,Y,3,0,1,2,A,-,05,21460,A,N,D,C,A,A,H,-,A,D,0,,,Y,,Y,,C,,0,1,0,0,0,0,0,0,1,"- ","- ",,,STANISLAUS,MODESTO,-120.93729992999999,37.655379959999998
6549948,2014,2014-08-21,5002,2014-07-01,1920,11209,M078,2,5,6,5002,0,0,0,,0,064,"MOUNT VERNON DR","GIRARD AV",0.00,,Y,A,-,N,,,,,,,,,,Y,4,0,1,2,A,-,03,22350,,N,E,I,A,A,H,-,B,A,0,,,,,Y,,A,,0,0,1,0,0,0,0,0,0,"- ","- ",,,STANISLAUS,MODESTO,-121.02828988,37.674389980000001
6553914,2014,2014-08-20,5002,2014-07-08,0845,10576,309,2,5,6,5002,0,0,0,,0,072,"OAKDALE RD","SCENIC DR",0.00,,Y,A,-,N,,,,,,,,,,Y,3,0,2,2,A,-,12,21453,A,N,A,C,A,A,H,-,A,A,0,,,,,Y,,-,,0,1,1,0,0,0,0,0,0,"- ","- ",,,STANISLAUS,MODESTO,-120.95738996999999,37.653069909999999
6557289,2014,2014-08-14,9465,2014-06-27,0242,018825,,5,3,9,5000,0,3,5,,2,040,"CENTRAL AV","TAYLOR RD",111.00,N,N,A,-,N,,,,,,,,,,Y,2,0,1,1,A,-,01,23152,A,N,E,I,A,A,H,-,D,D,0,,,,,Y,Y,D,22,1,0,0,0,0,0,0,0,0,"- ","- ",37.533900000000003,-120.958,STANISLAUS,UNINCORPORATED,-120.95799307999999,37.533264539999998
6557307,2014,2014-08-18,9465,2014-06-30,0550,018216,,1,3,9,5000,0,3,5,,2,030,"MONTPELIER RD","KEYES RD",0.00,,Y,A,-,N,,,,,,,,,,Y,4,0,1,2,A,-,09,21802,A,N,D,C,A,A,H,-,A,D,0,,,,,Y,,A,01,0,0,1,0,0,0,0,0,0,"- ","- ",37.551220000000001,-120.71227,STANISLAUS,UNINCORPORATED,-120.71282988999999,37.551099929999999
6559935,2014,2014-08-21,5002,2014-07-09,2230,11563,176,3,5,6,5002,0,0,0,,0,032,"PARADISE RD","SUTTER AV",160.00,W,N,A,-,N,,,,,,,,,,N,4,0,1,2,A,-,11,21950,B,M,A,B,C,A,H,-,C,D,0,Y,,,,Y,,N,60,0,0,1,0,1,0,0,0,0,"- ","- ",,,STANISLAUS,MODESTO,-121.01226443,37.627529430000003
6560007,2014,2014-08-21,9465,2014-07-03,1215,016917,,4,1,9,5000,0,3,5,,2,020,"PLAINVIEW RD","TERMINAL AV",0.00,,Y,A,-,N,,,,,,,,,,Y,4,0,2,2,A,-,09,21802,A,N,D,C,A,A,H,-,A,D,0,,,,,Y,,A,01,0,0,2,0,0,0,0,0,0,"- ","- ",37.70393,-120.92639,STANISLAUS,UNINCORPORATED,-120.92627997,37.703579900000001
6560014,2014,2016-04-28,9465,2014-07-03,0058,018894,,4,3,6,5002,0,1,3,,2,011,"RT 99","CARPENTER RD",35.00,N,N,A,-,Y,STA,10,99,-,M,18.672,R,1,S,Y,3,0,3,1,A,-,08,22107,,N,E,I,A,A,H,-,C,D,1,,,,,Y,,A,01,0,1,2,0,0,0,0,0,0,"- ","- ",37.665410000000001,-121.03136000000001,STANISLAUS,MODESTO,-121.03361285,37.66704507
6560034,2014,2014-08-21,9465,2014-07-06,1622,017439,,7,2,9,5000,0,3,5,,2,030,"RIVERSIDE DR","TENAYA DR",218.00,N,N,A,-,N,,,,,,,,,,Y,4,0,2,2,A,-,08,22107,,N,E,I,A,A,H,-,A,D,0,,,,,Y,,A,07,0,0,2,0,0,0,0,0,0,"- ","- ",37.628250000000001,-120.94828,STANISLAUS,UNINCORPORATED,-120.94796157,37.62762867
6560043,2014,2016-04-29,9465,2014-07-01,1930,018407,,2,2,9,5000,0,3,5,,2,040,"RT 165","GREENWAY AV",0.00,,Y,A,-,Y,STA,10,165,-,-,0.992,I,5,S,Y,4,0,2,2,A,-,09,21802,A,N,D,C,A,A,H,-,A,A,0,,,,,Y,,A,01,0,0,2,0,0,0,0,0,0,"- ","- ",37.467359999999999,-120.84909,STANISLAUS,UNINCORPORATED,-120.84905044,37.467314020000003
6562816,2014,2014-09-05,5007,2014-06-30,0044,5753,,1,5,5,5007,0,0,0,,0,003,"FULKERTH RD",EDGEWATER,22.00,W,N,-,-,N,,,,,,,,,,Y,4,0,1,2,A,-,"- ",,,N,G,C,A,-,-,-,-,-,0,,,,,Y,,A,01,0,0,1,0,0,0,0,0,0,"- ","- ",,,STANISLAUS,TURLOCK,-120.86730584,37.507280000000002
6573126,2014,2014-08-29,5002,2014-07-18,2013,10959,M152,5,5,6,5002,0,0,0,,0,076,"CLAUS RD","EAST BRIGGSMORE AV",0.00,,Y,A,-,N,,,,,,,,,,Y,3,0,1,2,A,-,12,21453,A,N,D,C,A,A,H,-,A,A,0,,,,,Y,,A,,0,1,0,0,0,0,0,0,0,"- ","- ",,,STANISLAUS,MODESTO,-120.92128997,37.666899970000003
6573142,2014,2014-08-29,5002,2014-07-17,1630,11629,M419,4,5,6,5002,0,0,0,,0,040,"6TH ST","I ST",0.00,,Y,A,-,N,,,,,,,,,,Y,4,0,1,3,A,-,12,21453,A,N,D,C,A,A,H,-,A,A,0,,,,,Y,,A,,0,0,1,0,0,0,0,0,0,"- ","- ",,,STANISLAUS,MODESTO,-121.00297987,37.636649980000001
6573146,2014,2014-08-29,5002,2014-07-18,1148,105100,305,5,5,6,5002,0,0,0,,0,073,"EAST ORANGEBURG AV","OAKDALE RD",0.00,,Y,A,-,N,,,,,,,,,,Y,4,0,3,2,A,-,09,21801,A,N,D,C,A,A,H,-,A,A,0,,,,,Y,,A,,0,0,3,0,0,0,0,0,0,"- ","- ",,,STANISLAUS,MODESTO,-120.95757999,37.663569940000002
6573664,2014,2014-08-27,5007,2014-07-15,0906,5735,,2,5,5,5007,0,0,0,,0,001,"E CHRISTOFFERSEN PKWY","NORTH BERKELEY AV",0.00,,Y,B,-,N,,,,,,,,,,N,4,0,1,2,A,-,17,21451,A,N,-,C,A,A,H,-,A,A,0,,,,,Y,,A,01,0,0,1,0,0,0,0,0,0,"- ","- ",,,STANISLAUS,TURLOCK,-120.8305699,37.529159929999999
6573676,2014,2014-08-27,5007,2014-07-12,1537,5602,,6,5,5,5007,0,0,0,,0,001,"EAST MONTE VISTA AV","NORTH BERKELEY AV",0.00,,Y,A,-,N,,,,,,,,,,Y,3,0,4,2,A,-,09,21801,A,N,D,C,A,A,H,-,A,A,0,,,,,Y,,A,01,0,1,3,0,0,0,0,0,0,"- ","- ",,,STANISLAUS,TURLOCK,-120.83080986,37.521819909999998