CASE_ID,ACCIDENT_YEAR,PROC_DATE,JURIS,COLLISION_DATE,COLLISION_TIME,OFFICER_ID,REPORTING_DISTRICT,DAY_OF_WEEK,CHP_SHIFT,POPULATION,CNTY_CITY_LOC,SPECIAL_COND,BEAT_TYPE,CHP_BEAT_TYPE,CITY_DIVISION_LAPD,CHP_BEAT_CLASS,BEAT_NUMBER,PRIMARY_RD,SECONDARY_RD,DISTANCE,DIRECTION,INTERSECTION,WEATHER_1,WEATHER_2,STATE_HWY_IND,CALTRANS_COUNTY,CALTRANS_DISTRICT,STATE_ROUTE,ROUTE_SUFFIX,POSTMILE_PREFIX,POSTMILE,LOCATION_TYPE,RAMP_INTERSECTION,SIDE_OF_HWY,TOW_AWAY,COLLISION_SEVERITY,NUMBER_KILLED,NUMBER_INJURED,PARTY_COUNT,PRIMARY_COLL_FACTOR,PCF_CODE_OF_VIOL,PCF_VIOL_CATEGORY,PCF_VIOLATION,PCF_VIOL_SUBSECTION,HIT_AND_RUN,TYPE_OF_COLLISION,MVIW,PED_ACTION,ROAD_SURFACE,ROAD_COND_1,ROAD_COND_2,LIGHTING,CONTROL_DEVICE,CHP_ROAD_TYPE,PEDESTRIAN_ACCIDENT,BICYCLE_ACCIDENT,MOTORCYCLE_ACCIDENT,TRUCK_ACCIDENT,NOT_PRIVATE_PROPERTY,ALCOHOL_INVOLVED,STWD_VEHTYPE_AT_FAULT,CHP_VEHTYPE_AT_FAULT,COUNT_SEVERE_INJ,COUNT_VISIBLE_INJ,COUNT_COMPLAINT_PAIN,COUNT_PED_KILLED,COUNT_PED_INJURED,COUNT_BICYCLIST_KILLED,COUNT_BICYCLIST_INJURED,COUNT_MC_KILLED,COUNT_MC_INJURED,PRIMARY_RAMP,SECONDARY_RAMP,LATITUDE,LONGITUDE,COUNTY,CITY,POINT_X,POINT_Y
6574974,2014,2014-08-29,5002,2014-07-27,1226,10516,580,7,5,6,5002,0,0,0,,0,513,"EAST ORANGEBURG AV","CLAUS RD",40.00,E,N,A,-,N,,,,,,,,,,N,3,0,1,2,A,-,08,22107,,N,B,G,A,A,H,-,A,A,0,,Y,,,Y,,D,,0,1,0,0,0,0,1,0,0,"- ","- ",,,STANISLAUS,MODESTO,-120.92118202,37.663634129999998
6575288,2014,2014-08-08,5002,2014-04-25,1806,11512,516,5,5,6,5002,0,0,0,,0,031,"BOULDER AV","EL PASO AV",0.00,,-,C,-,N,,,,,,,,,,Y,3,0,4,2,A,-,08,22107,,N,D,C,A,B,H,-,A,D,0,,,,,Y,,E,,0,1,3,0,0,0,0,0,0,"- ","- ",,,STANISLAUS,MODESTO,-120.98621987999999,37.614079920000002
6579200,2014,2014-09-09,5002,2014-07-28,1630,00001,,1,5,6,5002,0,0,0,,0,,"MONTEREY AV","SOUTH SANTA CRUZ AV",0.00,,Y,B,-,N,,,,,,,,,,N,4,0,1,2,A,-,09,21802,A,N,D,C,A,A,H,-,A,A,0,,,,,Y,,D,22,0,0,1,0,0,0,0,0,0,"- ","- ",37.627339999999997,-120.97454,STANISLAUS,MODESTO,-120.97472999,37.627289939999997
6579250,2014,2015-05-18,5005,2014-07-10,1824,S01337,,4,5,3,5005,0,0,0,,0,,JASMINE,MARGUERITE,0.00,,Y,A,-,N,,,,,,,,,,N,4,0,1,2,A,-,08,22107,,M,D,C,A,A,H,-,A,A,0,,,,,Y,Y,-,"- ",0,0,1,0,0,0,0,0,0,"- ","- ",,,STANISLAUS,PATTERSON,-121.14723987000001,37.463099919999998
6579781,2014,2014-08-29,5002,2014-07-27,1754,11646,023,7,5,6,5002,0,0,0,,0,066,"SISK RD","TARGET CENTER",0.00,,Y,A,-,N,,,,,,,,,,Y,4,0,4,2,A,-,09,21801,A,N,D,C,A,A,H,-,A,A,0,,,,,Y,,A,,0,0,4,0,0,0,0,0,0,"- ","- ",,,STANISLAUS,MODESTO,-121.06541986000001,37.693889900000002
6579785,2014,2014-08-29,5002,2014-07-28,1556,10573,389,1,5,6,5002,0,0,0,,0,040,14TH,"I ST",0.00,,Y,B,-,N,,,,,,,,,,N,4,0,1,2,A,-,"- ",,,N,D,C,A,A,H,-,A,A,0,,,,,Y,,A,,0,0,1,0,0,0,0,0,0,"- ","- ",,,STANISLAUS,MODESTO,-120.99539987,37.642429890000003
6579869,2014,2014-08-28,5002,2014-07-27,1839,10096,M580,7,5,6,5002,0,0,0,,0,073,"CLAUS RD","SCENIC DR",40.00,N,N,A,-,N,,,,,,,,,,Y,4,0,2,2,A,-,01,23152,,N,C,C,A,-,H,-,A,A,0,,,,,Y,Y,A,,0,0,2,0,0,0,0,0,0,"- ","- ",,,STANISLAUS,MODESTO,-120.9212224,37.657889830000002
6581212,2014,2016-04-28,9465,2014-07-25,1403,017542,,5,2,6,5002,0,1,3,,2,011,"RT 99","NORTH 9TH ST",450.00,S,N,A,-,Y,STA,10,99,-,R,13.820,H,-,S,Y,3,0,1,1,A,-,08,22107,,N,F,A,A,A,H,-,A,D,1,,,Y,,Y,,C,02,0,1,0,0,0,0,0,0,1,"- ","- ",,,STANISLAUS,MODESTO,-120.98249431000001,37.6157015
6581276,2014,2014-09-04,9465,2014-07-14,1655,017439,,1,2,9,5000,0,2,4,,2,042,"CROWS LANDING RD","WEST MAIN ST",14.00,N,N,A,-,N,,,,,,,,,,N,4,0,1,2,A,-,03,22350,,N,C,C,A,A,H,-,A,A,0,,,,,Y,,A,01,0,0,1,0,0,0,0,0,0,"- ","- ",37.49324,-120.99456000000001,STANISLAUS,UNINCORPORATED,-120.99455985,37.493028449999997
6581825,2014,2016-04-13,5004,2014-06-07,0021,139,RD37,6,5,3,5004,0,0,0,,0,00S,"RT 120","GROVE AV",0.00,,Y,A,-,Y,STA,10,120,-,-,5.370,H,-,E,N,4,0,1,2,A,-,11,21950,B,N,G,B,D,A,H,-,C,D,0,Y,,,,Y,Y,N,60,0,0,1,0,1,0,0,0,0,"- ","- ",,,STANISLAUS,OAKDALE,-120.84271001,37.768352100000001
6585563,2014,2014-09-05,5002,2014-08-04,1515,11023,280,1,5,6,5002,0,0,0,,0,073,"SCENIC DR","SCENIC CT",0.00,,Y,A,-,N,,,,,,,,,,Y,4,0,1,2,A,-,03,22350,,N,D,C,A,A,H,-,A,D,0,,,,,Y,,A,,0,0,1,0,0,0,0,0,0,"- ","- ",,,STANISLAUS,MODESTO,-120.94117992,37.654719890000003
6586602,2014,2014-08-15,5002,2014-07-31,1643,10093,M479,4,5,6,5002,0,0,0,,0,033,"CARPENTER RD","CHICAGO AV",0.00,,Y,A,-,N,,,,,,,,,,Y,3,0,2,2,A,-,03,22350,,N,A,C,A,A,H,-,A,D,0,,,,,Y,,-,,0,1,1,0,0,0,0,0,0,"- ","- ",,,STANISLAUS,MODESTO,-121.03043986,37.62432999
6587524,2014,2014-08-20,5007,2014-07-25,2256,5724,2BEAT,5,5,5,5007,0,0,0,,0,,"R ST","GOLDEN STATE BL",0.00,,Y,A,-,N,,,,,,,,,,N,4,0,1,2,A,-,11,21955,,N,B,B,D,A,H,-,C,A,0,Y,,,,Y,,N,60,0,0,1,0,1,0,0,0,0,"- ","- ",,,STANISLAUS,TURLOCK,,
6590347,2014,2014-09-11,9465,2014-08-05,1015,15398,,2,1,9,5000,0,3,5,,2,020,"MILNES RD","LANGWORTH RD",1250.00,E,N,A,-,N,,,,,,,,,,Y,4,0,1,2,A,-,08,22107,,N,D,C,A,A,H,-,A,D,0,,,,,Y,,D,22,0,0,1,0,0,0,0,0,0,"- ","- ",37.68186,-120.88943999999999,STANISLAUS,UNINCORPORATED,-120.88957138000001,37.681858939999998
6590393,2014,2016-04-28,9465,2014-07-26,1920,019201,,6,2,9,5000,0,1,3,,2,041,"RT 99","MITCHELL RD",250.00,S,N,A,-,Y,STA,10,99,-,R,10.100,H,-,S,Y,4,0,1,1,A,-,08,22107,,N,E,I,A,A,H,-,A,D,1,,,,Y,Y,,F,25,0,0,1,0,0,0,0,0,0,"- ","- ",37.572879999999998,-120.9358,STANISLAUS,UNINCORPORATED,-120.93797161000001,37.575240489999999
6592619,2014,2014-09-04,5002,2014-08-09,1805,11542,M156,6,5,6,5002,0,0,0,,0,076,"SYLVAN AV","MCREYNOLDS AV",0.00,,Y,A,-,N,,,,,,,,,,Y,4,0,3,2,A,-,09,21801,,N,D,C,A,A,H,-,A,A,0,,,,,Y,,-,,0,0,3,0,0,0,0,0,0,"- ","- ",,,STANISLAUS,MODESTO,-120.94438991,37.688949940000001
6595507,2014,2016-04-28,9465,2014-08-01,2315,018825,,5,3,6,5002,0,1,3,,2,041,"RT 99","HATCH RD",950.00,N,N,A,-,Y,STA,10,99,-,R,13.499,R,2,S,Y,4,0,1,1,A,-,08,22107,,N,E,I,A,A,H,-,C,D,1,,,,,Y,,A,01,0,0,1,0,0,0,0,0,0,SF,"- ",37.611800000000002,-120.9795,STANISLAUS,MODESTO,-120.97928348000001,37.61197799
6595511,2014,2016-04-28,9465,2014-08-01,1630,015979,,5,2,5,5007,0,1,3,,2,041,"RT 99","WEST MAIN ST",300.00,N,N,A,-,Y,STA,10,99,-,R,3.646,R,1,S,Y,4,0,1,2,A,-,03,22350,,N,C,C,A,A,H,-,A,D,1,,,,,Y,,A,01,0,0,1,0,0,0,0,0,0,"- ","- ",37.494680000000002,-120.87173,STANISLAUS,TURLOCK,-120.87150828999999,37.495177689999998
6595639,2014,2016-01-15,9465,2014-07-30,0635,016917,,3,1,9,5000,0,3,5,,2,030,"RIOPEL AV","ZEERING RD",331.00,N,N,B,-,N,,,,,,,,,,Y,2,0,1,1,A,-,08,22107,,N,E,I,A,A,H,-,A,D,0,,,,,Y,,A,01,1,0,0,0,0,0,0,0,0,"- ","- ",37.530110000000001,-120.79025,STANISLAUS,UNINCORPORATED,-120.78938719999999,37.529888890000002
6601567,2014,2014-09-10,5007,2014-08-09,1520,5596,,6,5,5,5007,0,0,0,,0,004,"W CHRISTOFFERSEN PKWY","MOUNTAIN VIEW RD",118.00,E,N,A,-,N,,,,,,,,,,Y,3,0,2,1,A,-,08,22107,,N,E,I,A,A,H,-,A,A,0,,,,,Y,,A,01,0,1,1,0,0,0,0,0,0,"- ","- ",,,STANISLAUS,TURLOCK,-120.88023312999999,37.529092730000002
6602553,2014,2016-02-08,9465,2014-08-10,1705,017202,,7,2,9,5000,0,1,1,,2,055,"RT 5","SPERRY RD",1.00,N,N,A,-,Y,STA,10,5,-,-,16.390,H,-,S,Y,3,0,2,1,A,-,08,22107,,N,F,I,A,A,H,-,A,D,1,,,,,Y,,E,22,0,1,1,0,0,0,0,0,0,"- ","- ",37.469839999999998,-121.18701,STANISLAUS,UNINCORPORATED,-121.18651608,37.469491959999999
6602642,2014,2014-09-13,9465,2014-08-11,1515,12520,,1,2,9,5000,0,3,5,,2,010,"ROBERTSON RD","PINE TREE LN",10.00,W,N,A,-,N,,,,,,,,,,Y,4,0,2,2,A,-,"- ",,,N,C,C,A,A,H,-,A,D,0,,,,,Y,,A,01,0,0,2,0,0,0,0,0,0,"- ","- ",37.613250000000001,-121.02229,STANISLAUS,UNINCORPORATED,-121.02227452,37.613259999999997
6602646,2014,2014-09-13,9465,2014-08-01,0100,18671,,5,3,9,5000,0,3,5,,2,030,"SANTA FE AV","BARNHART RD",0.00,,Y,-,-,N,,,,,,,,,,Y,4,0,1,2,A,-,12,22450,A,M,D,C,A,-,-,-,-,A,0,,,,,Y,,-,99,0,0,1,0,0,0,0,0,0,"- ","- ",37.567149999999998,-120.83848,STANISLAUS,UNINCORPORATED,-120.81483987999999,37.543879959999998
6602717,2014,2014-09-17,9465,2014-08-10,2020,17439,,7,2,9,5000,0,2,4,,2,042,"CROWS LANDING RD","CLAUSEN RD",0.00,,Y,A,-,N,,,,,,,,,,Y,3,0,4,3,A,-,03,22350,,N,C,C,A,-,-,-,B,D,0,,,,,Y,,A,01,0,2,2,0,0,0,0,0,0,"- ","- ",37.45673,-121.00132000000001,STANISLAUS,UNINCORPORATED,-121.00139992,37.456669890000001
6603854,2014,2014-09-08,5002,2014-08-14,2002,11023,290,4,5,6,5002,0,0,0,,0,072,"SCENIC DR","SUNNYSIDE DR",0.00,,Y,A,-,N,,,,,,,,,,Y,4,0,2,2,A,-,08,22107,,N,B,C,A,A,H,-,B,D,0,,,,,Y,,A,,0,0,2,0,0,0,0,0,0,"- ","- ",,,STANISLAUS,MODESTO,-120.97326998,37.649679929999998
6603861,2014,2014-09-05,5002,2014-08-21,0557,11252,280,4,5,6,5002,0,0,0,,0,072,"ORANGEBURG AV","GREENBRIER LN",0.00,,Y,A,-,N,,,,,,,,,,Y,4,0,1,2,A,-,08,22107,,N,C,E,A,A,H,-,B,D,0,,,,,Y,,A,,0,0,1,0,0,0,0,0,0,"- ","- ",,,STANISLAUS,MODESTO,-120.97163998000001,37.663539960000001
6603869,2014,2014-09-05,5002,2014-08-19,0726,11317,M156,2,5,6,5002,0,0,0,,0,076,"FLOYD AV","TEMESCAL DR",0.00,,Y,A,-,N,,,,,,,,,,N,3,0,1,2,A,-,05,21650,1,N,D,G,A,A,H,-,A,A,0,,Y,,,Y,,L,,0,1,0,0,0,0,1,0,0,"- ","- ",,,STANISLAUS,MODESTO,-120.94414986,37.678189959999997
6603877,2014,2014-09-05,5002,2014-08-18,0029,11331,151,1,5,6,5002,0,0,0,,0,076,"FLOYD AV","FINE AV",0.00,,Y,A,-,N,,,,,,,,,,Y,4,0,1,2,A,-,12,22450,,N,D,C,A,A,H,-,C,A,0,,,,,Y,,A,,0,0,1,0,0,0,0,0,0,"- ","- ",,,STANISLAUS,MODESTO,-120.92596989,37.678229960000003
6603893,2014,2016-04-28,5002,2014-08-16,0544,11247,215,6,5,6,5002,0,0,0,,0,066,"PELANDALE AV","RT 99",0.00,,Y,A,-,Y,STA,10,99,-,R,21.531,R,4,N,Y,4,0,1,2,A,-,03,22350,,N,A,C,A,A,C,-,B,A,0,,,,,Y,,A,,0,0,1,0,0,0,0,0,0,"- ",NF,,,STANISLAUS,MODESTO,-121.06908778,37.697355289999997
6603905,2014,2014-09-25,5002,2014-08-01,1544,11231,M558,5,5,6,5002,0,0,0,,0,031,"IRONSIDE WY","COVENTRY GARDEN WY",0.00,,Y,A,-,N,,,,,,,,,,Y,3,0,2,3,A,-,03,22350,,F,A,C,A,A,H,-,A,D,0,,,,,Y,,A,,0,1,1,0,0,0,0,0,0,"- ","- ",,,STANISLAUS,MODESTO,-121.01592994000001,37.602579910000003
6603913,2014,2014-09-25,5002,2014-08-16,0923,11078,215,6,5,6,5002,0,0,0,,0,040,"I ST","14TH ST",0.00,,Y,A,-,N,,,,,,,,,,N,3,0,1,2,A,-,12,22450,,F,D,C,A,A,H,-,A,A,0,,,,,Y,,-,,0,1,0,0,0,0,0,0,0,"- ","- ",,,STANISLAUS,MODESTO,-120.99539987,37.642429890000003
6605894,2014,2014-09-18,9465,2014-08-18,2055,014737,,1,2,9,5000,0,3,5,,2,010,"DAKOTA AV","NORTH AV",663.00,S,N,A,-,N,,,,,,,,,,Y,4,0,1,1,A,-,08,22107,,N,E,I,A,A,H,-,D,D,0,,,,,Y,,D,22,0,0,1,0,0,0,0,0,0,"- ","- ",37.610410000000002,-121.12173,STANISLAUS,UNINCORPORATED,-121.06792982,37.672679479999999
6606175,2014,2014-09-29,5004,2014-05-16,1659,139,RD15,5,5,3,5004,0,0,0,,0,00N,"RT 120","E E ST",0.00,,Y,A,-,Y,STA,10,120,-,-,5.020,I,5,W,Y,1,1,1,2,A,-,09,21801,B,N,D,C,A,A,H,-,A,B,0,,,Y,,Y,,C,02,0,0,1,0,0,0,0,1,0,"- ","- ",,,STANISLAUS,OAKDALE,-120.84783692000001,37.767829589999998
6606209,2014,2014-10-02,5002,2014-06-13,0822,11242,725,5,5,6,5002,0,0,0,,0,062,"NORTH 9TH ST","COLDWELL AV",970.00,S,N,A,-,N,,,,,,,,,,Y,1,1,7,3,A,-,07,21658,A,N,D,C,A,A,H,-,A,D,0,,,,,Y,,A,01,0,1,6,0,0,0,0,0,0,"- ","- ",,,STANISLAUS,MODESTO,-121.01580094000001,37.651262500000001
6606484,2014,2014-09-29,9465,2014-08-09,2050,019201,,6,2,9,5000,0,3,5,,2,030,"FINCH RD","BUSINESS PARK CIR",60.00,W,N,A,-,N,,,,,,,,,,Y,4,0,1,2,A,-,09,21801,A,N,D,C,A,A,H,-,C,D,0,,,,,Y,,A,01,0,0,1,0,0,0,0,0,0,"- ","- ",37.623750000000001,-120.93962999999999,STANISLAUS,UNINCORPORATED,-120.93969715999999,37.62368
6606496,2014,2014-09-24,9465,2014-08-24,0845,012845,,7,1,9,5000,0,3,5,,2,020,"SIERRA RD","LAUGHLIN RD",1584.00,E,N,A,-,N,,,,,,,,,,N,3,0,1,1,A,-,08,22107,,N,F,A,A,A,H,-,A,A,0,,Y,,,Y,,L,04,0,1,0,0,0,0,1,0,0,"- ","- ",37.761839999999999,-120.79222,STANISLAUS,UNINCORPORATED,-120.79241116,37.761890010000002
6606513,2014,2014-09-23,9465,2014-08-19,1652,015761,,2,2,9,5000,0,3,5,,2,030,"CHRISTINE AV","9TH ST",0.00,,Y,A,-,N,,,,,,,,,,Y,4,0,1,2,A,-,09,21802,A,N,D,C,A,A,H,-,A,A,0,,,,,Y,,A,01,0,0,1,0,0,0,0,0,0,"- ","- ",37.556950000000001,-120.91193,STANISLAUS,UNINCORPORATED,-120.91213989000001,37.557019910000001
6606535,2014,2016-04-28,9465,2014-08-18,0030,018363,,1,3,9,5000,0,1,3,,2,053,"RT 33","W COX RD",1319.00,S,N,A,-,Y,STA,10,33,-,-,21.980,H,-,N,Y,2,0,1,1,A,-,01,23152,A,N,F,I,A,A,H,-,D,D,0,,,,,Y,Y,A,07,1,0,0,0,0,0,0,0,0,"- ","- ",37.577579999999998,-121.22999,STANISLAUS,UNINCORPORATED,-121.22501298,37.573127270000001
6606539,2014,2016-04-28,9465,2014-08-15,1628,018800,,5,2,6,5002,0,1,3,,2,041,"RT 99","TUOLUMNE BL",100.00,S,N,A,-,Y,STA,10,99,-,R,15.080,H,-,S,Y,4,0,1,3,A,-,03,22350,,N,C,C,A,A,H,-,A,D,1,,,,,Y,,A,01,0,0,1,0,0,0,0,0,0,"- ","- ",37.624119999999998,-120.99637,STANISLAUS,MODESTO,-120.99693985,37.626938580000001
6606601,2014,2016-02-08,9465,2014-08-18,0625,15098,,1,1,9,5000,0,1,1,,2,055,"RT 5","DAVIS RD",1056.00,N,N,A,-,Y,STA,10,5,-,-,9.650,H,-,S,Y,3,0,1,1,A,-,08,22107,,N,F,A,A,A,H,-,B,D,1,,,,,Y,,A,07,0,1,0,0,0,0,0,0,0,"- ","- ",37.384709999999998,-121.12985,STANISLAUS,UNINCORPORATED,-121.1292583,37.383616580000002
6609225,2014,2014-09-12,5005,2014-08-30,1126,SQ24,5005,6,5,3,5005,0,0,0,,0,,"SPERRY AV","LAS PALMAS AV",461.00,W,N,A,-,N,,,,,,,,,,Y,3,0,3,2,C,-,18,,,N,E,I,A,A,H,-,A,A,0,,,,,Y,Y,-,"- ",0,2,1,0,0,0,0,0,0,"- ","- ",,,STANISLAUS,PATTERSON,-121.14616839999999,37.464463299999998
6616698,2014,2014-09-23,5002,2014-08-24,1234,11267,159,7,5,6,5002,0,0,0,,0,076,"OAKDALE RD","LANCEY DR",0.00,,Y,B,-,N,,,,,,,,,,Y,4,0,3,2,A,-,"- ",,,N,D,C,A,A,H,-,A,A,0,,,,,Y,,-,,0,0,3,0,0,0,0,0,0,"- ","- ",,,STANISLAUS,MODESTO,-120.95764996,37.669429989999998
6616700,2014,2014-09-23,5002,2014-08-30,1755,11012,404,6,5,6,5002,0,0,0,,0,040,"G ST","13TH ST",0.00,,Y,A,-,N,,,,,,,,,,Y,4,0,2,2,A,-,09,21802,A,N,D,C,A,A,H,-,A,A,0,,,,,Y,,-,,0,0,2,0,0,0,0,0,0,"- ","- ",,,STANISLAUS,MODESTO,-120.99399990000001,37.63974992
6617082,2014,2016-04-28,9465,2014-08-24,0612,015398,,7,1,5,5007,0,1,3,,2,041,"RT 99","MONTE VISTA AV",3432.00,N,N,A,-,Y,STA,10,99,-,R,6.310,H,-,S,Y,2,0,2,1,A,-,01,23152,A,N,E,I,A,A,H,-,A,D,1,,,,,Y,Y,A,01,1,0,1,0,0,0,0,0,0,"- ","- ",37.530389999999997,-120.88994,STANISLAUS,TURLOCK,-120.89017334,37.530951940000001
6617084,2014,2014-09-17,9465,2014-08-25,1450,012845,,1,2,9,5000,0,3,5,,2,020,"PATTERSON RD","BENTLEY RD",0.00,,Y,A,-,N,,,,,,,,,,Y,3,0,2,2,A,-,03,22350,,N,D,C,A,A,H,-,A,A,0,,,,,Y,,A,01,0,1,1,0,0,0,0,0,0,"- ","- ",37.732790000000001,-120.86695,STANISLAUS,UNINCORPORATED,-120.86702995,37.732799919999998
6617085,2014,2014-09-17,9465,2014-08-25,1800,015247,,1,2,9,5000,0,3,5,,2,010,"LADD RD","MCHENRY AV",150.00,E,N,A,-,N,,,,,,,,,,N,4,0,1,2,A,-,21,22106,,N,C,C,A,A,H,-,A,D,0,,,,,Y,,A,01,0,0,1,0,0,0,0,0,0,"- ","- ",37.741709999999998,-121.00964999999999,STANISLAUS,UNINCORPORATED,-120.99472147,37.73277057
6617089,2014,2016-04-28,9465,2014-08-27,1700,015979,,3,2,9,5000,0,1,3,,2,041,"RT 99","FAITH HOME RD",350.00,N,N,A,-,Y,STA,10,99,-,R,8.620,H,-,N,N,4,0,3,2,A,-,03,22350,,N,C,C,A,A,H,-,A,D,1,,,,,Y,,A,07,0,0,3,0,0,0,0,0,0,"- ","- ",37.560859999999998,-120.92153999999999,STANISLAUS,UNINCORPORATED,-120.91658893,37.556529169999997
6617091,2014,2016-04-28,9465,2014-08-27,0030,012351,,3,3,9,5000,0,1,3,,2,011,"RT 99","RT 219",280.00,N,N,A,-,Y,STA,10,99,-,-,22.610,H,-,S,Y,4,0,1,1,A,-,08,22107,,N,E,J,A,A,D,-,D,D,1,,,,,Y,,A,01,0,0,1,0,0,0,0,0,0,"- ","- ",37.709490000000002,-121.08167,STANISLAUS,UNINCORPORATED,-121.0829038,37.71014684
6617093,2014,2014-09-17,9465,2014-08-29,1500,016917,,5,2,9,5000,0,3,5,,2,010,"PARADISE RD","HART RD",5.00,E,N,A,-,N,,,,,,,,,,Y,4,0,2,2,A,-,03,22350,,N,C,C,A,A,H,-,A,D,0,,,,,Y,,A,08,0,0,2,0,0,0,0,0,0,"- ","- ",37.608840000000001,-121.121,STANISLAUS,UNINCORPORATED,-121.12172274,37.60885004
6619493,2014,2014-10-02,5001,2014-09-03,0757,739,,3,5,4,5001,0,0,0,,0,004,"WALNUT AV","CENTRAL AV",0.00,,Y,A,-,N,,,,,,,,,,N,4,0,2,2,A,-,03,22350,,F,C,C,A,A,H,-,A,A,0,,,,,Y,,-,,0,0,2,0,0,0,0,0,0,"- ","- ",,,STANISLAUS,CERES,-120.95690992,37.584779990000001
6622728,2014,2014-11-13,9465,2014-09-16,1616,017202,,2,2,9,5000,0,3,5,,2,010,"CLARIBEL RD","CLAUS RD",252.00,W,N,A,-,N,,,,,,,,,,Y,4,0,1,2,A,-,03,22350,,N,C,C,A,A,H,-,A,D,0,,,,,Y,,A,01,0,0,1,0,0,0,0,0,0,"- ","- ",37.710819999999998,-120.92294,STANISLAUS,UNINCORPORATED,-120.92274107999999,37.710882349999999
6622740,2014,2014-10-31,9465,2014-09-18,1700,015979,,4,2,9,5000,0,3,5,,2,010,"PIRRONE RD","FATTORIA BL",0.00,,Y,A,-,N,,,,,,,,,,Y,4,0,1,2,A,-,12,22450,A,N,D,C,A,A,H,-,A,A,0,,,,,Y,,A,01,0,0,1,0,0,0,0,0,0,"- ","- ",37.717559999999999,-121.08904,STANISLAUS,UNINCORPORATED,-121.08909,37.717569910000002
6622744,2014,2016-04-28,9465,2014-09-12,1645,015979,,5,2,9,5000,0,1,3,,2,011,"RT 99","L ST",1056.00,N,N,A,-,Y,STA,10,99,-,R,16.320,H,-,N,Y,4,0,1,3,A,-,08,22107,,M,B,C,A,A,H,-,A,D,1,,,,Y,Y,,A,01,0,0,1,0,0,0,0,0,0,"- ","- ",37.641030000000001,-121.0089,STANISLAUS,UNINCORPORATED,-121.00931907,37.641420080000003
6623576,2014,2016-04-29,9465,2014-09-04,0955,018259,,4,1,5,5007,0,1,3,,2,041,"RT 99","TAYLOR RD",1690.00,S,N,A,-,Y,STA,10,99,-,R,6.430,H,-,N,Y,4,0,1,2,A,-,"- ",,,N,C,C,A,A,H,-,A,D,1,,,,,Y,,A,07,0,0,1,0,0,0,0,0,0,"- ","- ",37.532400000000003,-120.8901,STANISLAUS,TURLOCK,-120.89010474,37.532347350000002
6623687,2014,2015-05-13,9465,2014-09-01,0630,15596,,1,1,9,5000,0,3,5,,2,040,"WHITMORE AV","CARPENTER RD",1056.00,W,N,A,-,N,,,,,,,,,,Y,4,0,1,1,A,-,01,23152,A,N,E,I,A,A,H,-,A,D,0,,,,,Y,Y,A,01,0,0,1,0,0,0,0,0,0,"- ","- ",37.595059999999997,-121.03323,STANISLAUS,UNINCORPORATED,-121.03393472,37.595055039999998
6628789,2014,2014-12-01,9465,2014-09-02,1150,015098,,2,1,9,5000,0,3,5,,2,050,"FINK RD","DAVIS RD",0.00,,Y,A,-,N,,,,,,,,,,Y,4,0,2,2,A,-,12,22450,A,N,D,C,A,A,H,-,A,A,0,,,,,Y,,A,08,0,0,2,0,0,0,0,0,0,"- ","- ",37.391640000000002,-121.12111,STANISLAUS,UNINCORPORATED,-121.12147996,37.39167999
6628797,2014,2014-12-01,9465,2014-09-06,2001,019201,,6,2,9,5000,0,3,5,,2,010,"SISK RD","GREENLEAF CT",100.00,S,N,A,-,N,,,,,,,,,,N,4,0,1,2,A,-,03,22350,,N,C,C,A,A,H,-,C,A,0,,,,,Y,,A,01,0,0,1,0,0,0,0,0,0,"- ","- ",37.701459999999997,-121.07033,STANISLAUS,UNINCORPORATED,-121.07224749,37.702191839999998
6628832,2014,2014-10-02,5002,2014-09-13,1329,,,6,5,6,5002,0,0,0,,0,064,"STANDIFORD AV","TULLY RD",205.00,W,N,B,-,N,,,,,,,,,,N,4,0,1,2,A,-,10,21952,,F,A,B,F,A,H,-,A,D,0,Y,,,,Y,,A,,0,0,1,0,1,0,0,0,0,"- ","- ",,,STANISLAUS,MODESTO,-121.01321806,37.6893484
6632867,2014,2014-10-10,9465,2014-09-15,0740,014588,,1,1,9,5000,0,3,5,,2,010,"PARADISE RD","SHILOH RD",2112.00,W,N,A,-,N,,,,,,,,,,Y,4,0,1,1,A,-,01,23152,F,N,E,I,A,A,H,-,A,D,0,,,,,Y,Y,A,01,0,0,1,0,0,0,0,0,0,"- ","- ",37.609090000000002,-121.13751999999999,STANISLAUS,UNINCORPORATED,-121.13777164,37.609365099999998
6632872,2014,2016-04-29,9465,2014-09-10,0900,018457,,3,1,9,5000,0,1,3,,2,013,"RT 108","SKITTONE RD",206.00,E,N,A,-,Y,STA,10,108,-,-,29.540,H,-,W,Y,4,0,1,1,A,-,04,21703,,N,E,I,A,A,H,-,A,D,0,,,,,Y,,A,07,0,0,1,0,0,0,0,0,0,"- ","- ",37.732799999999997,-120.98369,STANISLAUS,UNINCORPORATED,-120.98532041,37.732771450000001
6632875,2014,2014-10-10,9465,2014-09-07,0555,015604,,7,3,9,5000,0,3,5,,2,010,"LADD RD","SAINT JOHN RD",1056.00,E,N,A,-,N,,,,,,,,,,Y,4,0,1,1,A,-,08,22107,,N,F,A,A,A,H,-,A,D,0,,,,,Y,,A,07,0,0,1,0,0,0,0,0,0,"- ","- ",37.732089999999999,-121.00217000000001,STANISLAUS,UNINCORPORATED,-121.00091868,37.732817240000003
6632879,2014,2014-10-10,9465,2014-09-13,1250,015979,,6,1,9,5000,0,2,4,,2,034,"GEER RD","FOX GROVE ACCESS",528.00,S,N,A,-,N,,,,,,,,,,N,3,0,1,2,A,-,09,21802,A,N,D,C,A,A,H,-,A,D,0,,,,,Y,,M,94,0,1,0,0,0,0,0,0,0,"- ","- ",37.613340000000001,-120.84627,STANISLAUS,UNINCORPORATED,-120.84680676000001,37.612464930000002