CASE_ID,ACCIDENT_YEAR,PROC_DATE,JURIS,COLLISION_DATE,COLLISION_TIME,OFFICER_ID,REPORTING_DISTRICT,DAY_OF_WEEK,CHP_SHIFT,POPULATION,CNTY_CITY_LOC,SPECIAL_COND,BEAT_TYPE,CHP_BEAT_TYPE,CITY_DIVISION_LAPD,CHP_BEAT_CLASS,BEAT_NUMBER,PRIMARY_RD,SECONDARY_RD,DISTANCE,DIRECTION,INTERSECTION,WEATHER_1,WEATHER_2,STATE_HWY_IND,CALTRANS_COUNTY,CALTRANS_DISTRICT,STATE_ROUTE,ROUTE_SUFFIX,POSTMILE_PREFIX,POSTMILE,LOCATION_TYPE,RAMP_INTERSECTION,SIDE_OF_HWY,TOW_AWAY,COLLISION_SEVERITY,NUMBER_KILLED,NUMBER_INJURED,PARTY_COUNT,PRIMARY_COLL_FACTOR,PCF_CODE_OF_VIOL,PCF_VIOL_CATEGORY,PCF_VIOLATION,PCF_VIOL_SUBSECTION,HIT_AND_RUN,TYPE_OF_COLLISION,MVIW,PED_ACTION,ROAD_SURFACE,ROAD_COND_1,ROAD_COND_2,LIGHTING,CONTROL_DEVICE,CHP_ROAD_TYPE,PEDESTRIAN_ACCIDENT,BICYCLE_ACCIDENT,MOTORCYCLE_ACCIDENT,TRUCK_ACCIDENT,NOT_PRIVATE_PROPERTY,ALCOHOL_INVOLVED,STWD_VEHTYPE_AT_FAULT,CHP_VEHTYPE_AT_FAULT,COUNT_SEVERE_INJ,COUNT_VISIBLE_INJ,COUNT_COMPLAINT_PAIN,COUNT_PED_KILLED,COUNT_PED_INJURED,COUNT_BICYCLIST_KILLED,COUNT_BICYCLIST_INJURED,COUNT_MC_KILLED,COUNT_MC_INJURED,PRIMARY_RAMP,SECONDARY_RAMP,LATITUDE,LONGITUDE,COUNTY,CITY,POINT_X,POINT_Y
81406485,2021,2021-02-11,5002,2021-02-09,1002,13304,RD259,2,5,6,5002,0,0,0,,0,MP81,"LUCERN AVE","KIMBLE ST",162.00,W,N,A,-,N,,,,,,,,,,Y,3,0,1,1,A,-,08,22107,,N,E,I,A,A,H,-,A,D,0,,,,,Y,,A,01,0,1,0,0,0,0,0,0,0,"- ","- ",37.652778625488281,-120.98918914794922,STANISLAUS,MODESTO,-120.98974609375,37.652759552001953
81409574,2021,2021-02-17,5002,2021-02-11,1421,13039,M275,4,5,6,5002,0,0,0,,0,MP81,"COFFEE RD","SCENIC DR",0.00,,Y,A,-,N,,,,,,,,,,N,4,0,1,2,A,-,04,21703,,N,C,C,A,A,H,-,A,A,0,,,,,Y,,D,22,0,0,1,0,0,0,0,0,0,"- ","- ",37.648998260498047,-120.97554779052734,STANISLAUS,MODESTO,-120.97550964355469,37.649017333984375
81410513,2021,2021-02-18,5002,2021-01-31,1703,11697,M079,7,5,6,5002,0,0,0,,0,MP62,"BRIGGSMORE AVE","CARVER RD",0.00,,Y,A,-,N,,,,,,,,,,Y,3,0,3,2,A,-,12,21453,A,N,D,C,A,A,H,-,A,A,0,,,,,Y,,A,01,0,2,1,0,0,0,0,0,0,"- ","- ",,,STANISLAUS,MODESTO,-121.02214050292969,37.671028137207031
8141217,2016,2016-10-12,5007,2016-09-04,1802,5763,TURLO,7,5,5,5007,0,0,0,,0,001,"TAYLOR RD","GEER RD",0.00,,Y,A,-,N,,,,,,,,,,Y,4,0,2,2,A,-,12,21453,A,N,D,C,A,A,H,-,A,-,0,,,,,Y,,A,01,0,0,2,0,0,0,0,0,0,"- ","- ",,,STANISLAUS,TURLOCK,-120.84799999000001,37.536729960000002
81413187,2021,2021-02-23,5002,2021-02-14,1305,13195,,7,5,6,5002,0,0,0,,0,MP81,"COFFEE RD","SCENIC DR",0.00,,Y,B,-,N,,,,,,,,,,N,3,0,1,2,A,-,08,22107,,N,H,G,A,A,H,-,A,A,0,,Y,,,Y,,D,22,0,1,0,0,0,0,1,0,0,"- ","- ",37.648998260498047,-120.97554779052734,STANISLAUS,MODESTO,-120.97550964355469,37.649017333984375
81413193,2021,2021-02-23,5002,2021-02-17,1149,13336,,3,5,6,5002,0,0,0,,0,,"I ST","13TH ST",8.00,E,N,A,-,N,,,,,,,,,,N,3,0,1,2,A,-,10,21950,A,N,G,B,B,A,H,-,A,D,0,Y,,,,Y,,D,22,0,1,0,0,1,0,0,0,0,"- ","- ",37.641590118408203,-120.99681091308594,STANISLAUS,MODESTO,-120.99639129638672,37.6417236328125
81416622,2021,2021-02-26,5002,2021-02-18,1918,13281,RD120,4,5,6,5002,0,0,0,,0,MP82,"BRIGGSMORE AVE","RUBY LN",33.00,E,N,A,-,N,,,,,,,,,,N,4,0,1,1,A,-,08,22107,,N,E,I,A,A,H,-,C,D,0,,,,,Y,,A,07,0,0,1,0,0,0,0,0,0,"- ","- ",37.667938232421875,-120.96585083007812,STANISLAUS,MODESTO,-120.98389434814453,37.668342590332031
81416628,2021,2021-02-26,5002,2021-02-21,1121,13253,M376,7,5,6,5002,0,0,0,,0,MP33,"MAZE BLVD","JEFFERSON ST",0.00,,Y,A,-,N,,,,,,,,,,N,4,0,1,2,A,-,08,22107,,F,D,C,A,A,H,-,A,A,0,,,,,Y,,A,07,0,0,1,0,0,0,0,0,0,"- ","- ",37.638641357421875,-121.00885772705078,STANISLAUS,MODESTO,-121.00888824462891,37.63861083984375
81416639,2021,2021-02-26,5002,2021-02-23,1635,13028,M004,2,5,6,5002,0,0,0,,0,MP63,"KIERNAN AVE","DALE RD",345.00,W,N,A,-,Y,,,,,,,,,,N,4,0,1,2,A,-,03,22350,,N,C,C,A,A,H,-,A,A,0,,,,,Y,,A,01,0,0,1,0,0,0,0,0,0,"- ","- ",37.711448669433594,-121.05014038085938,STANISLAUS,MODESTO,-121.05131530761719,37.711296081542969
8141854,2016,2017-02-18,5002,2016-09-28,1134,13046,410,3,5,6,5002,0,0,0,,0,041,"9TH ST","E ST",0.00,,Y,A,-,Y,STA,10,132,-,L,15.620,I,5,E,N,4,0,2,2,A,-,08,22107,,N,H,C,A,A,H,-,A,-,0,,,,Y,Y,,A,,0,0,2,0,0,0,0,0,0,"- ","- ",,,STANISLAUS,MODESTO,-120.99563894000001,37.635070800000001
8141942,2016,2016-10-13,5002,2016-10-03,1747,10507,209,1,5,6,5002,0,0,0,,0,082,"COLLEGE AV","CORNELL AV",78.00,S,N,B,-,N,,,,,,,,,,Y,3,0,2,3,A,-,03,22350,,N,C,C,A,A,H,-,A,D,0,,,,,Y,,D,,0,1,1,0,0,0,0,0,0,"- ","- ",,,STANISLAUS,MODESTO,-121.00759286,37.662645810000001
8141945,2016,2017-01-19,5002,2016-10-03,1557,11566,M99,1,5,6,5002,0,0,0,,0,062,"SISK RD","EARL ST",0.00,,Y,B,-,N,,,,,,,,,,Y,4,0,1,2,A,-,12,21453,A,N,D,C,A,A,H,-,A,A,0,,,,,Y,,A,,0,0,1,0,0,0,0,0,0,"- ","- ",,,STANISLAUS,MODESTO,-121.04446995000001,37.676239950000003
8141981,2016,2016-10-13,5002,2016-10-05,0817,13039,M013,3,5,6,5002,0,0,0,,0,MP63,"VOLENDAM AV","TERHUNE CT",45.00,E,N,A,-,N,,,,,,,,,,Y,3,0,1,2,A,-,08,22107,,N,D,E,A,A,H,-,A,D,0,,,,,Y,,A,,0,1,0,0,0,0,0,0,0,"- ","- ",,,STANISLAUS,MODESTO,-121.02413448999999,37.694998269999999
81420334,2021,2021-03-04,5002,2021-02-27,2340,11854,M567,6,5,6,5002,0,0,0,,0,MP31,"DALLAS ST","GLEN ARBOR WAY",48.00,N,N,A,-,N,,,,,,,,,,Y,3,0,1,3,A,-,08,22107,,N,C,E,A,A,H,-,C,D,0,,,,,Y,,A,01,0,1,0,0,0,0,0,0,0,"- ","- ",37.59661865234375,-121.00221252441406,STANISLAUS,MODESTO,-121.00133514404297,37.596851348876953
81420343,2021,2021-03-04,5002,2021-03-02,2235,11697,,2,5,6,5002,0,0,0,,0,MP42,"YOSEMITE BLVD","PARRY AVE",3.00,E,N,A,-,Y,,,,,,,,,,Y,4,0,1,2,A,-,09,21801,A,N,B,C,A,A,H,-,C,D,0,,,Y,,Y,,C,02,0,0,1,0,0,0,0,0,1,"- ","- ",,,STANISLAUS,MODESTO,-120.95945739746094,37.638160705566406
81429742,2021,2021-03-18,5002,2021-02-28,0118,13322,,7,5,6,5002,0,0,0,,0,MP81,"MC HENRY AVE","FLOTO WAY",0.00,,Y,A,-,Y,,,,,,,,,,Y,4,0,1,2,A,-,01,23152,A,F,D,C,A,A,H,-,C,D,0,,,,,Y,Y,A,01,0,0,1,0,0,0,0,0,0,"- ","- ",37.648250579833984,-120.99378204345703,STANISLAUS,MODESTO,-120.99375152587891,37.648189544677734
81433768,2021,2021-03-24,5002,2021-03-11,1616,11606,,4,5,6,5002,0,0,0,,0,MP61,"9TH ST","CARVER RD",0.00,,Y,A,-,N,,,,,,,,,,Y,3,0,2,2,A,-,09,21453,C,N,A,C,A,A,H,-,A,A,0,,,,,Y,,A,01,0,2,0,0,0,0,0,0,0,"- ","- ",37.656539916992188,-121.02191162109375,STANISLAUS,MODESTO,-121.02217102050781,37.656620025634766
81438954,2021,2021-03-30,5002,2021-02-12,1832,13196,M174,5,5,6,5002,0,0,0,,0,MP61,"CARPENTER RD","KANSAS AVE",400.00,S,N,A,-,Y,,,,,,,,,,Y,4,0,1,1,A,-,03,22350,,N,E,J,A,A,D,-,C,D,0,,,,,Y,,A,01,0,0,1,0,0,0,0,0,0,"- ","- ",37.646060943603516,-121.03077697753906,STANISLAUS,MODESTO,-121.03028106689453,37.644893646240234
81439902,2021,2021-03-31,5002,2021-03-05,1737,13196,M077,5,5,6,5002,0,0,0,,0,MP62,"PRESCOTT RD","PLAZA PARKWAY",194.00,N,N,A,-,Y,,,,,,,,,,N,4,0,1,2,A,-,09,21804,A,F,D,D,A,A,H,-,A,D,0,,,,,Y,,-,99,0,0,1,0,0,0,0,0,0,"- ","- ",37.671638488769531,-121.03125762939453,STANISLAUS,MODESTO,-121.03128051757812,37.672134399414062
81439907,2021,2021-03-31,5002,2021-03-06,1718,13025,M250,6,5,6,5002,0,0,0,,0,MP81,"NEEDHAM ST","15TH ST",0.00,,Y,A,-,Y,,,,,,,,,,N,4,0,2,2,A,-,12,21453,A,N,D,C,A,A,H,-,A,A,0,,,,,Y,,-,"- ",0,0,2,0,0,0,0,0,0,"- ","- ",37.645771026611328,-120.99754333496094,STANISLAUS,MODESTO,-120.99752044677734,37.645740509033203
81439920,2021,2021-03-31,5002,2021-03-11,0148,13055,M334,4,5,6,5002,0,0,0,,0,MP43,"YOSEMITE BLVD","LINCOLN AVE",103.00,W,N,B,-,Y,,,,,,,,,,Y,4,0,1,2,A,-,03,22350,,N,C,C,A,B,H,-,C,A,0,,,,,Y,,A,07,0,0,1,0,0,0,0,0,0,"- ","- ",37.638080596923828,-120.93910217285156,STANISLAUS,MODESTO,-120.93931579589844,37.638153076171875
81439923,2021,2021-03-31,5002,2021-03-11,1552,13124,,4,5,6,5002,0,0,0,,0,MP73,"COFFEE RD","MABLE AVE",0.00,,Y,A,-,N,,,,,,,,,,Y,4,0,1,2,A,-,09,21801,A,N,D,C,A,A,H,-,A,A,0,,,,,Y,,D,22,0,0,1,0,0,0,0,0,0,"- ","- ",,,STANISLAUS,MODESTO,-120.9761962890625,37.696102142333984
81439926,2021,2021-03-31,5002,2021-03-12,1527,10152,455,5,5,6,5002,0,0,0,,0,MP42,"N SANTA CRUZ AV","YOSEMITE BL (SR132)",0.00,,Y,A,-,Y,,,,,,,,,,Y,3,0,1,2,A,-,09,21802,A,N,D,C,A,A,H,-,A,A,0,,,,,Y,,A,01,0,1,0,0,0,0,0,0,0,"- ","- ",,,STANISLAUS,MODESTO,-120.97420501708984,37.638198852539062
81439929,2021,2021-03-31,5002,2021-03-13,2024,11236,M400,6,5,6,5002,0,0,0,,0,MP41,"YOSEMITE BLVD","MORTON BLVD",3.00,W,N,A,-,Y,,,,,,,,,,Y,3,0,1,1,A,-,08,22107,,N,E,I,A,A,H,-,C,D,0,,,,,Y,,A,01,0,1,0,0,0,0,0,0,0,"- ","- ",37.637531280517578,-120.98464202880859,STANISLAUS,MODESTO,-120.98467254638672,37.637588500976562
81439931,2021,2021-03-31,5002,2021-03-15,1948,13290,M208,1,5,6,5002,0,0,0,,0,MP82,"ORANGEBURG AVE","COLLEGE AVE",0.00,,Y,A,-,N,,,,,,,,,,N,4,0,1,2,A,-,03,22350,,F,C,C,A,A,H,-,C,A,0,,,,,Y,,-,99,0,0,1,0,0,0,0,0,0,"- ","- ",37.663921356201172,-121.00753021240234,STANISLAUS,MODESTO,-121.00760650634766,37.663936614990234
81439949,2021,2021-03-31,5002,2021-03-22,1720,13067,M009,1,5,6,5002,0,0,0,,0,MP63,"SNYDER AVE","DALE RD",0.00,,Y,A,-,N,,,,,,,,,,Y,4,0,3,3,A,-,08,22107,,N,D,C,A,A,H,-,A,A,0,,,,,Y,,A,01,0,0,3,0,0,0,0,0,0,"- ","- ",37.696769714355469,-121.05010223388672,STANISLAUS,MODESTO,-121.04998016357422,37.696662902832031
81439954,2021,2021-03-31,5002,2021-03-24,1154,13336,714,3,5,6,5002,0,0,0,,0,MP32,"G ST","5TH ST",0.00,,Y,A,-,N,,,,,,,,,,Y,4,0,1,2,A,-,12,21453,A,N,D,C,A,A,H,-,A,A,0,,,,,Y,,A,01,0,0,1,0,0,0,0,0,0,"- ","- ",37.633949279785156,-121.00215911865234,STANISLAUS,MODESTO,-121.03657531738281,37.665504455566406
81446699,2021,2021-04-09,5002,2021-03-16,2155,13017,M051,2,5,6,5002,0,0,0,,0,MP61,"CARPENTER RD","WOODLAND AVE",0.00,,Y,A,-,N,,,,,,,,,,N,2,0,1,2,A,-,12,21453,A,N,D,G,A,A,H,-,C,A,0,,Y,,,Y,,L,04,1,0,0,0,0,0,1,0,0,"- ","- ",37.6531982421875,-121.03115844726562,STANISLAUS,MODESTO,-121.03105163574219,37.653209686279297
81446713,2021,2021-04-09,5002,2021-03-27,2202,13300,RD04,6,5,6,5002,0,0,0,,0,MP41,"JAMES ST","HOWARD ST",93.00,S,N,A,-,N,,,,,,,,,,Y,3,0,1,2,A,-,01,23152,A,N,C,E,A,A,H,-,C,D,0,,,,,Y,Y,A,07,0,1,0,0,0,0,0,0,0,"- ","- ",37.642471313476562,-120.98747253417969,STANISLAUS,MODESTO,-120.9874267578125,37.642204284667969
81446724,2021,2021-04-09,5002,2021-04-04,2139,13286,M305,7,5,6,5002,0,0,0,,0,MP71,"ORANGEBURG AVE","LAKEWOOD AVE",0.00,,Y,A,-,N,,,,,,,,,,N,4,0,2,2,A,-,12,21453,A,N,D,C,A,A,H,-,C,A,0,,,,,Y,,A,01,0,0,2,0,0,0,0,0,0,"- ","- ",,,STANISLAUS,MODESTO,-120.93936920166016,37.663558959960938
81450819,2021,2021-04-15,5002,2021-03-27,0154,13268,,6,5,6,5002,0,0,0,,0,MP71,"OAKDALE RD","SCENIC DR",183.00,N,N,A,-,N,,,,,,,,,,Y,3,0,2,2,A,-,01,23152,A,N,C,C,A,A,H,-,C,A,0,,,,,Y,Y,A,01,0,1,1,0,0,0,0,0,0,"- ","- ",37.653068542480469,-120.95741271972656,STANISLAUS,MODESTO,-120.95738983154297,37.653572082519531
81450841,2021,2021-04-15,5002,2021-04-04,1203,13207,M051,7,5,6,5002,0,0,0,,0,MP61,"TORRID AVE","YELLOWSTONE AVE",0.00,,Y,A,-,N,,,,,,,,,,Y,3,0,2,2,A,-,08,22103,,N,D,C,A,A,H,-,A,A,0,,,,,Y,,A,07,0,2,0,0,0,0,0,0,0,"- ","- ",37.649440765380859,-121.03782653808594,STANISLAUS,MODESTO,-121.03783416748047,37.649456024169922
81450844,2021,2021-04-15,5002,2021-04-05,0813,13042,,1,5,6,5002,0,0,0,,0,MP32,"WESTERN WAY","YOSEMITE AVE",0.00,,Y,-,-,N,,,,,,,,,,Y,4,0,1,2,A,-,12,22450,A,N,D,I,A,A,H,-,A,A,0,,,,,Y,Y,A,07,0,0,1,0,0,0,0,0,0,"- ","- ",37.625999450683594,-121.00897979736328,STANISLAUS,MODESTO,-121.00836181640625,37.62603759765625
81450860,2021,2021-04-15,5002,2021-04-09,1202,13207,M176,5,5,6,5002,0,0,0,,0,MP61,"ORANGEBURG AVE","MARTIN AVE",373.00,W,N,A,-,N,,,,,,,,,,Y,4,0,3,2,C,-,18,,,N,B,C,A,A,H,-,A,D,0,,,,,Y,,-,"- ",0,0,3,0,0,0,0,0,0,"- ","- ",37.664161682128906,-121.0260009765625,STANISLAUS,MODESTO,-121.02693939208984,37.664169311523438
81450861,2021,2021-04-15,5002,2021-04-09,1227,13195,RD01,5,5,6,5002,0,0,0,,0,MP63,"SISK RD","SULLIVAN CT",12.00,S,N,A,-,N,,,,,,,,,,Y,4,0,1,2,A,-,08,22107,,N,B,C,A,A,H,-,A,D,0,,,,,Y,,A,01,0,0,1,0,0,0,0,0,0,"- ","- ",37.689468383789062,-121.06015014648438,STANISLAUS,MODESTO,-121.06011199951172,37.689327239990234
81451606,2021,2021-04-16,5002,2021-03-28,1852,13286,M159,7,5,6,5002,0,0,0,,0,MP72,"BRIGGSMORE AVE","LAKEWOOD AVE",162.00,W,N,A,-,N,,,,,,,,,,Y,3,0,1,2,A,-,01,23152,A,N,C,C,A,A,H,-,A,A,0,,,,,Y,Y,D,22,0,1,0,0,0,0,0,0,0,"- ","- ",37.666839599609375,-120.93940734863281,STANISLAUS,MODESTO,-120.93997955322266,37.666908264160156
81451607,2021,2021-04-16,5002,2021-03-30,1700,11209,M018,2,5,6,5002,0,0,0,,0,MP82,"TULLY RD","BOWEN AVE",350.00,S,N,A,-,N,,,,,,,,,,N,4,0,1,4,A,-,03,22350,,F,C,C,A,A,H,-,A,A,0,,,,,Y,,A,07,0,0,1,0,0,0,0,0,0,"- ","- ",37.674850463867188,-121.01235198974609,STANISLAUS,MODESTO,-121.01229095458984,37.673900604248047
81451615,2021,2021-04-16,5002,2021-04-06,2238,13262,,2,5,6,5002,0,0,0,,0,MP72,"COFFEE RD","BRIGGSMORE AVE",0.00,,Y,A,-,N,,,,,,,,,,Y,4,0,1,2,A,-,01,23152,A,N,D,C,A,A,H,-,C,A,0,,,,,Y,Y,A,01,0,0,1,0,0,0,0,0,0,"- ","- ",37.666938781738281,-120.97602081298828,STANISLAUS,MODESTO,-120.9757080078125,37.667152404785156
81451622,2021,2021-04-16,5002,2021-04-12,1906,13196,M012,1,5,6,5002,0,0,0,,0,MP63,"DALE RD","VINTAGE DR",0.00,,Y,A,-,Y,,,,,,,,,,N,3,0,1,1,A,-,03,22350,,N,F,I,A,A,H,-,A,A,0,,Y,,,Y,Y,L,04,0,1,0,0,0,0,1,0,0,"- ","- ",,,STANISLAUS,MODESTO,-121.0499267578125,37.692234039306641
81462839,2021,2021-04-30,5002,2021-03-16,1621,13096,,2,5,6,5002,0,0,0,,0,MP41,"I ST","8TH ST",40.00,W,N,A,-,N,,,,,,,,,,N,4,0,1,2,A,-,03,22350,,N,C,C,A,A,H,-,A,D,0,,,,,Y,,A,07,0,0,1,0,0,0,0,0,0,"- ","- ",37.638031005859375,-121.00157928466797,STANISLAUS,MODESTO,-121.00115203857422,37.638034820556641
81462842,2021,2021-04-30,5002,2021-03-29,1321,13343,M355,1,5,6,5002,0,0,0,,0,MP33,"BETTINA AVE","PETALUMA DR",8.00,N,N,A,-,N,,,,,,,,,,Y,4,0,3,3,A,-,05,21650,,F,A,E,A,A,H,-,A,D,0,,,,,Y,,A,07,0,0,3,0,0,0,0,0,0,"- ","- ",37.639148712158203,-121.02246856689453,STANISLAUS,MODESTO,-121.02191925048828,37.639171600341797
81462853,2021,2021-04-30,5002,2021-04-04,1134,13301,M024,7,5,6,5002,0,0,0,,0,MP61,"PRESCOTT RD","BRIGGSMORE AVE",0.00,,Y,A,-,N,,,,,,,,,,Y,3,0,3,2,A,-,03,22350,,N,C,C,A,A,H,-,A,A,0,,,,,Y,,A,07,0,1,2,0,0,0,0,0,0,"- ","- ",37.669849395751953,-121.03056335449219,STANISLAUS,MODESTO,-121.03063201904297,37.669960021972656
81462861,2021,2021-04-30,5002,2021-04-09,1153,13341,,5,5,6,5002,0,0,0,,0,MP82,"MELROSE AVE","ORANGEBURG AVE",0.00,,Y,A,-,N,,,,,,,,,,Y,3,0,2,2,A,-,09,21802,A,N,D,C,A,A,H,-,A,A,0,,,,,Y,,A,01,0,1,1,0,0,0,0,0,0,"- ","- ",37.663478851318359,-120.98745727539062,STANISLAUS,MODESTO,-120.98712921142578,37.663631439208984
81462862,2021,2021-04-30,5002,2021-04-09,1938,11698,M499,5,5,6,5002,0,0,0,,0,MP32,"TUOLUMNE BLVD","LEON AVE",0.00,,Y,A,-,N,,,,,,,,,,Y,2,0,1,2,A,-,09,21801,A,N,D,C,A,A,H,-,C,A,0,,,Y,,Y,Y,A,01,1,0,0,0,0,0,0,0,1,"- ","- ",37.627838134765625,-121.00949096679688,STANISLAUS,MODESTO,-121.009521484375,37.627822875976562
81462884,2021,2021-04-30,5002,2021-04-19,1551,10899,057,1,5,6,5002,0,0,0,,0,,"MC HENRY AVE","WOODROW AVE",250.00,S,N,A,-,Y,,,,,,,,,,N,3,0,1,2,A,-,04,21703,,N,C,C,A,A,H,-,A,D,0,,,,,Y,,A,01,0,1,0,0,0,0,0,0,0,"- ","- ",37.685329437255859,-120.99443817138672,STANISLAUS,MODESTO,-120.99423217773438,37.68475341796875
81462889,2021,2021-04-30,5002,2021-04-22,2112,11531,M199,4,5,6,5002,0,0,0,,0,MP61,"WOODLAND AVE","LONE PALM AVE",90.00,E,N,A,-,N,,,,,,,,,,Y,1,1,1,3,A,-,01,23152,A,F,G,B,E,A,H,-,C,D,0,Y,,,,Y,Y,D,22,0,1,0,1,0,0,0,0,0,"- ","- ",37.653221130371094,-121.02374267578125,STANISLAUS,MODESTO,-121.02313995361328,37.653209686279297
81463676,2021,2021-05-03,5002,2021-04-16,1700,13290,M387,5,5,6,5002,0,0,0,,0,MP41,"14TH ST","I ST",0.00,,Y,-,-,N,,,,,,,,,,Y,4,0,1,2,A,-,09,21801,A,N,D,C,A,A,H,-,A,A,0,,,,,Y,,A,01,0,0,1,0,0,0,0,0,0,"- ","- ",37.642398834228516,-120.99532318115234,STANISLAUS,MODESTO,-120.99539947509766,37.642429351806641
81474068,2021,2021-05-17,5002,2021-04-15,2004,11698,M567,4,5,6,5002,0,0,0,,0,MP31,"CROWS LANDING RD","FLAMINGO DR",200.00,S,N,A,-,N,,,,,,,,,,Y,3,0,1,2,A,-,09,21802,A,N,D,C,A,A,H,-,C,A,0,,,,,Y,Y,A,01,0,1,0,0,0,0,0,0,0,"- ","- ",37.597400665283203,-120.99381256103516,STANISLAUS,MODESTO,-120.99359893798828,37.596889495849609
81474071,2021,2021-05-17,5002,2021-04-19,2118,13116,M264,1,5,6,5002,0,0,0,,0,MP81,"SCENIC DR","BODEM ST",0.00,,Y,A,-,N,,,,,,,,,,Y,4,0,2,2,A,-,01,23152,A,N,D,C,A,A,H,-,C,A,0,,,,,Y,Y,A,01,0,0,2,0,0,0,0,0,0,"- ","- ",37.646831512451172,-120.98535919189453,STANISLAUS,MODESTO,-120.98533630371094,37.646820068359375
81474078,2021,2021-05-17,5002,2021-04-24,0859,11262,444,6,5,6,5002,0,0,0,,0,MP42,"MILLER AVE","CONEJO AVE",0.00,,Y,A,-,N,,,,,,,,,,N,4,0,1,2,A,-,09,21801,A,N,A,C,A,A,H,-,A,D,0,,,,,Y,,A,01,0,0,1,0,0,0,0,0,0,"- ","- ",37.640029907226562,-120.96640014648438,STANISLAUS,MODESTO,-120.96633148193359,37.640052795410156
81474084,2021,2021-05-17,5002,2021-04-26,1215,13300,RD02,1,5,6,5002,0,0,0,,0,MP41,"G ST","9TH ST",0.00,,Y,A,-,Y,,,,,,,,,,Y,4,0,1,2,A,-,08,22100,B,N,D,C,A,A,H,-,A,D,0,,,,,Y,,A,01,0,0,1,0,0,0,0,0,0,"- ","- ",37.636878967285156,-120.99781799316406,STANISLAUS,MODESTO,-120.99784851074219,37.636856079101562
81476143,2021,2021-05-19,5002,2021-01-14,0645,13298,,4,5,6,5002,0,0,0,,0,,"MELROSE AVE","COOLIDGE AVE",0.00,,Y,F,-,N,,,,,,,,,,N,4,0,1,2,D,-,00,,,N,D,C,A,-,G,-,-,A,0,,,,,Y,,-,"- ",0,0,1,0,0,0,0,0,0,"- ","- ",,,STANISLAUS,MODESTO,-120.98712921142578,37.665424346923828
81476144,2021,2021-05-19,5002,2021-01-19,2247,13244,359,2,5,6,5002,0,0,0,,0,MP33,"CALIFORNIA AVE","PANAMA DR",633.00,W,N,A,-,N,,,,,,,,,,Y,3,0,1,2,A,-,01,23152,A,N,A,C,A,A,H,-,C,D,0,,,,,Y,Y,A,01,0,1,0,0,0,0,0,0,0,"- ","- ",,,STANISLAUS,MODESTO,-121.02545928955078,37.631420135498047
81476147,2021,2021-05-19,5002,2021-01-29,0831,11531,,5,5,6,5002,0,0,0,,0,MP43,"COLFAX AVE","VIOLA ST",0.00,,Y,B,-,N,,,,,,,,,,Y,4,0,2,2,A,-,09,21802,A,N,D,C,A,B,H,-,A,A,0,,,,,Y,,A,01,0,0,2,0,0,0,0,0,0,"- ","- ",,,STANISLAUS,MODESTO,-120.95500183105469,37.644317626953125
81476167,2021,2021-05-19,5002,2021-04-29,2134,11697,,4,5,6,5002,0,0,0,,0,MP43,"YOSEMITE BLVD","EL VISTA AVE",0.00,,Y,A,-,Y,,,,,,,,,,Y,3,0,1,2,A,-,03,22350,,N,C,C,A,A,H,-,C,A,0,,,,,Y,,A,01,0,1,0,0,0,0,0,0,0,"- ","- ",,,STANISLAUS,MODESTO,-120.95720672607422,37.638172149658203
81477488,2021,2021-05-20,5002,2021-05-06,0158,13232,M355,4,5,6,5002,0,0,0,,0,MP33,"CARPENTER RD","KANSAS AVE",428.00,S,N,A,-,N,,,,,,,,,,Y,4,0,1,2,A,-,04,21703,,N,C,C,A,A,D,-,C,D,0,,,,,Y,Y,A,01,0,0,1,0,0,0,0,0,0,"- ","- ",,,STANISLAUS,MODESTO,-121.0302734375,37.644817352294922
81477498,2021,2021-05-20,5002,2021-05-07,2054,13281,M134,5,5,6,5002,0,0,0,,0,MP73,"OAKDALE RD","BRIDGEWOOD WAY",383.00,N,N,A,-,N,,,,,,,,,,N,4,0,1,2,A,-,04,21703,,F,C,C,A,A,H,-,C,D,0,,,,,Y,,-,99,0,0,1,0,0,0,0,0,0,"- ","- ",,,STANISLAUS,MODESTO,-120.95805358886719,37.693019866943359
81477516,2021,2021-05-20,5002,2021-05-11,1218,11793,M149,2,5,6,5002,0,0,0,,0,MP72,"OAKDALE RD","CELESTE DR",0.00,,Y,A,-,N,,,,,,,,,,Y,3,0,2,2,A,-,09,21801,A,N,D,C,A,A,H,-,A,D,0,,,,,Y,,A,01,0,2,0,0,0,0,0,0,0,"- ","- ",37.672370910644531,-120.95761108398438,STANISLAUS,MODESTO,-120.95769500732422,37.672279357910156
81477519,2021,2021-05-20,5002,2021-05-13,1233,13252,M210,4,5,6,5002,0,0,0,,0,MP71,"SCENIC DR","EL VISTA AVE",0.00,,Y,A,-,N,,,,,,,,,,Y,3,0,2,2,A,-,03,22350,,N,C,C,A,A,H,-,A,A,0,,,,,Y,,D,22,0,1,1,0,0,0,0,0,0,"- ","- ",37.653068542480469,-120.95741271972656,STANISLAUS,MODESTO,-120.95738983154297,37.653064727783203
81477528,2021,2021-05-20,5002,2021-05-18,1811,11813,416,2,5,6,5002,0,0,0,,0,MP41,"I ST","7TH ST",0.00,,Y,A,-,N,,,,,,,,,,Y,4,0,3,2,A,-,12,21453,A,N,D,C,A,A,H,-,A,A,0,,,,,Y,,A,07,0,0,3,0,0,0,0,0,0,"- ","- ",37.637321472167969,-121.00253295898438,STANISLAUS,MODESTO,-121.00199890136719,37.637397766113281