CASE_ID,ACCIDENT_YEAR,PROC_DATE,JURIS,COLLISION_DATE,COLLISION_TIME,OFFICER_ID,REPORTING_DISTRICT,DAY_OF_WEEK,CHP_SHIFT,POPULATION,CNTY_CITY_LOC,SPECIAL_COND,BEAT_TYPE,CHP_BEAT_TYPE,CITY_DIVISION_LAPD,CHP_BEAT_CLASS,BEAT_NUMBER,PRIMARY_RD,SECONDARY_RD,DISTANCE,DIRECTION,INTERSECTION,WEATHER_1,WEATHER_2,STATE_HWY_IND,CALTRANS_COUNTY,CALTRANS_DISTRICT,STATE_ROUTE,ROUTE_SUFFIX,POSTMILE_PREFIX,POSTMILE,LOCATION_TYPE,RAMP_INTERSECTION,SIDE_OF_HWY,TOW_AWAY,COLLISION_SEVERITY,NUMBER_KILLED,NUMBER_INJURED,PARTY_COUNT,PRIMARY_COLL_FACTOR,PCF_CODE_OF_VIOL,PCF_VIOL_CATEGORY,PCF_VIOLATION,PCF_VIOL_SUBSECTION,HIT_AND_RUN,TYPE_OF_COLLISION,MVIW,PED_ACTION,ROAD_SURFACE,ROAD_COND_1,ROAD_COND_2,LIGHTING,CONTROL_DEVICE,CHP_ROAD_TYPE,PEDESTRIAN_ACCIDENT,BICYCLE_ACCIDENT,MOTORCYCLE_ACCIDENT,TRUCK_ACCIDENT,NOT_PRIVATE_PROPERTY,ALCOHOL_INVOLVED,STWD_VEHTYPE_AT_FAULT,CHP_VEHTYPE_AT_FAULT,COUNT_SEVERE_INJ,COUNT_VISIBLE_INJ,COUNT_COMPLAINT_PAIN,COUNT_PED_KILLED,COUNT_PED_INJURED,COUNT_BICYCLIST_KILLED,COUNT_BICYCLIST_INJURED,COUNT_MC_KILLED,COUNT_MC_INJURED,PRIMARY_RAMP,SECONDARY_RAMP,LATITUDE,LONGITUDE,COUNTY,CITY,POINT_X,POINT_Y
81770299,2022,2022-05-12,5002,2022-05-08,2344,13075,610,7,5,6,5002,0,0,0,,0,MP43,"MC CLURE RD","JARENA DR",77.00,S,N,A,-,N,,,,,,,,,,Y,4,0,1,2,A,-,01,23152,A,N,B,C,A,A,H,-,C,D,0,,,,,Y,Y,D,22,0,0,1,0,0,0,0,0,0,"- ","- ",37.641391754150391,-120.93055725097656,STANISLAUS,MODESTO,-120.93003845214844,37.641548156738281
81771276,2022,2022-05-13,5002,2022-04-21,1353,13370,,4,5,6,5002,0,0,0,,0,MP71,"BRIGHTON AVE","WYLIE DR",0.00,,Y,B,-,N,,,,,,,,,,Y,4,0,1,2,A,-,09,21801,A,N,D,C,A,B,H,-,A,D,0,,,,,Y,,A,07,0,0,1,0,0,0,0,0,0,"- ","- ",37.657508850097656,-120.97099304199219,STANISLAUS,MODESTO,-120.97102355957031,37.657512664794922
81776497,2022,2022-05-20,5002,2022-04-29,1441,13411,M220,5,5,6,5002,0,0,0,,0,MP81,"ROSEBURG AVE","ENSLEN AVE",0.00,,Y,A,-,N,,,,,,,,,,Y,4,0,1,2,A,-,09,21802,A,N,D,C,A,A,H,-,A,A,0,,,,,Y,,A,07,0,0,1,0,0,0,0,0,0,"- ","- ",37.660228729248047,-121.00086975097656,STANISLAUS,MODESTO,-121.00075531005859,37.660175323486328
81776508,2022,2022-05-20,5002,2022-05-01,2320,11529,M319,7,5,6,5002,0,0,0,,0,MP43,"YOSEMITE BLVD","EL VISTA AVE",335.00,W,N,A,-,Y,STA,,132,,,17.135,H,,R,N,3,0,1,2,A,-,11,21954,A,F,G,B,E,A,H,-,D,D,0,Y,,,,Y,,N,60,0,1,0,0,1,0,0,0,0,"- ","- ",37.638149261474609,-120.95731353759766,STANISLAUS,MODESTO,-120.95731353759766,37.638118743896484
81776518,2022,2022-05-20,5002,2022-05-03,1652,11236,M134,2,5,6,5002,0,0,0,,0,MP73,"MABLE AVE","SPRING OAK DR",0.00,,Y,A,-,N,,,,,,,,,,N,2,0,1,2,A,-,09,21802,A,N,D,G,A,A,H,-,A,D,0,,Y,,,Y,,A,07,1,0,0,0,0,0,1,0,0,"- ","- ",37.696220397949219,-120.95989227294922,STANISLAUS,MODESTO,-120.95992279052734,37.696231842041016
81782871,2022,2022-05-27,5002,2022-04-21,1631,13244,RD01,4,5,6,5002,0,0,0,,0,MP41,"17TH ST","I ST",0.00,,Y,A,-,N,,,,,,,,,,Y,4,0,2,2,A,-,12,21453,A,N,A,C,A,A,H,-,A,A,0,,,,,Y,,A,01,0,0,2,0,0,0,0,0,0,"- ","- ",37.644439697265625,-120.99298858642578,STANISLAUS,MODESTO,-120.99252319335938,37.644596099853516
8178345,2016,2016-12-05,5001,2016-11-09,1507,757,M4,3,5,4,5001,0,0,0,,0,004,"SERVICE RD","BLAKER RD",0.00,,Y,A,-,N,,,,,,,,,,N,3,0,1,4,A,-,03,22350,,N,C,C,A,A,H,-,A,D,0,,,,,Y,,A,01,0,1,0,0,0,0,0,0,0,"- ","- ",37.580370000000002,-120.96603,STANISLAUS,CERES,-120.96608000000001,37.58034
81783734,2022,2022-05-30,5002,2022-05-06,0753,11248,M255,5,5,6,5002,0,0,0,,0,MP82,"SUNRISE AVE","E COOLIDGE AVE",170.00,S,N,A,-,N,,,,,,,,,,Y,4,0,2,2,A,-,04,21703,,N,C,C,A,A,H,-,A,D,0,,,,,Y,,A,01,0,0,2,0,0,0,0,0,0,"- ","- ",,,STANISLAUS,MODESTO,-120.98482513427734,37.664962768554688
81783744,2022,2022-05-30,5002,2022-05-25,1744,13372,,3,5,6,5002,0,0,0,,0,MP72,"ORANGEBURG AVE","FRANSEN LN",0.00,,Y,A,-,N,,,,,,,,,,Y,3,0,2,2,A,-,09,21801,A,N,D,C,A,A,H,-,A,D,0,,,,,Y,,D,22,0,1,1,0,0,0,0,0,0,"- ","- ",37.663639068603516,-120.92977905273438,STANISLAUS,MODESTO,-120.92980194091797,37.663597106933594
81786432,2022,2022-06-02,5002,2022-05-10,1535,13409,M060,2,5,6,5002,0,0,0,,0,MP82,"MC HENRY AVE","BOWEN AVE",0.00,,Y,A,-,Y,STA,,108,,,25.053,H,,L,Y,3,0,2,2,A,-,12,21453,A,N,D,C,A,A,H,-,A,A,0,,,,,Y,,A,01,0,2,0,0,0,0,0,0,0,"- ","- ",37.6744384765625,-120.99436187744141,STANISLAUS,MODESTO,-120.99417877197266,37.674442291259766
81788398,2022,2022-06-06,5002,2022-05-13,1501,10152,450,5,5,6,5002,0,0,0,,0,MP42,"S.R.132 (YOSEMITE BL)","S SANTA ROSA AVE",45.00,W,N,A,-,Y,,,,,,,,,,Y,3,0,1,2,A,-,03,22350,,N,C,C,A,A,H,-,A,A,0,,,,,Y,,D,22,0,1,0,0,0,0,0,0,0,"- ","- ",,,STANISLAUS,MODESTO,,
81791563,2022,2022-06-09,5002,2022-05-13,0741,11413,153,5,5,6,5002,0,0,0,,0,MP73,"ROSELLE AVE","SYLVAN AVE",0.00,,Y,A,-,N,,,,,,,,,,N,4,0,1,2,A,-,09,21803,A,N,D,C,A,A,H,-,A,A,0,,,,,Y,,A,01,0,0,1,0,0,0,0,0,0,"- ","- ",,,STANISLAUS,MODESTO,-120.93968963623047,37.689132690429688
81792312,2022,2022-06-10,5002,2022-05-02,1004,13067,,1,5,6,5002,0,0,0,,0,MP81,"MC HENRY AVE","MORRIS AVE",0.00,,Y,A,-,Y,STA,,108,,,23.442,H,,R,Y,4,0,2,2,A,-,12,21453,A,N,D,C,A,A,H,-,A,A,0,,,,,Y,,A,01,0,0,2,0,0,0,0,0,0,"- ","- ",37.651008605957031,-120.99379730224609,STANISLAUS,MODESTO,-120.99375915527344,37.651008605957031
81793227,2022,2022-06-13,5002,2022-05-11,1410,11236,M101,3,5,6,5002,0,0,0,,0,MP73,"SYLVAN AVE","CARSON OAK DR",0.00,,Y,A,-,N,,,,,,,,,,N,3,0,1,2,A,-,12,22450,A,F,D,G,A,A,H,-,A,A,0,,Y,,,Y,Y,A,07,0,1,0,0,0,0,1,0,0,"- ","- ",37.688961029052734,-120.96028900146484,STANISLAUS,MODESTO,-120.96027374267578,37.688968658447266
81793232,2022,2022-06-13,5002,2022-05-15,1906,13401,,7,5,6,5002,0,0,0,,0,MP63,"DALE RD","SNYDER AVE",0.00,,Y,A,-,N,,,,,,,,,,Y,2,0,6,2,A,-,12,21453,A,N,D,C,A,A,H,-,A,A,0,,,,,Y,,A,01,1,1,4,0,0,0,0,0,0,"- ","- ",37.696769714355469,-121.05010223388672,STANISLAUS,MODESTO,-121.04998016357422,37.696662902832031
81793241,2022,2022-06-13,5002,2022-05-20,2359,11529,M024,5,5,6,5002,0,0,0,,0,MP62,"BRIGGSMORE AVE","SISK RD",27.00,E,N,A,-,N,,,,,,,,,,N,4,0,2,2,A,-,21,22106,,F,C,C,A,A,H,-,C,A,0,,,,,Y,Y,A,01,0,0,2,0,0,0,0,0,0,"- ","- ",37.667758941650391,-121.03138732910156,STANISLAUS,MODESTO,-121.03137969970703,37.667789459228516
81793246,2022,2022-06-13,5002,2022-05-22,2043,13401,,7,5,6,5002,0,0,0,,0,MP41,"9TH ST","H ST",45.00,N,N,A,-,Y,STA,,132,,L,15.341,H,,R,N,4,0,2,2,A,-,01,23152,A,N,C,C,A,A,H,-,C,D,0,,,,,Y,Y,A,01,0,0,2,0,0,0,0,0,0,"- ","- ",37.637840270996094,-120.99896240234375,STANISLAUS,MODESTO,-120.99901580810547,37.637794494628906
81796295,2021,2022-06-16,5002,2021-12-14,1747,11531,M480,2,5,6,5002,0,0,0,,0,MP32,"PARADISE RD","BEVERLY DR",0.00,,Y,B,-,N,,,,,,,,,,N,1,1,0,2,A,-,11,21954,A,N,G,B,E,B,H,-,C,D,0,Y,,,,Y,Y,N,60,0,0,0,1,0,0,0,0,0,"- ","- ",37.621669769287109,-121.02156066894531,STANISLAUS,MODESTO,-121.02088928222656,37.621639251708984
8180046,2016,2016-12-09,5007,2016-11-18,1530,5596,,5,5,5,5007,0,0,0,,0,005,"ALMOND AV","FRONT ST",141.00,E,N,A,-,N,,,,,,,,,,Y,4,0,1,2,A,-,08,22107,,F,G,B,F,A,H,-,A,D,0,Y,,,,Y,,A,01,0,0,1,0,1,0,0,0,0,"- ","- ",,,STANISLAUS,TURLOCK,-120.85620400000001,37.503404109999998
8180070,2016,2016-12-09,5007,2016-11-19,1610,5764,,6,5,5,5007,0,0,0,,0,001,"MONTE VISTA AV","COLORADO AV",0.00,,Y,B,-,N,,,,,,,,,,Y,4,0,2,2,A,-,12,21453,A,N,D,C,A,A,H,-,A,A,0,,,,,Y,,A,08,0,0,2,0,0,0,0,0,0,"- ","- ",,,STANISLAUS,TURLOCK,-120.83531987000001,37.521839989999997
8180074,2016,2016-12-09,5007,2016-11-18,1321,5736,,5,5,5,5007,0,0,0,,0,003,"TULLY RD","WEST MAIN ST",1230.00,S,N,A,-,N,,,,,,,,,,N,4,0,1,2,A,-,03,22350,,N,C,C,A,A,H,-,A,D,0,,,,,Y,,A,07,0,0,1,0,0,0,0,0,0,"- ","- ",,,STANISLAUS,TURLOCK,-120.86727999999999,37.492739999999998
81801468,2022,2022-06-23,5002,2022-05-23,1127,10152,385,1,5,6,5002,0,0,0,,0,MP41,"12TH ST","SR 108 (K ST)",0.00,,Y,A,-,Y,STA,,108,,R,22.650,H,,R,Y,4,0,1,2,A,-,12,21453,A,N,D,C,A,A,H,-,A,A,0,,,,,Y,,I,11,0,0,1,0,0,0,0,0,0,"- ","- ",37.642940521240234,-120.99954986572266,STANISLAUS,MODESTO,-120.99956512451172,37.642951965332031
81801470,2022,2022-06-23,5002,2022-05-24,0051,13075,180,2,5,6,5002,0,0,0,,0,MP61,"CARPENTER RD","HWY 99 (OFF RAMP) (S)",0.00,,Y,A,-,N,,,,,,,,,,Y,4,0,1,2,A,-,12,21453,A,F,D,C,A,A,H,-,C,A,0,,,,,Y,,A,07,0,0,1,0,0,0,0,0,0,"- ","- ",37.665378570556641,-121.03132629394531,STANISLAUS,MODESTO,-121.03054809570312,37.631404876708984
81801474,2022,2022-06-23,5002,2022-05-25,0953,13372,,3,5,6,5002,0,0,0,,0,MP63,"PELANDALE AVE","PRESCOTT RD",87.00,E,N,A,-,N,,,,,,,,,,N,3,0,1,2,A,-,07,21658,A,N,C,G,A,A,H,-,A,D,0,,Y,,,Y,,L,04,0,1,0,0,0,0,1,0,0,"- ","- ",37.700641632080078,-121.03167724609375,STANISLAUS,MODESTO,-121.03147125244141,37.700458526611328
81801477,2022,2022-06-23,5002,2022-06-03,0112,13397,,5,5,6,5002,0,0,0,,0,MP71,"COFFEE RD","BRIGHTON AVE",0.00,,Y,A,-,N,,,,,,,,,,Y,3,0,3,2,A,-,01,23152,A,N,D,C,A,A,H,-,C,A,0,,,,,Y,Y,A,01,0,1,2,0,0,0,0,0,0,"- ","- ",37.661090850830078,-120.97602844238281,STANISLAUS,MODESTO,-120.97563934326172,37.661273956298828
81803215,2022,2022-06-27,5002,2022-05-20,2126,13201,M424,5,5,6,5002,0,0,0,,0,MP41,"6TH ST","G ST",0.00,,Y,A,-,Y,,,,,,,,,,Y,3,0,1,2,A,-,12,21453,A,F,D,C,A,A,H,-,C,A,0,,,,,Y,Y,A,01,0,1,0,0,0,0,0,0,0,"- ","- ",37.634750366210938,-121.00064849853516,STANISLAUS,MODESTO,-121.00069427490234,37.634723663330078
81805533,2022,2022-06-29,5002,2022-05-27,1300,13290,,5,5,6,5002,0,0,0,,0,,"MORRIS AVE","COFFEE RD",1.00,W,N,A,-,N,,,,,,,,,,Y,4,0,1,2,A,-,08,22107,,F,B,C,A,A,H,-,A,A,0,,,,,Y,Y,A,01,0,0,1,0,0,0,0,0,0,"- ","- ",37.650890350341797,-120.97556304931641,STANISLAUS,MODESTO,-120.97556304931641,37.650871276855469
81806424,2022,2022-06-30,5006,2022-03-30,1730,S03177,HUGHS,3,5,2,5009,0,0,0,,0,,"TULLY RD","NARCISCO WAY",0.00,,Y,A,-,N,,,,,,,,,,Y,2,0,1,2,A,-,12,22450,A,N,D,C,A,A,H,-,A,A,0,,,Y,,Y,,C,02,1,0,0,0,0,0,0,0,1,"- ","- ",,,STANISLAUS,HUGHSON,-120.87014007568359,37.607192993164062
81806445,2022,2022-06-30,5005,2022-03-25,1500,SQ95,PATTE,5,5,3,5005,0,0,0,,0,3T4,"HWY 33","LAS PALMAS AVE",0.00,,Y,A,-,Y,,,,,,,,,,Y,4,0,3,2,A,-,12,21453,A,N,A,C,A,A,H,-,A,A,0,,,,,Y,,A,01,0,0,3,0,0,0,0,0,0,"- ","- ",37.464111328125,-121.14418029785156,STANISLAUS,PATTERSON,-121.12900543212891,37.472068786621094
81806497,2022,2022-06-30,5006,2022-03-18,1359,S03177,RIVER,5,5,3,5006,0,0,0,,0,RPD,"PATTERSON RD","JACKSON AVE",442.00,E,N,A,-,N,,,,,,,,,,N,2,0,1,2,A,-,03,22350,,N,C,C,A,A,H,-,A,D,0,,,Y,,Y,,C,02,1,0,0,0,0,0,0,0,1,"- ","- ",37.732879638671875,-120.94947052001953,STANISLAUS,RIVERBANK,-120.94947052001953,37.732704162597656
81806530,2022,2022-06-30,5006,2022-04-27,1225,S02582,,3,5,3,5006,0,0,0,,0,,"SQUIRE WELLS WAY","CLARIBEL RD",262.00,N,N,A,-,N,,,,,,,,,,N,3,0,1,2,A,-,09,21801,A,N,D,G,A,A,H,-,A,A,0,,Y,,,Y,,A,07,0,1,0,0,0,0,1,0,0,"- ","- ",,,STANISLAUS,RIVERBANK,-120.95159149169922,37.711708068847656
81806531,2022,2022-06-30,5006,2022-05-01,1216,S02448,,7,5,3,5006,0,0,0,,0,,"TERMINAL AVE","KENTUCKY AVE",0.00,,Y,A,-,N,,,,,,,,,,N,3,0,1,2,A,-,10,21950,A,N,G,B,B,A,H,-,A,A,0,Y,,,,Y,Y,A,01,0,1,0,0,1,0,0,0,0,"- ","- ",37.725559234619141,-120.93109893798828,STANISLAUS,RIVERBANK,-120.93118286132812,37.725418090820312
81806535,2022,2022-06-30,5006,2022-05-04,1708,S02448,,3,5,3,5006,0,0,0,,0,,"WESTGATE DR","ANTIQUE ROSE WAY",0.00,,Y,A,-,N,,,,,,,,,,N,4,0,1,2,A,-,08,22107,,N,D,C,A,A,H,-,A,A,0,,,,,Y,,A,01,0,0,1,0,0,0,0,0,0,"- ","- ",,,STANISLAUS,RIVERBANK,-120.95626068115234,37.718128204345703
81809502,2022,2022-07-04,5002,2022-06-05,1401,11248,M260,7,5,6,5002,0,0,0,,0,MP81,"J ST","17TH ST",37.00,W,N,A,-,N,,,,,,,,,,Y,4,0,2,4,A,-,08,22107,,N,B,C,A,A,H,-,A,A,0,,,,,Y,,A,01,0,0,2,0,0,0,0,0,0,"- ","- ",37.645591735839844,-120.99369812011719,STANISLAUS,MODESTO,-120.99380493164062,37.645481109619141
81809505,2022,2022-07-04,5002,2022-06-08,1257,11136,M101,3,5,6,5002,0,0,0,,0,MP73,"SYLVAN AVE","HASHEM DR",137.00,E,N,A,-,N,,,,,,,,,,Y,4,0,1,2,A,-,08,22107,,N,B,D,A,A,H,-,A,D,0,,,,,Y,,A,07,0,0,1,0,0,0,0,0,0,"- ","- ",37.688961029052734,-120.96028900146484,STANISLAUS,MODESTO,-120.95979309082031,37.688968658447266
81809648,2022,2022-07-04,5002,2022-04-30,0203,13201,M355,6,5,6,5002,0,0,0,,0,MP33,"SR 132 (MAZE BLVD)","CARPENTER RD",0.00,,Y,A,-,Y,STA,,132,,,13.425,H,,R,Y,4,0,2,2,A,-,12,21453,A,N,D,C,A,A,H,-,C,A,0,,,,,Y,,-,"- ",0,0,2,0,0,0,0,0,0,"- ","- ",37.638671875,-121.03037261962891,STANISLAUS,MODESTO,-121.03037261962891,37.638668060302734
81811764,2022,2022-07-07,5002,2022-06-08,1254,11248,M468,3,5,6,5002,0,0,0,,0,MP42,"OREGON DR","KERR AVE",13.00,E,N,A,-,N,,,,,,,,,,Y,4,0,8,2,A,-,09,21802,A,N,D,C,A,A,H,-,A,A,0,,,,,Y,,A,08,0,0,8,0,0,0,0,0,0,"- ","- ",37.63092041015625,-120.97171020507812,STANISLAUS,MODESTO,-120.97166442871094,37.631038665771484
81814757,2022,2022-07-12,5002,2022-06-10,1141,13409,M327,5,5,6,5002,0,0,0,,0,MP71,"SCENIC DR","LAKEWOOD AVE",0.00,,Y,A,-,N,,,,,,,,,,Y,4,0,1,2,A,-,09,21801,A,N,D,C,A,A,H,-,A,D,0,,,,,Y,,A,01,0,0,1,0,0,0,0,0,0,"- ","- ",37.654991149902344,-120.93926239013672,STANISLAUS,MODESTO,-120.93921661376953,37.655029296875
81814758,2022,2022-07-12,5002,2022-06-10,1422,13042,,5,5,6,5002,0,0,0,,0,MP42,"LA LOMA AVE","BUENA VISTA",0.00,S,Y,A,-,N,,,,,,,,,,N,4,0,1,2,A,-,09,21803,A,N,D,G,A,A,H,-,A,A,0,,Y,,,Y,,L,04,0,0,1,0,0,0,1,0,0,"- ","- ",37.643508911132812,-120.98267364501953,STANISLAUS,MODESTO,-120.98256683349609,37.643566131591797
81814764,2022,2022-07-12,5002,2022-06-11,1219,11196,060,6,5,6,5002,0,0,0,,0,MP82,"MCHENRY AV (SR-108)","BOWEN AVE",0.00,,Y,A,-,Y,STA,,108,,,25.062,H,,R,Y,4,0,1,2,A,-,12,21453,A,N,D,C,A,A,H,-,A,A,0,,,,,Y,,A,07,0,0,1,0,0,0,0,0,0,"- ","- ",37.674568176269531,-120.99413299560547,STANISLAUS,MODESTO,-120.99401092529297,37.674571990966797
81814773,2022,2022-07-12,5002,2022-06-14,1648,13301,M287,2,5,6,5002,0,0,0,,0,MP71,"LOCKE RD","COFFEE RD",0.00,,Y,A,-,N,,,,,,,,,,Y,3,0,2,3,A,-,09,21801,A,N,D,C,A,A,H,-,A,D,0,,,,,Y,,A,01,0,1,1,0,0,0,0,0,0,"- ","- ",37.653858184814453,-120.97601318359375,STANISLAUS,MODESTO,-120.97557830810547,37.654056549072266
81814779,2022,2022-07-12,5002,2022-06-16,0815,10478,,4,5,6,5002,0,0,0,,0,MP63,"KIERNAN AVE (SR 219)","AMERICAN AVE",676.00,W,N,A,-,Y,STA,,219,,,2.351,H,,R,Y,4,0,1,1,A,-,08,22107,,N,E,I,A,A,H,-,A,D,0,,,,,Y,,D,23,0,0,1,0,0,0,0,0,0,"- ","- ",37.711479187011719,-121.04105377197266,STANISLAUS,MODESTO,-121.04105377197266,37.711395263671875
81815729,2022,2022-07-13,5002,2022-05-04,1846,11267,,3,5,6,5002,0,0,0,,0,,"EL VISTA AVE","SCENIC DR",10.00,S,N,A,-,N,,,,,,,,,,Y,2,0,1,2,A,-,11,21950,B,N,G,B,B,A,H,-,A,A,0,Y,,,,Y,,N,60,1,0,0,0,1,0,0,0,0,"- ","- ",37.653068542480469,-120.95741271972656,STANISLAUS,MODESTO,-120.95738983154297,37.653041839599609
81815733,2022,2022-07-13,5002,2022-05-23,1649,10331,,1,5,6,5002,0,0,0,,0,082,"MCHENRY AVE (SR 108)","BOWEN AVE",850.00,N,N,A,-,Y,,,,,,,,,,N,3,0,1,2,A,-,08,22107,,F,F,A,A,A,H,-,A,D,0,,,,,Y,,-,99,0,1,0,0,0,0,0,0,0,"- ","- ",,,STANISLAUS,MODESTO,-120.99411773681641,37.676883697509766
81815742,2022,2022-07-13,5002,2022-05-29,1016,11826,M079,7,5,6,5002,0,0,0,,0,MP62,"E BRIGGSMORE AVE","CARVER RD",0.00,,Y,A,-,N,,,,,,,,,,N,4,0,1,2,A,-,12,21453,A,N,D,C,A,A,H,-,A,A,0,,,,,Y,,A,01,0,0,1,0,0,0,0,0,0,"- ","- ",,,STANISLAUS,MODESTO,-121.02214050292969,37.671028137207031
81815763,2022,2022-07-13,5002,2022-06-07,0148,13201,M420,2,5,6,5002,0,0,0,,0,MP33,"5TH ST","H ST",27.00,N,N,A,-,N,,,,,,,,,,N,4,0,1,2,A,-,03,22350,,N,C,C,A,A,H,-,C,A,0,,,,,Y,,A,07,0,0,1,0,0,0,0,0,0,"- ","- ",37.634998321533203,-121.00273895263672,STANISLAUS,MODESTO,-121.00279235839844,37.635032653808594
81815773,2022,2022-07-13,5002,2022-06-08,1621,13106,M054,3,5,6,5002,0,0,0,,0,MP83,"MCHENRY AV (SR-108)","UNION AVE",385.00,S,N,A,-,Y,STA,,108,,,26.350,H,,R,Y,3,0,3,2,A,-,09,21802,A,N,D,C,A,A,H,-,A,D,0,,,,,Y,,A,07,0,1,2,0,0,0,0,0,0,"- ","- ",37.693168640136719,-120.99440765380859,STANISLAUS,MODESTO,-120.99428558349609,37.693172454833984
81815780,2022,2022-07-13,5002,2022-06-11,2011,13189,M420,6,5,6,5002,0,0,0,,0,MP33,"H ST","5TH ST",0.00,,Y,A,-,N,,,,,,,,,,Y,4,0,1,2,A,-,12,21453,A,N,D,C,A,A,H,-,B,A,0,,,,,Y,,A,01,0,0,1,0,0,0,0,0,0,"- ","- ",37.634998321533203,-121.00273895263672,STANISLAUS,MODESTO,-121.00273132324219,37.634975433349609
81815789,2022,2022-07-13,5002,2022-06-17,2008,13132,M199,5,5,6,5002,0,0,0,,0,MP61,"9TH ST","NEEDHAM ST",180.00,N,N,A,-,N,,,,,,,,,,Y,4,0,1,1,A,-,08,22107,,N,E,I,A,A,H,-,B,D,0,,,,,Y,,A,01,0,0,1,0,0,0,0,0,0,"- ","- ",37.646018981933594,-121.00881195068359,STANISLAUS,MODESTO,-121.00931549072266,37.646141052246094
81818524,2022,2022-07-18,5006,2022-06-13,1326,S01836,MODES,1,5,3,5006,0,0,0,,0,RPD,"CLARIBEL RD","SQUIRE WELLS WAY",50.00,E,N,A,-,N,,,,,,,,,,N,4,0,1,2,A,-,21,22106,,N,C,C,A,A,H,-,A,A,0,,,,,Y,,D,22,0,0,1,0,0,0,0,0,0,"- ","- ",37.709331512451172,-120.95044708251953,STANISLAUS,RIVERBANK,-120.951416015625,37.710990905761719
81818575,2022,2022-07-18,5002,2022-06-18,1304,13096,,6,5,6,5002,0,0,0,,0,MP71,"SCENIC DR","COFFEE RD",315.00,E,N,A,-,N,,,,,,,,,,N,3,0,1,2,A,-,11,21955,,N,G,B,D,A,H,-,A,D,0,Y,,,,Y,Y,N,60,0,1,0,0,1,0,0,0,0,"- ","- ",37.648998260498047,-120.97554779052734,STANISLAUS,MODESTO,-120.9744873046875,37.649322509765625
81818588,2022,2022-07-18,5002,2022-06-28,1417,13257,,2,5,6,5002,0,0,0,,0,MP41,"SR108 (K ST)","15TH ST",0.00,,Y,A,-,Y,STA,,108,,R,22.833,H,,R,Y,3,0,1,2,A,-,17,21657,,N,D,C,A,A,H,-,A,D,0,,,,,Y,,D,22,0,1,0,0,0,0,0,0,0,"- ","- ",37.64495849609375,-120.9971923828125,STANISLAUS,MODESTO,-120.99706268310547,37.644847869873047
81818594,2022,2022-07-18,5002,2022-07-02,1313,13110,M079,6,5,6,5002,0,0,0,,0,062,"BRIGGSMORE AVE","CARVER RD",0.00,,Y,A,-,N,,,,,,,,,,Y,3,0,3,2,A,-,12,21453,A,N,D,C,A,A,H,-,A,A,0,,,,,Y,,A,01,0,3,0,0,0,0,0,0,0,"- ","- ",37.670978546142578,-121.02211761474609,STANISLAUS,MODESTO,-121.02214050292969,37.671028137207031
81818596,2022,2022-07-18,5002,2022-07-08,0835,10152,228,5,5,6,5002,0,0,0,,0,081,"SR108 (MC HENRY AV)","HINTZE AV",86.00,N,N,A,-,Y,,,,,,,,,,Y,4,0,1,1,A,-,08,22107,,N,E,I,A,A,H,-,A,D,0,,,,,Y,,A,01,0,0,1,0,0,0,0,0,0,"- ","- ",,,STANISLAUS,MODESTO,-120.99381256103516,37.655975341796875
81818603,2022,2022-07-18,5002,2022-07-10,1627,13300,RD01,7,5,6,5002,0,0,0,,0,082,"MC HENRY AVE","TOKAY AVE",0.00,,Y,A,-,Y,STA,,108,,,24.951,H,,L,Y,3,0,2,2,A,-,12,21453,A,N,D,C,A,A,H,-,A,A,0,,,,,Y,,D,22,0,1,1,0,0,0,0,0,0,"- ","- ",37.672760009765625,-120.99411773681641,STANISLAUS,MODESTO,-120.99414825439453,37.672760009765625
8181937,2016,2016-12-07,5002,2016-11-22,1252,11251,M280,2,5,6,5002,0,0,0,,0,071,"COFFEE RD","EAST ORANGEBURG AV",81.00,S,N,A,-,N,,,,,,,,,,Y,4,0,1,3,A,-,03,22350,,N,C,C,A,A,H,-,A,A,0,,,,,Y,,A,,0,0,1,0,0,0,0,0,0,"- ","- ",,,STANISLAUS,MODESTO,-120.97567637,37.663327580000001
8181941,2016,2016-12-07,5002,2016-11-22,0708,11413,039,2,5,6,5002,0,0,0,,0,082,"BOWEN AV","TULLY RD",0.00,,Y,A,-,N,,,,,,,,,,N,3,0,1,2,A,-,10,21950,A,N,G,B,B,A,H,-,A,A,0,Y,,,,Y,,A,,0,1,0,0,1,0,0,0,0,"- ","- ",,,STANISLAUS,MODESTO,-121.01230999000001,37.674859949999998
8181945,2016,2016-12-07,5002,2016-11-26,2108,11862,102,6,5,6,5002,0,0,0,,0,073,"COFFEE RD","THORSEN AV",20.00,N,N,C,-,N,,,,,,,,,,Y,3,0,1,1,A,-,03,22350,,N,-,I,A,B,H,-,C,D,0,,,,,Y,,A,,0,1,0,0,0,0,0,0,0,"- ","- ",,,STANISLAUS,MODESTO,-120.97604071000001,37.685104920000001
8181961,2016,2016-12-07,5002,2016-11-24,1207,11758,567,4,5,6,5002,0,0,0,,0,031,"W WHITMORE AV","DALLAS ST",0.00,,Y,A,-,N,,,,,,,,,,Y,2,0,4,2,A,-,09,21802,A,N,D,C,A,A,H,-,A,D,0,,,,,Y,,A,,1,0,3,0,0,0,0,0,0,"- ","- ",,,STANISLAUS,MODESTO,-121.00138996,37.594999979999997