CASE_ID,ACCIDENT_YEAR,PROC_DATE,JURIS,COLLISION_DATE,COLLISION_TIME,OFFICER_ID,REPORTING_DISTRICT,DAY_OF_WEEK,CHP_SHIFT,POPULATION,CNTY_CITY_LOC,SPECIAL_COND,BEAT_TYPE,CHP_BEAT_TYPE,CITY_DIVISION_LAPD,CHP_BEAT_CLASS,BEAT_NUMBER,PRIMARY_RD,SECONDARY_RD,DISTANCE,DIRECTION,INTERSECTION,WEATHER_1,WEATHER_2,STATE_HWY_IND,CALTRANS_COUNTY,CALTRANS_DISTRICT,STATE_ROUTE,ROUTE_SUFFIX,POSTMILE_PREFIX,POSTMILE,LOCATION_TYPE,RAMP_INTERSECTION,SIDE_OF_HWY,TOW_AWAY,COLLISION_SEVERITY,NUMBER_KILLED,NUMBER_INJURED,PARTY_COUNT,PRIMARY_COLL_FACTOR,PCF_CODE_OF_VIOL,PCF_VIOL_CATEGORY,PCF_VIOLATION,PCF_VIOL_SUBSECTION,HIT_AND_RUN,TYPE_OF_COLLISION,MVIW,PED_ACTION,ROAD_SURFACE,ROAD_COND_1,ROAD_COND_2,LIGHTING,CONTROL_DEVICE,CHP_ROAD_TYPE,PEDESTRIAN_ACCIDENT,BICYCLE_ACCIDENT,MOTORCYCLE_ACCIDENT,TRUCK_ACCIDENT,NOT_PRIVATE_PROPERTY,ALCOHOL_INVOLVED,STWD_VEHTYPE_AT_FAULT,CHP_VEHTYPE_AT_FAULT,COUNT_SEVERE_INJ,COUNT_VISIBLE_INJ,COUNT_COMPLAINT_PAIN,COUNT_PED_KILLED,COUNT_PED_INJURED,COUNT_BICYCLIST_KILLED,COUNT_BICYCLIST_INJURED,COUNT_MC_KILLED,COUNT_MC_INJURED,PRIMARY_RAMP,SECONDARY_RAMP,LATITUDE,LONGITUDE,COUNTY,CITY,POINT_X,POINT_Y
82222302,2023,2023-10-30,5002,2023-09-24,1733,13303,M174,7,5,6,5002,0,0,0,,0,061,"CARPENTER RD","KANSAS AVE",0.00,,Y,A,-,N,,,,,,,,,,N,4,0,1,2,A,-,03,22350,,F,C,C,A,A,H,-,A,A,0,,,,,Y,,D,22,0,0,1,0,0,0,0,0,0,"- ","- ",37.646011352539062,-121.03031921386719,STANISLAUS,MODESTO,-121.03029632568359,37.645992279052734
82222621,2023,2023-10-30,5006,2023-09-26,"800 ",S01836,RIVER,2,5,3,5006,0,0,0,,0,RPD,"PATTERSON RD","OAKDALE RD",0.00,,Y,A,-,Y,,,,,,,,,,N,3,0,1,2,A,-,09,21453,B,N,D,G,A,A,H,-,A,A,0,,Y,,,Y,,A,07,0,1,0,0,0,0,1,0,0,"- ","- ",,,STANISLAUS,RIVERBANK,-120.95864868164062,37.732662200927734
82226191,2023,2023-11-03,5002,2023-09-12,1451,13343,,2,5,6,5002,0,0,0,,0,043,"YOSEMITE BLVD (SR-132)","CLAUS RD",165.00,E,N,A,-,Y,STA,,132," "," ",19.000,H,,R,Y,4,0,1,4,A,-,01,23152,A,N,C,C,A,A,H,-,A,A,0,,,,,Y,Y,A,01,0,0,1,0,0,0,0,0,0,"- ","- ",37.638278961181641,-120.92349243164062,STANISLAUS,MODESTO,-120.92349243164062,37.638195037841797
82226195,2023,2023-11-02,5002,2023-10-13,1800,13042,,5,5,6,5002,0,0,0,,0,042,"KERR AVE","OWENS DR",120.00,S,N,A,-,N,,,,,,,,,,Y,3,0,1,1,A,-,08,22107,,N,E,I,A,A,H,-,A,D,0,,,,,Y,,A,01,0,1,0,0,0,0,0,0,0,"- ","- ",37.636978149414062,-120.97193145751953,STANISLAUS,MODESTO,-120.97136688232422,37.6368408203125
82226199,2023,2023-11-02,5002,2023-10-25,1527,10935,,3,5,6,5002,0,0,0,,0,,"8TH ST","L ST",0.00,,Y,A,-,N,,,,,,,,,,Y,3,0,2,3,A,-,09,21802,A,N,D,C,A,A,H,-,A,D,0,,,,,Y,,A,01,0,1,1,0,0,0,0,0,0,"- ","- ",37.641029357910156,-121.00446319580078,STANISLAUS,MODESTO,-121.00447845458984,37.640979766845703
82226202,2023,2023-11-02,5002,2023-10-27,1045,13522,,5,5,6,5002,0,0,0,,0,041,"6TH ST","L ST",9.00,S,N,A,-,N,,,,,,,,,,N,4,0,1,2,A,-,05,21650,1,N,D,G,A,A,H,-,A,A,0,,Y,,,Y,,L,04,0,0,1,0,0,0,1,0,0,"- ","- ",37.639610290527344,-121.00637817382812,STANISLAUS,MODESTO,-121.00638580322266,37.639553070068359
82226210,2023,2023-11-02,5002,2023-10-30,1424,10899,M409,1,5,6,5002,0,0,0,,0,041,"TUOLUMNE BLVD","7TH ST",21.00,W,N,A,-,N,,,,,,,,,,N,3,0,1,2,A,-,09,21800,A,F,D,G,A,A,H,-,A,A,0,,Y,,,Y,,A,01,0,1,0,0,0,0,1,0,0,"- ","- ",37.630180358886719,-120.99461364746094,STANISLAUS,MODESTO,-120.99468231201172,37.630130767822266
82226989,2023,2023-11-03,5006,2023-10-13,1943,129,RIVER,5,5,3,5006,0,0,0,,0,RPD,"CLARIBEL RD","SQUIRE WELLS WAY",810.00,W,N,A,-,N,,,,,,,,,,N,4,0,1,2,A,-,09,21801,A,N,D,C,A,A,H,-,C,D,0,,,,,Y,,A,01,0,0,1,0,0,0,0,0,0,"- ","- ",37.709331512451172,-120.95044708251953,STANISLAUS,RIVERBANK,-120.95439147949219,37.710979461669922
82228137,2023,2023-11-06,5002,2023-08-22,1954,13399,,2,5,6,5002,0,0,0,,0,062,"STANDIFORD AVE","CARVER RD",0.00,,Y,A,-,N,,,,,,,,,,N,4,0,1,2,A,-,10,21950,A,N,G,B,B,A,H,-,A,A,0,Y,,,,Y,,A,01,0,0,1,0,1,0,0,0,0,"- ","- ",37.689411163330078,-121.02245330810547,STANISLAUS,MODESTO,-121.02243041992188,37.689445495605469
82228147,2023,2023-11-06,5002,2023-10-25,1335,13136,M054,3,5,6,5002,0,0,0,,0,083,"STANDIFORD AVE","SHERWOOD AVE",47.00,E,N,A,-,N,,,,,,,,,,Y,3,0,1,2,A,-,03,22350,,N,C,C,A,A,H,-,A,D,0,,,,,Y,,A,01,0,1,0,0,0,0,0,0,0,"- ","- ",37.689128875732422,-120.99749755859375,STANISLAUS,MODESTO,-120.99729919433594,37.689159393310547
82228154,2023,2023-11-06,5002,2023-10-29,"100 ",13423,M414,7,5,6,5002,0,0,0,,0,041,"I ST","11TH ST",95.00,E,N,A,-,N,,,,,,,,,,N,3,0,1,2,A,-,11,21954,A,F,G,B,E,A,H,-,C,D,0,Y,,,,Y,,N,60,0,1,0,0,1,0,0,0,0,"- ","- ",37.640251159667969,-120.99819183349609,STANISLAUS,MODESTO,-120.99805450439453,37.640434265136719
82228158,2023,2023-11-06,5002,2023-10-31,"710 ",11413,134,2,5,6,5002,0,0,0,,0,073,"STERLING DR","MASTERPIECE DR",0.00,,Y,A,-,N,,,,,,,,,,N,4,0,1,2,A,-,10,21950,A,N,G,B,B,A,H,-,A,D,0,Y,,,,Y,,A,01,0,0,1,0,1,0,0,0,0,"- ","- ",37.696998596191406,-120.96160125732422,STANISLAUS,MODESTO,-120.96163940429688,37.697002410888672
82229599,2023,2023-11-07,5001,2023-11-05,1700,915,,7,5,4,5001,0,0,0,,0,003,"MITCHELL RD","HATCH RD",32.00,S,N,A,-,N,,,,,,,,,,N,2,0,1,2,A,-,12,21453,A,N,D,G,A,A,H,-,B,A,0,,Y,,,Y,,L,04,1,0,0,0,0,0,1,0,0,"- ","- ",,,STANISLAUS,CERES,-120.93875122070312,37.609233856201172
82232781,2023,2023-11-13,5001,2023-10-30,1933,922,,1,5,4,5001,0,0,0,,0,004,"WHITMORE AVE","CENTRAL AVE",38.00,E,N,A,-,N,,,,,,,,,,N,4,0,1,2,A,-,01,23152,A,N,C,D,A,A,H,-,C,A,0,,,,,Y,Y,A,01,0,0,1,0,0,0,0,0,0,"- ","- ",,,STANISLAUS,CERES,-120.95677185058594,37.594760894775391
82232782,2023,2023-11-13,5001,2023-11-06,1537,755,,1,5,4,5001,0,0,0,,0,004,"SERVICE RD","CENTRAL AVE",106.00,W,N,C,-,N,,,,,,,,,,N,4,0,1,3,A,-,03,22350,,N,B,C,A,B,H,-,A,A,0,,,,,Y,,A,01,0,0,1,0,0,0,0,0,0,"- ","- ",,,STANISLAUS,CERES,-120.95729827880859,37.580280303955078
82233790,2023,2023-11-13,5005,2023-10-31,2358,S04420,PATTE,2,5,3,5005,0,0,0,,0,PPD,"CONDOR CT","HEARTLAND RANCH AVE",307.00,S,N,A,-,N,,,,,,,,,,Y,2,0,1,4,A,-,01,23152,B,N,D,E,A,A,H,-,C,D,0,,,,,Y,Y,A,01,1,0,0,0,0,0,0,0,0,"- ","- ",37.47100830078125,-121.14379119873047,STANISLAUS,PATTERSON,-121.14374542236328,37.47052001953125
82237379,2023,2023-11-16,5001,2023-11-13,1338,900,,1,5,4,5001,0,0,0,,0,001,"EVANS RD","CENTRAL AVE",25.00,W,N,A,-,N,,,,,,,,,,N,4,0,2,2,A,-,03,22350,,N,C,C,A,A,H,-,A,D,0,,,,,Y,,D,22,0,0,2,0,0,0,0,0,0,"- ","- ",,,STANISLAUS,CERES,-120.95708465576172,37.602680206298828
82237521,2023,2023-11-16,5002,2023-10-17,1032,13180,M215,2,5,6,5002,0,0,0,,0,082,"FLORIDA AVE","COOLIDGE AVE",0.00,,Y,A,-,N,,,,,,,,,,N,4,0,2,3,A,-,10,21950,A,N,G,B,B,A,H,-,A,A,0,Y,,,,Y,,A,01,0,0,2,0,2,0,0,0,0,"- ","- ",37.665538787841797,-120.99635314941406,STANISLAUS,MODESTO,-120.99625396728516,37.665550231933594
82237535,2023,2023-11-16,5002,2023-11-04,2010,13035,M135,6,5,6,5002,0,0,0,,0,073,"OAKDALE RD","SYLVAN AVE",250.00,N,N,A,-,N,,,,,,,,,,Y,2,0,1,1,A,-,08,22107,,N,E,I,A,A,B,-,C,D,0,,,Y,,Y,,C,02,1,0,0,0,0,0,0,0,1,"- ","- ",37.688701629638672,-120.95813751220703,STANISLAUS,MODESTO,-120.95799255371094,37.689655303955078
82237542,2023,2023-11-16,5002,2023-11-08,"107 ",13342,M180,3,5,6,5002,0,0,0,,0,061,"9TH ST","CLAYTON AVE",232.00,N,N,A,-,N,,,,,,,,,,Y,3,0,1,1,A,-,08,22107,,N,E,I,A,A,H,-,C,A,0,,,,,Y,,A,07,0,1,0,0,0,0,0,0,0,"- ","- ",37.662269592285156,-121.02913665771484,STANISLAUS,MODESTO,-121.02923583984375,37.662677764892578
82237551,2023,2023-11-27,5002,2023-11-09,2137,11697,M004,4,5,6,5002,0,0,0,,0,063,"KIERNAN AVE","DALE RD",0.00,,Y,A,-,Y,STA,,219," "," ",1.850,H,,R,Y,4,0,1,2,A,-,12,21453,A,N,D,C,A,A,H,-,C,A,0,,,,,Y,,A,01,0,0,1,0,0,0,0,0,0,"- ","- ",37.711448669433594,-121.05014038085938,STANISLAUS,MODESTO,-121.05014038085938,37.711318969726562
82237560,2023,2023-11-16,5002,2023-11-13,1917,13384,RD01,1,5,6,5002,0,0,0,,0,062,"STANDIFORD AVE","BECKWITH AVE",0.00,,Y,A,-,N,,,,,,,,,,Y,4,0,2,2,A,-,03,22350,,N,C,C,A,A,H,-,C,A,0,,,,,Y,,A,01,0,0,2,0,0,0,0,0,0,"- ","- ",37.684970855712891,-121.05081939697266,STANISLAUS,MODESTO,-121.05361175537109,37.683197021484375
82238503,2023,2023-11-17,5006,2023-10-20,1530,S02582,RIVER,5,5,3,5006,0,0,0,,0,RPD,"PATTERSON RD","CLAUS RD",725.00,E,N,A,-,N,,,,,,,,,,N,4,0,1,2,A,-,09,21801,A,M,D,C,A,A,H,-,A,A,0,,,,,Y,,A,01,0,0,1,0,0,0,0,0,0,"- ","- ",37.732749938964844,-120.92202758789062,STANISLAUS,RIVERBANK,-120.91964721679688,37.732639312744141
82239790,2023,2023-11-20,5002,2023-11-02,1620,13039,M117,4,5,6,5002,0,0,0,,0,081,"ORANGEBURG AVE","SUNRISE AVE",0.00,,Y,A,-,N,,,,,,,,,,Y,3,0,1,2,A,-,17,21451,A,N,D,C,A,A,H,-,A,A,0,,,,,Y,,A,07,0,1,0,0,0,0,0,0,0,"- ","- ",37.663631439208984,-120.96669769287109,STANISLAUS,MODESTO,-120.98482513427734,37.663623809814453
82239912,2023,2023-11-20,5006,2023-10-31,1250,129,RIVER,2,5,3,5006,0,0,0,,0,RPD,"CALLANDER AVE","SIERRA ST",0.00,,Y,A,-,N,,,,,,,,,,N,3,0,1,2,A,-,09,21801,A,N,D,C,A,A,H,-,A,A,0,,,,,Y,,D,22,0,1,0,0,0,0,0,0,0,"- ","- ",37.734230041503906,-120.94483184814453,STANISLAUS,RIVERBANK,-120.94496154785156,37.734046936035156
82243517,2023,2023-11-24,5002,2023-11-08,"748 ",13464,M207,3,5,6,5002,0,0,0,,0,082,"MC HENRY AVE","GRANGER AVE",0.00,,Y,A,-,Y,STA,,108," "," ",24.559,H,,L,N,3,0,1,2,A,-,10,21950,A,N,G,B,B,A,H,-,A,A,0,Y,,,,Y,,A,01,0,1,0,0,1,0,0,0,0,"- ","- ",37.667308807373047,-120.99408721923828,STANISLAUS,MODESTO,-120.99406433105469,37.667308807373047
82245983,2023,2023-11-28,5001,2023-11-15,"247 ",706,,3,5,4,5001,0,0,0,,0,001,"GLASGOW DR","RUNNING LN",48.00,E,N,A,-,N,,,,,,,,,,Y,4,0,1,3,A,-,01,23152,F,N,A,E,A,A,H,-,D,D,0,,,,,Y,,A,01,0,0,1,0,0,0,0,0,0,"- ","- ",,,STANISLAUS,CERES,-120.94866180419922,37.607913970947266
82245987,2023,2023-11-28,5001,2023-11-22,1612,755,,3,5,4,5001,0,0,0,,0,001,"DONNE BROOK LN","MILLCREEK DR",30.00,N,N,A,-,N,,,,,,,,,,N,4,0,1,2,A,-,21,22106,,N,C,C,A,A,H,-,A,D,0,,,,,Y,,A,01,0,0,1,0,0,0,0,0,0,"- ","- ",,,STANISLAUS,CERES,-120.95603942871094,37.616554260253906
82247465,2023,2023-11-29,5002,2023-11-12,1253,13391,M054,7,5,6,5002,0,0,0,,0,083,"SYLVAN AVE","MC HENRY AVE",88.00,E,N,A,-,Y,STA,,108," "," ",26.058,H,,L,N,4,0,1,2,A,-,03,22350,,N,C,C,A,A,H,-,A,A,0,,,,,Y,,D,22,0,0,1,0,0,0,0,0,0,"- ","- ",37.689090728759766,-120.99437713623047,STANISLAUS,MODESTO,-120.99440765380859,37.689090728759766
82247468,2023,2023-11-29,5002,2023-11-21,1335,13391,M045,2,5,6,5002,0,0,0,,0,082,"BRIGGSMORE AVE","TULLY RD",21.00,E,N,A,-,N,,,,,,,,,,Y,4,0,1,2,A,-,03,22350,,N,C,C,A,A,H,-,A,A,0,,,,,Y,,A,01,0,0,1,0,0,0,0,0,0,"- ","- ",37.670341491699219,-121.01232147216797,STANISLAUS,MODESTO,-121.01217651367188,37.670322418212891
82250657,2023,2023-12-04,5002,2023-10-28,1807,13384,RD01,6,5,6,5002,0,0,0,,0,072,"CLAUS RD","BRIGGSMORE AVE",17.00,N,N,A,-,N,,,,,,,,,,Y,4,0,1,4,A,-,03,22350,,N,C,C,A,A,H,-,A,A,0,,,,,Y,,A,07,0,0,1,0,0,0,0,0,0,"- ","- ",37.666881561279297,-120.92128753662109,STANISLAUS,MODESTO,-120.92129516601562,37.666946411132812
82250664,2023,2023-12-04,5002,2023-11-16,1549,13132,,4,5,6,5002,0,0,0,,0,071,"E ORANGEBURG AVE","SHARONWOOD DR",0.00,,Y,A,-,N,,,,,,,,,,N,2,0,1,1,A,-,03,22350,,N,F,A,A,A,H,-,A,D,0,,,Y,,Y,,C,02,1,0,0,0,0,0,0,0,1,"- ","- ",37.663311004638672,-120.96199035644531,STANISLAUS,MODESTO,-120.96165466308594,37.663551330566406
82250674,2023,2023-12-15,5002,2023-11-29,1030,13111,M013,3,5,6,5002,0,0,0,,0,063,"STANDIFORD AVE","CARVER RD",795.00,E,N,A,-,N,,,,,,,,,,Y,4,0,1,2,A,-,09,21801,A,N,D,C,A,B,H,-,A,D,0,,,,,Y,,A,08,0,0,1,0,0,0,0,0,0,"- ","- ",37.689411163330078,-121.02245330810547,STANISLAUS,MODESTO,-121.01968383789062,37.689441680908203
82252483,2023,2023-12-05,5001,2023-12-03,1932,926,,7,5,4,5001,0,0,0,,0,001,"HERNDON RD","GRAND VIEW AVE",0.00,,Y,A,-,N,,,,,,,,,,N,4,0,1,2,A,-,09,21801,A,N,A,C,A,A,H,-,C,D,0,,,Y,,Y,,A,01,0,0,1,0,0,0,0,0,1,"- ","- ",,,STANISLAUS,CERES,-120.97386932373047,37.606887817382812
82255658,2023,2023-12-07,5001,2023-11-16,"848 ",811,,4,5,4,5001,0,0,0,,0,005,"EL CAMINO","NORTH ST",29.00,S,N,A,-,N,,,,,,,,,,Y,4,0,3,2,A,-,12,22450,A,N,D,C,A,A,H,-,A,A,0,,,,,Y,,A,01,0,0,3,0,0,0,0,0,0,"- ","- ",,,STANISLAUS,CERES,-120.95614624023438,37.591617584228516
82255818,2023,2023-12-07,5002,2023-11-17,1732,13424,M060,5,5,6,5002,0,0,0,,0,082,"MC HENRY AVE","SHEILA CT",170.00,S,N,C,-,Y,STA,,108," "," ",25.225,H,,R,Y,4,0,2,3,A,-,03,22350,,N,C,C,A,B,H,-,A,D,0,,,,,Y,,A,01,0,0,2,0,0,0,0,0,0,"- ","- ",37.676860809326172,-120.99414825439453,STANISLAUS,MODESTO,-120.99405670166016,37.676860809326172
82255823,2023,2023-12-08,5002,2023-11-20,1551,13443,M410,1,5,6,5002,0,0,0,,0,041,"H ST","7TH ST",0.00,,Y,A,-,N,,,,,,,,,,Y,3,0,1,2,A,-,12,21453,A,N,D,C,A,A,H,-,A,A,0,,,,,Y,,-,"- ",0,1,0,0,0,0,0,0,0,"- ","- ",37.636421203613281,-121.00083160400391,STANISLAUS,MODESTO,-121.00083160400391,37.636432647705078
82255826,2023,2023-12-07,5002,2023-11-21,1221,13462,RD01,2,5,6,5002,0,0,0,,0,073,"COFFEE RD","SYLVAN AVE",308.00,N,N,A,-,N,,,,,,,,,,N,4,0,1,2,A,-,07,21658,A,N,B,C,A,A,H,-,A,A,0,,,,,Y,,A,01,0,0,1,0,0,0,0,0,0,"- ","- ",37.688880920410156,-120.97605895996094,STANISLAUS,MODESTO,-120.97608947753906,37.689746856689453
82255836,2023,2023-12-07,5002,2023-11-30,1548,13482,,4,5,6,5002,0,0,0,,0,063,"CARLISLE AVE","CARLISLE CT",0.00,,Y,A,-,N,,,,,,,,,,N,4,0,1,2,A,-,09,21801,A,N,B,C,A,A,H,-,A,D,0,,,,,Y,,A,01,0,0,1,0,0,0,0,0,0,"- ","- ",37.692180633544922,-121.01876068115234,STANISLAUS,MODESTO,-121.01875305175781,37.692214965820312
82255838,2023,2023-12-07,5002,2023-12-01,1953,13402,M009,5,5,6,5002,0,0,0,,0,063,"BANGS AVE","CARVER RD",0.00,,Y,A,-,N,,,,,,,,,,Y,4,0,1,2,A,-,01,23152,A,N,C,C,A,A,H,-,C,A,0,,,,,Y,Y,A,07,0,0,1,0,0,0,0,0,0,"- ","- ",37.703971862792969,-121.02259826660156,STANISLAUS,MODESTO,-121.02271270751953,37.703987121582031
82255844,2023,2023-12-08,5002,2023-12-05,"940 ",13111,M002,2,5,6,5002,0,0,0,,0,063,"DALE RD","PELANDALE AVE",63.00,N,N,A,-,N,,,,,,,,,,N,4,0,1,3,A,-,07,21658,A,N,C,C,A,A,H,-,A,A,0,,,,,Y,,A,07,0,0,1,0,0,0,0,0,0,"- ","- ",,,STANISLAUS,MODESTO,-121.05005645751953,37.700462341308594
82257809,2023,2023-12-11,5002,2023-11-07,1545,13299,M156,2,5,6,5002,0,0,0,,0,073,"ELSAKR WAY","SYLVAN AVE",0.00,,Y,A,-,N,,,,,,,,,,N,3,0,1,1,A,-,08,22107,,N,E,I,A,A,H,-,A,D,0,,,,,Y,,A,07,0,1,0,0,0,0,0,0,0,"- ","- ",37.68865966796875,-120.95526885986328,STANISLAUS,MODESTO,-120.95513916015625,37.688957214355469
82257820,2023,2023-12-11,5002,2023-12-02,1338,13425,M154,6,5,6,5002,0,0,0,,0,072,"OAKDALE RD","LANCEY DR",21.00,S,N,A,-,N,,,,,,,,,,Y,4,0,3,4,A,-,08,22107,,N,B,C,A,A,H,-,A,D,0,,,,,Y,,A,01,0,0,3,0,0,0,0,0,0,"- ","- ",37.669479370117188,-120.95758056640625,STANISLAUS,MODESTO,-120.95764923095703,37.66937255859375
82259315,2023,2023-12-15,5001,2023-08-08,2052,895,,2,5,4,5001,0,0,0,,0,005,"WHITMORE AVE","ROSE AVE",42.00,E,N,A,-,N,,,,,,,,,,Y,1,1,0,2,A,-,11,21954,A,N,G,B,D,A,H,-,C,D,0,Y,,,,Y,,N,60,0,0,0,1,0,0,0,0,0,"- ","- ",,,STANISLAUS,CERES,-120.94313812255859,37.594760894775391
82259325,2023,2023-12-12,5001,2023-12-04,"725 ",930,,1,5,4,5001,0,0,0,,0,001,"HATCH RD","RICHLAND AVE",720.00,W,N,B,-,N,,,,,,,,,,Y,3,0,1,2,A,-,17,21451,A,N,D,C,A,A,H,-,A,A,0,,,,,Y,,A,01,0,1,0,0,0,0,0,0,0,"- ","- ",,,STANISLAUS,CERES,-120.96868896484375,37.609230041503906
82262915,2023,2023-12-15,5002,2023-12-02,1323,13299,M567,6,5,6,5002,0,0,0,,0,031,"WHITMORE AVE","DALLAS ST",0.00,,Y,A,-,N,,,,,,,,,,Y,4,0,4,2,A,-,09,21802,A,N,D,C,A,A,H,-,A,A,0,,,,,Y,,A,08,0,0,4,0,0,0,0,0,0,"- ","- ",37.59490966796875,-121.0015869140625,STANISLAUS,MODESTO,-121.00138854980469,37.594997406005859
82262921,2023,2023-12-15,5002,2023-12-07,1209,13462,RD01,4,5,6,5002,0,0,0,,0,072,"OAKDALE RD","MERLE AVE",50.00,N,N,B,-,N,,,,,,,,,,Y,4,0,1,2,A,-,12,21453,A,N,C,C,A,A,H,-,A,A,0,,,Y,,Y,,A,01,0,0,1,0,0,0,0,0,1,"- ","- ",37.670558929443359,-120.95794677734375,STANISLAUS,MODESTO,-120.95766448974609,37.670986175537109
82262933,2023,2023-12-18,5002,2023-12-10,1333,13464,M387,7,5,6,5002,0,0,0,,0,041,"H ST","14TH ST",0.00,,Y,A,-,N,,,,,,,,,,Y,4,0,1,2,A,-,08,22100,B,N,B,C,A,A,H,-,A,A,0,,,,,Y,,D,22,0,0,1,0,0,0,0,0,0,"- ","- ",37.641319274902344,-120.99469757080078,STANISLAUS,MODESTO,-120.99417114257812,37.641445159912109
82263911,2023,2023-12-18,5002,2023-12-02,1635,13039,M102,6,5,6,5002,0,0,0,,0,073,"COFFEE RD","SYLVAN AVE",0.00,,Y,A,-,N,,,,,,,,,,Y,3,0,4,2,A,-,12,21453,A,N,D,C,A,A,H,-,B,A,0,,,,,Y,Y,-,"- ",0,2,2,0,0,0,0,0,0,"- ","- ",37.688880920410156,-120.97605895996094,STANISLAUS,MODESTO,-120.97608947753906,37.68890380859375
82263912,2023,2023-12-18,5002,2023-12-07,"438 ",13157,M087,4,5,6,5002,0,0,0,,0,062,"CARVER RD","ROBBIE AVE",80.00,S,N,A,-,N,,,,,,,,,,Y,4,0,1,2,A,-,08,22107,,N,B,E,A,B,H,-,C,D,0,,,,,Y,,A,01,0,0,1,0,0,0,0,0,0,"- ","- ",37.679019927978516,-121.02227020263672,STANISLAUS,MODESTO,-121.02225494384766,37.678760528564453
82263922,2023,2023-12-18,5002,2023-12-13,"909 ",13444,,3,5,6,5002,0,0,0,,0,061,"ROSEBURG AVE","DEL VALE AVE",0.00,,Y,A,-,N,,,,,,,,,,Y,4,0,1,2,A,-,12,22450,A,N,D,C,A,A,H,-,A,A,0,,,,,Y,,A,01,0,0,1,0,0,0,0,0,0,"- ","- ",37.660400390625,-121.01937103271484,STANISLAUS,MODESTO,-121.01926422119141,37.660480499267578
82266935,2023,2023-12-20,5002,2023-11-15,"758 ",11531,,3,5,6,5002,0,0,0,,0,083,"TULLY RD","RUMBLE RD",295.00,S,N,A,B,N,,,,,,,,,,N,4,0,3,3,A,-,03,22350,,N,C,C,A,A,H,-,A,A,0,,,,,Y,,D,22,0,0,3,0,0,0,0,0,0,"- ","- ",37.682048797607422,-121.01261901855469,STANISLAUS,MODESTO,-121.01237487792969,37.681259155273438
82266953,2023,2023-12-20,5002,2023-12-16,2108,11740,M004,6,5,6,5002,0,0,0,,0,063,"DALE RD","BANGS AVE",321.00,S,N,A,-,N,,,,,,,,,,Y,4,0,1,2,A,-,01,23152,A,N,C,C,A,A,H,-,C,D,0,,,,,Y,Y,A,01,0,0,1,0,0,0,0,0,0,"- ","- ",37.7041015625,-121.05011749267578,STANISLAUS,MODESTO,-121.05007934570312,37.703109741210938
82266954,2023,2023-12-20,5002,2023-12-17,1150,13136,M286,7,5,6,5002,0,0,0,,0,071,"BRIGHTON AVE","WYLIE DR",0.00,,Y,B,-,N,,,,,,,,,,Y,4,0,2,2,A,-,09,21801,A,N,A,C,A,A,H,-,A,D,0,,,,,Y,,A,07,0,0,2,0,0,0,0,0,0,"- ","- ",37.657508850097656,-120.97099304199219,STANISLAUS,MODESTO,-120.97102355957031,37.657512664794922
82268993,2023,2023-12-22,5002,2023-12-13,1935,13439,M117,3,5,6,5002,0,0,0,,0,082,"ORANGEBURG AVE","SUNRISE AVE",0.00,,Y,A,-,N,,,,,,,,,,Y,4,0,1,3,A,-,09,21801,A,N,A,D,A,A,H,-,C,A,0,,,,,Y,,A,01,0,0,1,0,0,0,0,0,0,"- ","- ",37.663631439208984,-120.96669769287109,STANISLAUS,MODESTO,-120.98482513427734,37.663623809814453
82274442,2023,2023-12-29,5006,2023-12-16,1932,3974,RIVER,6,5,3,5006,0,0,0,,0,,"OAKDALE RD","PATTERSON RD",250.00,S,N,A,-,N,,,,,,,,,,N,4,0,1,2,A,-,09,21804,A,N,D,C,A,A,H,-,C,D,0,,,,,Y,Y,A,01,0,0,1,0,0,0,0,0,0,"- ","- ",,,STANISLAUS,RIVERBANK,-120.95864105224609,37.731971740722656
82274662,2023,2023-12-29,5002,2023-12-22,1110,13315,RD01,5,5,6,5002,0,0,0,,0,071,"OAKDALE RD","COUNTY CENTER 3 CT",260.00,S,N,A,-,N,,,,,,,,,,Y,3,0,1,2,A,-,09,21804,A,N,B,C,A,A,H,-,A,D,0,,,,,Y,,A,01,0,1,0,0,0,0,0,0,0,"- ","- ",37.655570983886719,-120.95742797851562,STANISLAUS,MODESTO,-120.95742797851562,37.654857635498047
82274675,2023,2024-01-01,5002,2023-12-24,1535,13462,RD01,7,5,6,5002,0,0,0,,0,071,"SCENIC DR","LAKEWOOD AVE",0.00,,Y,B,-,N,,,,,,,,,,Y,4,0,2,2,A,-,09,21804,A,N,D,C,A,A,H,-,A,D,0,,,Y,,Y,,A,07,0,0,2,0,0,0,0,0,1,"- ","- ",37.654991149902344,-120.93926239013672,STANISLAUS,MODESTO,-120.93921661376953,37.655029296875
82274677,2023,2023-12-29,5002,2023-12-24,1945,13409,M123,7,5,6,5002,0,0,0,,0,072,"BRIGGSMORE AVE","COFFEE RD",0.00,,Y,A,-,N,,,,,,,,,,N,4,0,1,2,A,-,00,21450,A,F,D,C,A,A,H,-,C,A,0,,,,,Y,,-,99,0,0,1,0,0,0,0,0,0,"- ","- ",37.667110443115234,-120.95755767822266,STANISLAUS,MODESTO,-120.9757080078125,37.667152404785156