CASE_ID,ACCIDENT_YEAR,PROC_DATE,JURIS,COLLISION_DATE,COLLISION_TIME,OFFICER_ID,REPORTING_DISTRICT,DAY_OF_WEEK,CHP_SHIFT,POPULATION,CNTY_CITY_LOC,SPECIAL_COND,BEAT_TYPE,CHP_BEAT_TYPE,CITY_DIVISION_LAPD,CHP_BEAT_CLASS,BEAT_NUMBER,PRIMARY_RD,SECONDARY_RD,DISTANCE,DIRECTION,INTERSECTION,WEATHER_1,WEATHER_2,STATE_HWY_IND,CALTRANS_COUNTY,CALTRANS_DISTRICT,STATE_ROUTE,ROUTE_SUFFIX,POSTMILE_PREFIX,POSTMILE,LOCATION_TYPE,RAMP_INTERSECTION,SIDE_OF_HWY,TOW_AWAY,COLLISION_SEVERITY,NUMBER_KILLED,NUMBER_INJURED,PARTY_COUNT,PRIMARY_COLL_FACTOR,PCF_CODE_OF_VIOL,PCF_VIOL_CATEGORY,PCF_VIOLATION,PCF_VIOL_SUBSECTION,HIT_AND_RUN,TYPE_OF_COLLISION,MVIW,PED_ACTION,ROAD_SURFACE,ROAD_COND_1,ROAD_COND_2,LIGHTING,CONTROL_DEVICE,CHP_ROAD_TYPE,PEDESTRIAN_ACCIDENT,BICYCLE_ACCIDENT,MOTORCYCLE_ACCIDENT,TRUCK_ACCIDENT,NOT_PRIVATE_PROPERTY,ALCOHOL_INVOLVED,STWD_VEHTYPE_AT_FAULT,CHP_VEHTYPE_AT_FAULT,COUNT_SEVERE_INJ,COUNT_VISIBLE_INJ,COUNT_COMPLAINT_PAIN,COUNT_PED_KILLED,COUNT_PED_INJURED,COUNT_BICYCLIST_KILLED,COUNT_BICYCLIST_INJURED,COUNT_MC_KILLED,COUNT_MC_INJURED,PRIMARY_RAMP,SECONDARY_RAMP,LATITUDE,LONGITUDE,COUNTY,CITY,POINT_X,POINT_Y
82397917,2024,2024-05-24,5002,2024-05-11,2308,13262,,6,5,6,5002,0,0,0,,0,043,"RIVERSIDE DR","YOSEMITE BLVD (SR-132)",326.00,N,N,A,-,N,,,,,,,,,,Y,4,0,2,2,A,-,09,21801,A,N,D,C,A,A,H,-,D,D,0,,,,,Y,,D,22,0,0,2,0,0,0,0,0,0,"- ","- ",37.637840270996094,-120.94859313964844,STANISLAUS,MODESTO,-120.94807434082031,37.639034271240234
82399072,2024,2024-05-27,5006,2024-05-10,1645,129,,5,5,3,5006,0,0,0,,0,RPD,"PALMER AVE","PARSLEY LN",0.00,,Y,A,-,N,,,,,,,,,,N,4,0,1,2,A,-,09,21804,A,N,D,C,A,A,H,-,A,D,0,,,,,Y,,D,22,0,0,1,0,0,0,0,0,0,"- ","- ",,,STANISLAUS,RIVERBANK,,
82399603,2024,2024-05-28,5002,2024-04-22,1048,13444,,1,5,6,5002,0,0,0,,0,082,"MC HENRY AVE","COOLIDGE AVE",84.00,S,N,A,-,Y,STA,,108," "," ",24.439,H,,L,N,4,0,1,2,A,-,04,21703,,N,C,C,A,A,H,-,A,D,0,,,,,Y,,A,07,0,0,1,0,0,0,0,0,0,"- ","- ",37.665500640869141,-120.99407196044922,STANISLAUS,MODESTO,-120.99402618408203,37.665500640869141
82399614,2024,2024-05-28,5002,2024-05-23,1533,13244,,4,5,6,5002,0,0,0,,0,043,"LINCOLN AVE","PENNY LN",0.00,,Y,A,-,N,,,,,,,,,,Y,4,0,4,2,A,-,09,21804,A,N,D,C,A,A,H,-,A,D,0,,,,,Y,,A,07,0,0,4,0,0,0,0,0,0,"- ","- ",37.645278930664062,-120.93913269042969,STANISLAUS,MODESTO,-120.93904876708984,37.645351409912109
82403998,2024,2024-06-03,5005,2024-05-22,1300,S04843,,3,5,3,5006,0,0,0,,0,RPD,"PATTERSON RD","ESTELLE AVE",143.00,E,N,A,-,Y,STA,,108," "," ",31.302,H,,R,Y,4,0,3,3,A,-,03,22350,,N,C,C,A,A,H,-,A,A,0,,,,,Y,,D,22,0,0,3,0,0,0,0,0,0,"- ","- ",37.732891082763672,-120.95401763916016,STANISLAUS,RIVERBANK,-120.9541015625,37.732673645019531
82405029,2024,2024-06-04,5002,2024-04-28,1202,11053,,7,5,6,5002,0,0,0,,0,072,"BRIGGSMORE AVE","HELD DR",204.00,E,N,A,-,N,,,,,,,,,,N,4,0,1,2,A,-,09,21801,A,N,D,C,A,A,H,-,A,D,0,,,,,Y,,A,01,0,0,1,0,0,0,0,0,0,"- ","- ",,,STANISLAUS,MODESTO,-120.91280364990234,37.667098999023438
82405030,2024,2024-06-04,5002,2024-05-01,"151 ",13439,,3,5,6,5002,0,0,0,,0,063,"PELANDALE AVE","DALE RD",3.00,E,N,A,-,N,,,,,,,,,,Y,4,0,1,1,A,-,08,22107,,N,E,I,A,A,H,-,C,A,0,,,,,Y,,A,08,0,0,1,0,0,0,0,0,0,"- ","- ",37.700408935546875,-121.05010986328125,STANISLAUS,MODESTO,-121.050048828125,37.700286865234375
82405032,2024,2024-06-04,5002,2024-05-01,1235,13506,,3,5,6,5002,0,0,0,,0,MP82,"SUNRISE AVE","E GRANGER AVE",0.00,,Y,A,-,N,,,,,,,,,,Y,4,0,1,2,A,-,09,21802,A,N,D,C,A,A,H,-,A,D,0,,,,,Y,,A,07,0,0,1,0,0,0,0,0,0,"- ","- ",,,STANISLAUS,MODESTO,-120.98484802246094,37.667224884033203
82405045,2024,2024-06-04,5002,2024-05-06,1311,13096,,1,5,6,5002,0,0,0,,0,081,"NEEDHAM ST","OLIVE AVE",0.00,,Y,A,-,N,,,,,,,,,,Y,3,0,2,2,A,-,09,21802,A,N,D,C,A,A,H,-,A,A,0,,,,,Y,,A,01,0,1,1,0,0,0,0,0,0,"- ","- ",37.645931243896484,-121.00531768798828,STANISLAUS,MODESTO,-121.00532531738281,37.645912170410156
82405058,2024,2024-06-04,5002,2024-05-16,1421,13421,,4,5,6,5002,0,0,0,,0,082,"COLLEGE AVE","GRANGER AVE",0.00,,Y,A,-,N,,,,,,,,,,Y,4,0,3,2,A,-,17,21451,A,N,D,C,A,A,H,-,A,A,0,,,,,Y,,A,01,0,0,3,0,0,0,0,0,0,"- ","- ",37.66754150390625,-121.00755310058594,STANISLAUS,MODESTO,-121.00765991210938,37.667537689208984
82405064,2024,2024-06-04,5002,2024-05-20,"802 ",11789,,1,5,6,5002,0,0,0,,0,071,"COFFEE RD","MORRIS AVE",0.00,,Y,A,-,N,,,,,,,,,,N,3,0,1,2,A,-,05,21650,1,N,H,G,A,A,H,-,A,A,0,,Y,,,Y,,L,04,0,1,0,0,0,0,1,0,0,"- ","- ",37.650890350341797,-120.97556304931641,STANISLAUS,MODESTO,-120.97556304931641,37.650871276855469
82406317,2024,2024-06-05,5002,2024-04-19,1401,13570,,5,5,6,5002,0,0,0,,0,,"TULLY RD","COLDWELL AVE",0.00,,Y,A,-,N,,,,,,,,,,Y,4,0,1,2,A,-,17,21451,B,N,D,C,A,A,D,-,A,A,0,,,,,Y,,A,01,0,0,1,0,0,0,0,0,0,"- ","- ",37.653171539306641,-121.01203155517578,STANISLAUS,MODESTO,-121.01203918457031,37.653202056884766
82406336,2024,2024-06-05,5002,2024-05-26,1336,13396,,7,5,6,5002,0,0,0,,0,042,"LAS PALMAS AVE","SR-132 (YOSEMITE BLVD)",8.00,N,N,A,-,Y,STA,,132," "," ",15.973,H,,R,N,3,0,1,2,A,-,00,3,,N,D,G,A,A,H,-,A,D,0,,Y,,,Y,,L,04,0,1,0,0,0,0,1,0,0,"- ","- ",37.638141632080078,-120.97876739501953,STANISLAUS,MODESTO,-120.97876739501953,37.638187408447266
82407309,2024,2024-06-06,5001,2024-06-03,1554,755,,1,5,4,5001,0,0,0,,0,004,"MORGAN RD","HACKETT RD",0.00,,Y,A,-,N,,,,,,,,,,Y,3,0,4,2,A,-,17,21451,A,N,D,C,A,A,H,-,A,A,0,,,,,Y,,A,01,0,2,2,0,0,0,0,0,0,"- ","- ",,,STANISLAUS,CERES,-120.97528839111328,37.587619781494141
82407434,2024,2024-06-06,5002,2024-05-10,"657 ",13225,,5,5,6,5002,0,0,0,,0,082,"SR108 (MC HENRY AVE)","FLOYD AVE",0.00,,Y,A,-,Y,STA,,108," "," ",25.320,H,,R,Y,4,0,1,2,A,-,12,21453,A,N,D,C,A,A,H,-,A,A,0,,,,,Y,,-,"- ",0,0,1,0,0,0,0,0,0,"- ","- ",37.678188323974609,-120.99416351318359,STANISLAUS,MODESTO,-120.99404907226562,37.678188323974609
82408511,2023,2024-06-07,5002,2023-10-01,2042,13000,,7,5,6,5002,0,0,0,,0,MP81,"MCHENRY AV (SR-108)","MORRIS AVE",0.00,,Y,A,-,Y,,,,,,,,,,N,4,0,1,2,A,-,12,21453,A,F,H,G,A,A,H,-,C,A,0,,Y,,,Y,,-,"- ",0,0,1,0,0,0,1,0,0,"- ","- ",,,STANISLAUS,MODESTO,-120.99378204345703,37.650978088378906
82409422,2024,2024-06-10,5005,2024-05-06,1538,S03890,,1,5,3,5005,0,0,0,,0,PPD,"WARD AVE","SUNSET CT",50.00,S,N,A,-,N,,,,,,,,,,N,3,0,2,3,A,-,10,21950,A,F,G,B,B,A,H,-,A,A,0,Y,,,,Y,,A,01,0,2,0,0,2,0,0,0,0,"- ","- ",37.474109649658203,-121.14041137695312,STANISLAUS,PATTERSON,-121.14089965820312,37.474262237548828
82409617,2024,2024-06-10,5005,2024-05-06,1418,S04145,,1,5,3,5005,0,0,0,,0,PPD,"2ND ST (PATTERSON)","SPERRY AVE",640.00,N,N,A,-,Y,STA,,33," "," ",12.533,H,,R,Y,3,0,1,1,A,-,05,21650,,N,E,I,A,A,H,-,A,D,0,,,,Y,Y,,F,26,0,1,0,0,0,0,0,0,0,"- ","- ",37.463890075683594,-121.122802734375,STANISLAUS,PATTERSON,-121.122802734375,37.463886260986328
82411129,2024,2024-06-12,5002,2024-04-23,2016,13307,,2,5,6,5002,0,0,0,,0,073,"COFFEE RD","SYLVAN AVE",0.00,,Y,B,-,N,,,,,,,,,,Y,4,0,2,2,A,-,12,21453,A,N,A,C,A,A,H,-,B,A,0,,,,,Y,,-,"- ",0,0,2,0,0,0,0,0,0,"- ","- ",37.688880920410156,-120.97605895996094,STANISLAUS,MODESTO,-120.97608947753906,37.68890380859375
82411132,2024,2024-06-11,5002,2024-04-30,1400,11413,,2,5,6,5002,0,0,0,,0,073,"SYLVAN AVE","HASHEM DR",0.00,,Y,A,-,N,,,,,,,,,,N,3,0,1,2,A,-,09,21802,A,N,H,G,A,A,H,-,A,A,0,,Y,,,Y,,A,01,0,1,0,0,0,0,0,0,0,"- ","- ",37.688961029052734,-120.96028900146484,STANISLAUS,MODESTO,-120.96027374267578,37.688968658447266
82411140,2024,2024-06-12,5002,2024-05-03,1442,13225,,5,5,6,5002,0,0,0,,0,062,"CARVER RD","MOUNT VERNON DR",263.00,S,N,A,-,N,,,,,,,,,,N,4,0,1,2,A,-,08,22107,,F,B,E,A,A,H,-,A,D,0,,,,,Y,,A,07,0,0,1,0,0,0,0,0,0,"- ","- ",37.676780700683594,-121.02224731445312,STANISLAUS,MODESTO,-121.022216796875,37.676017761230469
82411143,2024,2024-06-11,5002,2024-05-05,2023,11679,,7,5,6,5002,0,0,0,,0,081,"SCENIC DR","HIGH ST",0.00,,Y,A,-,N,,,,,,,,,,Y,4,0,1,2,A,-,09,21802,A,N,D,C,A,A,H,-,B,A,0,,,,,Y,,A,01,0,0,1,0,0,0,0,0,0,"- ","- ",37.645858764648438,-120.98789978027344,STANISLAUS,MODESTO,-120.98788452148438,37.645839691162109
82412282,2024,2024-06-12,5002,2024-05-07,"8   ",13206,,2,5,6,5002,0,0,0,,0,043,"CLAUS RD","CREEKWOOD DR",3128.00,S,N,A,-,N,,,,,,,,,,Y,4,0,1,1,A,-,01,23152,A,N,E,I,A,A,H,-,C,D,0,,,,,Y,Y,A,01,0,0,1,0,0,0,0,0,0,"- ","- ",37.649559020996094,-120.92156219482422,STANISLAUS,MODESTO,-120.92211151123047,37.641555786132812
82412289,2024,2024-06-12,5002,2024-05-18,"612 ",13571,,6,5,6,5002,0,0,0,,0,083,"TULLY RD","STANDIFORD AVE",0.00,,Y,A,-,N,,,,,,,,,,Y,4,0,2,2,A,-,12,21453,A,N,D,C,A,A,H,-,A,A,0,,,,,Y,,-,"- ",0,0,2,0,0,0,0,0,0,"- ","- ",37.689319610595703,-121.01268005371094,STANISLAUS,MODESTO,-121.01251220703125,37.689327239990234
82414549,2024,2024-06-14,5006,2024-05-31,1539,129,,5,5,3,5006,0,0,0,,0,RPD,"TERMINAL AVE","VIRGINIA AVE",114.00,S,N,A,-,N,,,,,,,,,,Y,4,0,1,2,A,-,01,23152,A,N,D,E,A,A,H,-,A,D,0,,,,,Y,Y,A,01,0,0,1,0,0,0,0,0,0,"- ","- ",37.724651336669922,-120.93108367919922,STANISLAUS,RIVERBANK,-120.93116760253906,37.724208831787109
82414696,2024,2024-06-14,5002,2024-06-11,"716 ",10935,,2,5,6,5002,0,0,0,,0,041,"SR-132 (YOSEMITE BLVD)","S. MORTON BLVD",65.00,E,N,A,-,Y,,,,,,,,,,Y,3,0,2,3,A,-,03,22350,,N,C,C,A,A,H,-,A,A,0,,,,,Y,,A,01,0,1,1,0,0,0,0,0,0,"- ","- ",,,STANISLAUS,MODESTO,-120.98445129394531,37.637649536132812
82414700,2024,2024-06-14,5002,2024-06-12,1405,13571,,3,5,6,5002,0,0,0,,0,043,"SR-132 (YOSEMITE BLVD)","EL VISTA AVE",48.00,E,N,A,-,Y,STA,,132," "," ",17.135,H,,R,N,4,0,1,2,A,-,03,22350,,F,C,C,A,A,H,-,A,A,0,,,,,Y,,A,01,0,0,1,0,0,0,0,0,0,"- ","- ",37.638149261474609,-120.95731353759766,STANISLAUS,MODESTO,-120.95731353759766,37.638118743896484
82416931,2024,2024-06-18,5002,2024-05-07,"735 ",13111,,2,5,6,5002,0,0,0,,0,083,"STANDIFORD AVE","SHERWOOD AVE",51.00,W,N,A,-,N,,,,,,,,,,N,3,0,1,2,A,-,05,21650,1,N,D,G,A,A,H,-,A,D,0,,Y,,,Y,,L,04,0,1,0,0,0,0,1,0,0,"- ","- ",37.689128875732422,-120.99749755859375,STANISLAUS,MODESTO,-120.99763488769531,37.689163208007812
82416943,2024,2024-06-18,5002,2024-06-06,1634,13509,,4,5,6,5002,0,0,0,,0,043,"EL VISTA AVE","ENCINA AVE",0.00,,Y,A,-,N,,,,,,,,,,Y,4,0,1,2,A,-,17,21451,A,N,D,C,A,A,H,-,A,A,0,,,,,Y,,A,01,0,0,1,0,0,0,0,0,0,"- ","- ",37.644969940185547,-120.957763671875,STANISLAUS,MODESTO,-120.95726013183594,37.645236968994141
82423692,2024,2024-06-26,5002,2024-04-28,1107,13574,,7,5,6,5002,0,0,0,,0,081,"SR 108 (MCHENRY AVE)","BRIGGSMORE AVE",59.00,N,N,A,-,Y,,,,,,,,,,N,4,0,1,2,A,-,03,22350,,F,C,C,A,A,H,-,A,A,0,,,,,Y,,A,01,0,0,1,0,0,0,0,0,0,"- ","- ",,,STANISLAUS,MODESTO,-120.99402618408203,37.670730590820312
82423694,2024,2024-06-26,5002,2024-05-24,1932,13398,,5,5,6,5002,0,0,0,,0,031,"HATCH RD","DALLAS ST",0.00,,Y,A,-,N,,,,,,,,,,N,3,0,1,2,A,-,10,21950,A,N,G,B,B,A,H,-,B,A,0,Y,,,,Y,,D,22,0,1,0,0,1,0,0,0,0,"- ","- ",37.609180450439453,-121.00163269042969,STANISLAUS,MODESTO,-121.00151062011719,37.609218597412109
82423696,2024,2024-06-26,5002,2024-05-25,1922,13541,,6,5,6,5002,0,0,0,,0,072,"MANOR OAK DR","NORIK DR",0.00,,Y,A,-,N,,,,,,,,,,N,3,0,1,2,A,-,09,21801,A,F,D,C,A,A,H,-,A,D,0,,,Y,,Y,,-,99,0,1,0,0,0,0,0,0,1,"- ","- ",37.674198150634766,-120.95559692382812,STANISLAUS,MODESTO,-120.95535278320312,37.674457550048828
82423700,2024,2024-06-26,5002,2024-05-27,2025,13513,,1,5,6,5002,0,0,0,,0,061,"ORANGEBURG AVE","DEL VALE AVE",0.00,,Y,A,-,N,,,,,,,,,,Y,4,0,1,2,A,-,09,21802,A,F,D,C,A,A,H,-,B,A,0,,,,,Y,,-,99,0,0,1,0,0,0,0,0,0,"- ","- ",37.664039611816406,-121.01938629150391,STANISLAUS,MODESTO,-121.01932525634766,37.664119720458984
82423709,2024,2024-06-26,5002,2024-06-05,1115,13191,,3,5,6,5002,0,0,0,,0,,"SPRUCE ST","MADISON ST",0.00,,Y,A,-,N,,,,,,,,,,N,3,0,1,2,A,-,09,21802,A,N,D,G,A,A,H,-,A,A,0,,Y,,,Y,,L,04,0,1,0,0,0,0,1,0,0,"- ","- ",37.63446044921875,-121.01096343994141,STANISLAUS,MODESTO,-121.01038360595703,37.634498596191406
82423713,2024,2024-06-26,5002,2024-06-10,2300,13268,,1,5,6,5002,0,0,0,,0,043,"SR-132 (YOSEMITE BLVD)","EL VISTA AVE",0.00,,Y,A,-,Y,STA,,132," "," ",17.135,H,,R,Y,4,0,1,2,A,-,12,21453,A,N,D,C,A,A,H,-,C,A,0,,,,,Y,,-,"- ",0,0,1,0,0,0,0,0,0,"- ","- ",37.638149261474609,-120.95731353759766,STANISLAUS,MODESTO,-120.95731353759766,37.638118743896484
82424623,2024,2024-06-27,5002,2024-04-28,"235 ",13180,,7,5,6,5002,0,0,0,,0,041,"9TH ST (SR 132)","D ST (SR 132)",0.00,,Y,A,-,Y,STA,,132," ",L,15.711,H,,R,Y,4,0,2,2,A,-,01,23152,A,N,D,C,A,A,H,-,C,A,0,,,,,Y,Y,-,"- ",0,0,2,0,0,0,0,0,0,"- ","- ",37.633991241455078,-120.99436187744141,STANISLAUS,MODESTO,-120.99436950683594,37.634025573730469
82424633,2024,2024-07-01,5002,2024-05-23,1146,13509,,4,5,6,5002,0,0,0,,0,082,"COLLEGE AVE","GRANGER AVE",0.00,,Y,A,-,N,,,,,,,,,,Y,4,0,3,2,A,-,12,21453,A,N,D,D,A,A,H,-,A,A,0,,,,,Y,,A,07,0,0,3,0,0,0,0,0,0,"- ","- ",37.66754150390625,-121.00755310058594,STANISLAUS,MODESTO,-121.00765991210938,37.667537689208984
82424635,2024,2024-06-27,5002,2024-05-26,1653,13522,,7,5,6,5002,0,0,0,,0,041,"6TH ST","I ST",0.00,,Y,A,-,Y,,,,,,,,,,N,3,0,1,2,A,-,12,21453,A,N,D,C,A,A,H,-,A,A,0,,,,,Y,,-,"- ",0,1,0,0,0,0,0,0,0,"- ","- ",37.636688232421875,-121.00293731689453,STANISLAUS,MODESTO,-121.00298309326172,37.636650085449219
82424642,2024,2024-06-27,5002,2024-06-07,1453,13303,,5,5,6,5002,0,0,0,,0,061,"CARPENTER RD","9TH ST",39.00,S,N,A,-,N,,,,,,,,,,N,4,0,2,2,A,-,03,22350,,F,C,C,A,A,H,-,A,A,0,,,,,Y,,-,99,0,0,2,0,0,0,0,0,0,"- ","- ",37.664279937744141,-121.03130340576172,STANISLAUS,MODESTO,-121.03124237060547,37.664142608642578
82425576,2024,2024-06-28,5001,2024-05-27,1738,748,,1,5,4,5001,0,0,0,,0,004,"MORGAN RD","SAN PEDRO AVE",0.00,,Y,A,-,N,,,,,,,,,,Y,4,0,2,2,A,-,09,21802,A,N,A,C,A,A,H,-,A,A,0,,,,,Y,,A,01,0,0,2,0,0,0,0,0,0,"- ","- ",,,STANISLAUS,CERES,-120.97530364990234,37.583621978759766
82425578,2024,2024-06-28,5001,2024-06-24,1730,755,,1,5,4,5001,0,0,0,,0,001,"2ND ST","WHITMORE AVE",0.00,,Y,A,-,N,,,,,,,,,,N,3,0,1,2,A,-,09,21802,A,N,B,G,A,A,H,-,A,C,0,,Y,,,Y,,A,07,0,1,0,0,0,0,1,0,0,"- ","- ",,,STANISLAUS,CERES,-120.95569610595703,37.594764709472656
82425772,2024,2024-06-28,5002,2024-06-04,1710,13522,,2,5,6,5002,0,0,0,,0,043,"SR-132 (YOSEMITE BLVD)","RIVERSIDE DR",0.00,,Y,A,-,Y,,,,,,,,,,N,4,0,1,2,A,-,12,21453,A,N,D,C,A,A,H,-,A,A,0,,,,,Y,,A,07,0,0,1,0,0,0,0,0,0,"- ","- ",37.637840270996094,-120.94859313964844,STANISLAUS,MODESTO,-120.94808197021484,37.638145446777344
82429566,2024,2024-07-03,5002,2024-06-19,1248,13425,,3,5,6,5002,0,0,0,,0,041,"9TH ST","SR-132 (L ST)",40.00,N,N,A,-,Y,STA,,132," ",L,14.983,H,,R,Y,4,0,2,2,A,-,08,22107,,N,D,C,A,A,H,-,A,D,0,,,,,Y,,A,07,0,0,2,0,0,0,0,0,0,"- ","- ",37.641719818115234,-121.0035400390625,STANISLAUS,MODESTO,-121.00357055664062,37.641693115234375
82431037,2024,2024-07-05,5006,2024-06-20,2308,S04043,,4,5,3,5006,0,0,0,,0,RPD,"TURNBERRY LN","RIVER COVE DR",200.00,S,N,A,-,Y,,,,,,,,,,Y,3,0,1,2,A,-,01,23152,A,N,C,E,A,A,H,-,C,D,0,,,,,Y,Y,A,01,0,1,0,0,0,0,0,0,0,"- ","- ",37.741779327392578,-120.94361877441406,STANISLAUS,RIVERBANK,-120.94358825683594,37.741107940673828
82433685,2024,2024-07-09,5002,2024-06-25,1449,13225,,2,5,6,5002,0,0,0,,0,062,"SISK RD","STANDIFORD AVE",263.00,S,N,A,-,N,,,,,,,,,,Y,3,0,3,2,A,-,09,21804,A,N,D,C,A,A,H,-,A,A,0,,,,,Y,,A,07,0,2,1,0,0,0,0,0,0,"- ","- ",37.685020446777344,-121.05095672607422,STANISLAUS,MODESTO,-121.05026245117188,37.684280395507812
82433687,2024,2024-07-09,5002,2024-06-27,1440,13525,,4,5,6,5002,0,0,0,,0,061,"ORANGEBURG AVE","TULLY RD",0.00,,Y,A,-,N,,,,,,,,,,N,4,0,3,2,A,-,12,21453,A,N,D,C,A,A,H,-,A,A,0,,,,,Y,,-,"- ",0,0,3,0,0,0,0,0,0,"- ","- ",37.664028167724609,-121.01209259033203,STANISLAUS,MODESTO,-121.01219940185547,37.664047241210938
82433692,2024,2024-07-09,5002,2024-06-29,1145,13570,,6,5,6,5002,0,0,0,,0,042,"MILLER AVE","PHOENIX AVE",145.00,W,N,A,-,N,,,,,,,,,,N,4,0,1,2,A,-,09,21804,A,F,D,C,A,A,H,-,A,D,0,,,,,Y,,-,99,0,0,1,0,0,0,0,0,0,"- ","- ",37.640098571777344,-120.96244049072266,STANISLAUS,MODESTO,-120.96286773681641,37.640079498291016
82433694,2024,2024-07-09,5002,2024-07-02,1120,11413,,2,5,6,5002,0,0,0,,0,081,"MORTON BLVD","MORTON WAY",27.00,N,N,A,-,N,,,,,,,,,,Y,4,0,1,1,A,-,08,22107,,N,E,I,A,A,H,-,A,D,0,,,,,Y,,A,01,0,0,1,0,0,0,0,0,0,"- ","- ",37.643119812011719,-120.98541259765625,STANISLAUS,MODESTO,-120.98521423339844,37.643177032470703
82435607,2024,2024-07-11,5001,2024-07-03,1041,706,,3,5,4,5001,0,0,0,,0,005,"MITCHELL RD","ROHDE RD",0.00,,Y,A,-,N,,,,,,,,,,Y,4,0,1,2,D,-,00,,,N,D,C,A,A,H,-,A,A,0,,,,,Y,,-,"- ",0,0,1,0,0,0,0,0,0,"- ","- ",,,STANISLAUS,CERES,-120.938720703125,37.5784912109375
82437468,2024,2024-07-15,5002,2024-03-04,1333,13443,,1,5,6,5002,0,0,0,,0,082,"ORANGEBURG AVE","MELROSE AVE",0.00,,Y,A,-,N,,,,,,,,,,Y,4,0,3,2,A,-,09,21801,A,N,D,C,A,A,H,-,A,D,0,,,,,Y,,A,08,0,0,3,0,0,0,0,0,0,"- ","- ",37.663478851318359,-120.98745727539062,STANISLAUS,MODESTO,-120.98712921142578,37.663631439208984
82437469,2024,2024-07-15,5002,2024-05-01,1621,13451,,3,5,6,5002,0,0,0,,0,071,"SCENIC DR","OAKDALE RD",0.00,,Y,A,-,N,,,,,,,,,,Y,4,0,3,5,A,-,07,21658,A,N,B,D,A,A,H,-,A,A,0,,,,,Y,,A,07,0,0,3,0,0,0,0,0,0,"- ","- ",37.652801513671875,-120.95780944824219,STANISLAUS,MODESTO,-120.95738983154297,37.653064727783203
82437488,2024,2024-07-15,5002,2024-06-29,"712 ",13362,,6,5,6,5002,0,0,0,,0,031,"CARPENTER RD","WHITMORE AVE",656.00,N,N,A,-,N,,,,,,,,,,Y,3,0,2,2,A,-,07,21658,A,N,A,C,A,A,H,-,A,D,0,,,,,Y,,A,07,0,2,0,0,0,0,0,0,0,"- ","- ",,,STANISLAUS,MODESTO,-121.03030395507812,37.596851348876953
82437497,2024,2024-07-12,5002,2024-07-09,1804,13509,,2,5,6,5002,0,0,0,,0,041,"7TH ST","B ST",0.00,,Y,A,-,N,,,,,,,,,,Y,3,0,3,2,A,-,12,21453,A,N,D,C,A,A,H,-,A,A,0,,,,,Y,,-,"- ",0,1,2,0,0,0,0,0,0,"- ","- ",37.630180358886719,-120.99461364746094,STANISLAUS,MODESTO,-120.99462890625,37.630168914794922
8281450,2017,2017-12-26,5002,2017-01-02,2125,20313,,1,5,6,5002,0,0,0,,0,,"CROWS LANDING RD","WINMOORE WY",0.00,,Y,B,-,N,,,,,,,,,,Y,4,0,1,2,A,-,01,23152,A,N,D,C,A,B,H,-,C,D,0,,,,,Y,Y,A,07,0,0,1,0,0,0,0,0,0,"- ","- ",37.60521,-120.99346,STANISLAUS,MODESTO,-120.99355993,37.605329920000003
8281535,2017,2017-01-18,5002,2017-01-07,1719,11742,M539,6,5,6,5002,0,0,0,,0,033,"CARPENTER RD","CALIFORNIA AV",0.00,,Y,C,-,N,,,,,,,,,,Y,4,0,2,2,A,-,09,21801,A,N,D,C,A,B,H,-,D,D,0,,,,,Y,,A,,0,0,2,0,0,0,0,0,0,"- ","- ",,,STANISLAUS,MODESTO,-121.03054992,37.631399960000003
8281609,2016,2017-01-24,5002,2016-12-31,1738,11861,537,6,5,6,5002,0,0,0,,0,063,"SISK RD","TARGET CENTER",0.00,,Y,A,-,N,,,,,,,,,,Y,3,0,2,2,A,-,12,21453,A,N,D,C,A,A,H,-,C,A,0,,,,,Y,,-,"- ",0,1,1,0,0,0,0,0,0,"- ","- ",,,STANISLAUS,MODESTO,-121.06541986000001,37.693889900000002
8283473,2016,2018-03-16,5004,2016-12-10,1035,112,RD28,6,5,3,5004,0,0,0,,0,00E,"RT 108","JOHNSON AV",370.00,E,N,B,C,Y,STA,10,120,-,-,5.710,H,-,E,Y,3,0,1,2,A,-,09,21801,A,N,D,C,A,B,H,-,A,D,0,,,,,Y,,A,07,0,1,0,0,0,0,0,0,0,"- ","- ",37.770659999999999,-120.83701000000001,STANISLAUS,OAKDALE,-120.83705695,37.770350380000004
8285281,2017,2017-01-25,5002,2017-01-10,2042,757,B201,2,5,6,5002,0,0,0,,0,003,"EAST HATCH RD","MOFFETT RD",0.00,,Y,C,-,N,,,,,,,,,,Y,4,0,1,3,A,-,12,21453,A,F,D,C,A,B,G,-,D,A,0,,,,,Y,,A,01,0,0,1,0,0,0,0,0,0,"- ","- ",37.609290000000001,-120.94790999999999,STANISLAUS,MODESTO,-120.94790988,37.609279899999997