CASE_ID,ACCIDENT_YEAR,PROC_DATE,JURIS,COLLISION_DATE,COLLISION_TIME,OFFICER_ID,REPORTING_DISTRICT,DAY_OF_WEEK,CHP_SHIFT,POPULATION,CNTY_CITY_LOC,SPECIAL_COND,BEAT_TYPE,CHP_BEAT_TYPE,CITY_DIVISION_LAPD,CHP_BEAT_CLASS,BEAT_NUMBER,PRIMARY_RD,SECONDARY_RD,DISTANCE,DIRECTION,INTERSECTION,WEATHER_1,WEATHER_2,STATE_HWY_IND,CALTRANS_COUNTY,CALTRANS_DISTRICT,STATE_ROUTE,ROUTE_SUFFIX,POSTMILE_PREFIX,POSTMILE,LOCATION_TYPE,RAMP_INTERSECTION,SIDE_OF_HWY,TOW_AWAY,COLLISION_SEVERITY,NUMBER_KILLED,NUMBER_INJURED,PARTY_COUNT,PRIMARY_COLL_FACTOR,PCF_CODE_OF_VIOL,PCF_VIOL_CATEGORY,PCF_VIOLATION,PCF_VIOL_SUBSECTION,HIT_AND_RUN,TYPE_OF_COLLISION,MVIW,PED_ACTION,ROAD_SURFACE,ROAD_COND_1,ROAD_COND_2,LIGHTING,CONTROL_DEVICE,CHP_ROAD_TYPE,PEDESTRIAN_ACCIDENT,BICYCLE_ACCIDENT,MOTORCYCLE_ACCIDENT,TRUCK_ACCIDENT,NOT_PRIVATE_PROPERTY,ALCOHOL_INVOLVED,STWD_VEHTYPE_AT_FAULT,CHP_VEHTYPE_AT_FAULT,COUNT_SEVERE_INJ,COUNT_VISIBLE_INJ,COUNT_COMPLAINT_PAIN,COUNT_PED_KILLED,COUNT_PED_INJURED,COUNT_BICYCLIST_KILLED,COUNT_BICYCLIST_INJURED,COUNT_MC_KILLED,COUNT_MC_INJURED,PRIMARY_RAMP,SECONDARY_RAMP,LATITUDE,LONGITUDE,COUNTY,CITY,POINT_X,POINT_Y
8286104,2016,2017-01-27,5002,2016-12-27,0318,11233,M149,2,5,6,5002,0,0,0,,0,072,"FLOYD AV","ROSE AV",42.00,E,N,A,-,N,,,,,,,,,,Y,4,0,1,1,A,-,08,22107,,N,E,I,A,A,H,-,C,D,0,,,,,Y,,-,,0,0,1,0,0,0,0,0,0,"- ","- ",,,STANISLAUS,MODESTO,-120.96669488000001,37.678060000000002
8286121,2017,2018-02-16,5002,2017-01-19,1212,13015,254,4,5,6,5002,0,0,0,,0,082,"EAST GRANGER AV","RT 108",12.00,E,N,B,-,Y,STA,10,108,-,-,24.560,I,6,E,N,3,0,1,2,A,-,11,21950,B,N,G,B,B,B,H,-,A,A,0,Y,,,,Y,,N,,0,1,0,0,1,0,0,0,0,"- ","- ",,,STANISLAUS,MODESTO,-120.99407823999999,37.6669433
8286125,2017,2018-02-16,5002,2017-01-14,1555,11606,M097,6,5,6,5002,0,0,0,,0,083,"RT 108",SYLVAN,63.00,S,N,A,-,Y,STA,10,108,-,-,26.040,H,-,E,Y,2,0,2,2,A,-,03,22350,,N,C,C,A,A,H,-,A,A,0,,,Y,,Y,,C,,1,0,1,0,0,0,0,0,1,"- ","- ",,,STANISLAUS,MODESTO,-120.99439107000001,37.688620399999998
8286225,2017,2017-01-26,5002,2017-01-13,1745,13043,409,5,5,6,5002,0,0,0,,0,041,"9TH ST","B ST",0.00,,Y,A,-,N,,,,,,,,,,Y,3,0,2,2,A,-,09,21801,A,F,H,C,A,A,H,-,C,A,0,,,,,Y,,A,,0,1,1,0,0,0,0,0,0,"- ","- ",,,STANISLAUS,MODESTO,-120.99201995,37.632119950000003
8289305,2016,2017-01-31,5004,2016-12-23,0050,136,RD62,5,5,3,5004,0,0,0,,0,00E,"N STEARNS AV","RT 120",967.00,N,N,A,-,N,,,,,,,,,,Y,3,0,2,1,A,-,07,21658,,N,E,I,A,A,H,-,C,D,0,,,,,Y,,A,01,0,2,0,0,0,0,0,0,0,"- ","- ",37.779980000000002,-120.81726999999999,STANISLAUS,OAKDALE,-120.81778199999999,37.778613999999997
8292201,2017,2017-05-04,5002,2017-03-28,0959,13064,M166,2,5,6,5002,0,0,0,,0,072,"CLAUS RD","BRIGGSMORE AV",0.00,,Y,A,-,N,,,,,,,,,,Y,4,0,1,2,A,-,12,21453,A,N,D,C,A,A,H,-,A,A,0,,,,,Y,,A,,0,0,1,0,0,0,0,0,0,"- ","- ",,,STANISLAUS,MODESTO,-120.92128997,37.666899970000003
8292285,2017,2017-04-26,5005,2017-02-12,1258,SF62,P001,7,5,3,5005,0,0,0,,0,316,"SPERRY AV","PARK CENTER DR",15.00,E,N,A,-,N,,,,,,,,,,N,4,0,1,2,A,-,04,21703,,N,C,-,A,A,H,-,A,A,0,,,,,Y,,-,"- ",0,0,1,0,0,0,0,0,0,"- ","- ",,,STANISLAUS,PATTERSON,-121.16559832,37.464449620000003
8292841,2017,2017-04-14,5002,2017-04-04,0753,10360,M609,2,5,6,5002,0,0,0,,0,043,"N MCCLURE RD","CLOGSTON WY",226.00,N,N,B,-,N,,,,,,,,,,N,3,0,1,2,A,-,08,22107,,N,A,G,A,A,H,-,A,D,0,,Y,,,Y,,L,,0,1,0,0,0,0,1,0,0,"- ","- ",,,STANISLAUS,MODESTO,-120.9300195,37.640420589999998
8294574,2016,2017-02-02,5007,2016-12-31,2130,5767,,6,5,5,5007,0,0,0,,0,004,"COUNTRYSIDE DR",DRIVEWAY,0.00,,Y,A,-,N,,,,,,,,,,Y,4,0,1,2,A,-,09,21801,A,N,D,C,A,A,H,-,C,A,0,,,,,Y,,A,01,0,0,1,0,0,0,0,0,0,"- ","- ",,,STANISLAUS,TURLOCK,,
8294746,2017,2017-02-03,5007,2017-01-13,0747,5773,,5,5,5,5007,0,0,0,,0,005,MAIN,LYONS,0.00,,Y,A,-,N,,,,,,,,,,N,4,0,1,2,A,-,09,21802,A,N,D,C,A,A,H,-,A,A,0,,,,,Y,,A,07,0,0,1,0,0,0,0,0,0,"- ","- ",,,STANISLAUS,TURLOCK,-120.83960994,37.49922995
8294758,2017,2017-02-03,5007,2017-01-03,1543,5760,,2,5,5,5007,0,0,0,,0,001,"EAST HAWKEYE AV","N DAUBENBERGER RD",0.00,,Y,B,-,N,,,,,,,,,,Y,4,0,1,2,A,-,09,21800,A,N,D,C,A,B,H,-,A,A,0,,,,,Y,,A,01,0,0,1,0,0,0,0,0,0,"- ","- ",,,STANISLAUS,TURLOCK,-120.81684998,37.507159970000004
8294976,2017,2017-02-07,5007,2017-01-07,1316,5740,STANI,6,5,5,5007,0,0,0,,0,003,FULKERTH,"AUTO MALL DR",0.00,,Y,B,-,N,,,,,,,,,,Y,4,0,2,2,A,-,17,21451,A,N,-,C,A,A,H,-,A,A,0,,,,,Y,,A,07,0,0,2,0,0,0,0,0,0,"- ","- ",,,STANISLAUS,TURLOCK,-120.88136996,37.5072799
8297767,2017,2017-02-14,5002,2017-01-18,1745,13046,,3,5,6,5002,0,0,0,,0,061,"KEARNEY AV","ASHWOOD DR",0.00,,Y,C,G,N,,,,,,,,,,Y,4,0,1,2,A,-,12,22450,,N,D,C,A,B,H,-,C,A,0,,,,,Y,,D,,0,0,1,0,0,0,0,0,0,"- ","- ",,,STANISLAUS,MODESTO,-121.01670995000001,37.662589910000001
8297854,2017,2017-02-15,5002,2017-01-27,0011,11855,580,5,5,6,5002,0,0,0,,0,071,"CEDAR CREEK CT","CLAUS RD",40.00,W,N,A,-,N,,,,,,,,,,Y,4,0,1,1,A,-,08,22107,,N,E,I,A,A,H,-,E,D,0,,,,,Y,,A,,0,0,1,0,0,0,0,0,0,"- ","- ",,,STANISLAUS,MODESTO,-120.92141817,37.660179999999997
8297901,2017,2017-03-10,5002,2017-01-31,0206,11233,M290,2,5,6,5002,0,0,0,,0,071,"COFFEE RD","SCENIC DR",0.00,,Y,A,-,N,,,,,,,,,,Y,4,0,1,1,A,-,01,23152,A,N,E,I,A,A,H,-,C,A,0,,,,,Y,Y,A,,0,0,1,0,0,0,0,0,0,"- ","- ",,,STANISLAUS,MODESTO,-120.97550990000001,37.649019889999998
8298336,2017,2017-02-16,5006,2017-01-18,1456,S01836,RPS,3,5,3,5006,0,0,0,,0,RP1,"PROSPECTORS PKY","ARNERICH CT",0.00,,Y,C,-,N,,,,,,,,,,N,4,0,1,2,A,-,03,22350,,N,G,B,E,B,H,-,A,D,0,Y,,,,Y,,A,01,0,0,1,0,1,0,0,0,0,"- ","- ",,,STANISLAUS,RIVERBANK,-120.94616994,37.721299950000002
8299961,2017,2017-03-01,5007,2017-01-26,1248,5773,,4,5,5,5007,0,0,0,,0,001,"GEER RD",NORTH,124.00,S,N,A,-,N,,,,,,,,,,N,4,0,2,3,A,-,08,22107,,N,C,C,A,A,H,-,A,A,0,,,,,Y,,A,01,0,0,2,0,0,0,0,0,0,"- ","- ",,,STANISLAUS,TURLOCK,-120.84897744,37.509709479999998
8300046,2017,2017-02-06,5002,2017-01-25,1556,11750,62,3,5,6,5002,0,0,0,,0,094,"BRIGGSMORE AV","CARVER RD",0.00,,Y,A,-,N,,,,,,,,,,Y,3,0,3,3,A,-,12,21453,A,N,D,C,A,-,H,-,A,A,0,,,,,Y,,D,,0,1,2,0,0,0,0,0,0,"- ","- ",,,STANISLAUS,MODESTO,-121.0221399,37.671489950000002
8300050,2017,2017-02-06,5002,2017-01-26,0209,11819,457,4,5,6,5002,0,0,0,,0,042,"EMPIRE RD","YOSEMITE BL",50.00,S,N,A,-,N,,,,,,,,,,Y,3,0,1,1,A,-,08,22107,,F,A,I,A,A,H,-,C,A,0,,,,,Y,,A,,0,1,0,0,0,0,0,0,0,"- ","- ",,,STANISLAUS,MODESTO,-120.96797115,37.638052870000003
8300152,2017,2017-02-06,5002,2017-01-15,1051,11795,M51S,7,5,6,5002,0,0,0,,0,031,"DALLAS ST","HATCH RD",0.00,,Y,B,-,N,,,,,,,,,,Y,3,0,2,2,A,-,01,23152,A,F,D,C,A,A,H,-,A,A,0,,,,,Y,,A,,0,1,1,0,0,0,0,0,0,"- ","- ",,,STANISLAUS,MODESTO,-121.00150992,37.60921991
8302575,2017,2018-02-16,5002,2017-02-02,1437,13053,515,4,5,6,5002,0,0,0,,0,031,"CROWS LANDING RD","RT 99",0.00,,Y,A,-,Y,STA,10,99,-,R,14.470,R,4,N,Y,4,0,1,2,A,-,09,21801,A,N,A,C,A,A,H,-,A,D,0,,,Y,,Y,,A,,0,0,1,0,0,0,0,0,1,"- ",NO,,,STANISLAUS,MODESTO,-120.99357798,37.618880040000001
8302628,2017,2017-03-16,5002,2017-02-01,1828,13053,009,3,5,6,5002,0,0,0,,0,063,"DALE RD","SNYDER AV",0.00,,Y,A,-,N,,,,,,,,,,Y,4,0,1,2,A,-,09,21801,A,N,A,C,A,A,H,-,C,A,0,,,,,Y,,D,,0,0,1,0,0,0,0,0,0,"- ","- ",,,STANISLAUS,MODESTO,-121.04998000000001,37.696659940000004
8307995,2017,2017-03-24,5002,2017-03-09,1840,11789,208,4,5,6,5002,0,0,0,,0,082,"WEST ORANGEBURG AV","TULLY RD",0.00,,Y,A,-,N,,,,,,,,,,Y,4,0,4,2,A,-,12,21453,A,N,D,C,A,A,H,-,B,A,0,,,,,Y,,I,,0,0,4,0,0,0,0,0,0,"- ","- ",,,STANISLAUS,MODESTO,-121.01219988,37.664049990000002
8313452,2017,2017-03-02,5002,2017-02-17,1455,13006,,5,5,6,5002,0,0,0,,0,043,"EL VISTA AV","HADDON AV",0.00,,Y,B,C,N,,,,,,,,,,Y,3,0,2,2,A,-,09,21801,A,N,D,C,A,B,H,-,A,A,0,,,,,Y,,A,,0,1,1,0,0,0,0,0,0,"- ","- ",,,STANISLAUS,MODESTO,-120.95719994,37.641699969999998
8313479,2017,2017-03-02,5002,2017-02-06,1810,11717,879,1,5,6,5002,0,0,0,,0,082,"TULLY RD","WEST RUMBLE RD",0.00,,Y,C,-,N,,,,,,,,,,N,4,0,1,2,A,-,10,21950,A,N,G,B,B,B,H,-,C,A,0,Y,,,,Y,,A,,0,0,1,0,1,0,0,0,0,"- ","- ",,,STANISLAUS,MODESTO,-121.01238986,37.68206996
8313484,2017,2018-02-16,5002,2017-02-03,1840,11622,254,5,5,6,5002,0,0,0,,0,082,"RT 108","GRANGER AV",0.00,N,N,A,-,Y,STA,10,108,-,-,24.590,H,-,W,N,4,0,1,2,A,-,08,22107,,N,B,C,A,A,H,-,C,D,0,,,,,Y,Y,A,,0,0,1,0,0,0,0,0,0,"- ","- ",,,STANISLAUS,MODESTO,-120.99398941,37.667371789999997
8313496,2017,2017-03-02,5002,2017-02-17,1230,13039,M017,5,5,6,5002,0,0,0,,0,062,"STANDIFORD AV","PRESCOTT RD",300.00,W,N,B,C,N,,,,,,,,,,N,4,0,1,2,B,-,22,,,F,-,C,A,B,H,-,A,D,0,,,,,Y,,A,,0,0,1,0,0,0,0,0,0,"- ","- ",,,STANISLAUS,MODESTO,-121.0325909,37.689709999999998
8313503,2017,2017-03-14,5002,2017-01-23,1203,13036,M028,1,5,6,5002,0,0,0,,0,183,"WOODROW RD","TULLY AV",0.00,,Y,A,-,N,,,,,,,,,,Y,4,0,1,1,A,-,08,22107,,N,E,I,A,A,H,-,A,A,0,,,,,Y,,A,,0,0,1,0,0,0,0,0,0,"- ","- ",,,STANISLAUS,MODESTO,-121.01243988,37.685759949999998
8313511,2017,2018-03-16,5002,2017-02-14,1240,13084,M460,2,5,6,5002,0,0,0,,0,042,"RT 132","SEVERIN AV",30.00,W,N,A,-,Y,STA,10,132,-,-,16.450,H,-,E,Y,3,0,2,2,A,-,09,21804,A,N,D,C,A,A,H,-,A,D,0,,,,,Y,,A,,0,1,1,0,0,0,0,0,0,"- ","- ",,,STANISLAUS,MODESTO,-120.96969543,37.63819556
8313569,2017,2017-03-02,5002,2017-02-12,1915,13109,M134,7,5,6,5002,0,0,0,,0,073,"COFFEE RD","MABLE AV",0.00,,Y,A,-,N,,,,,,,,,,Y,4,0,2,2,A,-,09,21801,A,N,A,C,A,A,H,-,C,A,0,,,,,Y,,A,,0,0,2,0,0,0,0,0,0,"- ","- ",,,STANISLAUS,MODESTO,-120.97619992,37.696099949999997
8318361,2017,2017-03-20,5007,2017-02-10,1120,5770,,5,5,5,5007,0,0,0,,0,001,"EAST HAWKEYE AV","NORTH OLIVE AV",16.00,W,N,B,-,N,,,,,,,,,,Y,4,0,1,2,A,-,09,21801,A,N,D,C,A,B,H,-,A,A,0,,,,,Y,,A,01,0,0,1,0,0,0,0,0,0,"- ","- ",,,STANISLAUS,TURLOCK,-120.83990515000001,37.507290480000002
8320635,2017,2017-03-20,5002,2017-03-06,0755,11751,M516,1,5,6,5002,0,0,0,,0,031,"CROWS LANDING RD","CRATER AV",0.00,,N,A,-,N,,,,,,,,,,Y,4,0,1,2,A,-,09,21802,A,N,D,C,A,A,H,-,-,A,0,,,,,Y,,D,,0,0,1,0,0,0,0,0,0,"- ","- ",,,STANISLAUS,MODESTO,-120.99368991999999,37.611239959999999
8320639,2017,2017-03-14,5002,2017-02-22,0808,13084,M220,3,5,6,5002,0,0,0,,0,081,"WEST ROSEBURG AV","ENSLEN AV",0.00,,Y,A,-,N,,,,,,,,,,Y,4,0,2,2,A,-,09,21800,A,N,D,C,A,A,H,-,A,A,0,,,,,Y,,D,,0,0,2,0,0,0,0,0,0,"- ","- ",,,STANISLAUS,MODESTO,-121.00074993,37.660179880000001
8320758,2017,2017-03-13,5002,2017-02-02,1731,11679,M409,4,5,6,5002,0,0,0,,0,041,"9TH ST","B ST",300.00,N,N,A,-,N,,,,,,,,,,Y,4,0,1,3,A,-,03,22350,A,N,C,C,A,A,H,-,B,A,0,,,,,Y,,-,,0,0,1,0,0,0,0,0,0,"- ","- ",,,STANISLAUS,MODESTO,-120.99276153,37.632695239999997
8320766,2017,2018-02-16,5002,2017-02-18,2344,13018,257,6,5,6,5002,0,0,0,,0,081,"SR 108","GRISWOLD AV",50.00,N,N,A,-,Y,STA,10,108,-,-,26.780,H,-,E,Y,4,0,2,2,A,-,01,23152,A,N,C,C,A,A,H,-,C,D,0,,,,,Y,Y,A,,0,0,2,0,0,0,0,0,0,"- ","- ",,,STANISLAUS,MODESTO,-120.99462808,37.699392950000004
8321014,2017,2017-03-16,5007,2017-02-25,1319,5743,5007,6,5,5,5007,0,0,0,,0,001,"GEER RD","HOYES DR",29.00,S,N,A,-,N,,,,,,,,,,Y,4,0,3,2,A,-,03,22350,,N,C,C,A,A,H,-,A,A,0,,,,,Y,,A,01,0,0,3,0,0,0,0,0,0,"- ","- ",,,STANISLAUS,TURLOCK,-120.84882858,37.521030369999998
8325387,2017,2018-02-16,5002,2017-03-06,1247,11751,M106,1,5,6,5002,0,0,0,,0,082,"RT 108","FLOYD AV",85.00,S,N,A,-,Y,STA,10,108,-,-,25.300,H,-,E,Y,4,0,2,3,A,-,03,22350,,N,C,C,A,A,H,-,A,A,0,,,,,Y,,D,,0,0,2,0,0,0,0,0,0,"- ","- ",,,STANISLAUS,MODESTO,-120.99423106,37.677723520000001
8325444,2017,2017-03-21,5002,2017-03-08,0821,13015,924,3,5,6,5002,0,0,0,,0,MP52,"SIERRA DR","MADERA AV",0.00,,Y,A,-,N,,,,,,,,,,Y,4,0,1,2,A,-,12,22450,,M,D,C,A,A,H,-,A,A,0,,,,,Y,,E,,0,0,1,0,0,0,0,0,0,"- ","- ",,,STANISLAUS,MODESTO,-121.00009987999999,37.631039999999999
8325448,2017,2017-03-21,5002,2017-02-25,1447,11750,180,6,5,6,5002,0,0,0,,0,061,"CARPENTER OVERPASS","SISK RD",80.00,S,N,A,-,N,,,,,,,,,,Y,4,0,1,2,A,-,01,23152,,N,B,C,A,A,H,-,A,A,0,,,,,Y,Y,A,,0,0,1,0,0,0,0,0,0,"- ","- ",,,STANISLAUS,MODESTO,-121.03137002,37.667570439999999
8325468,2017,2017-03-21,5002,2017-03-10,0721,11825,M398,5,5,6,5002,0,0,0,,0,MP41,"BURNEY ST","LA LOMA",88.00,S,N,A,-,N,,,,,,,,,,N,4,0,1,2,A,-,03,22350,,N,C,C,A,A,H,-,A,A,0,,,,,Y,,D,,0,0,1,0,0,0,0,0,0,"- ","- ",,,STANISLAUS,MODESTO,-120.9889,37.644368329999999
8325520,2017,2017-03-21,5002,2017-03-14,1328,13084,M477,2,5,6,5002,0,0,0,,0,042,"FINCH RD","MITCHELL RD",220.00,E,N,A,-,N,,,,,,,,,,Y,4,0,1,2,A,-,07,21658,A,N,B,C,A,A,H,-,A,D,0,,,,,Y,,A,,0,0,1,0,0,0,0,0,0,"- ","- ",,,STANISLAUS,MODESTO,-120.94338839,37.623682670000001
8325853,2017,2017-03-22,5002,2017-03-05,2212,11855,156,7,5,6,5002,0,0,0,,0,072,"OAKDALE RD","MANOR OAK DR",300.00,N,N,A,-,N,,,,,,,,,,N,4,0,2,2,A,-,08,22107,,N,D,C,A,A,H,-,C,D,0,,,,,Y,,A,,0,0,2,0,0,0,0,0,0,"- ","- ",,,STANISLAUS,MODESTO,-120.95774422,37.675303630000002
8325861,2017,2017-12-26,5002,2017-03-03,2019,11793,,5,5,6,5002,0,0,0,,0,043,"CLAUS RD","RT 132",300.00,N,N,A,-,N,,,,,,,,,,Y,4,0,1,1,A,-,08,22107,A,N,E,I,A,A,H,-,D,D,0,,,,,Y,,A,,0,0,1,0,0,0,0,0,0,"- ","- ",,,STANISLAUS,MODESTO,-120.923207,37.639057999999999
8325865,2017,2017-03-22,5002,2017-03-03,1830,10384,898,5,5,6,5002,0,0,0,,0,073,"SYLVAN AV","PALMWOOD DR",0.00,,Y,A,-,N,,,,,,,,,,Y,3,0,3,2,A,-,01,23152,A,N,D,C,A,A,H,-,C,A,0,,,,,Y,Y,A,,0,1,2,0,0,0,0,0,0,"- ","- ",,,STANISLAUS,MODESTO,-120.96475993999999,37.688979930000002
8325877,2017,2017-03-22,5002,2017-03-02,1416,11758,568,4,5,6,5002,0,0,0,,0,063,"TULLY RD","STANDIFORD AV",347.00,N,N,A,-,N,,,,,,,,,,Y,3,0,1,2,A,-,09,21804,A,N,D,C,A,A,H,-,A,D,0,,,,,Y,,A,,0,1,0,0,0,0,0,0,0,"- ","- ",,,STANISLAUS,MODESTO,-121.01252893,37.690282830000001
83280695,2024,2024-08-02,5001,2024-07-23,2306,939,,2,5,4,5001,0,0,0,,0,004,"ARISTOCRAT DR","MORGAN RD",207.00,W,N,A,-,N,,,,,,,,,,Y,3,0,1,1,A,-,01,23152,A,N,E,I,A,A,H,-,C,A,0,,,,,Y,Y,A,07,0,1,0,0,0,0,0,0,0,"- ","- ",,,STANISLAUS,CERES,-120.97541046142578,37.590278625488281
83280868,2024,2024-08-02,5002,2024-06-24,1446,13303,,1,5,6,5002,0,0,0,,0,061,"CARPENTER RD","HWY 99 (ON RAMP) (S)",3.00,S,N,A,-,N,,,,,,,,,,Y,4,0,2,2,A,-,12,21453,A,N,D,C,A,A,H,-,A,A,0,,,,,Y,,-,"- ",0,0,2,0,0,0,0,0,0,"- ","- ",37.665378570556641,-121.03132629394531,STANISLAUS,MODESTO,-121.03054809570312,37.631393432617188
83280877,2024,2024-08-02,5002,2024-07-01,"932 ",13444,,1,5,6,5002,0,0,0,,0,083,"DRAGOO PARK DR","SYLVAN MEADOWS DR",0.00,,Y,A,-,N,,,,,,,,,,Y,4,0,2,2,A,-,09,21801,A,N,A,C,A,A,H,-,A,D,0,,,,,Y,,A,07,0,0,2,0,0,0,0,0,0,"- ","- ",37.691799163818359,-120.98491668701172,STANISLAUS,MODESTO,-120.98477172851562,37.691936492919922
8331164,2017,2017-04-06,5007,2017-03-10,1039,5610,,5,5,5,5007,0,0,0,,0,002,"CRANE AV","SOUTH CENTER ST",0.00,,Y,A,-,N,,,,,,,,,,N,4,0,1,2,A,-,12,22450,A,N,-,C,A,A,H,-,A,A,0,,,,,Y,,A,01,0,0,1,0,0,0,0,0,0,"- ","- ",,,STANISLAUS,TURLOCK,-120.84422996000001,37.494499949999998
8331250,2016,2017-04-06,5005,2016-10-23,0300,GONZALEZ,,7,5,3,5005,0,0,0,,0,3Q7,"SOUTH 1ST ST","SPERRY AV",0.00,,Y,A,-,N,,,,,,,,,,Y,3,0,1,1,A,-,08,22107,,N,H,I,A,A,H,-,D,D,0,,,,,Y,,-,,0,1,0,0,0,0,0,0,0,"- ","- ",,,STANISLAUS,PATTERSON,-121.12162988,37.464629940000002
8331709,2017,2017-04-11,5002,2017-03-30,1422,11084,M012,4,5,6,5002,0,0,0,,0,063,"VENEMAN AV","HAHN DR",0.00,,Y,A,-,N,,,,,,,,,,Y,4,0,3,3,A,-,08,22107,,N,D,C,A,-,H,-,A,A,0,,,,,Y,,-,,0,0,3,0,0,0,0,0,0,"- ","- ",,,STANISLAUS,MODESTO,-121.0454099,37.689439899999996
8331737,2017,2017-04-10,5002,2017-03-16,1325,10545,734,4,5,6,5002,0,0,0,,0,041,"B ST","BEARD ST",40.00,W,N,A,-,N,,,,,,,,,,Y,4,0,2,3,A,-,09,21801,A,F,A,C,A,A,H,-,A,D,0,,,,,Y,,-,,0,0,2,0,0,0,0,0,0,"- ","- ",,,STANISLAUS,MODESTO,-120.99334149000001,37.631145490000002
8331745,2017,2017-04-10,5002,2017-03-31,0753,10437,33,5,5,6,5002,0,0,0,,0,420,"I ST","5TH ST",9.00,E,N,A,-,N,,,,,,,,,,N,4,0,1,2,A,-,10,21950,A,N,G,B,-,A,H,-,A,A,0,Y,,,,Y,,-,,0,0,1,0,1,0,0,0,0,"- ","- ",,,STANISLAUS,MODESTO,-121.0038576,37.635987129999997
8332155,2017,2017-03-28,5006,2017-02-22,1028,50166,,3,5,3,5006,0,0,0,,0,001,"1ST ST","SIERRA ST",0.00,,Y,A,-,N,,,,,,,,,,Y,4,0,1,2,A,-,09,21801,A,N,D,C,A,A,H,-,A,D,0,,,,,Y,Y,A,01,0,0,1,0,0,0,0,0,0,"- ","- ",,,STANISLAUS,RIVERBANK,-120.93866989,37.734079899999998
8333312,2016,2017-06-29,5003,2016-10-13,0745,,,4,5,2,5003,0,0,0,,0,,"RT 33","SHERMAN PKWY",0.00,,Y,B,-,Y,STA,10,33,-,-,1.640,I,5,N,N,4,0,2,2,A,-,09,21802,A,N,D,C,A,A,H,-,A,A,0,,,,,Y,,A,08,0,0,2,0,0,0,0,0,0,"- ","- ",37.326860000000003,-121.02493,STANISLAUS,NEWMAN,-121.02513749000001,37.327099869999998
8335128,2017,2017-07-17,5002,2017-03-12,2231,827,B207,7,5,6,5002,0,0,0,,0,003,"EAST HATCH RD","BOOTHE RD",0.00,,N,A,-,N,,,,,,,,,,Y,3,0,4,2,A,-,12,21453,A,N,D,C,A,A,H,-,C,A,0,,,,,Y,,A,01,0,1,3,0,0,0,0,0,0,"- ","- ",37.609349999999999,-120.93141,STANISLAUS,MODESTO,-120.93141996,37.609289969999999
8337536,2017,2017-04-10,5007,2017-03-20,1557,5697,,1,5,5,5007,0,0,0,,0,003,"WEST MAIN ST","WEST AV SOUTH",0.00,,Y,B,-,N,,,,,,,,,,Y,4,0,1,2,A,-,09,21802,A,N,D,C,A,A,H,-,A,A,0,,,,,Y,,D,22,0,0,1,0,0,0,0,0,0,"- ","- ",,,STANISLAUS,TURLOCK,-120.85805995,37.49273994
8338420,2017,2017-04-06,5002,2017-03-17,1559,13064,M078,5,5,6,5002,0,0,0,,0,062,"MOUNT VERNON DR","GULFSTREAM DR",0.00,,Y,A,-,N,,,,,,,,,,Y,4,0,3,2,A,-,05,21650,,N,A,C,A,A,H,-,A,D,0,,,,,Y,,A,,0,0,3,0,0,0,0,0,0,"- ","- ",,,STANISLAUS,MODESTO,-121.02890997999999,37.673949950000001
8338432,2017,2017-04-07,5002,2017-03-24,0904,13039,M013,5,5,6,5002,0,0,0,,0,063,"STANDIFORD AV","PRESCOTT RD",0.00,,Y,B,C,N,,,,,,,,,,Y,4,0,1,2,A,-,03,22350,,N,C,C,A,B,H,-,A,A,0,,,,,Y,,A,,0,0,1,0,0,0,0,0,0,"- ","- ",,,STANISLAUS,MODESTO,-121.03155988,37.689689899999998
8338456,2017,2017-06-08,5002,2017-03-13,1601,11795,M012,1,5,6,5002,0,0,0,,0,063,"DALE RD","BRADEN RD",80.00,N,N,A,-,N,,,,,,,,,,Y,4,0,1,4,A,-,03,22350,,N,C,C,A,A,H,-,A,A,0,,,,,Y,,A,,0,0,1,0,0,0,0,0,0,"- ","- ",,,STANISLAUS,MODESTO,-121.04986,37.688389700000002
8338472,2017,2017-04-06,5002,2017-03-15,1538,11773,M146,3,5,6,5002,0,0,0,,0,072,"EAST BRIGGSMORE AV","COFFEE RD",0.00,,Y,A,-,N,,,,,,,,,,Y,4,0,1,2,A,-,09,21453,C,N,A,C,A,A,H,-,A,A,0,,,,,Y,,A,,0,0,1,0,0,0,0,0,0,"- ","- ",,,STANISLAUS,MODESTO,-120.97570991000001,37.667149999999999
8338476,2017,2017-04-10,5002,2017-03-16,0938,10791,,4,5,6,5002,0,0,0,,0,0C1,KANSAS,GRAPHICS,40.00,W,N,A,-,N,,,,,,,,,,Y,4,0,1,2,A,-,03,22350,,N,C,C,A,A,H,-,A,D,0,,,,,Y,,A,,0,0,1,0,0,0,0,0,0,"- ","- ",,,STANISLAUS,MODESTO,-121.01589815,37.645969999999998
8338521,2017,2017-04-07,5002,2017-03-16,0946,11136,M246,4,5,6,5002,0,0,0,,0,081,"NORTH 9TH ST","TULLY RD",0.00,,Y,B,-,N,,,,,,,,,,Y,3,0,3,2,A,-,12,21453,A,N,D,C,A,A,H,-,A,A,0,,,,,Y,,A,,0,2,1,0,0,0,0,0,0,"- ","- ",,,STANISLAUS,MODESTO,-121.01203999000001,37.648169920000001
8338569,2017,2017-04-07,5002,2017-03-21,1449,11022,,2,5,6,5002,0,0,0,,0,041,"J ST","12TH ST",0.00,,Y,B,-,N,,,,,,,,,,Y,4,0,1,2,A,-,03,22350,,N,C,C,A,A,H,-,A,A,0,,,,,Y,,D,,0,0,1,0,0,0,0,0,0,"- ","- ",,,STANISLAUS,MODESTO,-120.99843986,37.641889929999998
8339257,2017,2018-02-16,5006,2017-03-11,0906,502158,,6,5,3,5006,0,0,0,,0,,"RT 108","2ND ST",0.00,,Y,A,-,Y,STA,10,108,-,-,32.550,H,-,W,Y,4,0,1,4,A,-,03,22350,,N,C,C,A,A,H,-,A,A,0,,,,,Y,,-,,0,0,1,0,0,0,0,0,0,"- ","- ",,,STANISLAUS,RIVERBANK,-120.93731889,37.737968330000001
8340865,2017,2017-04-15,5007,2017-03-30,0114,5747,5007,4,5,5,5007,0,0,0,,0,003,"N WASHINGTON RD","FULKERTH RD",1312.00,S,N,A,-,N,,,,,,,,,,Y,4,0,1,2,A,-,07,21658,A,N,E,E,A,A,H,-,C,D,0,,,,,Y,,D,22,0,0,1,0,0,0,0,0,0,"- ","- ",,,STANISLAUS,TURLOCK,-120.90358000000001,37.503577
8342499,2017,2018-02-16,5002,2017-03-30,0656,13066,609,4,5,6,5002,0,0,0,,0,043,"YOSEMITE BL","CREEKWOOD AV",0.00,,Y,A,-,Y,STA,10,132,-,-,18.828,I,5,W,Y,4,0,2,2,A,-,12,21453,A,N,A,C,A,A,H,-,A,A,0,,,,,Y,,A,,0,0,2,0,0,0,0,0,0,"- ","- ",,,STANISLAUS,MODESTO,-120.92646728,37.638257539999998