CASE_ID,ACCIDENT_YEAR,PROC_DATE,JURIS,COLLISION_DATE,COLLISION_TIME,OFFICER_ID,REPORTING_DISTRICT,DAY_OF_WEEK,CHP_SHIFT,POPULATION,CNTY_CITY_LOC,SPECIAL_COND,BEAT_TYPE,CHP_BEAT_TYPE,CITY_DIVISION_LAPD,CHP_BEAT_CLASS,BEAT_NUMBER,PRIMARY_RD,SECONDARY_RD,DISTANCE,DIRECTION,INTERSECTION,WEATHER_1,WEATHER_2,STATE_HWY_IND,CALTRANS_COUNTY,CALTRANS_DISTRICT,STATE_ROUTE,ROUTE_SUFFIX,POSTMILE_PREFIX,POSTMILE,LOCATION_TYPE,RAMP_INTERSECTION,SIDE_OF_HWY,TOW_AWAY,COLLISION_SEVERITY,NUMBER_KILLED,NUMBER_INJURED,PARTY_COUNT,PRIMARY_COLL_FACTOR,PCF_CODE_OF_VIOL,PCF_VIOL_CATEGORY,PCF_VIOLATION,PCF_VIOL_SUBSECTION,HIT_AND_RUN,TYPE_OF_COLLISION,MVIW,PED_ACTION,ROAD_SURFACE,ROAD_COND_1,ROAD_COND_2,LIGHTING,CONTROL_DEVICE,CHP_ROAD_TYPE,PEDESTRIAN_ACCIDENT,BICYCLE_ACCIDENT,MOTORCYCLE_ACCIDENT,TRUCK_ACCIDENT,NOT_PRIVATE_PROPERTY,ALCOHOL_INVOLVED,STWD_VEHTYPE_AT_FAULT,CHP_VEHTYPE_AT_FAULT,COUNT_SEVERE_INJ,COUNT_VISIBLE_INJ,COUNT_COMPLAINT_PAIN,COUNT_PED_KILLED,COUNT_PED_INJURED,COUNT_BICYCLIST_KILLED,COUNT_BICYCLIST_INJURED,COUNT_MC_KILLED,COUNT_MC_INJURED,PRIMARY_RAMP,SECONDARY_RAMP,LATITUDE,LONGITUDE,COUNTY,CITY,POINT_X,POINT_Y
8342503,2017,2018-02-16,5002,2017-03-30,0800,11022,,4,5,6,5002,0,0,0,,0,042,"RT 132","CAMELIA WY",0.00,,Y,B,-,Y,STA,10,132,-,-,16.400,I,5,W,N,4,0,1,2,A,-,06,21755,A,N,D,C,A,A,H,-,A,D,0,,,Y,,Y,,C,,0,0,1,0,0,0,0,0,1,"- ","- ",,,STANISLAUS,MODESTO,-120.97059628,37.638195160000002
8342519,2017,2018-04-10,5002,2017-04-01,2035,13036,M100,6,5,6,5002,0,0,0,,0,083,"RT 108","RUMBLE RD",527.00,N,N,A,-,Y,STA,10,108,-,-,25.660,H,-,W,N,2,0,1,2,A,-,08,22107,,N,D,G,A,A,H,-,C,D,0,,Y,,,Y,,L,,1,0,0,0,0,0,1,0,0,"- ","- ",,,STANISLAUS,MODESTO,-120.99421399000001,37.68302413
8342613,2017,2017-04-11,5002,2017-04-02,2155,11248,M458,7,5,6,5002,0,0,0,,0,042,"MILLER AV","PARRY AV",20.00,W,N,A,-,N,,,,,,,,,,Y,3,0,1,2,A,-,03,22350,,N,C,E,A,A,H,-,C,A,0,,,,,Y,,-,,0,1,0,0,0,0,0,0,0,"- ","- ",,,STANISLAUS,MODESTO,-120.95958906,37.64005074
8342615,2017,2017-04-11,5002,2017-04-01,1838,11857,408,6,5,6,5002,0,0,0,,0,041,"SOUTH MORTON BL","12TH ST",95.00,E,N,A,-,N,,,,,,,,,,Y,2,0,1,1,A,-,03,22350,,M,E,I,A,A,H,-,A,D,0,,,,,Y,,-,,1,0,0,0,0,0,0,0,0,"- ","- ",,,STANISLAUS,MODESTO,-120.98779,37.633710000000001
8343551,2017,2017-04-11,5007,2017-03-03,1749,5770,,5,5,5,5007,0,0,0,,0,001,"FULKERTH RD",SODERQUIST,12.00,W,N,A,-,N,,,,,,,,,,N,2,0,1,2,A,-,09,21801,A,N,D,G,A,A,H,-,A,A,0,,Y,,,Y,,L,04,1,0,0,0,0,0,1,0,0,"- ","- ",,,STANISLAUS,TURLOCK,-120.86242137000001,37.507300000000001
8343987,2017,2017-04-17,5002,2017-02-21,1331,11854,510,2,5,6,5002,0,0,0,,0,041,"TUOLUMNE BL","7TH ST",0.00,,Y,B,-,N,,,,,,,,,,N,4,0,1,2,A,-,11,21456,B,N,G,B,B,B,H,-,A,A,0,Y,,,,Y,,N,,0,0,1,0,1,0,0,0,0,"- ","- ",,,STANISLAUS,MODESTO,-120.99465992,37.630149899999999
8345037,2017,2017-04-21,5002,2017-04-07,1048,11751,M146,5,5,6,5002,0,0,0,,0,072,"COFFEE RD","EAST BRIGGSMORE AV",223.00,N,N,C,-,N,,,,,,,,,,Y,4,0,1,1,A,-,08,22107,,N,E,I,A,B,H,-,A,A,0,,,,,Y,,A,,0,0,1,0,0,0,0,0,0,"- ","- ",,,STANISLAUS,MODESTO,-120.9757,37.66776222
8345070,2017,2017-04-25,5002,2017-04-13,1613,11825,,4,5,6,5002,0,0,0,,0,071,"SCENIC DR","OAKDALE RD",194.00,E,N,A,-,N,,,,,,,,,,N,4,0,2,2,A,-,09,21804,A,N,D,C,A,A,H,-,A,D,0,,,,,Y,,A,,0,0,2,0,0,0,0,0,0,"- ","- ",,,STANISLAUS,MODESTO,-120.95673011,37.653161959999998
8345074,2017,2017-04-21,5002,2017-04-13,1835,11790,M078,4,5,6,5002,0,0,0,,0,062,"MOUNT VERNON DR","PRESCOTT RD",0.00,,Y,A,-,N,,,,,,,,,,N,4,0,1,2,A,-,03,22350,,N,C,C,A,A,H,-,A,A,0,,,Y,,Y,,A,,0,0,1,0,0,0,0,0,1,"- ","- ",,,STANISLAUS,MODESTO,-121.0313099,37.673599899999999
8345110,2017,2017-04-21,5002,2017-04-03,1306,13043,320,1,5,6,5002,0,0,0,,0,043,"NORTH RIVERSIDE DR","MILLER AV",0.00,,Y,A,-,N,,,,,,,,,,Y,3,0,4,2,A,-,09,21802,A,N,D,C,A,A,H,-,A,A,0,,,,,Y,,A,,0,1,3,0,0,0,0,0,0,"- ","- ",,,STANISLAUS,MODESTO,-120.94806998999999,37.640039960000003
8346508,2017,2017-04-19,5007,2017-03-04,1854,5765,5007,6,5,5,5007,0,0,0,,0,003,"WEST MAIN ST","GRANT AV",0.00,,Y,A,-,N,,,,,,,,,,N,4,0,1,2,A,-,03,22350,,F,C,C,A,A,H,-,-,D,0,,,,,Y,,A,08,0,0,1,0,0,0,0,0,0,"- ","- ",,,STANISLAUS,TURLOCK,-120.85545990999999,37.492739890000003
8346524,2017,2017-04-19,5007,2017-03-16,0834,5742,5007,4,5,5,5007,0,0,0,,0,005,"GEER RD","TWENTIETH CENTURY BL",192.00,S,N,A,-,N,,,,,,,,,,N,4,0,1,2,A,-,07,21658,A,F,C,C,A,A,H,-,A,D,0,,,,,Y,,A,07,0,0,1,0,0,0,0,0,0,"- ","- ",,,STANISLAUS,TURLOCK,-120.84896693,37.505452750000003
8346536,2017,2017-04-14,5007,2017-03-27,0758,5774,5007,1,5,5,5007,0,0,0,,0,005,"W HAWKEYE","GEER RD",233.00,W,N,A,-,N,,,,,,,,,,Y,4,0,2,2,A,-,09,21804,A,N,D,C,A,A,H,-,A,D,0,,,,,Y,,A,01,0,0,2,0,0,0,0,0,0,"- ","- ",,,STANISLAUS,TURLOCK,-120.84977315,37.507293920000002
8348971,2017,2018-04-10,5002,2017-04-06,0055,11812,,4,5,6,5002,0,0,0,,0,,"YOSEMITE BL","LA LOMA AV",0.00,,Y,A,-,Y,STA,10,132,-,-,16.323,I,5,E,N,3,0,1,2,A,-,11,21954,A,N,G,B,-,A,H,-,C,A,0,Y,,,,Y,,-,"- ",0,1,0,0,1,0,0,0,0,"- ","- ",,,STANISLAUS,MODESTO,-120.97198341000001,37.638199960000001
8349039,2017,2018-04-10,5002,2017-04-13,0712,11751,,4,5,6,5002,0,0,0,,0,083,"MCHENRY AV","MEILY WY",118.00,S,N,B,-,Y,STA,10,108,-,-,26.400,H,-,E,Y,4,0,1,2,A,-,03,22350,,N,C,C,A,B,H,-,A,D,0,,,,,Y,,-,"- ",0,0,1,0,0,0,0,0,0,"- ","- ",,,STANISLAUS,MODESTO,-120.99447988999999,37.69390619
8349072,2017,2018-03-20,5002,2017-04-07,1531,11478,M439,5,5,6,5002,0,0,0,,0,042,"EL VISTA","EDGEBROOK DR",0.00,,Y,A,-,N,,,,,,,,,,Y,4,0,2,3,A,-,09,21801,A,N,B,C,A,A,H,-,A,D,0,,,,,Y,,A,,0,0,2,0,0,0,0,0,0,"- ","- ",,,STANISLAUS,MODESTO,-120.95732989,37.650429920000001
8351755,2017,2018-02-16,5004,2017-03-27,1225,131,RD35,1,5,3,5004,0,0,0,,0,00W,"RT 108","N BRYAN AV",0.00,,Y,A,-,Y,STA,10,108,-,-,37.640,I,5,W,N,4,0,1,2,A,-,10,21950,A,N,G,B,B,A,H,-,A,A,0,Y,,,,Y,Y,A,01,0,0,1,0,1,0,0,0,0,"- ","- ",37.761789999999998,-120.85417,STANISLAUS,OAKDALE,-120.85672816,37.76253062
8351759,2017,2018-02-16,5004,2017-02-16,1724,187,RD11,4,5,3,5004,0,0,0,,0,00W,"RT 108","N BRYAN AVE",0.00,,Y,B,-,Y,STA,10,108,-,-,37.640,I,6,W,N,4,0,1,3,A,-,10,21950,A,N,G,B,B,A,H,-,B,A,0,Y,,,,Y,,A,01,0,0,1,0,1,0,0,0,0,"- ","- ",37.762419999999999,-120.8563,STANISLAUS,OAKDALE,-120.85672816,37.76253062
8356284,2017,2017-06-05,5002,2017-04-28,1412,13077,151,5,5,6,5002,0,0,0,,0,073,"ESTA AV","MILLBROOK AV",0.00,,Y,A,-,N,,,,,,,,,,Y,4,0,1,1,A,-,08,22107,,N,E,I,A,A,H,-,A,D,0,,,,,Y,,A,,0,0,1,0,0,0,0,0,0,"- ","- ",,,STANISLAUS,MODESTO,-120.93474995,37.68740992
8356316,2017,2017-05-18,5002,2017-05-04,1457,10899,807,4,5,6,5002,0,0,0,,0,073,"SYLVAN AV","ROSELLE AV",70.00,E,N,A,-,N,,,,,,,,,,N,4,0,1,2,A,-,04,21703,,N,D,G,A,A,A,-,A,A,0,,Y,,,Y,,A,,0,0,1,0,0,0,1,0,0,"- ","- ",,,STANISLAUS,MODESTO,,
8356320,2017,2017-05-18,5002,2017-05-04,1407,13066,M395,4,5,6,5002,0,0,0,,0,041,"17TH ST","I ST",0.00,,Y,A,-,N,,,,,,,,,,N,3,0,1,2,A,-,12,21453,A,N,D,G,A,A,H,-,A,A,0,,Y,,,Y,,L,,0,1,0,0,0,0,1,0,0,"- ","- ",,,STANISLAUS,MODESTO,-120.99251987,37.644599890000002
8356323,2017,2017-05-18,5002,2017-05-06,2350,11110,146,6,5,6,5002,0,0,0,,0,072,"BRIGGSMORE AV","COFFEE RD",935.00,W,N,C,-,N,,,,,,,,,,Y,3,0,1,1,A,-,08,22107,,N,E,I,A,B,H,-,C,D,0,,,,,Y,,A,,0,1,0,0,0,0,0,0,0,"- ","- ",,,STANISLAUS,MODESTO,-120.97891978,37.666963709999997
8356343,2017,2017-05-18,5002,2017-05-08,1333,11531,M479,1,5,6,5002,0,0,0,,0,033,"PARADISE RD","ELLEN AV",0.00,,Y,A,-,N,,,,,,,,,,N,4,0,1,3,A,-,10,21950,A,N,G,B,B,A,H,-,A,D,0,Y,,,,Y,,A,,0,0,1,0,1,0,0,0,0,"- ","- ",,,STANISLAUS,MODESTO,-121.01487997,37.625759960000003
8356359,2017,2017-05-18,5002,2017-05-07,1354,11566,248,7,5,6,5002,0,0,0,,0,081,"VIRGINIA AV","ALICE ST",0.00,,Y,B,-,N,,,,,,,,,,N,2,0,1,2,A,-,09,21801,A,N,D,G,A,A,H,-,A,D,0,,Y,,,Y,Y,L,,1,0,0,0,0,0,1,0,0,"- ","- ",,,STANISLAUS,MODESTO,-121.00280988,37.647259980000001
8358779,2017,2018-04-10,5002,2017-04-25,0442,11742,M255,2,5,6,5002,0,0,0,,0,082,"RT 108","WEST ORANGEBURG AV",0.00,,Y,A,-,Y,STA,10,108,-,-,24.320,I,5,W,N,4,0,1,2,A,-,12,21453,A,N,D,C,A,A,H,-,C,A,0,,,,,Y,,-,"- ",0,0,1,0,0,0,0,0,0,"- ","- ",,,STANISLAUS,MODESTO,-120.99393155999999,37.663521889999998
8359042,2017,2017-05-08,5002,2017-04-25,0718,13084,M028,2,5,6,5002,0,0,0,,0,083,"TULLY RD",WOODROW,0.00,,Y,A,-,N,,,,,,,,,,N,4,0,1,2,A,-,08,22100,A,N,B,C,A,A,H,-,A,A,0,,,,,Y,,D,,0,0,1,0,0,0,0,0,0,"- ","- ",,,STANISLAUS,MODESTO,-121.01243988,37.685759949999998
8359061,2017,2017-05-09,5002,2017-04-17,0058,11530,STANI,1,5,6,5002,0,0,0,,0,033,"CARPENTER RD","CHICAGO AV",0.00,,Y,C,-,N,,,,,,,,,,Y,3,0,1,2,A,-,12,22450,,N,B,C,A,B,H,-,C,D,0,,,,,Y,,A,,0,1,0,0,0,0,0,0,0,"- ","- ",,,STANISLAUS,MODESTO,-121.03043986,37.62432999
8359077,2017,2017-05-09,5002,2017-04-07,1921,11797,M174,5,5,6,5002,0,0,0,,0,061,"KANSAS AV","ROSEMORE AV",600.00,E,N,B,-,N,,,,,,,,,,Y,4,0,1,2,A,-,05,21650,,N,B,C,A,A,H,-,A,D,0,,,,,Y,,A,,0,0,1,0,0,0,0,0,0,"- ","- ",,,STANISLAUS,MODESTO,-121.03797806999999,37.645940750000001
8359078,2017,2017-05-08,5002,2017-04-15,1746,11825,,6,5,6,5002,0,0,0,,0,033,"S MARTIN LUTHER KING DR","PARADISE AV",0.00,N,N,A,-,N,,,,,,,,,,N,4,0,2,2,A,-,03,22350,,N,C,C,A,A,H,-,A,A,0,,,,,Y,,A,,0,0,2,0,0,0,0,0,0,"- ","- ",,,STANISLAUS,MODESTO,-121.01184997,37.627819950000003
8359081,2017,2018-04-10,5002,2017-04-24,1205,11413,097,1,5,6,5002,0,0,0,,0,083,"STANIFORD AV","RT 108",0.00,,Y,B,-,Y,STA,10,108,-,-,26.060,I,5,W,Y,2,0,2,3,A,-,11,21461,5,N,G,B,B,A,H,-,A,A,0,Y,,,,Y,,N,,1,1,0,0,2,0,0,0,0,"- ","- ",,,STANISLAUS,MODESTO,-120.99429999,37.688912999999999
8359093,2017,2017-05-09,5002,2017-04-29,0824,11144,32,6,5,6,5002,0,0,0,,0,500,"ROUSE AV","ROSELAWN AV",0.00,,Y,A,-,N,,,,,,,,,,N,4,0,1,2,A,-,00,22452,A,N,D,C,A,A,H,-,A,A,0,,,,,Y,,A,,0,0,1,0,0,0,0,0,0,"- ","- ",,,STANISLAUS,MODESTO,-121.00493997,37.620569889999999
8359101,2017,2017-05-09,5002,2017-04-27,1452,10545,468,4,5,6,5002,0,0,0,,0,042,"MONTEREY AV","THRASHER AV",44.00,E,N,A,-,N,,,,,,,,,,N,2,0,1,2,A,-,21,22106,,N,G,B,E,A,H,-,A,D,0,Y,,,,Y,,A,,1,0,0,0,1,0,0,0,0,"- ","- ",,,STANISLAUS,MODESTO,-120.97015807,37.627290000000002
8359109,2017,2017-05-09,5002,2017-04-27,0405,11675,M188,4,5,6,5002,0,0,0,,0,061,"WEST ORANGEBURG AV","DEL VALE AV",154.00,W,N,A,-,N,,,,,,,,,,Y,3,0,1,3,E,-,24,,,N,C,E,A,A,H,-,C,D,0,,,,,Y,,-,"- ",0,1,0,0,0,0,0,0,0,"- ","- ",,,STANISLAUS,MODESTO,-121.01986177000001,37.664132889999998
8359908,2016,2017-05-05,5002,2016-03-14,1709,,,1,5,6,5002,0,0,0,,0,,"HATCH RD","EL DORADO AV",45.00,W,N,A,-,N,,,,,,,,,,Y,4,0,2,3,A,-,03,22350,,N,C,C,A,A,H,-,A,A,0,,,,,Y,,A,01,0,0,2,0,0,0,0,0,0,"- ","- ",37.608530000000002,-121.00337,STANISLAUS,MODESTO,-121.00356806000001,37.608662610000003
8359915,2016,2017-05-10,5006,2016-04-18,1900,,,1,5,3,5006,0,0,0,,0,,"CLAUS RD","CLARIBEL RD",50.00,N,N,A,-,N,,,,,,,,,,N,4,0,3,2,A,-,03,22350,,N,C,C,A,A,H,-,A,A,0,,,,,Y,,A,01,0,0,3,0,0,0,0,0,0,"- ","- ",37.711019999999998,-120.92192,STANISLAUS,RIVERBANK,-120.92187312,37.71101728
8361006,2017,2017-05-18,5001,2017-05-07,1543,811,B003,7,5,4,5001,0,0,0,,0,003,"MITCHELL RD","FOWLER RD",25.00,N,N,A,-,N,,,,,,,,,,N,4,0,1,2,D,-,00,,,N,D,C,A,A,H,-,A,A,0,,,,,Y,,-,"- ",0,0,1,0,0,0,0,0,0,"- ","- ",37.601999999999997,-120.93872,STANISLAUS,CERES,-120.93872,37.602078659999997
8361212,2017,2017-05-19,5004,2017-04-11,0000,239,RD50,2,5,3,5004,0,0,0,,0,00E,"SOUTH YOSEMITE AV","EAST J ST",200.00,S,N,A,-,N,,,,,,,,,,Y,4,0,1,2,A,-,04,21703,,N,C,C,A,A,H,-,A,D,0,,,,,Y,,A,01,0,0,1,0,0,0,0,0,0,"- ","- ",37.759810000000002,-120.84322,STANISLAUS,OAKDALE,-120.84358039,37.761506089999997
8361229,2017,2017-05-16,5001,2017-03-22,1533,821,C008,3,5,4,5001,0,0,0,,0,004,"MORGAN RD","WHITMORE AV",7.00,S,N,A,-,N,,,,,,,,,,N,4,0,1,2,A,-,09,21800,A,N,D,G,A,A,A,-,A,A,0,,Y,,,Y,,A,01,0,0,1,0,0,0,1,0,0,"- ","- ",37.594410000000003,-120.97523,STANISLAUS,CERES,-120.97526010999999,37.594810780000003
8362142,2016,2017-05-11,5006,2016-01-23,0041,,,6,5,3,5006,0,0,0,,0,,"8TH ST","PATTERSON RD",6.00,S,N,B,-,N,,,,,,,,,,Y,3,0,1,1,A,-,01,23152,A,N,E,I,A,B,H,-,C,A,0,,,,,Y,Y,A,01,0,1,0,0,0,0,0,0,0,"- ","- ",37.732570000000003,-120.92677999999999,STANISLAUS,RIVERBANK,-120.92685,37.732663520000003
8363326,2017,2017-05-15,5002,2017-03-24,1259,521,A301,5,5,6,5002,0,0,0,,0,001,"HATCH RD","WALLIN WY",0.00,,Y,C,-,N,,,,,,,,,,Y,4,0,2,2,A,-,09,21802,A,N,D,C,A,B,H,-,A,D,0,,,,,Y,,A,01,0,0,2,0,0,0,0,0,0,"- ","- ",37.609279999999998,-120.95304,STANISLAUS,MODESTO,-120.95305990999999,37.609269939999997
8366516,2017,2017-06-21,5002,2017-05-09,0753,11022,,2,5,6,5002,0,0,0,,0,081,"SCENIC DR","BODEM ST",1000.00,E,N,A,-,N,,,,,,,,,,Y,4,0,1,2,A,-,03,22350,,N,C,C,A,A,H,-,A,A,0,,,,,Y,,A,,0,0,1,0,0,0,0,0,0,"- ","- ",,,STANISLAUS,MODESTO,-120.98199859,37.64723
8368229,2017,2017-05-25,5007,2017-04-08,1130,5743,5007,6,5,5,5007,0,0,0,,0,001,"NORTH OLIVE AV","EAST HAWKEYE AV",0.00,,Y,C,-,N,,,,,,,,,,Y,3,0,3,2,A,-,12,21453,A,N,D,C,A,B,H,-,A,A,0,,,,,Y,,A,07,0,1,2,0,0,0,0,0,0,"- ","- ",,,STANISLAUS,TURLOCK,-120.83984999,37.507289970000002
8368570,2017,2017-05-22,5007,2017-04-17,1850,5608,,1,5,5,5007,0,0,0,,0,002,"SOUTH GOLDEN STATE BL","MARSHALL ST",0.00,,Y,C,-,N,,,,,,,,,,N,3,0,2,2,A,-,12,21453,A,N,D,C,A,B,H,-,A,A,0,,,,,Y,,A,01,0,2,0,0,0,0,0,0,0,"- ","- ",,,STANISLAUS,TURLOCK,-120.84422997999999,37.493089920000003
8368586,2017,2017-05-22,5007,2017-04-26,1349,5736,,3,5,5,5007,0,0,0,,0,004,"NORTH KILROY RD","YALONDA LN",0.00,,Y,A,-,N,,,,,,,,,,N,3,0,1,2,A,-,11,21954,A,N,G,B,D,A,H,-,A,D,0,Y,,,,Y,,N,60,0,1,0,0,1,0,0,0,0,"- ","- ",,,STANISLAUS,TURLOCK,-120.87607991,37.530579959999997
8368590,2017,2017-05-22,5007,2017-04-09,0142,5753,TPD,7,5,5,5007,0,0,0,,0,004,"NORTH GOLDEN STATE BL","TAYLOR RD",908.00,N,N,A,-,N,,,,,,,,,,N,3,0,1,2,A,-,08,22107,,N,C,G,A,A,H,-,D,D,0,,Y,,,Y,,L,04,0,1,0,0,0,0,1,0,0,"- ","- ",,,STANISLAUS,TURLOCK,-120.89173427,37.538870699999997
8372370,2017,2017-05-25,5007,2017-05-01,1520,5762,5007,1,5,5,5007,0,0,0,,0,001,"CHRISTOPHERSON PKWY","BERKELEY AV",0.00,,Y,A,-,N,,,,,,,,,,Y,4,0,1,2,A,-,09,21801,A,F,D,C,A,A,H,-,A,A,0,,,,,Y,,A,07,0,0,1,0,0,0,0,0,0,"- ","- ",,,STANISLAUS,TURLOCK,-120.8305699,37.529159929999999
8372662,2017,2017-05-30,5007,2017-05-20,2226,5755,,6,5,5,5007,0,0,0,,0,002,"LANDER AV","WEST F ST",0.00,,Y,A,-,N,,,,,,,,,,Y,3,0,3,2,A,-,01,23153,A,N,A,C,A,A,H,-,C,A,0,,,,,Y,Y,A,01,0,1,2,0,0,0,0,0,0,"- ","- ",,,STANISLAUS,TURLOCK,-120.84897995,37.482249930000002
8372690,2017,2017-06-15,5007,2017-05-13,1852,5766,STANI,6,5,5,5007,0,0,0,,0,003,"CHESTNUT ST","GRANT ST",100.00,W,N,A,-,N,,,,,,,,,,N,3,0,1,2,A,-,"- ",,,N,G,B,E,A,H,-,A,D,0,Y,,,,Y,Y,N,60,0,1,0,0,1,0,0,0,0,"- ","- ",,,STANISLAUS,TURLOCK,-120.85581467,37.49893136
8372825,2017,2017-05-30,5007,2017-04-05,1334,5732,,3,5,5,5007,0,0,0,,0,002,"LINDWOOD AV","LANDER AV",0.00,,Y,A,-,N,,,,,,,,,,N,4,0,1,2,A,-,12,21453,A,N,D,G,A,A,H,-,A,A,0,,Y,,,Y,,L,04,0,0,1,0,0,0,1,0,0,"- ","- ",,,STANISLAUS,TURLOCK,-120.84899,37.478180000000002
83767523,2024,2024-08-07,5006,2024-06-14,1552,S02800,,5,5,3,5006,0,0,0,,0,RPD,"CALLANDER AVE","STANISLAUS ST",60.00,S,N,A,-,Y,,,,,,,,,,N,4,0,1,1,C,-,18,,,N,E,I,A,A,H,-,A,D,0,,,,,Y,,-,"- ",0,0,1,0,0,0,0,0,0,"- ","- ",,,STANISLAUS,RIVERBANK,-120.94496917724609,37.734844207763672
8379694,2017,2018-04-20,5002,2017-06-06,1831,13000,228,2,5,6,5002,0,0,0,,0,081,"MCHENRY AV","PALM AV",100.00,N,N,A,-,Y,STA,10,108,-,-,24.030,H,-,W,Y,3,0,1,3,A,-,03,22350,,N,C,E,A,A,H,-,A,D,0,,,,,Y,,A,,0,1,0,0,0,0,0,0,0,"- ","- ",,,STANISLAUS,MODESTO,-120.99387527,37.659386240000003
8380670,2017,2017-06-02,5001,2017-05-26,0223,803,C008,5,5,4,5001,0,0,0,,0,004,"MORGAN RD","WHITMORE AV",1370.00,N,N,A,-,N,,,,,,,,,,Y,4,0,1,1,A,-,07,21658,A,N,E,I,A,A,H,-,D,D,0,,,,,Y,,A,01,0,0,1,0,0,0,0,0,0,"- ","- ",37.594410000000003,-120.97523,STANISLAUS,CERES,-120.97528,37.5985923
8380674,2017,2017-06-02,5002,2017-05-27,2247,831,A302,6,5,6,5002,0,0,0,,0,001,"CENTRAL AV",CHABLIS,9.00,S,N,A,-,N,,,,,,,,,,Y,4,0,4,2,A,-,03,22350,,N,C,C,A,A,H,-,C,D,0,,,,,Y,,A,01,0,0,4,0,0,0,0,0,0,"- ","- ",37.61544,-120.95702,STANISLAUS,MODESTO,-120.95703021999999,37.615405289999998
8380893,2017,2017-06-20,5002,2017-05-18,1623,10507,136,4,5,6,5002,0,0,0,,0,073,"FLOYD AV","COFFEE RD",260.00,W,N,A,-,N,,,,,,,,,,Y,3,0,2,2,A,-,09,21804,A,N,D,C,A,A,H,-,A,D,0,,,,,Y,,A,,0,1,1,0,0,0,0,0,0,"- ","- ",,,STANISLAUS,MODESTO,-120.97672817,37.678024610000001
8380913,2017,2017-06-06,5002,2017-05-07,1210,10249,M068,7,5,6,5002,0,0,0,,0,063,"PELANDALE AV","CARVER RD",15.00,W,N,A,-,N,,,,,,,,,,Y,4,0,1,1,A,-,08,22107,,N,E,I,A,A,H,-,A,A,0,,,,,Y,,D,,0,0,1,0,0,0,0,0,0,"- ","- ",,,STANISLAUS,MODESTO,-121.02267182999999,37.70046104
8381549,2017,2017-06-09,5007,2017-05-12,2036,5719,,5,5,5,5007,0,0,0,,0,002,"S ROSE ST","ALFREDA ST",108.00,N,N,A,-,N,,,,,,,,,,N,2,0,1,2,A,-,05,21202,A,N,C,G,A,A,H,-,D,D,0,,Y,,,Y,Y,L,04,1,0,0,0,0,0,1,0,0,"- ","- ",,,STANISLAUS,TURLOCK,-120.83328039,37.487729430000002
8383752,2017,2017-06-09,5002,2017-05-27,0856,11012,224,6,5,6,5002,0,0,0,,0,081,"WEST ROSEBURG AV","MAGNOLIA AV",127.00,E,N,B,-,N,,,,,,,,,,Y,4,0,2,2,A,-,09,21804,A,N,D,C,A,A,H,-,A,D,0,,,,,Y,,A,,0,0,2,0,0,0,0,0,0,"- ","- ",,,STANISLAUS,MODESTO,-120.99632146,37.660110400000001
8383842,2017,2017-06-08,5002,2017-05-27,1240,13084,,6,5,6,5002,0,0,0,,0,062,"CARVER RD","WEST BRIGGSMORE AV",0.00,,Y,A,-,N,,,,,,,,,,Y,4,0,2,2,A,-,09,21801,A,N,A,C,A,A,H,-,A,A,0,,,,,Y,,A,,0,0,2,0,0,0,0,0,0,"- ","- ",,,STANISLAUS,MODESTO,-121.0221399,37.671489950000002
8383849,2017,2017-06-08,5002,2017-05-19,2124,11271,M199,5,5,6,5002,0,0,0,,0,061,"WOODLAND AV",GRAPHICS,260.00,W,N,A,-,N,,,,,,,,,,N,3,0,1,2,A,-,11,21954,A,N,G,B,D,A,H,-,C,A,0,Y,,,,Y,,N,,0,1,0,0,1,0,0,0,0,"- ","- ",,,STANISLAUS,MODESTO,-121.02263807,37.653210000000001
8383889,2017,2017-06-08,5002,2017-05-09,1502,13085,,2,5,6,5002,0,0,0,,0,082,"GRANGER AV","TULLY RD",0.00,,Y,A,-,N,,,,,,,,,,N,4,0,1,2,A,-,09,21453,B,N,D,G,A,A,H,-,A,A,0,,Y,,,Y,,D,,0,0,1,0,0,0,1,0,0,"- ","- ",,,STANISLAUS,MODESTO,-121.01220986,37.667619989999999
8383909,2017,2017-06-08,5002,2017-05-29,2104,11236,869,1,5,6,5002,0,0,0,,0,071,"EAST ORANGEBURG AV","CHRISTIANSEN DR",81.00,E,N,A,-,N,,,,,,,,,,Y,2,0,1,2,A,-,01,23152,A,N,B,C,A,A,H,-,C,D,0,,,,,Y,Y,D,,1,0,0,0,0,0,0,0,0,"- ","- ",,,STANISLAUS,MODESTO,-120.95094018,37.66357
8385448,2017,2017-07-07,5002,2017-06-12,1523,13084,,1,5,6,5002,0,0,0,,0,062,"MOUNT VERNON","APACHE LN",40.00,W,N,A,-,N,,,,,,,,,,Y,4,0,3,1,A,-,08,22107,,N,A,I,A,A,H,-,A,D,0,,,,,Y,,A,,0,0,3,0,0,0,0,0,0,"- ","- ",,,STANISLAUS,MODESTO,-121.02409817,37.676742470000001
8385512,2017,2017-07-07,5002,2017-06-23,1605,13039,M215,5,5,6,5002,0,0,0,,0,082,"WEST ORANGEBURG AV","SYCAMORE AV",0.00,,Y,A,-,N,,,,,,,,,,Y,4,0,2,2,A,-,09,21804,A,N,D,C,A,A,H,-,A,D,0,,,,,Y,,A,,0,0,2,0,0,0,0,0,0,"- ","- ",,,STANISLAUS,MODESTO,-120.99791992,37.663759949999999
8386261,2017,2018-04-09,5004,2017-05-03,1120,204,RD35,3,5,3,5004,0,0,0,,0,00W,"RT 108",GILBERT,41.00,W,N,A,-,Y,STA,10,108,-,-,37.820,H,-,E,N,4,0,1,2,A,-,03,22350,,N,C,C,A,A,H,-,A,D,0,,,,,Y,,A,01,0,0,1,0,0,0,0,0,0,"- ","- ",37.763779999999997,-120.85372,STANISLAUS,OAKDALE,-120.85382432,37.763808269999998
8386369,2017,2018-03-20,5002,2017-06-01,1649,13035,075,4,5,6,5002,0,0,0,,0,062,"PRESCOTT RD","WEST RUMBLE RD",0.00,,Y,A,-,N,,,,,,,,,,Y,4,0,1,2,A,-,04,21703,,N,C,C,A,A,H,-,A,A,0,,,,,Y,,D,,0,0,1,0,0,0,0,0,0,"- ","- ",,,STANISLAUS,MODESTO,-121.03144994,37.681899950000002