CASE_ID,ACCIDENT_YEAR,PROC_DATE,JURIS,COLLISION_DATE,COLLISION_TIME,OFFICER_ID,REPORTING_DISTRICT,DAY_OF_WEEK,CHP_SHIFT,POPULATION,CNTY_CITY_LOC,SPECIAL_COND,BEAT_TYPE,CHP_BEAT_TYPE,CITY_DIVISION_LAPD,CHP_BEAT_CLASS,BEAT_NUMBER,PRIMARY_RD,SECONDARY_RD,DISTANCE,DIRECTION,INTERSECTION,WEATHER_1,WEATHER_2,STATE_HWY_IND,CALTRANS_COUNTY,CALTRANS_DISTRICT,STATE_ROUTE,ROUTE_SUFFIX,POSTMILE_PREFIX,POSTMILE,LOCATION_TYPE,RAMP_INTERSECTION,SIDE_OF_HWY,TOW_AWAY,COLLISION_SEVERITY,NUMBER_KILLED,NUMBER_INJURED,PARTY_COUNT,PRIMARY_COLL_FACTOR,PCF_CODE_OF_VIOL,PCF_VIOL_CATEGORY,PCF_VIOLATION,PCF_VIOL_SUBSECTION,HIT_AND_RUN,TYPE_OF_COLLISION,MVIW,PED_ACTION,ROAD_SURFACE,ROAD_COND_1,ROAD_COND_2,LIGHTING,CONTROL_DEVICE,CHP_ROAD_TYPE,PEDESTRIAN_ACCIDENT,BICYCLE_ACCIDENT,MOTORCYCLE_ACCIDENT,TRUCK_ACCIDENT,NOT_PRIVATE_PROPERTY,ALCOHOL_INVOLVED,STWD_VEHTYPE_AT_FAULT,CHP_VEHTYPE_AT_FAULT,COUNT_SEVERE_INJ,COUNT_VISIBLE_INJ,COUNT_COMPLAINT_PAIN,COUNT_PED_KILLED,COUNT_PED_INJURED,COUNT_BICYCLIST_KILLED,COUNT_BICYCLIST_INJURED,COUNT_MC_KILLED,COUNT_MC_INJURED,PRIMARY_RAMP,SECONDARY_RAMP,LATITUDE,LONGITUDE,COUNTY,CITY,POINT_X,POINT_Y
8676280,2018,2018-10-25,5002,2018-07-25,1140,13084,,3,5,6,5002,0,0,0,,0,082,"EAST COOLIDGE AV","RT 108",0.00,,Y,A,-,Y,STA,10,108,-,-,24.440,I,5,W,N,4,0,1,2,A,-,05,21650,1,N,D,G,A,A,H,-,A,A,0,,Y,,,Y,,L,04,0,0,1,0,0,0,1,0,0,"- ","- ",,,STANISLAUS,MODESTO,-120.99395751953125,37.665233612060547
8676288,2018,2018-10-18,5002,2018-07-23,0713,11797,M008,1,5,6,5002,0,0,0,,0,062,"SISK RD","EARL ST",8.00,N,N,A,-,N,,,,,,,,,,N,3,0,1,2,A,-,12,21453,A,F,E,I,A,A,H,-,A,A,0,,,,,Y,,A,,0,1,0,0,0,0,0,0,0,"- ","- ",,,STANISLAUS,MODESTO,-121.04448699951172,37.676254272460938
8676300,2018,2018-10-25,5002,2018-07-23,1629,13043,065,1,5,6,5002,0,0,0,,0,082,"MCHENRY AV","BOWEN AV",100.00,N,N,A,-,Y,STA,10,108,-,-,25.080,H,-,W,N,4,0,1,3,A,-,03,22350,,N,C,C,A,A,H,-,A,A,0,,,,,Y,,A,01,0,0,1,0,0,0,0,0,0,"- ","- ",,,STANISLAUS,MODESTO,-120.99409484863281,37.674484252929688
8676304,2018,2018-10-25,5002,2018-07-19,0909,11136,M389,4,5,6,5002,0,0,0,,0,041,"RT 108","15TH ST",0.00,,Y,A,-,Y,STA,10,108,-,R,22.858,I,5,E,Y,3,0,3,3,A,-,09,21802,A,N,D,C,A,A,H,-,A,A,0,,,,,Y,,A,,0,3,0,0,0,0,0,0,0,"- ","- ",,,STANISLAUS,MODESTO,-120.99673461914062,37.645092010498047
8680003,2018,2018-08-29,5001,2018-07-22,2224,839,A206,7,5,4,5001,0,0,0,,0,001,"HERNDON RD","GRANDVIEW AV",1053.00,S,N,A,-,N,,,,,,,,,,N,4,0,2,2,A,-,09,21801,A,N,A,C,A,A,H,-,C,D,0,,,,,Y,,D,22,0,0,2,0,0,0,0,0,0,"- ","- ",37.607368469238281,-120.97377777099609,STANISLAUS,CERES,-120.97145843505859,37.604724884033203
8683418,2018,2018-10-08,5002,2018-08-07,1354,11023,M094,2,5,6,5002,0,0,0,,0,062,"WEST BRIGGSMORE AV","CARVER RD",0.00,,Y,A,-,N,,,,,,,,,,Y,3,0,2,2,A,-,12,21453,A,N,D,C,A,A,H,-,A,A,0,,,,,Y,,A,01,0,2,0,0,0,0,0,0,0,"- ","- ",,,STANISLAUS,MODESTO,-121.02214050292969,37.671489715576172
8683608,2018,2019-03-14,5002,2018-08-18,1137,13053,M484,6,5,6,5002,0,0,0,,0,032,"ROUSE AV",ANNILANE,74.00,E,N,A,-,N,,,,,,,,,,N,1,1,0,2,A,-,08,22107,,F,G,B,E,A,H,-,A,D,0,Y,,,,Y,Y,A,,0,0,0,1,0,0,0,0,0,"- ","- ",,,STANISLAUS,MODESTO,-121.01465606689453,37.620548248291016
8683624,2018,2018-10-09,5002,2018-08-20,2045,13157,52,1,5,6,5002,0,0,0,,0,061,"KANSAS AV","MERCY AV",0.00,,Y,A,-,N,,,,,,,,,,Y,3,0,1,2,A,-,09,21802,A,N,D,C,A,A,H,-,C,A,0,,,,,Y,,A,,0,1,0,0,0,0,0,0,0,"- ","- ",,,STANISLAUS,MODESTO,-121.04460906982422,37.645858764648438
8683631,2018,2018-10-08,5002,2018-08-03,2124,11856,567,5,5,6,5002,0,0,0,,0,031,"USTICK RD","WHITMORE AV",12.00,S,N,A,-,N,,,,,,,,,,Y,3,0,1,2,A,-,12,22450,,N,C,C,A,A,H,-,C,A,0,,,Y,,Y,,C,,0,1,0,0,0,0,0,0,1,"- ","- ",,,STANISLAUS,MODESTO,-121.01184844970703,37.594978332519531
8683636,2018,2018-10-08,5002,2018-08-08,1728,13018,305,3,5,6,5002,0,0,0,,0,071,"LAKEWOOD AV","BRIGGSMORE AV",269.00,S,N,A,-,N,,,,,,,,,,Y,2,0,2,2,A,-,09,21804,A,N,D,C,A,A,H,-,A,D,0,,,,,Y,,D,,1,0,1,0,0,0,0,0,0,"- ","- ",,,STANISLAUS,MODESTO,-120.93941497802734,37.666172027587891
8683652,2018,2018-10-08,5002,2018-08-12,1126,13084,,7,5,6,5002,0,0,0,,0,043,"RT 132","MCCLURE RD",100.00,W,N,A,-,N,,,,,,,,,,N,4,0,1,1,A,-,08,22107,,N,E,I,A,A,H,-,A,D,0,,,,,Y,,A,,0,0,1,0,0,0,0,0,0,"- ","- ",,,STANISLAUS,MODESTO,-120.930306,37.638207000000001
8683659,2018,2018-10-08,5002,2018-08-17,0718,11826,013,5,5,6,5002,0,0,0,,0,063,PRESCOTT,STANDFORD,6.00,S,N,A,-,N,,,,,,,,,,N,4,0,1,2,A,-,12,21453,A,F,D,G,A,A,H,-,A,A,0,,Y,,,Y,,A,,0,0,1,0,0,0,1,0,0,"- ","- ",,,STANISLAUS,MODESTO,-121.03156280517578,37.689674377441406
8683667,2018,2018-10-08,5002,2018-08-17,1503,13213,134,5,5,6,5002,0,0,0,,0,073,"OAKDALE RD","MABLE RD",45.00,S,N,A,-,N,,,,,,,,,,N,4,0,2,3,A,-,03,22350,,N,C,C,A,A,H,-,A,D,0,,,,,Y,,A,,0,0,2,0,0,0,0,0,0,"- ","- ",,,STANISLAUS,MODESTO,-120.95809173583984,37.696125030517578
8683676,2018,2018-10-09,5002,2018-08-15,1511,11793,,3,5,6,5002,0,0,0,,0,041,"K ST","12TH ST",0.00,,Y,A,-,N,,,,,,,,,,Y,4,0,1,2,A,-,12,21453,A,N,D,C,A,A,H,-,A,A,0,,,,,Y,,D,,0,0,1,0,0,0,0,0,0,"- ","- ",,,STANISLAUS,MODESTO,-120.99958038330078,37.642879486083984
8685358,2018,2018-10-03,5007,2018-08-10,1033,5608,,5,5,5,5007,0,0,0,,0,005,"WEST MAIN ST","LANDER AV",149.00,W,N,A,-,N,,,,,,,,,,N,4,0,2,2,A,-,09,21804,A,N,D,C,A,A,H,-,A,D,0,,,,,Y,,-,,0,0,2,0,0,0,0,0,0,"- ","- ",,,STANISLAUS,TURLOCK,-120.84950256347656,37.492759704589844
8685922,2018,2018-10-05,5001,2018-08-18,0743,795,D003,6,5,4,5001,0,0,0,,0,005,"MITCHELL RD",ROEDING,800.00,N,N,A,-,N,,,,,,,,,,Y,2,0,2,1,A,-,08,22107,,N,E,I,A,A,H,-,A,D,0,,,,,Y,,A,01,2,0,0,0,0,0,0,0,0,"- ","- ",37.591670989990234,-120.93949890136719,STANISLAUS,CERES,-120.93877410888672,37.589668273925781
8686454,2018,2018-09-07,5005,2018-04-21,0901,S01836,MODES,6,5,3,5005,0,0,0,,0,RPD1,"EAST LAS PALMAS AV","HARTLEY ST",430.00,W,N,A,-,N,,,,,,,,,,Y,2,0,2,2,A,-,04,21703,,N,C,D,A,A,H,-,A,D,0,,,,,Y,,D,22,2,0,0,0,0,0,0,0,0,"- ","- ",,,STANISLAUS,PATTERSON,-121.12286376953125,37.474891662597656
8686833,2018,2018-10-18,5007,2018-07-30,1844,5776,5007,1,5,5,5007,0,0,0,,0,001,"COLORADO AV","POTOMAC AV",29.00,S,N,A,-,N,,,,,,,,,,Y,3,0,3,2,A,-,03,22350,,N,C,C,A,A,H,-,A,D,0,,,,,Y,,A,01,0,2,1,0,0,0,0,0,0,"- ","- ",,,STANISLAUS,TURLOCK,-120.83525085449219,37.524410247802734
8687962,2018,2018-08-29,5006,2018-07-30,1945,S01346,R009,1,5,3,5006,0,0,0,,0,RP1,"CLARIBEL RD","OAKDALE RD",0.00,,Y,A,-,N,,,,,,,,,,N,4,0,1,2,A,-,08,22107,,F,D,C,A,A,H,-,A,A,0,,,,,Y,,A,07,0,0,1,0,0,0,0,0,0,"- ","- ",,,STANISLAUS,RIVERBANK,-120.95838165283203,37.710971832275391
8688226,2018,2018-09-11,5001,2018-08-23,0630,363,C015,4,5,4,5001,0,0,0,,0,004,"W SERVICE RD",USTICK,1688.00,E,N,A,-,N,,,,,,,,,,Y,3,0,3,4,A,-,08,22107,,N,D,C,A,A,H,-,A,D,0,,,,,Y,,A,01,0,3,0,0,0,0,0,0,0,"- ","- ",37.580501556396484,-121.01188659667969,STANISLAUS,CERES,-121.00609588623047,37.580455780029297
8688826,2018,2018-10-23,5002,2018-08-10,1352,11854,255,5,5,6,5002,0,0,0,,0,082,"RT 108-MCHENRY AV","EAST COOLIDGE AV",0.00,,Y,A,-,Y,STA,10,108,-,-,24.440,I,5,E,Y,3,0,2,2,A,-,03,22350,,N,C,C,A,A,H,-,A,D,0,,,,,Y,,A,,0,1,1,0,0,0,0,0,0,"- ","- ",,,STANISLAUS,MODESTO,-120.99404907226562,37.665233612060547
8689551,2018,2018-09-27,5002,2018-08-24,1830,13053,510,5,5,6,5002,0,0,0,,0,041,"SIERRA DR","6TH ST",0.00,,Y,A,-,N,,,,,,,,,,N,4,0,1,2,A,-,08,22107,,F,A,G,A,A,H,-,A,D,0,,Y,,,Y,,A,,0,0,1,0,0,0,1,0,0,"- ","- ",,,STANISLAUS,MODESTO,-120.99638366699219,37.630939483642578
8689582,2018,2018-09-26,5002,2018-08-27,1301,13067,,1,5,6,5002,0,0,0,,0,81+,"KIMBLE ST","JONES ST",0.00,,Y,A,-,N,,,,,,,,,,Y,4,0,1,2,A,-,01,23152,F,N,D,C,A,A,H,-,A,A,0,,,,,Y,,A,,0,0,1,0,0,0,0,0,0,"- ","- ",,,STANISLAUS,MODESTO,-120.98912811279297,37.646480560302734
8689587,2018,2018-09-27,5002,2018-08-29,1059,13060,185,3,5,6,5002,0,0,0,,0,061,"CARPENTER RD","WOODLAND AV",0.00,N,N,A,-,N,,,,,,,,,,Y,4,0,1,3,A,-,09,21804,,N,D,C,A,A,H,-,A,A,0,,,,,Y,,A,,0,0,1,0,0,0,0,0,0,"- ","- ",,,STANISLAUS,MODESTO,-121.03105163574219,37.653209686279297
8693466,2018,2018-10-09,5001,2018-08-29,2145,610,B001,3,5,4,5001,0,0,0,,0,003,"EAST WHITMORE AV","JOY AV",0.00,,Y,A,-,N,,,,,,,,,,N,3,0,1,2,A,-,17,21208,A,N,D,G,A,A,H,-,D,A,0,,Y,,,Y,Y,L,04,0,1,0,0,0,0,1,0,0,"- ","- ",37.594741821289062,-120.94667816162109,STANISLAUS,CERES,-120.94606781005859,37.594749450683594
8693486,2018,2018-10-09,5001,2018-08-20,2031,821,B003,1,5,4,5001,0,0,0,,0,003,"MITCHELL RD","FOWLER RD",257.00,S,N,A,-,N,,,,,,,,,,Y,3,0,2,2,A,-,03,22350,,N,C,C,A,A,H,-,B,A,0,,,,,Y,,A,01,0,2,0,0,0,0,0,0,0,"- ","- ",37.602729797363281,-120.93818664550781,STANISLAUS,CERES,-120.93870544433594,37.601303100585938
8693498,2018,2018-12-05,5007,2018-08-22,1640,5764,5007,3,5,5,5007,0,0,0,,0,003,"WEST AV N","FLORENCE ST",0.00,,Y,A,-,N,,,,,,,,,,N,3,0,2,2,A,-,03,22350,,F,D,G,A,A,H,-,A,D,0,,Y,,,Y,,L,04,0,2,0,0,0,0,2,0,0,"- ","- ",,,STANISLAUS,TURLOCK,-120.85804748535156,37.494640350341797
8697461,2018,2018-09-21,5002,2018-08-04,1640,13032,1931,6,5,6,5002,0,0,0,,0,033,"H ST","4TH ST",0.00,,Y,A,-,N,,,,,,,,,,N,4,0,1,2,A,-,08,22107,,F,G,B,E,A,H,-,A,A,0,Y,,,,Y,,D,,0,0,1,0,1,0,0,0,0,"- ","- ",,,STANISLAUS,MODESTO,-121.00366973876953,37.634250640869141
8697469,2018,2018-09-21,5002,2018-08-22,1246,13213,035,3,5,6,5002,0,0,0,,0,083,"E RUMBLE AV","TULLY RD",0.00,,Y,A,-,N,,,,,,,,,,Y,4,0,1,2,A,-,04,21703,,N,C,C,A,A,H,-,A,A,0,,,,,Y,,A,,0,0,1,0,0,0,0,0,0,"- ","- ",,,STANISLAUS,MODESTO,-121.01239013671875,37.682071685791016
8697474,2018,2018-09-24,5002,2018-09-05,0939,13213,308,3,5,6,5002,0,0,0,,0,071,"OAKDALE RD","NYSTROM AV",0.00,,Y,A,-,N,,,,,,,,,,Y,4,0,1,2,A,-,09,21801,A,M,D,C,A,A,H,-,A,D,0,,,,,Y,,A,,0,0,1,0,0,0,0,0,0,"- ","- ",,,STANISLAUS,MODESTO,-120.95755004882812,37.662078857421875
8697489,2018,2018-09-21,5002,2018-08-30,1854,13018,,4,5,6,5002,0,0,0,,0,063,"PELANDALE AV","PRESCOTT RD",0.00,,Y,A,-,N,,,,,,,,,,Y,3,0,3,3,A,-,12,21453,A,N,D,C,A,A,H,-,A,A,0,,,,,Y,,-,,0,3,0,0,0,0,0,0,0,"- ","- ",,,STANISLAUS,MODESTO,-121.03176879882812,37.700630187988281
8697493,2018,2018-09-21,5002,2018-08-30,1749,11765,610,4,5,6,5002,0,0,0,,0,043,"LINCOLN AV","POPPYPATCH DR",0.00,,Y,A,-,N,,,,,,,,,,Y,3,0,2,2,A,-,09,21802,A,N,D,C,A,A,H,-,A,D,0,,,,,Y,,-,,0,2,0,0,0,0,0,0,0,"- ","- ",,,STANISLAUS,MODESTO,-120.93901824951172,37.642669677734375
8698010,2018,2018-09-28,5002,2018-09-15,1748,11098,,6,5,6,5002,0,0,0,,0,062,"PRESCOTT RD","RUMBLE RD",0.00,,Y,A,-,N,,,,,,,,,,N,3,0,1,2,A,-,10,21950,A,N,G,B,B,A,H,-,A,A,0,Y,,,,Y,,A,,0,1,0,0,1,0,0,0,0,"- ","- ",,,STANISLAUS,MODESTO,-121.03144836425781,37.681900024414062
8698014,2018,2018-09-28,5002,2018-09-15,1208,13040,M208,6,5,6,5002,0,0,0,,0,082,"COLLEGE AV","WEST GRANGER AV",0.00,,Y,A,-,N,,,,,,,,,,Y,4,0,2,2,A,-,12,21453,,N,D,C,A,A,H,-,A,A,0,,,,,Y,,-,,0,0,2,0,0,0,0,0,0,"- ","- ",,,STANISLAUS,MODESTO,-121.00765991210938,37.66754150390625
8698019,2018,2018-10-02,5002,2018-09-10,1727,10507,458,1,5,6,5002,0,0,0,,0,042,"MILLER AV","PARRY AV",0.00,,Y,A,-,N,,,,,,,,,,N,4,0,2,2,A,-,09,21802,A,N,D,C,A,A,H,-,A,A,0,,,,,Y,,A,,0,0,2,0,0,0,0,0,0,"- ","- ",,,STANISLAUS,MODESTO,-120.95951843261719,37.640048980712891
8698026,2018,2018-10-26,5002,2018-09-14,0738,13133,M350,5,5,6,5002,0,0,0,,0,033,"KANSAS AV","LONE PALM AV",0.00,,Y,A,-,N,,,,,,,,,,Y,4,0,1,3,A,-,09,21801,A,N,D,C,A,A,H,-,A,D,0,,,,,Y,,A,,0,0,1,0,0,0,0,0,0,"- ","- ",,,STANISLAUS,MODESTO,-121.02337646484375,37.645999908447266
8698030,2018,2018-10-26,5002,2018-09-13,2035,13124,309,4,5,6,5002,0,0,0,,0,071,"SCENIC DR","MCQUIRE DR",353.00,W,N,A,-,N,,,,,,,,,,Y,4,0,1,1,A,-,03,22350,,N,E,I,A,A,H,-,B,D,0,,,,,Y,,A,,0,0,1,0,0,0,0,0,0,"- ","- ",,,STANISLAUS,MODESTO,-120.95362,37.652672000000003
8698054,2018,2018-10-01,5002,2018-09-11,1857,10170,,2,5,6,5002,0,0,0,,0,081,"WEST ORANGEBURG AV","COLLEGE AV",15.00,E,N,A,-,N,,,,,,,,,,Y,3,0,2,2,A,-,03,22350,,N,C,C,A,A,H,-,B,A,0,,,,,Y,,A,,0,1,1,0,0,0,0,0,0,"- ","- ",,,STANISLAUS,MODESTO,-121.00756072998047,37.6639404296875
8698062,2018,2018-10-01,5002,2018-09-11,0801,13157,246,2,5,6,5002,0,0,0,,0,081,"STODDARD AV","CAMPUS WY",0.00,,Y,A,-,N,,,,,,,,,,N,3,0,1,2,A,-,03,22350,,N,G,B,B,A,H,-,A,D,0,Y,,,,Y,,A,01,0,1,0,0,1,0,0,0,0,"- ","- ",,,STANISLAUS,MODESTO,-121.00849914550781,37.649459838867188
8698077,2018,2018-10-29,5002,2018-09-16,1711,10467,224,7,5,6,5002,0,0,0,,0,081,"EAST ORANGEBURG AV","RT 108",126.00,E,N,A,-,Y,STA,10,108,-,-,24.320,I,6,E,Y,4,0,1,2,A,-,03,22350,,F,C,C,A,A,H,-,A,A,0,,,,,Y,,A,01,0,0,1,0,0,0,0,0,0,"- ","- ",,,STANISLAUS,MODESTO,-120.99402618408203,37.663520812988281
8698774,2018,2018-09-21,5002,2018-08-30,1011,11621,,4,5,6,5002,0,0,0,,0,063,"PELANDALE AV","DALE RD",320.00,E,N,A,-,N,,,,,,,,,,N,4,0,1,2,A,-,21,22106,,N,C,C,A,A,H,-,A,A,0,,,,,Y,,D,22,0,0,1,0,0,0,0,0,0,"- ","- ",,,STANISLAUS,MODESTO,-121.04896545410156,37.700225830078125
8699058,2018,2018-09-27,5002,2018-09-01,2030,11807,015,6,5,6,5002,0,0,0,,0,032,"BRISTLECONE WY","STONE PINE WY",159.00,S,N,A,-,N,,,,,,,,,,N,3,0,1,2,A,-,08,22107,,N,B,C,A,A,H,-,D,D,0,,,Y,,Y,,C,,0,1,0,0,0,0,0,0,1,"- ","- ",,,STANISLAUS,MODESTO,-121.02162170410156,37.616413116455078
8699117,2018,2018-09-27,5002,2018-09-02,1607,10899,156,7,5,6,5002,0,0,0,,0,073,"OAKDALE RD","SYLVAN AV",30.00,N,N,A,-,N,,,,,,,,,,N,4,0,1,2,A,-,21,22106,,N,C,C,A,A,H,-,A,A,0,,,,,Y,,A,,0,0,1,0,0,0,0,0,0,"- ","- ",,,STANISLAUS,MODESTO,-120.95798492431641,37.689052581787109
8699307,2018,2018-10-08,5001,2018-09-18,2358,565,A004,2,5,4,5001,0,0,0,,0,001,"CENTRAL AV","WHITMORE AV",0.00,,Y,A,-,N,,,,,,,,,,Y,3,0,1,2,A,-,03,22350,,N,D,C,A,A,H,-,C,A,0,,,,,Y,,A,01,0,1,0,0,0,0,0,0,0,"- ","- ",37.595779418945312,-120.95751953125,STANISLAUS,CERES,-120.95690155029297,37.594760894775391
8700053,2018,2018-09-26,5007,2018-09-12,1605,5781,,3,5,5,5007,0,0,0,,0,002,"WEST MAIN ST","SOUTH 1ST ST",0.00,,Y,A,-,N,,,,,,,,,,N,3,0,3,2,A,-,12,22450,A,N,D,C,A,A,H,-,A,A,0,,,,,Y,Y,A,07,0,1,2,0,0,0,0,0,0,"- ","- ",,,STANISLAUS,TURLOCK,-120.84677886962891,37.494049072265625
8700172,2018,2018-09-21,5007,2018-09-05,1116,5766,STANI,3,5,5,5007,0,0,0,,0,003,"NORTH WALNUT RD","WEST MAIN ST",0.00,,Y,A,-,N,,,,,,,,,,Y,4,0,1,2,A,-,17,21451,A,N,A,C,A,A,H,-,A,A,0,,,Y,,Y,,D,22,0,0,1,0,0,0,0,0,1,"- ","- ",,,STANISLAUS,TURLOCK,-120.87180328369141,37.492729187011719
8700268,2018,2018-09-21,5002,2018-09-13,1740,458,A300,4,5,6,5002,0,0,0,,0,001,"HATCH RD","MOFFETT RD",450.00,W,N,A,-,N,,,,,,,,,,Y,4,0,1,2,A,-,03,22350,,N,C,C,A,A,H,-,A,A,0,,,,,Y,,A,01,0,0,1,0,0,0,0,0,0,"- ","- ",37.609291076660156,-120.94790649414062,STANISLAUS,MODESTO,-120.949462890625,37.609275817871094
8700406,2018,2019-01-23,5001,2018-09-07,1026,608,B001,5,5,4,5001,0,0,0,,0,003,"MOFFETT RD","THOMAS AV",12.00,N,N,A,-,N,,,,,,,,,,N,3,0,1,2,A,-,11,21954,A,N,G,B,D,A,H,-,A,D,0,Y,,,,Y,,N,60,0,1,0,0,1,0,0,0,0,"- ","- ",37.599269866943359,-120.94661712646484,STANISLAUS,CERES,-120.94786071777344,37.598953247070312
8700410,2018,2018-09-20,5001,2018-09-01,2017,755,D004,6,5,4,5001,0,0,0,,0,005,"MITCHELL RD","WHITMORE AV",410.00,S,N,A,-,N,,,,,,,,,,N,3,0,1,2,A,-,11,21954,A,N,G,B,D,A,H,-,D,D,0,Y,,,,Y,,N,60,0,1,0,0,1,0,0,0,0,"- ","- ",37.594730377197266,-120.93869018554688,STANISLAUS,CERES,-120.93871307373047,37.593624114990234
8700569,2018,2018-10-26,5002,2018-09-06,1251,11023,065,4,5,6,5002,0,0,0,,0,082,"MCHENRY AV","BRIGGSMORE AV",511.00,N,N,A,-,N,,,,,,,,,,N,4,0,1,2,A,-,05,21650,,F,D,G,A,A,H,-,A,D,0,,Y,,,Y,,L,,0,0,1,0,0,0,1,0,0,"- ","- ",,,STANISLAUS,MODESTO,-120.99405670166016,37.671974182128906
8700818,2018,2018-10-23,5004,2018-08-14,1706,209,RD21,2,5,3,5004,0,0,0,,0,00W,"RT 108","CRANE RD",363.00,W,N,A,-,Y,STA,10,108,-,-,36.070,H,-,E,Y,3,0,2,2,A,-,08,22107,,N,C,C,A,A,H,-,A,A,0,,,,,Y,,-,99,0,2,0,0,0,0,0,0,0,"- ","- ",,,STANISLAUS,OAKDALE,-120.88307952880859,37.754653930664062
8704123,2018,2018-10-01,5007,2018-09-13,1519,5710,5007,4,5,5,5007,0,0,0,,0,001,"GEER RD","WAYSIDE DR",169.00,N,N,B,-,N,,,,,,,,,,Y,4,0,2,2,A,-,08,22107,,N,C,E,A,A,H,-,A,D,0,,,,,Y,,A,01,0,0,2,0,0,0,0,0,0,"- ","- ",,,STANISLAUS,TURLOCK,-120.84896087646484,37.504722595214844
8706845,2018,2018-10-10,5002,2018-09-25,0642,355,A400,2,5,6,5002,0,0,0,,0,001,"PAYNE AV","HATCH RD",0.00,N,N,A,-,N,,,,,,,,,,Y,4,0,1,2,C,-,18,,,N,G,B,E,A,H,-,A,D,0,Y,,,,Y,,-,"- ",0,0,1,0,1,0,0,0,0,"- ","- ",37.613761901855469,-120.95408630371094,STANISLAUS,MODESTO,-120.95482635498047,37.609260559082031
8708638,2018,2018-10-22,5007,2018-09-14,2326,5724,5007,5,5,5,5007,0,0,0,,0,004,"WEST MONTE VISTA AV","PORSCHE STRASSE",8.00,S,N,A,-,N,,,,,,,,,,Y,3,0,1,1,A,-,08,22107,,N,E,I,A,A,H,-,C,D,0,,,,,Y,Y,A,01,0,1,0,0,0,0,0,0,0,"- ","- ",,,STANISLAUS,TURLOCK,-120.86974334716797,37.5218505859375
8709113,2018,2018-10-11,5002,2018-09-15,1903,11026,115,6,5,6,5002,0,0,0,,0,082,"TAHOE DR","GORDON AV",120.00,E,N,A,-,N,,,,,,,,,,Y,4,0,1,2,A,-,01,23152,A,N,B,C,A,A,H,-,B,D,0,,,,,Y,Y,D,,0,0,1,0,0,0,0,0,0,"- ","- ",,,STANISLAUS,MODESTO,-120.98093414306641,37.674858093261719
8709843,2018,2018-10-29,5002,2018-09-09,1812,11236,224,7,5,6,5002,0,0,0,,0,081,"EAST ORANGEBURG AV","MCHENRY AV",20.00,E,N,A,-,Y,STA,10,108,-,-,24.320,I,6,E,N,4,0,1,2,A,-,21,22106,,N,C,C,A,A,H,-,A,A,0,,,,,Y,,A,,0,0,1,0,0,0,0,0,0,"- ","- ",,,STANISLAUS,MODESTO,-120.99402618408203,37.663520812988281
8709847,2018,2018-10-29,5002,2018-09-20,1439,13084,,4,5,6,5002,0,0,0,,0,083,"RT 108","ROBIN HOOD DR",100.00,N,N,A,-,Y,STA,10,108,-,-,25.840,H,-,E,Y,4,0,1,2,A,-,04,21703,,F,C,C,A,A,H,-,A,D,0,,,,,Y,,A,,0,0,1,0,0,0,0,0,0,"- ","- ",,,STANISLAUS,MODESTO,-120.99434661865234,37.685676574707031
8709875,2018,2018-10-29,5002,2018-09-07,1411,11621,420,5,5,6,5002,0,0,0,,0,033,"RT 132","SOUTH JEFFERSON ST",77.00,E,N,A,-,Y,STA,10,132,-,-,14.590,H,-,E,N,4,0,1,2,A,-,03,22350,,N,F,A,A,A,H,-,A,A,0,,,Y,,Y,,C,,0,0,1,0,0,0,0,0,1,"- ","- ",,,STANISLAUS,MODESTO,-121.00928497314453,37.638629913330078
8710016,2018,2018-10-17,5002,2018-08-18,0333,13118,M479,6,5,6,5002,0,0,0,,0,033,"S CARPENTER RD","CHICAGO AV",156.00,S,N,A,-,N,,,,,,,,,,Y,4,0,1,2,A,-,01,23152,,N,E,J,A,A,D,-,C,D,0,,,,,Y,Y,A,,0,0,1,0,0,0,0,0,0,"- ","- ",,,STANISLAUS,MODESTO,-121.03044128417969,37.6239013671875
8710020,2018,2018-10-17,5002,2018-08-26,1202,10352,M304,7,5,6,5002,0,0,0,,0,071,"SCENIC DR","EL VISTA AV",135.00,E,N,A,-,N,,,,,,,,,,Y,3,0,1,2,A,-,03,22350,,N,C,C,A,A,H,-,A,A,0,,,,,Y,,A,,0,1,0,0,0,0,0,0,0,"- ","- ",,,STANISLAUS,MODESTO,-120.95693206787109,37.65313720703125
8710378,2018,2018-10-29,5004,2018-09-14,1032,187,RD31,5,5,3,5004,0,0,0,,0,00W,"WEST H ST","WEST H ST 1425",0.00,,N,A,-,N,,,,,,,,,,Y,3,0,1,1,A,-,01,23152,A,N,C,C,A,A,H,-,A,D,0,,,,,Y,Y,A,01,0,1,0,0,0,0,0,0,0,"- ","- ",37.757080078125,-120.86109161376953,STANISLAUS,OAKDALE,-120.862784,37.757742
8710386,2018,2018-10-29,5004,2018-09-22,0045,209,RD43,6,5,3,5004,0,0,0,,0,00E,"SOUTH YOSEMITE AV","E I ST",27.00,E,N,A,-,N,,,,,,,,,,Y,3,0,1,1,A,-,03,22350,,N,E,I,A,A,H,-,C,D,0,,,,,Y,,A,01,0,1,0,0,0,0,0,0,0,"- ","- ",37.764289855957031,-120.84549713134766,STANISLAUS,OAKDALE,-120.84467315673828,37.763072967529297
8711922,2018,2018-10-12,5002,2018-09-19,1912,13157,208,3,5,6,5002,0,0,0,,0,082,"ORANGEBURG AV","TULLY RD",0.00,,Y,A,-,N,,,,,,,,,,Y,3,0,2,2,A,-,12,21453,A,N,D,C,A,A,H,-,B,A,0,,,,,Y,,A,,0,2,0,0,0,0,0,0,0,"- ","- ",,,STANISLAUS,MODESTO,-121.01219940185547,37.664051055908203