CASE_ID,ACCIDENT_YEAR,PROC_DATE,JURIS,COLLISION_DATE,COLLISION_TIME,OFFICER_ID,REPORTING_DISTRICT,DAY_OF_WEEK,CHP_SHIFT,POPULATION,CNTY_CITY_LOC,SPECIAL_COND,BEAT_TYPE,CHP_BEAT_TYPE,CITY_DIVISION_LAPD,CHP_BEAT_CLASS,BEAT_NUMBER,PRIMARY_RD,SECONDARY_RD,DISTANCE,DIRECTION,INTERSECTION,WEATHER_1,WEATHER_2,STATE_HWY_IND,CALTRANS_COUNTY,CALTRANS_DISTRICT,STATE_ROUTE,ROUTE_SUFFIX,POSTMILE_PREFIX,POSTMILE,LOCATION_TYPE,RAMP_INTERSECTION,SIDE_OF_HWY,TOW_AWAY,COLLISION_SEVERITY,NUMBER_KILLED,NUMBER_INJURED,PARTY_COUNT,PRIMARY_COLL_FACTOR,PCF_CODE_OF_VIOL,PCF_VIOL_CATEGORY,PCF_VIOLATION,PCF_VIOL_SUBSECTION,HIT_AND_RUN,TYPE_OF_COLLISION,MVIW,PED_ACTION,ROAD_SURFACE,ROAD_COND_1,ROAD_COND_2,LIGHTING,CONTROL_DEVICE,CHP_ROAD_TYPE,PEDESTRIAN_ACCIDENT,BICYCLE_ACCIDENT,MOTORCYCLE_ACCIDENT,TRUCK_ACCIDENT,NOT_PRIVATE_PROPERTY,ALCOHOL_INVOLVED,STWD_VEHTYPE_AT_FAULT,CHP_VEHTYPE_AT_FAULT,COUNT_SEVERE_INJ,COUNT_VISIBLE_INJ,COUNT_COMPLAINT_PAIN,COUNT_PED_KILLED,COUNT_PED_INJURED,COUNT_BICYCLIST_KILLED,COUNT_BICYCLIST_INJURED,COUNT_MC_KILLED,COUNT_MC_INJURED,PRIMARY_RAMP,SECONDARY_RAMP,LATITUDE,LONGITUDE,COUNTY,CITY,POINT_X,POINT_Y
90345880,2016,2016-12-15,9465,2016-12-06,1804,018457,,2,2,9,5000,0,1,3,,2,012,"STATE ROUTE 132","GATES ROAD",0.00,,Y,A,-,Y,,,132,,,,,,,Y,4,0,3,2,A,-,09,21802,A,N,D,C,A,A,H,-,D,A,0,,,,,Y,,A,01,0,0,3,0,0,0,0,0,0,"- ","- ",37.637810000000002,-121.15894,STANISLAUS,UNINCORPORATED,-121.15893998999999,37.637827010000002
90346162,2016,2016-12-15,9465,2016-12-07,1615,018800,,3,2,9,5000,0,3,5,,2,010,"WOODLAND AVENUE","DIABLO AVENUE",0.00,,Y,B,-,N,,,,,,,,,,Y,2,0,1,2,A,-,09,21802,A,N,D,C,A,B,H,-,A,A,0,,,Y,,Y,Y,A,01,1,0,0,0,0,0,0,0,1,"- ","- ",37.653129999999997,-121.03332,STANISLAUS,UNINCORPORATED,-121.03332985999999,37.65317993
9035018,2020,2020-10-19,5002,2020-01-16,1301,13126,M237,4,5,6,5002,0,0,0,,0,081,"RT 108","EAST MORRIS AV",0.00,,Y,C,-,Y,STA,10,108,-,-,23.440,I,5,E,N,4,0,1,2,A,-,00,21451,,N,D,C,A,B,H,-,A,A,0,,,,,Y,,-,,0,0,1,0,0,0,0,0,0,"- ","- ",,,STANISLAUS,MODESTO,-120.99387359619141,37.650970458984375
9035026,2020,2020-10-19,5002,2020-01-13,1947,13068,,1,5,6,5002,0,0,0,,0,042,"CAMELLIA WY","RT 132",200.00,N,N,A,-,Y,STA,10,132,-,-,16.400,I,6,E,N,3,0,1,1,C,-,18,,,N,E,I,A,A,H,-,C,B,0,,,,,Y,,-,"- ",0,1,0,0,0,0,0,0,0,"- ","- ",,,STANISLAUS,MODESTO,-120.97059631347656,37.638195037841797
90350467,2016,2016-12-21,9465,2016-12-13,1530,018800,,2,2,9,5000,0,1,1,,2,055,"INTERSTATE 5","SAN JOAQUIN COUNTY LINE",6336.00,S,N,B,-,Y,,,5,,,,,,,Y,3,0,1,1,C,-,18,,,N,E,I,A,A,H,-,A,D,0,,,,,Y,,-,"- ",0,1,0,0,0,0,0,0,0,"- ","- ",37.578400000000002,-121.3177,STANISLAUS,UNINCORPORATED,-121.31768051,37.57842522
9035155,2020,2020-10-19,5002,2020-02-15,1940,11813,319,6,5,6,5002,0,0,0,,0,043,"RT 132","MITCHELL RD",10.00,W,N,A,-,Y,STA,10,132,-,-,17.130,H,-,E,Y,4,0,1,2,A,-,01,23152,,F,C,C,A,A,H,-,C,A,0,,,,,Y,Y,-,,0,0,1,0,0,0,0,0,0,"- ","- ",,,STANISLAUS,MODESTO,-120.95744323730469,37.63818359375
9035256,2020,2020-09-25,5002,2020-01-03,1336,11750,M609,5,5,6,5002,0,0,0,,0,043,"CLAUS RD","RT 132",10.00,N,N,A,-,Y,STA,10,132,-,-,19.010,I,5,W,N,3,0,1,2,A,-,11,21456,C,N,G,B,B,-,A,H,A,A,0,Y,,,,Y,,-,,0,1,0,0,1,0,0,0,0,"- ","- ",,,STANISLAUS,MODESTO,-120.92312622070312,37.638240814208984
9035264,2020,2020-10-19,5002,2020-01-29,0745,13157,060,3,5,6,5002,0,0,0,,0,082,"RT 108","LEVELAND AV",50.00,N,N,A,-,Y,STA,10,108,-,-,25.400,H,-,E,N,3,0,1,2,D,-,00,,,N,H,G,A,A,H,-,A,A,0,,Y,,,Y,,-,"- ",0,1,0,0,0,0,1,0,0,"- ","- ",,,STANISLAUS,MODESTO,-120.99425506591797,37.679195404052734
90355018,2016,2016-12-27,9465,2016-12-16,1705,020362,,5,2,9,5000,0,3,5,,2,020,"ORANGE BLOSSOM ROAD","HORSESHOE ROAD",2640.00,E,N,A,-,N,,,,,,,,,,Y,4,0,1,2,A,-,03,22350,,N,C,C,A,A,H,-,B,D,0,,,,Y,Y,,A,07,0,0,1,0,0,0,0,0,0,"- ","- ",37.485570000000003,-120.4256,STANISLAUS,UNINCORPORATED,-120.72023414,37.808682300000001
90355204,2016,2016-12-27,9465,2016-12-18,1220,019553,,7,1,9,5000,0,1,3,,2,041,"SR-99 (N/B) TO MONTE VISTA AVENUE","MONTE VISTA AVENUE",5.00,S,N,A,-,Y,,,,,,,,,,N,4,0,1,2,A,-,03,22350,,N,C,C,A,A,H,-,A,D,0,,,,,Y,,D,22,0,0,1,0,0,0,0,0,0,"- ","- ",37.521740000000001,-120.88437999999999,STANISLAUS,UNINCORPORATED,-120.88577309999999,37.521897420000002
90355382,2016,2016-12-27,9465,2016-12-18,1605,019713,,7,2,9,5000,0,3,5,,2,040,"ROSEMORE AVENUE","HATCH ROAD",0.00,,Y,A,-,N,,,,,,,,,,Y,3,0,3,2,A,-,09,21802,A,N,D,C,A,A,H,-,B,A,0,,,,,Y,,A,01,0,2,1,0,0,0,0,0,0,"- ","- ",37.609490000000001,-121.03977,STANISLAUS,UNINCORPORATED,-121.0395199,37.609559990000001
90355880,2016,2016-12-28,9465,2016-12-19,1520,018778,,1,2,9,5000,0,3,5,,2,010,"MCHENRY AVENUE","HOGUE ROAD",3700.00,N,N,A,-,Y,,,,,,,,,,Y,4,0,3,4,A,-,03,22350,,N,C,C,A,A,H,-,A,D,0,,,,,Y,,E,22,0,0,3,0,0,0,0,0,0,"- ","- ",37.755600000000001,-121.00427999999999,STANISLAUS,UNINCORPORATED,-120.99571407000001,37.758320019999999
90358779,2016,2016-12-30,9465,2016-12-21,2130,019152,,3,2,9,5000,0,1,1,,2,055,"INTERSTATE 5 (SOUTHBOUND)","HOWARD ROAD",1776.00,N,N,A,-,Y,,,5,,,,,,,Y,4,0,2,2,A,-,03,22350,,N,C,C,A,A,H,-,D,D,0,,,,,Y,,A,01,0,0,2,0,0,0,0,0,0,"- ","- ",37.543399999999998,-121.27226,STANISLAUS,UNINCORPORATED,-121.27226551,37.543392859999997
90360376,2016,2017-01-03,9465,2016-12-23,1128,014588,,5,1,9,5000,0,1,1,,2,055,"INTERSTATE 5 (SOUTHBOUND)","KHALSA ROAD",500.00,S,N,B,C,Y,,,5,,,,,,,N,4,0,2,3,A,-,03,22350,,N,C,C,A,B,H,-,A,D,0,,,,,Y,,A,07,0,0,2,0,0,0,0,0,0,"- ","- ",37.564390000000003,-121.29891000000001,STANISLAUS,UNINCORPORATED,-121.29891296,37.564386229999997
90361361,2016,2017-01-04,9465,2016-12-24,1026,018945,,6,1,9,5000,0,1,3,,2,022,"STATE ROUTE 108/120","SONORA ROAD",2006.00,E,N,A,-,Y,,,,,,,,,,Y,3,0,1,3,A,-,03,22350,,N,C,C,A,A,H,-,A,D,0,,,,,Y,,A,01,0,1,0,0,0,0,0,0,0,"- ","- ",37.816499999999998,-120.65084,STANISLAUS,UNINCORPORATED,,
90364070,2016,2017-01-09,9465,2016-12-25,0943,019155,,7,1,9,5000,0,1,3,,2,041,"SR-99 (N/B) FROM KEYES ROAD","KEYES ROAD",115.00,N,N,A,-,Y,,,99,,,,R,,,Y,3,0,1,1,A,-,08,22107,,N,F,A,A,A,H,-,A,D,0,,,,,Y,,A,01,0,1,0,0,0,0,0,0,0,"- ","- ",37.548699999999997,-120.90445,STANISLAUS,UNINCORPORATED,-120.90445,37.548699999999997
90366940,2017,2017-01-11,9465,2017-01-01,0155,020374,,7,3,9,5000,0,3,5,,2,040,"CENTRAL AVENUE","SIMMONS ROAD",618.00,N,N,A,-,N,,,,,,,,,,N,4,0,1,2,A,-,09,21804,A,N,C,C,A,A,H,-,D,D,0,,,,,Y,,A,07,0,0,1,0,0,0,0,0,0,"- ","- ",37.472760000000001,-120.95816000000001,STANISLAUS,UNINCORPORATED,-120.95816566000001,37.472707149999998
90367146,2017,2017-01-11,9465,2017-01-02,1225,018292,,1,1,9,5000,0,3,5,,2,040,"HATCH ROAD","JIM WAY",28.00,E,N,B,-,N,,,,,,,,,,N,4,0,2,3,A,-,03,22350,,N,C,C,A,B,H,-,A,D,0,,,,,Y,,D,22,0,0,2,0,0,0,0,0,0,"- ","- ",37.609389999999998,-120.98497,STANISLAUS,UNINCORPORATED,-120.98483346,37.609413859999997
90367225,2016,2017-01-11,9465,2016-10-21,2140,018768,,5,2,9,5000,0,1,3,,2,011,"STATE ROUTE 99 (NORTHBOUND)","NORTH 9TH STREET",670.00,S,N,A,-,Y,,,99,,,,,,,Y,1,1,2,1,A,-,01,23152,E,N,E,I,A,A,H,-,D,D,0,,,,,Y,,A,01,1,1,0,0,0,0,0,0,0,"- ","- ",37.657629999999997,-121.02565,STANISLAUS,UNINCORPORATED,-121.02588363,37.657630089999998
90367651,2017,2017-01-12,9465,2017-01-04,0520,020190,,3,3,9,5000,0,1,3,,2,041,"STATE ROUTE 99 (NORTHBOUND)","HATCH ROAD",385.00,N,N,C,-,Y,,,99,,,,,,,Y,4,0,1,1,A,-,08,22107,,N,E,I,A,B,H,-,C,D,0,,,,,Y,,A,01,0,0,1,0,0,0,0,0,0,"- ","- ",37.612740000000002,-120.97941,STANISLAUS,UNINCORPORATED,-120.97945424,37.612709930000001
90369716,2016,2017-01-16,9465,2016-12-31,2235,020457,,6,3,5,5007,0,1,3,,2,041,"SR-99 N/B","W. MAIN ST",1650.00,N,N,A,-,Y,,,,,,,,,,Y,3,0,1,1,A,-,01,23152,A,M,E,I,A,A,H,-,D,D,0,,,,,Y,Y,A,01,0,1,0,0,0,0,0,0,0,"- ","- ",34.496969999999997,-120.87175999999999,STANISLAUS,TURLOCK,-120.87212056,37.496887749999999
90369809,2017,2017-01-16,9465,2017-01-04,1120,019517,,3,1,9,5000,0,1,3,,1,032,"STATE ROUTE 132 (YOSEMITE BOULEVARD)","LA GRANGE ROAD",2640.00,W,N,A,-,Y,,,132,,,,,,,Y,3,0,1,1,A,-,08,22107,,N,F,A,A,A,H,-,A,D,0,,,,,Y,,D,22,0,1,0,0,0,0,0,0,0,"- ","- ",37.66169,-120.48175000000001,STANISLAUS,UNINCORPORATED,-120.48173935,37.661649599999997
90369843,2017,2017-01-16,9465,2017-01-06,1755,017787,,5,2,9,5000,0,3,5,,2,020,"ROSELLE AVENUE","PLAINVIEW ROAD",34.00,N,N,B,-,N,,,,,,,,,,N,4,0,1,2,A,-,03,22350,,N,C,C,A,A,H,-,D,D,0,,,,,Y,,A,01,0,0,1,0,0,0,0,0,0,"- ","- ",37.703629999999997,-120.94001,STANISLAUS,UNINCORPORATED,-120.93998136,37.703583360000003
90370624,2017,2017-01-17,9465,2017-01-08,1300,018825,,7,1,9,5000,0,1,3,,2,011,"SR-99 NORTHBOUND","PELANDALE AVENUE",460.00,N,N,B,C,Y,,,99,,,,,,N,Y,4,0,2,1,A,-,08,22107,,N,E,I,A,B,H,-,A,D,0,,,,,Y,,A,07,0,0,2,0,0,0,0,0,0,"- ","- ",37.701099999999997,-121.07210000000001,STANISLAUS,UNINCORPORATED,-121.07205286999999,37.701144849999999
90371061,2017,2017-01-17,9465,2017-01-08,0200,020599,,7,3,5,5007,0,1,3,,2,041,"STATE ROUTE 99 (NORTHBOUND)","MAIN STREET",1584.00,N,N,B,C,Y,,,99,,,,,,,Y,2,0,2,1,A,-,01,23152,A,N,E,I,A,B,H,-,C,D,0,,,,,Y,Y,A,01,1,1,0,0,0,0,0,0,0,"- ","- ",37.498069999999998,-120.87229000000001,STANISLAUS,TURLOCK,-120.87264089,37.497883469999998
90371166,2017,2017-01-17,9465,2017-01-09,0940,014658,,1,1,9,5000,0,2,4,,2,026,"CLARIBEL ROAD","ALBERS ROAD",0.00,,Y,B,-,N,,,,,,,,,,Y,4,0,1,2,A,-,12,21453,A,N,D,C,A,B,H,-,A,A,0,,,,,Y,,A,01,0,0,1,0,0,0,0,0,0,"- ","- ",37.651400000000002,-120.84780000000001,STANISLAUS,UNINCORPORATED,-120.84833994,37.711060000000003
90372021,2017,2017-01-18,9465,2017-01-09,2110,015290,,1,2,9,5000,0,3,5,,2,010,"CARPENTER ROAD","BEVERLY DRIVE",428.00,N,N,B,-,N,,,,,,,,,,Y,4,0,1,1,A,-,08,22107,,N,E,I,A,B,H,-,C,D,0,,,,,Y,,A,01,0,0,1,0,0,0,0,0,0,"- ","- ",37.622779999999999,-121.03039,STANISLAUS,UNINCORPORATED,-121.03044,37.62274541
90375275,2017,2017-01-23,9465,2017-01-12,0750,018998,,4,1,9,5000,0,3,5,,2,040,"MITCHELL ROAD","BRADBURY ROAD",10.00,S,N,B,-,N,,,,,,,,,,N,4,0,2,2,A,-,03,22350,,N,C,C,A,B,H,-,A,D,0,,,,,Y,,A,07,0,0,2,0,0,0,0,0,0,"- ","- ",37.448999999999998,-120.93989999999999,STANISLAUS,UNINCORPORATED,-120.93997052,37.449102539999998
90378359,2017,2017-01-26,9465,2017-01-18,1755,018800,,3,2,9,5000,0,2,4,,2,042,"FULKERTH ROAD","CROWS LANDING ROAD",0.00,,Y,B,C,N,,,,,,,,,,Y,4,0,1,2,A,-,09,21802,B,N,D,C,A,B,H,-,D,A,0,,,,,Y,,A,01,0,0,1,0,0,0,0,0,0,"- ","- ",37.507640000000002,-120.99457,STANISLAUS,UNINCORPORATED,-120.99461991,37.50752988
90378393,2017,2017-01-26,9465,2017-01-19,1810,017477,,4,2,9,5000,0,1,3,,2,015,SR-219,"TULLY ROAD",75.00,W,N,B,-,Y,,,219,,,,,,,Y,4,0,3,3,A,-,03,22350,,N,C,C,A,B,H,-,C,A,0,,,,,Y,,A,01,0,0,3,0,0,0,0,0,0,"- ","- ",37.710999999999999,-121.01300000000001,STANISLAUS,UNINCORPORATED,-121.01300000000001,37.71114704
90381408,2017,2017-01-30,9465,2017-01-19,0850,018259,,4,1,9,5000,0,1,3,,2,041,"STATE ROUTE 99 (NORTHBOUND)","PINE STREET",50.00,S,N,B,-,Y,,,99,,,,,,,Y,4,0,2,3,A,-,03,22350,,N,C,C,A,A,H,-,A,D,0,,,,,Y,,D,22,0,0,2,0,0,0,0,0,0,"- ","- ",37.587699999999998,-120.9525,STANISLAUS,UNINCORPORATED,-120.95246118999999,37.58774339
90382283,2017,2017-02-28,9465,2017-01-20,1145,018998,,5,1,9,5000,0,3,5,,2,030,"1ST STREET","I STREET",10.00,S,N,A,-,N,,,,,,,,,,N,3,0,1,2,A,-,08,22100,B,F,G,B,E,B,F,-,A,D,0,Y,,,,Y,,A,07,0,1,0,0,1,0,0,0,0,"- ","- ",37.486499999999999,-120.8378,STANISLAUS,UNINCORPORATED,-120.89859,37.63964
9038264,2020,2020-03-13,5002,2020-01-13,1221,13253,444,1,5,6,5002,0,0,0,,0,042,"ENCINA AV","PHOENIX AV",30.00,E,N,A,-,N,,,,,,,,,,Y,4,0,1,2,A,-,01,23152,A,N,C,C,A,A,H,-,A,A,0,,,,,Y,Y,-,,0,0,1,0,0,0,0,0,0,"- ","- ",,,STANISLAUS,MODESTO,-120.96222686767578,37.645229339599609
90382662,2017,2017-01-31,9465,2017-01-20,0315,020374,,5,3,9,5000,0,1,3,,2,041,"STATE ROUTE 99 (NORTHBOUND)","MITCHELL ROAD",680.00,S,N,C,-,Y,,,99,,,,,,,Y,4,0,1,2,A,-,08,22107,,N,D,C,A,B,H,-,D,D,0,,,,,Y,,A,07,0,0,1,0,0,0,0,0,0,"- ","- ",37.574629999999999,-120.93714,STANISLAUS,UNINCORPORATED,-120.93714635000001,37.57462409
9038288,2020,2020-03-13,5002,2020-01-16,1654,11813,609,4,5,6,5002,0,0,0,,0,043,"CREEKWOOD DR","YOSEMITE BL",320.00,N,N,A,-,N,,,,,,,,,,Y,4,0,1,2,A,-,09,21804,A,N,D,C,A,B,H,-,A,D,0,,,,,Y,,-,,0,0,1,0,0,0,0,0,0,"- ","- ",,,STANISLAUS,MODESTO,-120.92658233642578,37.639129638671875
90383648,2017,2017-02-01,9465,2017-01-21,0850,018998,,6,1,9,5000,0,3,5,,2,040,"GOLF ROAD","GREENWAY AVENUE",727.00,N,N,A,-,N,,,,,,,,,,Y,3,0,1,1,A,-,01,23152,A,N,E,I,A,B,H,-,A,D,0,,,,,Y,Y,A,07,0,1,0,0,0,0,0,0,0,"- ","- ",37.466799999999999,-120.83069999999999,STANISLAUS,UNINCORPORATED,-120.83078999999999,37.466569999999997
90383742,2017,2017-02-01,9465,2017-01-21,0151,020190,,6,3,9,5000,0,2,4,,2,058,"LAS PALMAS AVENUE","SYCAMORE AVENUE",1607.00,E,N,B,-,N,,,,,,,,,,Y,2,0,1,1,A,-,08,22107,,N,E,I,A,B,H,-,D,D,0,,,,,Y,,A,07,1,0,0,0,0,0,0,0,0,"- ","- ",37.481720000000003,-121.10805999999999,STANISLAUS,UNINCORPORATED,-121.10779683,37.481820929999998
90384861,2017,2017-02-02,9465,2017-01-23,1518,018292,,1,2,9,5000,0,1,1,,2,056,"INTERSTATE 5 SOUTHBOUND","STUHR ROAD",2112.00,N,N,F,-,Y,,,5,,,,,,S,Y,4,0,2,3,A,-,08,22107,,N,C,C,A,C,H,-,A,D,0,,,,Y,Y,,A,07,0,0,2,0,0,0,0,0,0,"- ","- ",37.33746,-121.11391,STANISLAUS,UNINCORPORATED,-121.11406607000001,37.337416529999999
90385101,2017,2017-02-02,9465,2017-01-25,0955,16320,,3,1,9,5000,0,1,3,,2,041,"STATE ROUTE 99 (NORTHBOUND)","KEYES ROAD",3485.00,N,N,A,-,Y,,,99,,,,,,,Y,3,0,1,2,A,-,03,22350,,N,C,C,A,A,H,-,A,D,0,,,,,Y,,A,01,0,1,0,0,0,0,0,0,0,"- ","- ",37.554670000000002,-120.91461,STANISLAUS,UNINCORPORATED,-120.9145485,37.55474014
9038518,2020,2020-03-13,5002,2020-01-03,1805,13268,M085,5,5,6,5002,0,0,0,,0,062,"HIGBEE DR","MARSMA AV",20.00,W,N,A,-,N,,,,,,,,,,Y,2,0,1,2,A,-,01,23152,,N,B,E,A,A,H,-,C,D,0,,,,,Y,Y,-,,1,0,0,0,0,0,0,0,0,"- ","- ",,,STANISLAUS,MODESTO,-121.01755300000001,37.684700999999997
9038522,2020,2020-03-13,5002,2020-01-05,0208,11854,M609,7,5,6,5002,0,0,0,,0,043,"CLAUS RD","CREEKWOOD DR",1945.00,S,N,E,-,N,,,,,,,,,,Y,3,0,1,1,A,-,01,23152,,N,E,I,A,B,H,-,C,D,0,,,,,Y,Y,A,,0,1,0,0,0,0,0,0,0,"- ","- ",,,STANISLAUS,MODESTO,-120.92115020751953,37.644622802734375
9038534,2020,2020-03-13,5002,2020-01-13,2125,13262,M013,1,5,6,5002,0,0,0,,0,MP63,"SHAWNEE DR","STANFORD AV",0.00,,Y,A,-,N,,,,,,,,,,N,2,0,1,2,A,-,11,21453,D,N,G,B,B,A,H,-,C,A,0,Y,,,,Y,,N,60,1,0,0,0,1,0,0,0,0,"- ","- ",,,STANISLAUS,MODESTO,,
9038633,2020,2020-02-27,5002,2020-01-09,1321,10188,387,4,5,6,5002,0,0,0,,0,041,"J ST",12TH,0.00,,Y,B,-,N,,,,,,,,,,Y,4,0,1,5,A,-,12,21453,A,N,D,C,A,A,H,-,A,A,0,,,,,Y,,-,,0,0,1,0,0,0,0,0,0,"- ","- ",,,STANISLAUS,MODESTO,-120.99844360351562,37.641891479492188
90386510,2017,2017-02-06,9465,2017-01-24,1632,018274,,2,2,9,5000,0,1,1,,2,055,"INTERSTATE 5 (S/B) TO SPERRY AVENUE","SPERRY AVENUE",350.00,N,N,B,-,Y,,,5,,,,R,,,N,4,0,2,2,A,-,03,22350,,N,C,C,A,A,H,-,A,D,0,,,,,Y,,A,01,0,0,2,0,0,0,0,0,0,"- ","- ",37.464410000000001,-121.18158,STANISLAUS,UNINCORPORATED,-121.18158,37.464410000000001
90386900,2017,2017-02-06,9465,2017-01-26,1750,020575,,4,2,9,5000,0,3,5,,2,030,"SANTA FE AVENUE","HATCH ROAD",581.00,N,N,A,-,N,,,,,,,,,,Y,4,0,1,3,A,-,03,22350,,N,C,C,A,A,H,-,D,A,0,,,,,Y,,A,01,0,0,1,0,0,0,0,0,0,"- ","- ",37.610399999999998,-120.8862,STANISLAUS,UNINCORPORATED,-120.88617134,37.610355650000002
90386913,2017,2017-02-06,9465,2017-01-27,1250,16320,,5,1,9,5000,0,3,5,,2,030,"SANTA FE AVENUE","STATE ROUTE 132",350.00,S,N,A,-,N,,,,,,,,,,N,4,0,1,2,A,-,03,22350,,N,C,C,A,A,H,-,A,D,0,,,,,Y,,D,22,0,0,1,0,0,0,0,0,0,"- ","- ",37.637320000000003,-120.90281,STANISLAUS,UNINCORPORATED,-120.902867,37.637321
9038727,2020,2020-02-18,5006,2020-01-21,1915,S02646,RPS,2,5,3,5006,0,0,0,,0,001,"OAKDALE RD","CLARIBEL RD",0.00,,Y,A,-,N,,,,,,,,,,N,4,0,2,2,A,-,12,21453,A,N,B,C,A,A,H,-,C,A,0,,,,,Y,,A,01,0,0,2,0,0,0,0,0,0,"- ","- ",,,STANISLAUS,RIVERBANK,-120.95838165283203,37.710971832275391
90387498,2017,2017-02-07,9465,2017-01-28,1305,018259,,6,1,9,5000,0,3,5,,2,010,"COFFEE ROAD","CLARIBEL ROAD",30.00,S,N,A,-,N,,,,,,,,,,N,4,0,2,2,A,-,21,22106,,N,C,C,A,A,H,-,A,A,0,,,,,Y,,A,01,0,0,2,0,0,0,0,0,0,"- ","- ",37.710900000000002,-120.9766,STANISLAUS,UNINCORPORATED,-120.9766377,37.71094763
90387938,2017,2017-02-07,9465,2017-01-29,1255,018998,,7,1,4,5001,0,1,3,,2,041,"STATE ROUTE 99 (SOUTHBOUND)","HATCH ROAD",2640.00,N,N,A,-,Y,,,,,,,,,,Y,4,0,1,2,A,-,03,22350,,N,C,C,A,A,H,-,A,D,0,,,,Y,Y,,G,25,0,0,1,0,0,0,0,0,0,"- ","- ",37.615900000000003,-120.983,STANISLAUS,CERES,-120.98183484,37.615257870000001
90388197,2017,2017-02-08,9465,2017-01-29,1515,018767,,7,2,9,5000,0,2,4,,2,024,"ALBERS ROAD","PATTERSON ROAD",0.00,,Y,A,-,N,,,,,,,,,,Y,3,0,2,2,A,-,12,21453,A,N,A,C,A,A,H,-,A,A,0,,,,,Y,,A,01,0,2,0,0,0,0,0,0,0,"- ","- ",37.732750000000003,-120.83955,STANISLAUS,UNINCORPORATED,-120.83959996999999,37.732779919999999
90388645,2017,2017-02-08,9465,2017-01-31,0720,018768,,2,1,9,5000,0,3,5,,2,040,"WASHINGTON ROAD","CLAYTON ROAD",0.00,,Y,B,E,N,,,,,,,,,,Y,3,0,2,2,A,-,03,22350,,N,D,C,A,A,H,-,B,A,0,,,,Y,Y,,A,01,0,1,1,0,0,0,0,0,0,"- ","- ",37.481740000000002,-120.90363000000001,STANISLAUS,UNINCORPORATED,-120.90364991,37.481739930000003
90392099,2016,2017-02-13,9465,2016-11-30,0542,014737,,3,3,9,5000,0,3,5,,2,030,"MONTPELIER ROAD","MONTE VISTA AVENUE",0.00,,Y,B,E,N,,,,,,,,,,Y,1,1,0,3,D,-,00,,,N,D,C,E,B,H,-,D,D,0,Y,,,,Y,,-,"- ",0,0,0,1,0,0,0,0,0,"- ","- ",37.529049999999998,-120.68380000000001,STANISLAUS,UNINCORPORATED,-120.68383995000001,37.520879989999997
90394669,2017,2017-02-16,9465,2017-02-09,0805,018259,,4,1,9,5000,0,1,3,,2,041,"STATE ROUTE 99 (NORTHBOUND)","SERVICE ROAD",30.00,S,N,B,-,Y,,,99,,,,,,,Y,4,0,1,2,A,-,03,22350,,N,C,C,A,A,H,-,A,D,0,,,,,Y,,A,01,0,0,1,0,0,0,0,0,0,"- ","- ",37.580100000000002,-120.9438,STANISLAUS,UNINCORPORATED,-120.94377729,37.580125940000002
90399119,2017,2017-02-23,9465,2017-02-14,1547,019553,,2,2,9,5000,0,1,3,,2,013,"STATE ROUTE 108 (MCHENRY AVENUE)","STATE ROUTE 108 (PATTERSON ROAD)",235.00,S,N,A,-,Y,,,108,,,,,,,Y,2,0,1,3,A,-,08,22107,,N,B,C,A,A,H,-,A,D,0,,,,,Y,,A,01,1,0,0,0,0,0,0,0,0,"- ","- ",37.729770000000002,-120.99518,STANISLAUS,UNINCORPORATED,-120.99519886,37.729769699999999
90400710,2017,2017-02-27,9465,2017-02-19,1420,019713,,7,2,9,5000,0,3,5,,2,040,"KEYES ROAD","TULLY ROAD",200.00,W,N,B,-,N,,,,,,,,,,N,4,0,1,2,A,-,08,22107,,N,D,C,A,B,H,-,A,D,0,,,,Y,Y,,A,07,0,0,1,0,0,0,0,0,0,"- ","- ",37.555120000000002,-120.87127,STANISLAUS,UNINCORPORATED,-120.87066984000001,37.551201540000001
90401719,2017,2017-02-28,9465,2017-02-21,0750,015098,,2,1,9,5000,0,1,3,,2,012,"STATE ROUTE 132","RUSSELL ROAD",5280.00,E,N,B,-,Y,,,132,,,,,,,Y,3,0,2,3,A,-,03,22350,,N,C,C,A,B,H,-,A,D,0,,,,,Y,,A,01,0,1,1,0,0,0,0,0,0,"- ","- ",37.637790000000003,-121.14569,STANISLAUS,UNINCORPORATED,-121.14568998999999,37.63782192
90401745,2017,2017-02-28,9465,2017-02-21,0830,018768,,2,1,9,5000,0,2,4,,2,044,"CARPENTER ROAD","HATCH ROAD",80.00,N,N,B,C,N,,,,,,,,,,N,4,0,1,3,A,-,03,22350,,N,C,C,A,B,H,-,A,D,0,,,,,Y,,D,22,0,0,1,0,0,0,0,0,0,"- ","- ",37.607550000000003,-121.03041,STANISLAUS,UNINCORPORATED,-121.03044610000001,37.607559649999999
90401755,2017,2017-02-28,9465,2017-02-21,1245,018778,,2,1,9,5000,0,3,5,,2,040,"SERVICE ROAD","COLLINS ROAD",60.00,E,N,C,-,N,,,,,,,,,,N,4,0,1,2,A,-,09,21801,A,N,C,C,A,B,H,-,A,A,0,,,,,Y,,A,01,0,0,1,0,0,0,0,0,0,"- ","- ",37.580219999999997,-120.94998,STANISLAUS,UNINCORPORATED,-120.95002599999999,37.580255999999999