CASE_ID,ACCIDENT_YEAR,PROC_DATE,JURIS,COLLISION_DATE,COLLISION_TIME,OFFICER_ID,REPORTING_DISTRICT,DAY_OF_WEEK,CHP_SHIFT,POPULATION,CNTY_CITY_LOC,SPECIAL_COND,BEAT_TYPE,CHP_BEAT_TYPE,CITY_DIVISION_LAPD,CHP_BEAT_CLASS,BEAT_NUMBER,PRIMARY_RD,SECONDARY_RD,DISTANCE,DIRECTION,INTERSECTION,WEATHER_1,WEATHER_2,STATE_HWY_IND,CALTRANS_COUNTY,CALTRANS_DISTRICT,STATE_ROUTE,ROUTE_SUFFIX,POSTMILE_PREFIX,POSTMILE,LOCATION_TYPE,RAMP_INTERSECTION,SIDE_OF_HWY,TOW_AWAY,COLLISION_SEVERITY,NUMBER_KILLED,NUMBER_INJURED,PARTY_COUNT,PRIMARY_COLL_FACTOR,PCF_CODE_OF_VIOL,PCF_VIOL_CATEGORY,PCF_VIOLATION,PCF_VIOL_SUBSECTION,HIT_AND_RUN,TYPE_OF_COLLISION,MVIW,PED_ACTION,ROAD_SURFACE,ROAD_COND_1,ROAD_COND_2,LIGHTING,CONTROL_DEVICE,CHP_ROAD_TYPE,PEDESTRIAN_ACCIDENT,BICYCLE_ACCIDENT,MOTORCYCLE_ACCIDENT,TRUCK_ACCIDENT,NOT_PRIVATE_PROPERTY,ALCOHOL_INVOLVED,STWD_VEHTYPE_AT_FAULT,CHP_VEHTYPE_AT_FAULT,COUNT_SEVERE_INJ,COUNT_VISIBLE_INJ,COUNT_COMPLAINT_PAIN,COUNT_PED_KILLED,COUNT_PED_INJURED,COUNT_BICYCLIST_KILLED,COUNT_BICYCLIST_INJURED,COUNT_MC_KILLED,COUNT_MC_INJURED,PRIMARY_RAMP,SECONDARY_RAMP,LATITUDE,LONGITUDE,COUNTY,CITY,POINT_X,POINT_Y
90569237,2017,2017-11-08,9465,2017-10-01,1804,020260,,7,2,4,5001,0,1,3,,2,041,"STATE ROUTE 99 (SOUTHBOUND)","MITCHELL ROAD",740.00,S,N,A,-,Y,,,99,,,,,,,Y,2,0,3,4,A,-,09,21804,A,N,B,C,A,A,H,-,A,D,0,,,,Y,Y,Y,A,07,1,2,0,0,0,0,0,0,0,"- ","- ",37.57282,-120.93577000000001,STANISLAUS,CERES,-120.9357268,37.572863290000001
90571996,2017,2017-10-18,9465,2017-10-05,1405,018778,,4,2,9,5000,0,3,5,,2,050,"STUHR ROAD","EASTIN ROAD",0.00,,Y,A,-,N,,,,,,,,,,Y,2,0,2,2,A,-,09,21801,A,N,D,C,A,A,H,-,A,A,0,,,,Y,Y,,G,79,1,1,0,0,0,0,0,0,0,"- ","- ",37.333390000000001,-121.06748,STANISLAUS,UNINCORPORATED,-121.06747991,37.333350090000003
90572310,2017,2017-10-18,9465,2017-10-06,1605,021226,,5,2,6,5002,0,1,3,,2,011,"SR-99 N/B","WOODLAND AVENUE",50.00,N,N,A,-,Y,,,99,,,,,,N,N,4,0,1,2,A,-,04,21703,,N,C,C,A,A,H,-,A,D,0,,,,,Y,,A,01,0,0,1,0,0,0,0,0,0,"- ","- ",37.653379999999999,-121.02504,STANISLAUS,MODESTO,-121.02494933,37.653454920000001
90573949,2017,2017-10-19,9465,2017-10-09,1730,019713,,1,2,9,5000,0,3,5,,2,050,"HAMILTON ROAD","RIVER ROAD",0.00,,Y,A,-,N,,,,,,,,,,Y,3,0,1,3,A,-,09,21802,A,N,D,C,A,A,G,-,A,A,0,,,,,Y,,D,22,0,1,0,0,0,0,0,0,0,"- ","- ",37.577159999999999,-121.20294,STANISLAUS,UNINCORPORATED,-121.20280988,37.577329919999997
90575951,2017,2017-10-23,9465,2017-10-06,1530,020486,,5,2,9,5000,0,1,3,,2,041,"STATE ROUTE 99 (SOUTHBOUND)","SERVICE ROAD",82.00,N,N,A,-,Y,,,99,,,,,,,Y,4,0,1,2,A,-,04,21703,,N,C,C,A,A,H,-,A,D,0,,,,,Y,,A,01,0,0,1,0,0,0,0,0,0,"- ","- ",37.580419999999997,-120.94437000000001,STANISLAUS,UNINCORPORATED,-120.94437563,37.5804136
90576011,2017,2017-10-23,9465,2017-10-08,1735,020575,,7,2,9,5000,0,2,4,,2,024,"ALBERS ROAD (400 BLOCK)","YOSEMITE BLVD",3010.00,N,N,A,-,N,,,,,,,,,,Y,3,0,3,3,A,-,03,22350,,N,A,C,A,A,H,-,A,D,0,,,,,Y,,D,22,0,3,0,0,0,0,0,0,0,"- ","- ",37.64705,-120.84784999999999,STANISLAUS,UNINCORPORATED,-120.84783902,37.646998590000003
90576015,2017,2017-10-23,9465,2017-10-09,1619,020587,,1,2,4,5001,0,1,3,,2,041,"STATE ROUTE 99","HATCH ROAD",3168.00,S,N,A,-,Y,,,99,,,,,,,Y,4,0,2,2,A,-,03,22350,,N,C,C,A,A,H,-,A,D,0,,,,,Y,,A,01,0,0,2,0,0,0,0,0,0,"- ","- ",37.602629999999998,-120.96955,STANISLAUS,CERES,-120.96962359,37.602546019999998
90577877,2017,2017-10-25,9465,2017-10-10,2220,020642,,2,3,9,5000,0,1,3,,1,054,"SR-33 SOUTHBOUND","LUNDY ROAD",1320.00,N,N,A,-,Y,,,33,,,,,,S,Y,4,0,1,1,A,-,08,22107,,N,F,I,A,A,H,-,D,D,0,,,,,Y,,A,01,0,0,1,0,0,0,0,0,0,"- ","- ",37.353769999999997,-121.0394,STANISLAUS,UNINCORPORATED,-121.03932281,37.353832509999997
90578065,2017,2017-10-25,9465,2017-10-16,1535,021226,,1,2,9,5000,0,1,3,,2,011,"SR-99 N/B","HAMMETT ROAD",2640.00,S,N,A,-,Y,,,99,,,,,,N,N,4,0,1,2,A,-,04,21703,,N,C,C,A,A,H,-,A,D,0,,,,,Y,,A,01,0,0,1,0,0,0,0,0,0,"- ","- ",37.719050000000003,-121.09634,STANISLAUS,UNINCORPORATED,-121.09627881,37.719123070000002
90578226,2017,2017-10-25,9465,2017-10-12,1705,020190,,4,2,9,5000,0,1,3,,2,012,SR-132,"GATES ROAD",0.00,,Y,A,-,Y,,,132,,,,,,,Y,3,0,4,2,A,-,09,21801,A,N,D,C,A,A,H,-,A,D,0,,,,,Y,,A,01,0,4,0,0,0,0,0,0,0,"- ","- ",37.637880000000003,-121.1589,STANISLAUS,UNINCORPORATED,-121.15890002,37.637826990000001
90578580,2017,2017-10-25,9465,2017-10-13,1333,018945,,5,1,9,5000,0,3,5,,2,020,"RODDEN ROAD","28 MILE ROAD",100.00,W,N,A,-,N,,,,,,,,,,Y,3,0,1,1,A,-,01,23152,A,N,E,I,A,A,H,-,A,A,0,,,,,Y,Y,A,01,0,1,0,0,0,0,0,0,0,"- ","- ",37.794029999999999,-120.84081,STANISLAUS,UNINCORPORATED,-120.84054999999999,37.794020000000003
90580922,2017,2017-10-27,9465,2017-10-13,1510,020486,,5,2,6,5002,0,1,3,,2,011,"STATE ROUTE 99 (SOUTHBOUND)","PELANDALE AVENUE",3168.00,S,N,A,-,Y,,,99,,,,,,,Y,3,0,3,3,A,-,03,22350,,N,C,C,A,A,H,-,A,D,0,,,,,Y,,A,01,0,1,2,0,0,0,0,0,0,"- ","- ",37.69032,-121.06233,STANISLAUS,MODESTO,-121.06231030000001,37.69034396
90581161,2017,2017-10-27,9465,2017-10-14,1933,021226,,6,2,9,5000,0,3,5,,2,010,"SR-99 (S/B) TO HAMMETT ROAD","HAMMETT ROAD",0.00,,Y,A,-,N,,,99,,,,R,,,Y,4,0,1,2,A,-,12,22450,A,N,D,C,A,A,H,-,C,A,0,,,,,Y,,A,01,0,0,1,0,0,0,0,0,0,"- ","- ",37.72598,-121.10354,STANISLAUS,UNINCORPORATED,-121.10354,37.72598
90584183,2017,2017-10-31,9465,2017-10-19,2238,020807,,4,3,5,5007,0,1,3,,2,041,"SR-99 N/B","TAYLOR RD",528.00,S,N,A,-,Y,,,99,,,,,,N,Y,4,0,1,1,A,-,03,22350,,N,E,I,A,A,H,-,D,D,0,,,,,Y,,A,07,0,0,1,0,0,0,0,0,0,"- ","- ",37.533180000000002,-120.89028999999999,STANISLAUS,TURLOCK,-120.89029745000001,37.533178270000001
90584500,2017,2017-11-01,9465,2017-10-16,1719,021783,,1,2,9,5000,0,1,3,,1,054,"STATE ROUTE 33","FRANK COX ROAD",0.00,,Y,A,-,Y,,,33,,,,,,,Y,3,0,1,3,A,-,09,21801,A,N,D,C,A,A,H,-,A,D,0,,,,,Y,,A,01,0,1,0,0,0,0,0,0,0,"- ","- ",37.539259999999999,-121.18812,STANISLAUS,UNINCORPORATED,-121.18807511999999,37.539309260000003
90584619,2017,2017-11-01,9465,2017-10-20,1710,019161,,5,2,6,5002,0,3,5,,2,010,"STATE ROUTE 99 (NORTHBOUND)","KANSAS AVENUE",1584.00,S,N,B,-,Y,,,99,,,,,,,N,4,0,1,2,A,-,21,22106,,N,C,C,A,A,H,-,A,D,0,,,,,Y,,D,22,0,0,1,0,0,0,0,0,0,"- ","- ",37.643169999999998,-121.01228,STANISLAUS,MODESTO,-121.01223481,37.643244729999999
90584963,2017,2018-04-11,9465,2017-10-21,1155,020486,,6,1,9,5000,0,2,4,,2,044,"CARPENTER ROAD","KEYES ROAD",1584.00,S,N,A,-,N,,,,,,,,,,Y,4,0,2,2,A,-,03,22350,,M,C,C,A,A,H,-,A,D,0,,,,,Y,,D,22,0,0,2,0,0,0,0,0,0,"- ","- ",37.546849999999999,-121.03031,STANISLAUS,UNINCORPORATED,-121.03023,37.547099879999998
90586239,2017,2017-11-02,9465,2017-10-24,0746,018382,,2,1,9,5000,0,3,5,,2,020,"TERMINAL AVENUE","CLARIBEL ROAD",0.00,,Y,A,-,N,,,,,,,,,,Y,2,0,3,2,A,-,09,21801,A,N,A,C,A,A,H,-,A,D,0,,,,,Y,,A,01,1,2,0,0,0,0,0,0,0,"- ","- ",37.710900000000002,-120.9294,STANISLAUS,UNINCORPORATED,-120.92935993,37.710899910000002
90587943,2017,2017-11-06,9465,2017-10-21,1115,018998,,6,1,9,5000,0,1,3,,2,041,"STATE ROUTE 99 (NORTHBOUND)","CROWS LANDING ROAD",2100.00,S,N,A,-,Y,,,99,,,,,,,Y,2,0,2,1,A,-,03,22350,,N,F,A,A,A,H,-,A,D,0,,,Y,,Y,,C,02,1,1,0,0,0,0,0,0,2,"- ","- ",37.616680000000002,-120.98488,STANISLAUS,UNINCORPORATED,-120.98487095999999,37.61674412
90587985,2017,2017-11-06,9465,2017-10-23,0745,018382,,1,1,9,5000,0,2,4,,2,034,"GEER RD","SR-132 (YOSEMITE BLVD)",30.00,S,N,A,-,N,,,,,,,,,,N,2,0,1,2,A,-,11,21950,B,N,G,B,B,A,H,-,A,D,0,Y,,,,Y,,N,60,1,0,0,0,1,0,0,0,0,"- ","- ",37.638649999999998,-120.84774,STANISLAUS,UNINCORPORATED,-120.847697,37.638641999999997
90588043,2017,2017-11-06,9465,2017-10-25,0623,018274,,3,1,9,5000,0,3,5,,2,010,"BECKWITH ROAD","FINNEY ROAD",0.00,,Y,A,-,N,,,,,,,,,,Y,4,0,2,2,A,-,12,22450,A,N,D,C,A,A,H,-,D,A,0,,,,,Y,,A,01,0,0,2,0,0,0,0,0,0,"- ","- ",37.681750000000001,-121.08629000000001,STANISLAUS,UNINCORPORATED,-121.08624998000001,37.681749969999998
90589312,2017,2017-11-07,9465,2017-10-27,1200,019517,,5,1,9,5000,0,1,3,,2,041,SR-99,"LANDER AVENUE",45.00,N,N,A,-,Y,,,,,,,,,,Y,4,0,3,3,A,-,03,22350,,N,C,C,A,A,H,-,A,D,0,,,,,Y,,D,22,0,0,3,0,0,0,0,0,0,"- ","- ",37.473260000000003,-120.8494,STANISLAUS,UNINCORPORATED,,
90589344,2017,2017-11-07,9465,2017-10-28,1345,018382,,6,1,9,5000,0,1,3,,2,041,"STATE ROUTE 99 (NORTHBOUND)","MITCHELL AVENUE",792.00,S,N,A,-,Y,,,99,,,,,,,Y,4,0,1,1,A,-,03,22350,,N,E,J,A,A,H,-,A,D,0,,,,,Y,,A,01,0,0,1,0,0,0,0,0,0,"- ","- ",37.575409999999998,-120.93801999999999,STANISLAUS,UNINCORPORATED,-120.93807941,37.575353149999998
9058964,2020,2020-03-20,5002,2020-03-01,0949,10751,M074,7,5,6,5002,0,0,0,,0,062,"WEST RUMBLE RD","WYATT WY",31.00,W,N,B,-,N,,,,,,,,,,Y,3,0,1,3,A,-,06,21750,,F,B,E,A,A,H,-,A,D,0,,,,,Y,,-,,0,1,0,0,0,0,0,0,0,"- ","- ",,,STANISLAUS,MODESTO,-121.02919006347656,37.681884765625
90591223,2017,2017-11-09,9465,2017-10-26,1935,020457,,4,2,9,5000,0,3,5,,2,010,"CALIFORNIA AVENUE","GRIMES AVENUE",0.00,,Y,A,-,N,,,,,,,,,,Y,3,0,4,2,A,-,12,22450,A,N,D,C,A,A,H,-,C,A,0,,,,,Y,Y,A,01,0,4,0,0,0,0,0,0,0,"- ","- ",37.62397,-121.04473,STANISLAUS,UNINCORPORATED,-121.04436988,37.631259880000002
90591294,2017,2017-11-09,9465,2017-11-02,0127,020952,,4,3,9,5000,0,3,5,,2,040,"KEYES ROAD","JESSUP ROAD",528.00,E,N,A,-,N,,,,,,,,,,Y,2,0,2,2,A,-,05,21460,A,N,A,C,A,A,H,-,D,D,0,,,,Y,Y,,A,01,1,0,1,0,0,0,0,0,0,"- ","- ",37.55021,-120.9177,STANISLAUS,UNINCORPORATED,-120.91768413,37.550231840000002
9059150,2020,2020-03-23,5007,2020-02-20,2129,5787,5007,4,5,5,5007,0,0,0,,0,004,"NORTH WALNUT RD","W CHRISTOFFERSEN",0.00,,Y,A,-,N,,,,,,,,,,Y,3,0,3,2,A,-,12,21453,,N,D,C,A,A,H,-,C,A,0,,,,,Y,,A,07,0,2,1,0,0,0,0,0,0,"- ","- ",,,STANISLAUS,TURLOCK,-120.86702728271484,37.529331207275391
90591808,2017,2017-11-09,9465,2017-11-05,1835,020587,,7,2,9,5000,0,3,5,,2,030,"MONTE VISTA AVENUE","GRATTON ROAD",0.00,,Y,A,-,N,,,,,,,,,,Y,4,0,2,2,A,-,12,22450,A,N,D,C,A,A,H,-,C,A,0,,,,,Y,,A,07,0,0,2,0,0,0,0,0,0,"- ","- ",37.521709999999999,-120.79409,STANISLAUS,UNINCORPORATED,-120.79409986,37.521709950000002
90591969,2017,2017-11-10,9465,2017-10-30,0630,019155,,1,1,9,5000,0,2,4,,2,044,"CARPENTER ROAD","ELM AVENUE",0.00,,Y,A,-,N,,,,,,,,,,Y,4,0,3,2,A,-,09,21802,A,N,D,C,A,A,H,-,D,D,0,,,,,Y,,A,01,0,0,3,0,0,0,0,0,0,"- ","- ",37.643279999999997,-121.03004,STANISLAUS,UNINCORPORATED,-121.03023992999999,37.643250000000002
90591974,2017,2017-11-10,9465,2017-11-02,2149,021783,,4,2,9,5000,0,1,3,,2,041,"STATE ROUTE 99 (SOUTHBOUND)","SERVICE ROAD",160.00,S,N,A,-,Y,,,99,,,,,,,N,3,0,1,2,A,-,03,22350,,N,C,C,A,A,H,-,D,D,0,,,,,Y,,D,22,0,1,0,0,0,0,0,0,0,"- ","- ",37.577660000000002,-120.94099,STANISLAUS,UNINCORPORATED,-120.9409696,37.577689560000003
90592017,2017,2017-11-10,9465,2017-11-05,1805,020587,,7,2,9,5000,0,3,5,,2,030,"MITCHELL AVENUE","FINCH ROAD",1056.00,S,N,A,-,N,,,,,,,,,,Y,4,0,1,1,A,-,08,22107,,N,E,I,A,A,H,-,D,D,0,,,,,Y,,A,01,0,0,1,0,0,0,0,0,0,"- ","- ",37.621839999999999,-120.94119999999999,STANISLAUS,UNINCORPORATED,-120.94105127,37.621756580000003
90592978,2017,2017-11-13,9465,2017-10-31,1046,014588,,2,1,9,5000,0,1,1,,2,056,"INTERSTATE 5 (NORTHBOUND)","ORESTIMBA ROAD",15.00,N,N,B,-,Y,,,5,,,,,,,Y,3,0,1,1,A,-,01,23152,A,N,E,I,A,A,H,-,A,D,0,,,,,Y,Y,D,22,0,1,0,0,0,0,0,0,0,"- ","- ",37.322940000000003,-121.10906,STANISLAUS,UNINCORPORATED,-121.10898609,37.32296496
90593755,2017,2017-11-14,9465,2017-11-08,1458,019553,,3,2,9,5000,0,3,5,,2,010,"ROBERTSON ROAD","MARLOW STREET",0.00,,Y,A,-,N,,,,,,,,,,Y,4,0,1,2,A,-,09,21801,A,N,A,C,A,A,H,-,A,D,0,,,,,Y,,A,01,0,0,1,0,0,0,0,0,0,"- ","- ",37.613230000000001,-121.02565,STANISLAUS,UNINCORPORATED,-121.02567994,37.613250000000001
90595826,2017,2017-11-16,9465,2017-11-10,1928,021226,,5,2,9,5000,0,2,4,,2,016,SR-219,"CARVER ROAD",50.00,E,N,A,-,Y,,,219,,,,,,,Y,4,0,2,3,A,-,03,22350,,N,C,C,A,A,H,-,C,A,0,,,,,Y,,D,22,0,0,2,0,0,0,0,0,0,"- ","- ",37.71125,-121.02194,STANISLAUS,UNINCORPORATED,-121.02194015000001,37.711234750000003
9059584,2020,2020-03-20,5002,2020-02-27,2027,13262,M102,4,5,6,5002,0,0,0,,0,MP73,"COFFEE RD","SYLVAN AV",0.00,,Y,A,-,N,,,,,,,,,,Y,4,0,1,3,A,-,12,21453,A,F,D,C,A,A,H,-,C,A,0,,,,,Y,,-,,0,0,1,0,0,0,0,0,0,"- ","- ",,,STANISLAUS,MODESTO,-120.97608947753906,37.688899993896484
9059592,2020,2020-03-19,5002,2020-02-22,1749,13244,153,6,5,6,5002,0,0,0,,0,073,"ROSELLE AV","SYLVAN AV",0.00,,Y,A,-,N,,,,,,,,,,N,3,0,1,2,A,-,03,22350,,N,C,C,A,A,H,-,A,A,0,,,,,Y,,-,,0,1,0,0,0,0,0,0,0,"- ","- ",,,STANISLAUS,MODESTO,,
9059637,2020,2020-03-24,5002,2020-03-08,1720,13068,,7,5,6,5002,0,0,0,,0,042,"BUENA VISTA","LA LOMA AV",0.00,,Y,A,-,N,,,,,,,,,,N,4,0,1,2,A,-,09,21802,A,N,D,G,A,A,H,-,A,A,0,,Y,,,Y,,-,,0,0,1,0,0,0,1,0,0,"- ","- ",,,STANISLAUS,MODESTO,-120.98259735107422,37.643520355224609
90596567,2017,2017-11-17,9465,2017-11-09,2337,021783,,4,3,9,5000,0,1,1,,2,055,"INTERSTATE 5","HOWARD ROAD",14784.00,S,N,A,-,Y,,,5,,,,,,,Y,3,0,1,2,A,-,07,21658,A,N,B,C,A,A,H,-,D,D,0,,,,,Y,,A,01,0,1,0,0,0,0,0,0,0,"- ","- ",37.49568,-121.21341,STANISLAUS,UNINCORPORATED,-121.21340366,37.495688629999997
90599168,2017,2017-11-21,9465,2017-11-07,1720,020486,,2,2,9,5000,0,1,3,,2,041,"STATE ROUTE 99 (NORTHBOUND)","HATCH ROAD",374.00,S,N,A,-,Y,,,99,,,,,,,N,4,0,1,2,A,-,03,22350,,N,C,C,A,A,H,-,A,D,0,,,,,Y,,A,07,0,0,1,0,0,0,0,0,0,"- ","- ",37.608429999999998,-120.97557,STANISLAUS,UNINCORPORATED,-120.97555448999999,37.608444849999998
90600826,2017,2017-11-22,9465,2017-11-13,0015,020642,,1,3,9,5000,0,1,1,,2,056,"I-5 SOUTHBOUND","STUHR ROAD",4224.00,N,N,A,-,Y,,,5,,,,,,S,N,4,0,1,1,A,-,08,22107,,N,E,I,A,A,H,-,D,D,0,,,,Y,Y,,G,25,0,0,1,0,0,0,0,0,0,"- ","- ",37.337029999999999,-121.11402,STANISLAUS,UNINCORPORATED,-121.11396068000001,37.337048580000001
90601073,2017,2017-11-22,9465,2017-11-13,0858,018274,,1,1,9,5000,0,3,5,,2,050,"DEL PUERTO CANYON ROAD","DIABLO GRANDE PARKWAY",28512.00,N,N,B,-,N,,,,,,,,,,Y,4,0,1,2,A,-,05,21460,A,N,A,C,A,A,H,-,A,D,0,,,,,Y,,A,01,0,0,1,0,0,0,0,0,0,"- ","- ",37.461460000000002,-121.25319,STANISLAUS,UNINCORPORATED,-121.25242161,37.461517690000001
90603072,2017,2017-11-27,9465,2017-11-15,1800,018778,,3,2,9,5000,0,1,3,,2,041,"SR-99 N/B","CROWS LANDING ROAD",1600.00,S,N,B,-,Y,,,99,,,,,,N,Y,4,0,1,3,A,-,03,22350,,N,C,C,A,A,H,-,C,D,0,,,,,Y,,A,01,0,0,1,0,0,0,0,0,0,"- ","- ",37.61721,-120.98842,STANISLAUS,UNINCORPORATED,-120.98842107999999,37.617201110000003
90603149,2017,2017-11-27,9465,2017-11-15,1834,018778,,3,2,9,5000,0,3,5,,2,010,"PARADISE ROAD","OHIO AVENUE",50.00,W,N,B,-,N,,,,,,,,,,N,4,0,1,2,A,-,03,22350,,N,C,C,A,A,H,-,D,D,0,,,,,Y,,D,22,0,0,1,0,0,0,0,0,0,"- ","- ",37.615389999999998,-121.0352,STANISLAUS,UNINCORPORATED,-121.03518563999999,37.615361350000001
90603719,2017,2017-11-28,9465,2017-11-17,1735,021239,,5,2,6,5002,0,1,3,,2,011,"SR-99 NORTHBOUND","KIERNAN AVENUE",1000.00,N,N,A,-,Y,,,,,,,,,,Y,4,0,1,2,A,-,03,22350,,N,C,C,A,A,H,-,D,D,0,,,,,Y,,A,01,0,0,1,0,0,0,0,0,0,"- ","- ",37.710650000000001,-121.08377,STANISLAUS,MODESTO,-121.08373683000001,37.710888410000003
90605808,2017,2017-11-30,9465,2017-11-20,1828,019553,,1,2,9,5000,0,1,3,,2,011,"STATE ROUTE 99 (SOUTHBOUND)","I STREET",200.00,S,N,A,-,Y,,,,,,,,,,Y,4,0,1,3,A,-,03,22350,,N,C,C,A,A,H,-,D,D,0,,,,,Y,,A,01,0,0,1,0,0,0,0,0,0,"- ","- ",37.635820000000002,-121.00288999999999,STANISLAUS,UNINCORPORATED,-121.00306051,37.635834799999998
90606476,2017,2017-11-30,9465,2017-11-22,1713,020362,,3,2,9,5000,0,1,3,,2,041,"STATE ROUTE 99 (NORTHBOUND)","LANDER AVENUE",100.00,N,N,A,-,Y,,,99,,,,,,,Y,4,0,1,2,A,-,03,22350,,N,C,C,A,A,H,-,D,D,0,,,,,Y,,A,01,0,0,1,0,0,0,0,0,0,"- ","- ",37.473790000000001,-120.84899,STANISLAUS,UNINCORPORATED,-120.8490066,37.473747830000001
90609679,2017,2017-12-04,9465,2017-11-24,1305,020575,,5,1,6,5002,0,1,3,,2,041,"SR-99 NORTHBOUND","CROWS LANDING ROAD",1320.00,S,N,A,-,Y,,,99,,,,,,N,Y,4,0,1,3,A,-,03,22350,,N,C,C,A,A,H,-,A,D,0,,,,,Y,,A,08,0,0,1,0,0,0,0,0,0,"- ","- ",37.617280000000001,-120.9892,STANISLAUS,MODESTO,-120.98919811,37.617295570000003
90611043,2017,2017-12-06,9465,2017-11-16,1320,019161,,4,1,9,5000,0,3,5,,2,030,"KERR AVENUE","MONO DRIVE",0.00,,Y,C,-,N,,,,,,,,,,N,4,0,1,2,A,-,12,22450,A,N,D,C,A,B,H,-,A,D,0,,,,,Y,,D,22,0,0,1,0,0,0,0,0,0,"- ","- ",37.635539999999999,-120.97132000000001,STANISLAUS,UNINCORPORATED,-120.9713799,37.63547999
90611387,2017,2017-12-06,9465,2017-11-23,2258,018292,,4,3,9,5000,0,2,4,,2,016,"CLARIBEL ROAD","LITT ROAD",294.00,W,N,A,-,Y,,,,,,,,,,Y,3,0,1,3,A,-,01,23152,A,N,C,C,A,A,H,-,D,D,0,,,,,Y,Y,A,01,0,1,0,0,0,0,0,0,0,"- ","- ",37.710909999999998,-120.93271,STANISLAUS,UNINCORPORATED,-120.93307626000001,37.710921489999997
90612646,2017,2017-12-07,9465,2017-11-27,1800,021239,,1,2,9,5000,0,3,5,,2,030,"FRONTAGE ROAD","GOLF ROAD",20.00,W,N,A,-,N,,,,,,,,,,N,4,0,1,2,A,-,10,21950,A,M,G,B,D,A,H,-,D,D,0,Y,,,,Y,,-,99,0,0,1,0,1,0,0,0,0,"- ","- ",37.479500000000002,-120.83121,STANISLAUS,UNINCORPORATED,-120.831226,37.479523999999998
90614033,2017,2017-12-11,9465,2017-11-26,1745,021239,,7,2,5,5007,0,3,5,,2,040,"GOLF ROAD","HARDING ROAD",1200.00,S,N,B,-,N,,,,,,,,,,Y,4,0,1,2,A,-,21,22106,,N,D,C,A,A,H,-,D,D,0,,,,,Y,,-,99,0,0,1,0,0,0,0,0,0,"- ","- ",37.460210000000004,-120.83083999999999,STANISLAUS,TURLOCK,-120.83083095000001,37.460164669999997
90614099,2017,2017-12-11,9465,2017-11-26,0100,019517,,7,3,9,5000,0,3,5,,2,050,"ALMOND AVENUE",SR-33,1056.00,E,N,B,-,N,,,,,,,,,,Y,4,0,1,2,D,-,00,,,M,B,C,A,A,H,-,A,D,0,,,,,Y,,-,"- ",0,0,1,0,0,0,0,0,0,"- ","- ",37.454340000000002,-121.11293999999999,STANISLAUS,UNINCORPORATED,-121.1119447,37.454793129999999
90615135,2017,2017-12-12,9465,2017-12-01,1455,021239,,5,2,6,5002,0,1,3,,2,011,"SR-99 NORTHBOUND","CROWS LANDING ROAD",1200.00,S,N,A,-,Y,,,99,,,,,,N,N,4,0,1,2,A,-,08,22107,,N,B,C,A,A,H,-,A,D,0,,,,,Y,,A,01,0,0,1,0,0,0,0,0,0,"- ","- ",37.617170000000002,-120.98996,STANISLAUS,MODESTO,-120.98992445,37.617389459999998
90617960,2017,2017-12-14,9465,2017-12-01,1830,020190,,5,2,9,5000,0,1,3,,2,021,"SR-120 WESTBOUND","26 MILE ROAD",225.00,E,N,A,-,Y,,,120,,,,,,W,Y,4,0,1,2,A,-,01,23152,A,N,D,C,A,A,H,-,D,D,0,,,,,Y,Y,A,01,0,0,1,0,0,0,0,0,0,"- ","- ",37.788249999999998,-120.8634,STANISLAUS,UNINCORPORATED,-120.86344681999999,37.78819258
90619729,2017,2017-12-18,9465,2017-12-06,1940,020260,,3,2,9,5000,0,3,5,,2,040,"HATCH ROAD E/B","BOULDER AVENUE",90.00,E,N,A,-,N,,,,,,,,,,Y,4,0,3,2,A,-,03,22350,,M,C,C,A,A,H,-,C,D,0,,,,,Y,,A,01,0,0,3,0,0,0,0,0,0,"- ","- ",37.60942,-120.98585,STANISLAUS,UNINCORPORATED,-120.98592932,37.609409999999997
90619866,2017,2017-12-18,9465,2017-12-05,1640,019161,,2,2,4,5001,0,1,3,,2,041,"STATE ROUTE 99 (NORTHBOUND)","WHITMORE AVENUE",1056.00,S,N,A,-,Y,,,99,,,,,,,N,4,0,1,2,A,-,03,22350,,N,C,C,A,A,H,-,A,D,0,,,,,Y,,E,22,0,0,1,0,0,0,0,0,0,"- ","- ",37.59207,-120.95708,STANISLAUS,CERES,-120.95710998,37.592034550000001
90622355,2017,2017-12-21,9465,2017-12-11,0925,020842,,1,1,9,5000,0,1,3,,2,041,"SR-99 N/B","PINE STREET",1162.00,S,N,A,-,Y,,,99,,,,,,N,Y,3,0,2,2,A,-,03,22350,,N,C,C,A,A,H,-,A,D,0,,,,,Y,,A,01,0,1,1,0,0,0,0,0,0,"- ","- ",37.585560000000001,-120.95009,STANISLAUS,UNINCORPORATED,-120.95004181,37.585614880000001
90622593,2017,2017-12-21,9465,2017-12-11,2141,018292,,1,2,9,5000,0,1,3,,2,041,"STATE ROUTE 99 (SOUTHBOUND)","MONTE VISTA AVENUE",1373.00,S,N,A,-,Y,,,99,,,,,,,Y,4,0,1,2,A,-,03,22350,,N,C,C,A,A,H,-,D,D,0,,,,,Y,,A,01,0,0,1,0,0,0,0,0,0,"- ","- ",37.518299999999996,-120.88387,STANISLAUS,UNINCORPORATED,-120.88384148,37.518315229999999