CASE_ID,ACCIDENT_YEAR,PROC_DATE,JURIS,COLLISION_DATE,COLLISION_TIME,OFFICER_ID,REPORTING_DISTRICT,DAY_OF_WEEK,CHP_SHIFT,POPULATION,CNTY_CITY_LOC,SPECIAL_COND,BEAT_TYPE,CHP_BEAT_TYPE,CITY_DIVISION_LAPD,CHP_BEAT_CLASS,BEAT_NUMBER,PRIMARY_RD,SECONDARY_RD,DISTANCE,DIRECTION,INTERSECTION,WEATHER_1,WEATHER_2,STATE_HWY_IND,CALTRANS_COUNTY,CALTRANS_DISTRICT,STATE_ROUTE,ROUTE_SUFFIX,POSTMILE_PREFIX,POSTMILE,LOCATION_TYPE,RAMP_INTERSECTION,SIDE_OF_HWY,TOW_AWAY,COLLISION_SEVERITY,NUMBER_KILLED,NUMBER_INJURED,PARTY_COUNT,PRIMARY_COLL_FACTOR,PCF_CODE_OF_VIOL,PCF_VIOL_CATEGORY,PCF_VIOLATION,PCF_VIOL_SUBSECTION,HIT_AND_RUN,TYPE_OF_COLLISION,MVIW,PED_ACTION,ROAD_SURFACE,ROAD_COND_1,ROAD_COND_2,LIGHTING,CONTROL_DEVICE,CHP_ROAD_TYPE,PEDESTRIAN_ACCIDENT,BICYCLE_ACCIDENT,MOTORCYCLE_ACCIDENT,TRUCK_ACCIDENT,NOT_PRIVATE_PROPERTY,ALCOHOL_INVOLVED,STWD_VEHTYPE_AT_FAULT,CHP_VEHTYPE_AT_FAULT,COUNT_SEVERE_INJ,COUNT_VISIBLE_INJ,COUNT_COMPLAINT_PAIN,COUNT_PED_KILLED,COUNT_PED_INJURED,COUNT_BICYCLIST_KILLED,COUNT_BICYCLIST_INJURED,COUNT_MC_KILLED,COUNT_MC_INJURED,PRIMARY_RAMP,SECONDARY_RAMP,LATITUDE,LONGITUDE,COUNTY,CITY,POINT_X,POINT_Y
90801098,2018,2018-08-29,9465,2018-08-18,0950,018222,,6,1,9,5000,0,1,3,,2,021,"STATE ROUTE 120 (LON DALE ROAD)","RIVER ROAD",840.00,W,N,A,-,Y,,,120,,,,,,,Y,4,0,2,4,A,-,04,21703,,N,C,C,A,A,H,-,A,D,0,,,,,Y,,A,01,0,0,2,0,0,0,0,0,0,"- ","- ",37.785820007324219,-120.86058044433594,STANISLAUS,UNINCORPORATED,-120.86056518554688,37.785839080810547
90801320,2018,2018-08-30,9465,2018-08-17,1800,019730,,5,2,9,5000,0,3,5,,2,030,"GRIFFIN ROAD","KEYES ROAD",0.00,,Y,A,-,N,,,,,,,,,,Y,3,0,4,2,A,-,09,21802,A,N,D,C,A,A,H,-,A,D,0,,,,,Y,,A,01,0,1,3,0,0,0,0,0,0,"- ","- ",37.551181793212891,-120.85624694824219,STANISLAUS,UNINCORPORATED,-120.85623168945312,37.551170349121094
90803866,2018,2018-08-31,9465,2018-08-23,1750,020663,,4,2,9,5000,0,3,5,,2,040,"CENTRAL AVENUE","GRAYSON ROAD",4.00,S,N,A,-,N,,,,,,,,,,Y,4,0,1,2,A,-,05,21752,D,N,A,C,A,A,H,-,A,D,0,,,,,Y,,D,22,0,0,1,0,0,0,0,0,0,"- ","- ",37.565681457519531,-120.95706176757812,STANISLAUS,UNINCORPORATED,-120.95709228515625,37.565738677978516
90803927,2018,2018-10-03,9465,2018-08-25,1705,020663,,6,2,9,5000,0,3,5,,2,040,"KEYES ROAD","KEYES ROAD TO SOUTHBOUND STATE ROUTE 99",15.00,E,N,A,-,N,,,,,,,,,,Y,4,0,1,3,A,-,09,21801,A,N,D,C,A,A,H,-,A,D,0,,,,,Y,,A,01,0,0,1,0,0,0,0,0,0,"- ","- ",37.547649383544922,-120.90667724609375,STANISLAUS,UNINCORPORATED,,
90805693,2018,2018-09-05,9465,2018-08-21,0930,019152,,2,1,9,5000,0,3,5,,2,040,"GRAYSON ROAD","JENNINGS ROAD",150.00,E,N,A,-,N,,,,,,,,,,Y,3,0,1,1,A,-,08,22107,,N,E,I,A,A,H,-,A,D,0,,,,,Y,,A,01,0,1,0,0,0,0,0,0,0,"- ","- ",37.565929412841797,-121.06584930419922,STANISLAUS,UNINCORPORATED,-121.06615447998047,37.565971374511719
90805941,2018,2018-09-05,9465,2018-09-03,1440,020395,,1,2,9,5000,0,3,5,,2,010,"PARADISE ROAD","VERNON AVENUE",50.00,E,N,A,-,N,,,,,,,,,,N,4,0,2,2,A,-,08,22107,,N,D,C,A,A,H,-,A,D,0,,,,,Y,,A,01,0,0,2,0,0,0,0,0,0,"- ","- ",37.617530822753906,-121.02783966064453,STANISLAUS,UNINCORPORATED,-121.02790832519531,37.617156982421875
90806874,2018,2018-09-06,9465,2018-08-25,0840,018222,,6,1,9,5000,0,1,3,,2,028,"STATE ROUTE 4","MILTON ROAD",0.00,,Y,A,-,Y,,,4,,,,,,,Y,4,0,2,2,A,-,09,21802,A,N,D,C,A,A,H,-,A,D,0,,,,,Y,,E,22,0,0,2,0,0,0,0,0,0,"- ","- ",37.944751739501953,-120.84375,STANISLAUS,UNINCORPORATED,-120.84375,37.94476318359375
90807729,2018,2018-09-07,9465,2018-08-21,1650,020395,,2,2,9,5000,0,3,5,,2,010,"STATE ROUTE 132","GATES ROAD",350.00,W,N,A,-,N,,,132,,,,,,,Y,4,0,1,2,A,-,07,21658,A,N,B,C,A,A,H,-,A,D,0,,,,,Y,,D,22,0,0,1,0,0,0,0,0,0,"- ","- ",37.637870788574219,-121.16259002685547,STANISLAUS,UNINCORPORATED,-121.16259002685547,37.637828826904297
90807748,2018,2018-09-07,9465,2018-08-25,1730,021235,,6,2,9,5000,0,1,3,,1,032,"STATE ROUTE 132","MISSOURI AVENUE",0.00,,Y,A,-,N,,,132,,,,,,,Y,4,0,3,2,A,-,03,22350,,N,C,C,A,A,H,-,A,D,0,,,,,Y,,A,01,0,0,3,0,0,0,0,0,0,"- ","- ",37.638301849365234,-120.78755950927734,STANISLAUS,UNINCORPORATED,-120.78755950927734,37.638332366943359
90808438,2018,2018-09-10,9465,2018-08-16,0355,019982,,4,3,6,5002,0,1,3,,2,011,"STATE ROUTE 99 (SOUTHBOUND)","PELANDALE AVENUE",415.00,N,N,A,-,Y,,,99,,,,,,,Y,4,0,1,1,A,-,08,22107,,N,E,I,A,A,H,-,C,D,0,,,,,Y,,A,07,0,0,1,0,0,0,0,0,0,"- ","- ",37.701801300048828,-121.07341003417969,STANISLAUS,MODESTO,-121.07324981689453,37.701972961425781
90809720,2018,2018-09-11,9465,2018-08-30,2003,021320,,4,2,9,5000,0,3,5,,2,040,"FAITH HOME ROAD","KAISER ROAD",545.00,N,N,A,-,N,,,,,,,,,,Y,3,0,1,1,A,-,01,23152,A,N,F,A,A,A,H,-,D,D,0,,,,,Y,,D,22,0,1,0,0,0,0,0,0,0,"- ","- ",37.557361602783203,-120.92069244384766,STANISLAUS,UNINCORPORATED,-120.92060852050781,37.557395935058594
90810987,2018,2018-09-12,9465,2018-08-31,1050,018059,,5,1,9,5000,0,3,5,,2,030,"LIZZIE AVENUE","8TH STREET",40.00,W,N,A,-,N,,,,,,,,,,N,3,0,1,1,A,-,03,22350,,N,E,I,A,A,H,-,A,A,0,,,Y,,Y,Y,C,02,0,1,0,0,0,0,0,0,1,"- ","- ",37.557098388671875,-120.91432952880859,STANISLAUS,UNINCORPORATED,-120.91445922851562,37.557136535644531
90813474,2018,2018-09-14,9465,2018-09-13,0823,018259,,4,1,9,5000,0,3,5,,2,030,"MARIPOSA ROAD","FINCH ROAD.",1954.00,N,N,B,-,N,,,,,,,,,,Y,3,0,1,2,A,-,06,21755,,N,D,C,A,A,H,-,A,D,0,,,,Y,Y,,A,07,0,1,0,0,0,0,0,0,0,"- ","- ",37.62921142578125,-120.93450164794922,STANISLAUS,UNINCORPORATED,-120.93440246582031,37.629096984863281
90814429,2018,2018-09-17,9465,2018-09-05,0215,019982,,3,3,5,5007,0,1,3,,2,041,"STATE ROUTE 99 (NORTHBOUND)","WEST MAIN ST.",3652.00,S,N,A,-,Y,,,99,,,,,,,N,4,0,2,2,A,-,03,22350,,N,C,C,A,A,H,-,C,D,0,,,,,Y,,D,22,0,0,2,0,0,0,0,0,0,"- ","- ",37.484119415283203,-120.86530303955078,STANISLAUS,TURLOCK,-120.86530303955078,37.484119415283203
90815558,2018,2018-09-18,9465,2018-09-04,2210,021062,,2,3,9,5000,0,3,5,,2,040,"CENTRAL AVENUE","SIMMONS ROAD",1521.00,N,N,B,-,N,,,,,,,,,,Y,2,0,1,1,A,-,01,23152,A,N,E,I,A,A,H,-,D,D,0,,,,,Y,,A,01,1,0,0,0,0,0,0,0,0,"- ","- ",37.474208831787109,-120.95816802978516,STANISLAUS,UNINCORPORATED,-120.95819091796875,37.475185394287109
90815933,2018,2018-09-18,9465,2018-09-09,1456,021235,,7,2,9,5000,0,3,5,,2,030,"B STREET","1ST STREET",0.00,,Y,A,-,N,,,,,,,,,,N,3,0,2,2,A,-,08,22107,,N,B,G,A,A,H,-,A,D,0,,Y,,,Y,,L,04,0,1,1,0,0,0,1,0,0,"- ","- ",37.639560699462891,-120.90701293945312,STANISLAUS,UNINCORPORATED,-120.90705871582031,37.639568328857422
90820587,2018,2018-09-25,9465,2018-09-14,1015,020985,,5,1,9,5000,0,1,3,,2,041,"STATE ROUTE 99 (SOUTHBOUND)","TAYLOR ROAD",100.00,S,N,A,-,Y,,,99,,,,,,,Y,4,0,1,2,A,-,08,22107,,N,B,C,A,A,H,-,A,D,0,,,,Y,Y,,A,01,0,0,1,0,0,0,0,0,0,"- ","- ",37.5364990234375,-120.89205169677734,STANISLAUS,UNINCORPORATED,-120.89209747314453,37.536468505859375
90820976,2018,2018-09-25,9465,2018-09-15,0355,020952,,6,3,9,5000,0,1,3,,2,041,"SR-99 (S/B) FROM FULKERTH ROAD","FULKERTH ROAD",300.00,S,N,A,-,Y,,,99,,,,R,,,Y,4,0,1,1,A,-,08,22107,,N,F,A,A,A,H,-,D,D,0,,,,,Y,,A,01,0,0,1,0,0,0,0,0,0,"- ","- ",37.506320953369141,-120.8778076171875,STANISLAUS,UNINCORPORATED,-120.8778076171875,37.506320953369141
90821119,2018,2018-09-25,9465,2018-09-15,1130,018222,,6,1,9,5000,0,3,5,,2,050,"DEL PUERTO CANYON ROAD","SPERRY AVENUE",80256.00,E,N,A,-,N,,,,,,,,,,Y,2,0,1,1,A,-,08,22107,,N,E,I,A,A,H,-,A,D,0,,,Y,,Y,,C,02,1,0,0,0,0,0,0,0,1,"- ","- ",37.422969818115234,-121.36502075195312,STANISLAUS,UNINCORPORATED,,
90821920,2018,2018-09-26,9465,2018-09-16,1050,018671,,7,1,9,5000,0,3,5,,2,020,"OAKDALE-WATERFORD HIGHWAY","MILNES ROAD",1320.00,S,N,A,-,N,,,,,,,,,,N,2,0,1,2,A,-,03,22350,,N,C,G,A,A,H,-,A,D,0,,Y,,,Y,,L,04,1,0,0,0,0,0,1,0,0,"- ","- ",37.673740386962891,-120.79781341552734,STANISLAUS,UNINCORPORATED,-120.80223846435547,37.678836822509766
9082206,2020,2020-08-21,5007,2020-03-16,1256,5792,5007,1,5,5,5007,0,0,0,,0,001,"DANCER WY","CALLISTO LN",247.00,W,N,C,-,N,,,,,,,,,,Y,4,0,1,2,A,-,08,22107,,N,F,E,A,B,H,-,A,D,0,,,,,Y,,A,07,0,0,1,0,0,0,0,0,0,"- ","- ",,,STANISLAUS,TURLOCK,-120.837646484375,37.534828186035156
9082214,2020,2020-08-25,5006,2020-03-11,1809,02448,,3,5,3,5006,0,0,0,,0,,"ROSELLE AV","S ROSE BROOK DR",30.00,S,N,A,-,N,,,,,,,,,,N,4,0,3,2,A,-,03,22350,,N,C,C,A,A,H,-,A,A,0,,,,,Y,,D,22,0,0,3,0,0,0,0,0,0,"- ","- ",,,STANISLAUS,RIVERBANK,-120.94023895263672,37.719509124755859
9082218,2020,2020-07-13,5001,2020-03-25,1903,747,D006,3,5,4,5001,0,0,0,,0,005,"EAST WHITMORE AV","FAITH HOME RD",0.00,,Y,A,-,N,,,,,,,,,,Y,4,0,2,2,A,-,12,22450,A,N,D,C,A,A,H,-,B,A,0,,,,,Y,,A,01,0,0,2,0,0,0,0,0,0,"- ","- ",37.594799041748047,-120.92047119140625,STANISLAUS,CERES,-120.92047119140625,37.594829559326172
90822391,2018,2018-09-27,9465,2018-09-15,1900,021636,,6,2,9,5000,0,3,5,,2,040,"STATE ROUTE 219 (KIERNAN AVENUE)","STODDARD AVENUE",180.00,E,N,A,-,Y,,,219,,,,,,,Y,4,0,1,2,A,-,03,22350,,N,C,C,A,A,H,-,A,D,0,,,,,Y,,A,01,0,0,1,0,0,0,0,0,0,"- ","- ",37.711238861083984,-121.06768035888672,STANISLAUS,UNINCORPORATED,-121.06768035888672,37.711063385009766
90822535,2018,2018-11-19,9465,2018-09-17,0624,018671,,1,1,9,5000,0,3,5,,2,050,"MARSHALL ROAD","ARMSTRONG ROAD",500.00,W,N,A,-,N,,,,,,,,,,Y,2,0,1,2,A,-,05,21650,,N,A,C,A,A,H,-,B,D,0,,,,,Y,,M,46,1,0,0,0,0,0,0,0,0,"- ","- ",37.434810638427734,-121.06920623779297,STANISLAUS,UNINCORPORATED,-121.06900024414062,37.434894561767578
90822669,2018,2018-09-27,9465,2018-09-17,0815,018671,,1,1,9,5000,0,2,4,,2,042,"CROWS LANDING ROAD","MORRIS ROAD",1381.00,W,N,A,-,N,,,,,,,,,,Y,4,0,1,2,A,-,09,21804,A,N,D,C,A,A,H,-,A,D,0,,,,,Y,,D,22,0,0,1,0,0,0,0,0,0,"- ","- ",37.391288757324219,-121.05213165283203,STANISLAUS,UNINCORPORATED,-121.05251312255859,37.391513824462891
90824756,2018,2018-09-28,9465,2018-09-17,1348,021235,,1,1,9,5000,0,3,5,,2,030,"FAITH HOME ROAD","REDWOOD ROAD",72.00,S,N,A,-,N,,,,,,,,,,Y,4,0,2,3,A,-,03,22350,,N,C,C,A,A,H,-,A,D,0,,,,,Y,,A,01,0,0,2,0,0,0,0,0,0,"- ","- ",37.572948455810547,-120.92037200927734,STANISLAUS,UNINCORPORATED,-120.92041015625,37.572853088378906
90824784,2018,2018-09-28,9465,2018-09-14,1603,021235,,5,2,9,5000,0,1,3,,2,041,"STATE ROUTE 99 (NORTHBOUND)","WHITMORE AVENUE",1815.00,N,N,A,-,Y,,,,,,,,,,Y,2,0,1,2,A,-,03,22350,,N,C,C,A,A,H,-,A,D,0,,,,Y,Y,,D,22,1,0,0,0,0,0,0,0,0,"- ","- ",37.598320007324219,-120.96440887451172,STANISLAUS,UNINCORPORATED,-120.96478271484375,37.598289489746094
90825136,2018,2018-10-01,9465,2018-09-16,0215,020642,,7,3,6,5002,0,1,3,,2,013,"STATE ROUTE 108","STATE ROUTE 219 (KIERNAN AVENUE)",0.00,,Y,A,-,Y,,,,,,,,,,Y,4,0,6,2,A,-,12,21453,A,N,D,C,A,A,H,-,C,A,0,,,,,Y,,A,01,0,0,6,0,0,0,0,0,0,"- ","- ",37.711021423339844,-120.99504852294922,STANISLAUS,MODESTO,,
90825203,2018,2018-10-01,9465,2018-09-21,2022,020395,,5,2,9,5000,0,3,5,,2,040,"KEYES ROAD","CROWS LANDING ROAD",0.00,,Y,A,-,N,,,,,,,,,,Y,4,0,2,2,A,-,12,22450,A,N,D,C,A,A,H,-,E,A,0,,,,,Y,,A,08,0,0,2,0,0,0,0,0,0,"- ","- ",37.55133056640625,-120.99366760253906,STANISLAUS,UNINCORPORATED,-120.99368286132812,37.551319122314453
90828055,2018,2018-10-03,9465,2018-09-22,2145,021066,,6,2,9,5000,0,3,5,,2,020,"PATTERSON ROAD","LANGWORTH ROAD",850.00,W,N,A,-,N,,,,,,,,,,Y,4,0,1,2,A,-,08,22107,,M,B,C,A,A,H,-,D,D,0,,,,,Y,,D,22,0,0,1,0,0,0,0,0,0,"- ","- ",37.732810974121094,-120.89737701416016,STANISLAUS,UNINCORPORATED,-120.89734649658203,37.732795715332031
9082821,2020,2020-07-01,5001,2020-03-08,2333,875,D003,7,5,4,5001,0,0,0,,0,005,"MITCHELL RD","WHITMORE AV",285.00,S,N,A,-,N,,,,,,,,,,Y,3,0,3,1,A,-,08,22107,,N,E,I,A,-,H,-,C,A,0,,,,,Y,,A,07,0,1,2,0,0,0,0,0,0,"- ","- ",37.594730377197266,-120.93868255615234,STANISLAUS,CERES,-120.93869781494141,37.593967437744141
9083002,2020,2020-07-16,5007,2020-03-15,1521,5770,,7,5,5,5007,0,0,0,,0,004,"CROWELL RD","MONTE VISTA",370.00,N,N,C,-,N,,,,,,,,,,Y,4,0,1,2,A,-,09,21804,A,N,D,C,A,B,H,-,A,D,0,,,,,Y,,-,,0,0,1,0,0,0,0,0,0,"- ","- ",,,STANISLAUS,TURLOCK,-120.86261749267578,37.522914886474609
90830086,2018,2018-10-05,9465,2018-09-28,1529,021235,,5,2,9,5000,0,1,3,,2,041,"STATE ROUTE 99 (SOUTHBOUND)","LANDER AVENUE",980.00,N,N,A,-,Y,,,99,,,,,,,Y,4,0,1,3,A,-,03,22350,,M,C,C,A,A,H,-,A,D,0,,,,,Y,,A,01,0,0,1,0,0,0,0,0,0,"- ","- ",37.475109100341797,-120.85221862792969,STANISLAUS,UNINCORPORATED,-120.85225677490234,37.475025177001953
90830634,2018,2018-10-08,9465,2018-09-27,0730,020807,,4,1,9,5000,0,1,3,,2,041,"SR-99 S/B","7TH STREET",500.00,N,N,A,-,Y,,,99,,,,,,S,N,4,0,1,2,A,-,03,22350,,N,C,C,A,A,H,-,A,D,0,,,,,Y,,A,01,0,0,1,0,0,0,0,0,0,"- ","- ",37.617019653320312,-120.98860931396484,STANISLAUS,UNINCORPORATED,-120.98861694335938,37.616992950439453
90831529,2018,2018-10-09,9465,2018-09-27,1448,021321,,4,2,9,5000,1,1,3,,1,032,"STATE ROUTE 132","SANTA FE AVENUE",200.00,W,N,A,-,Y,,,132,,,,,,,Y,4,0,2,4,A,-,03,22350,,N,C,C,A,A,H,-,A,D,0,,,,,Y,,A,01,0,0,2,0,0,0,0,0,0,"- ","- ",37.638099670410156,-120.90415954589844,STANISLAUS,UNINCORPORATED,-120.90415954589844,37.638263702392578
90833407,2018,2018-11-06,9465,2018-09-29,2140,021062,,6,2,9,5000,0,3,5,,2,050,"VILLAMANUCHA ROAD","KILBURN ROAD",1046.00,W,N,A,-,N,,,,,,,,,,Y,2,0,1,2,A,-,03,22350,,N,C,C,A,A,H,-,D,D,0,,,,,Y,,A,07,1,0,0,0,0,0,0,0,0,"- ","- ",37.377708435058594,-121.01184844970703,STANISLAUS,UNINCORPORATED,-121.01138305664062,37.377449035644531
90835348,2018,2018-10-15,9465,2018-10-02,1930,020833,,2,2,6,5002,0,1,3,,2,011,"STATE ROUTE 99 (SOUTHBOUND)","TUOLUMNE BLVD",100.00,S,N,A,-,Y,,,99,,,,,,,Y,4,0,3,2,A,-,04,21703,,N,C,C,A,A,H,-,D,D,0,,,,,Y,,A,07,0,0,3,0,0,0,0,0,0,"- ","- ",37.627529144287109,-120.99700927734375,STANISLAUS,MODESTO,-120.9970703125,37.627517700195312
9083633,2020,2020-06-17,5001,2020-03-09,0204,849,A203,1,5,4,5001,0,0,0,,0,001,RICHLAND,"RICHARD WY",163.00,N,N,A,-,N,,,,,,,,,,N,4,0,1,2,A,-,03,22350,,M,C,E,A,A,H,-,C,D,0,,,,,Y,,A,01,0,0,1,0,0,0,0,0,0,"- ","- ",37.604770660400391,-120.96616363525391,STANISLAUS,CERES,-120.96616363525391,37.605236053466797
90837325,2018,2018-10-16,9465,2018-10-06,1650,020609,,6,2,3,5005,0,1,1,,2,056,"INTERSTATE 5","DEL PUERTO CANYON ROAD",6442.00,S,N,A,-,Y,,,,,,,,,,Y,4,0,2,2,A,-,03,22350,,N,C,C,A,A,H,-,A,D,0,,,,,Y,,A,07,0,0,2,0,0,0,0,0,0,"- ","- ",37.446510314941406,-121.16677093505859,STANISLAUS,PATTERSON,,
90838610,2018,2018-10-18,9465,2018-10-06,1153,019155,,6,1,9,5000,0,1,3,,2,011,"STATE ROUTE 99 (NORTHBOUND)","BECKWITH ROAD",1320.00,N,N,A,-,Y,,,99,,,,,,,Y,4,0,1,1,A,-,08,22107,,N,F,A,A,A,H,-,A,D,0,,,,,Y,,A,01,0,0,1,0,0,0,0,0,0,"- ","- ",37.685531616210938,-121.05658721923828,STANISLAUS,UNINCORPORATED,-121.05638122558594,37.685829162597656
90840804,2018,2018-10-22,9465,2018-10-20,2102,020833,,6,2,9,5000,0,3,5,,2,010,"CARPENTER ROAD","PARADISE ROAD",156.00,N,N,A,-,N,,,,,,,,,,Y,2,0,2,2,A,-,01,23152,A,N,C,C,A,A,H,-,C,A,0,,,,,Y,Y,A,08,1,1,0,0,0,0,0,0,0,"- ","- ",37.616809844970703,-121.03050231933594,STANISLAUS,UNINCORPORATED,-121.03038787841797,37.616909027099609
90841291,2018,2018-10-22,9465,2018-10-10,0520,019517,,3,3,9,5000,0,3,5,,2,040,"MONTE VISTA AVENUE","CARPENTER ROAD",2640.00,W,N,A,-,N,,,,,,,,,,Y,4,0,1,1,A,-,08,22107,,N,F,I,A,A,H,-,D,D,0,,,,,Y,,D,22,0,0,1,0,0,0,0,0,0,"- ","- ",37.522300720214844,-121.04019927978516,STANISLAUS,UNINCORPORATED,-121.03990936279297,37.522365570068359
90842084,2018,2018-10-23,9465,2018-10-14,0014,021226,,7,3,9,5000,0,3,5,,2,040,"HATCH ROAD","CARPENTER ROAD",375.00,E,N,A,-,N,,,,,,,,,,Y,3,0,1,1,A,-,01,23152,A,N,E,I,A,A,H,-,C,D,0,,,,,Y,Y,D,22,0,1,0,0,0,0,0,0,0,"- ","- ",37.607471466064453,-121.02913665771484,STANISLAUS,UNINCORPORATED,-121.02915191650391,37.607341766357422
90842279,2018,2018-10-23,9465,2018-10-12,1300,018274,,5,1,9,5000,0,1,3,,2,011,"STATE ROUTE 99 (SOUTHBOUND)","BRIGGSMORE AVENUE",1584.00,N,N,A,-,Y,,,99,,,,,,,Y,3,0,1,2,C,-,18,,,N,E,J,A,A,H,-,A,D,0,,,,Y,Y,,-,"- ",0,1,0,0,0,0,0,0,0,"- ","- ",37.668060302734375,-121.03559875488281,STANISLAUS,UNINCORPORATED,-121.03559112548828,37.668067932128906
90843915,2018,2018-10-24,9465,2018-10-05,1550,020575,,5,2,9,5000,0,1,3,,1,054,SR-33,"J T CROW ROAD",0.00,,Y,A,-,Y,,,33,,,,,,,Y,4,0,2,2,A,-,12,22450,A,N,D,C,A,A,H,-,A,A,0,,,,,Y,,A,01,0,0,2,0,0,0,0,0,0,"- ","- ",37.367950439453125,-121.05072784423828,STANISLAUS,UNINCORPORATED,-121.05075073242188,37.367935180664062
90844309,2018,2018-10-25,9465,2018-10-10,2100,019713,,3,2,9,5000,0,3,5,,2,050,"MARY STREET","RIVER ROAD",190.00,E,N,A,-,N,,,,,,,,,,N,2,0,2,3,A,-,05,21650,,F,G,B,E,A,H,-,C,D,0,Y,,,,Y,Y,A,01,1,1,0,0,2,0,0,0,0,"- ","- ",37.561550140380859,-121.18035125732422,STANISLAUS,UNINCORPORATED,-121.18061828613281,37.561485290527344
90844465,2018,2018-10-25,9465,2018-10-15,1317,018274,,1,1,9,5000,0,2,4,,2,034,"GEER ROAD","GRAYSON ROAD",100.00,N,N,A,-,N,,,,,,,,,,Y,4,0,1,2,A,-,09,21804,A,N,D,C,A,A,H,-,A,D,0,,,,,Y,,A,01,0,0,1,0,0,0,0,0,0,"- ","- ",37.565971374511719,-120.84700775146484,STANISLAUS,UNINCORPORATED,-120.84702301025391,37.565944671630859
90844988,2018,2018-10-25,9465,2018-10-17,0602,020362,,3,1,9,5000,0,1,3,,2,041,"STATE ROUTE 99 (NORTHBOUND)","CROWS LANDING ROAD",2112.00,N,N,A,-,Y,,,99,,,,,,,Y,4,0,1,2,A,-,03,22350,,N,C,C,A,A,H,-,C,D,0,,,,,Y,,A,01,0,0,1,0,0,0,0,0,0,"- ","- ",37.624660491943359,-120.99619293212891,STANISLAUS,UNINCORPORATED,-120.99613189697266,37.624671936035156
90846368,2018,2018-10-26,9465,2018-09-22,0053,020952,,6,3,9,5000,0,3,5,,2,040,"S. 9TH STREET","PECOS AVENUE",253.00,S,N,A,-,N,,,,,,,,,,N,2,0,1,3,A,-,11,21954,A,N,G,B,D,A,H,-,D,D,0,Y,,,,Y,,N,60,1,0,0,0,1,0,0,0,0,"- ","- ",37.614921569824219,-120.98329162597656,STANISLAUS,UNINCORPORATED,-120.98330688476562,37.614952087402344
90847008,2018,2018-10-29,9465,2018-10-19,1725,021066,,5,2,9,5000,0,1,3,,2,011,"SR-99 (N/B)","KIERNAN AVENUE",1584.00,N,N,A,-,Y,,,99,,,,,,,N,4,0,1,2,A,-,03,22350,,N,C,C,A,A,H,-,A,D,0,,,,,Y,,A,01,0,0,1,0,0,0,0,0,0,"- ","- ",37.716930389404297,-121.09359741210938,STANISLAUS,UNINCORPORATED,-121.0936279296875,37.716899871826172
90847672,2018,2018-10-29,9465,2018-10-20,0935,018945,,6,1,9,5000,0,3,5,,2,010,"SISK ROAD","STATE ROUTE 99 (NORTHBOUND) ON-RAMP",0.00,,Y,A,-,N,,,,,,,,,,Y,4,0,2,2,A,-,12,21453,A,N,D,C,A,A,H,-,A,A,0,,,,,Y,,D,22,0,0,2,0,0,0,0,0,0,"- ","- ",37.701400756835938,-121.07095336914062,STANISLAUS,UNINCORPORATED,-121.070892,37.701419999999999
90847690,2018,2019-01-16,9465,2018-10-20,1457,021068,,6,2,9,5000,0,1,3,,1,031,"STATE ROUTE 132","ROSCOE ROAD",0.00,,Y,A,-,Y,,,132,,,,,,,N,4,0,1,2,A,-,03,22350,,N,C,C,A,A,H,-,A,D,0,,,,,Y,,A,01,0,0,1,0,0,0,0,0,0,"- ","- ",37.638771057128906,-120.83386993408203,STANISLAUS,UNINCORPORATED,-120.83386993408203,37.63873291015625
90848014,2018,2018-10-29,9465,2018-10-22,1548,019553,,1,2,9,5000,0,3,5,,2,030,"C STREET","3RD STREET",110.00,S,N,A,-,N,,,,,,,,,,N,4,0,1,2,A,-,08,22107,,N,G,B,D,A,H,-,A,D,0,Y,,,,Y,,D,22,0,0,1,0,1,0,0,0,0,"- ","- ",37.641868591308594,-120.90579986572266,STANISLAUS,UNINCORPORATED,-120.90581512451172,37.641899108886719
90848174,2018,2018-10-29,9465,2018-10-23,0740,020985,,2,1,9,5000,0,3,5,,2,040,"HACKETT ROAD","VIVIAN ROAD",0.00,,Y,A,-,N,,,,,,,,,,Y,3,0,2,2,A,-,09,21802,A,N,D,C,A,A,H,-,A,D,0,,,,,Y,,M,46,0,2,0,0,0,0,0,0,0,"- ","- ",37.587779998779297,-121.04847717285156,STANISLAUS,UNINCORPORATED,-121.04850769042969,37.587810516357422
90848476,2018,2018-10-30,9465,2018-10-28,0311,021636,,7,3,9,5000,0,3,5,,2,030,"KEYES ROAD","MOUNTAIN VIEW ROAD",0.00,,Y,A,-,N,,,,,,,,,,Y,3,0,1,2,A,-,01,23152,A,N,D,C,A,A,H,-,D,D,0,,,,,Y,Y,A,01,0,1,0,0,0,0,0,0,0,"- ","- ",37.551239013671875,-120.87912750244141,STANISLAUS,UNINCORPORATED,-120.87908935546875,37.551219940185547