CASE_ID,ACCIDENT_YEAR,PROC_DATE,JURIS,COLLISION_DATE,COLLISION_TIME,OFFICER_ID,REPORTING_DISTRICT,DAY_OF_WEEK,CHP_SHIFT,POPULATION,CNTY_CITY_LOC,SPECIAL_COND,BEAT_TYPE,CHP_BEAT_TYPE,CITY_DIVISION_LAPD,CHP_BEAT_CLASS,BEAT_NUMBER,PRIMARY_RD,SECONDARY_RD,DISTANCE,DIRECTION,INTERSECTION,WEATHER_1,WEATHER_2,STATE_HWY_IND,CALTRANS_COUNTY,CALTRANS_DISTRICT,STATE_ROUTE,ROUTE_SUFFIX,POSTMILE_PREFIX,POSTMILE,LOCATION_TYPE,RAMP_INTERSECTION,SIDE_OF_HWY,TOW_AWAY,COLLISION_SEVERITY,NUMBER_KILLED,NUMBER_INJURED,PARTY_COUNT,PRIMARY_COLL_FACTOR,PCF_CODE_OF_VIOL,PCF_VIOL_CATEGORY,PCF_VIOLATION,PCF_VIOL_SUBSECTION,HIT_AND_RUN,TYPE_OF_COLLISION,MVIW,PED_ACTION,ROAD_SURFACE,ROAD_COND_1,ROAD_COND_2,LIGHTING,CONTROL_DEVICE,CHP_ROAD_TYPE,PEDESTRIAN_ACCIDENT,BICYCLE_ACCIDENT,MOTORCYCLE_ACCIDENT,TRUCK_ACCIDENT,NOT_PRIVATE_PROPERTY,ALCOHOL_INVOLVED,STWD_VEHTYPE_AT_FAULT,CHP_VEHTYPE_AT_FAULT,COUNT_SEVERE_INJ,COUNT_VISIBLE_INJ,COUNT_COMPLAINT_PAIN,COUNT_PED_KILLED,COUNT_PED_INJURED,COUNT_BICYCLIST_KILLED,COUNT_BICYCLIST_INJURED,COUNT_MC_KILLED,COUNT_MC_INJURED,PRIMARY_RAMP,SECONDARY_RAMP,LATITUDE,LONGITUDE,COUNTY,CITY,POINT_X,POINT_Y
9108466,2020,2020-11-05,5002,2020-05-28,0651,11023,,4,5,6,5002,0,0,0,,0,MP72,"FARA BIUNDO DR","GUISSEPPE LN",0.00,,Y,A,-,N,,,,,,,,,,Y,3,0,1,2,A,-,09,21803,A,N,D,C,A,A,H,-,A,A,0,,,,,Y,,A,01,0,1,0,0,0,0,0,0,0,"- ","- ",,,STANISLAUS,MODESTO,-120.91737365722656,37.663230895996094
91085417,2019,2019-09-27,9465,2019-09-20,0100,019982,,5,3,9,5000,0,3,5,,2,020,"STATE ROUTE 108","LANCASTER ROAD",29.00,E,N,A,-,Y,,,,,,,,,,Y,3,0,1,1,A,-,01,23152,A,N,E,I,A,A,H,-,D,D,0,,,,,Y,Y,A,07,0,1,0,0,0,0,0,0,0,"- ","- ",37.793781280517578,-120.72516632080078,STANISLAUS,UNINCORPORATED,-120.73708343505859,37.785835266113281
91085829,2019,2019-11-25,9465,2019-09-25,1335,021022,,3,1,9,5000,0,3,5,,2,040,"CENTRAL AVENUE","GRAYSON ROAD",289.00,S,N,A,-,N,,,,,,,,,,N,2,0,1,2,A,-,11,21954,A,N,G,B,D,A,H,-,A,D,0,Y,,,,Y,,N,60,1,0,0,0,1,0,0,0,0,"- ","- ",37.564949035644531,-120.95712280273438,STANISLAUS,UNINCORPORATED,-120.95709228515625,37.564956665039062
91086431,2019,2019-10-03,9465,2019-09-20,0735,021770,,5,1,9,5000,0,1,3,,2,041,"FULKERTH ROAD","FAITH HOME ROAD",0.00,,Y,A,-,N,,,,,,,,,,Y,4,0,3,2,A,-,12,22450,A,N,B,C,A,A,H,-,A,A,0,,,,,Y,,D,22,0,0,3,0,0,0,0,0,0,"- ","- ",37.507099151611328,-120.92141723632812,STANISLAUS,UNINCORPORATED,-120.92143249511719,37.507129669189453
91086436,2019,2019-09-30,9465,2019-09-21,0100,021226,,6,3,9,5000,0,1,3,,2,013,"MCHENRY AVENUE","LADD ROAD",0.00,,Y,A,-,Y,,,,,,,,,,Y,3,0,1,2,D,-,00,,,N,D,C,A,A,H,-,C,A,0,,,,,Y,Y,-,"- ",0,1,0,0,0,0,0,0,0,"- ","- ",37.732780456542969,-120.9952392578125,STANISLAUS,UNINCORPORATED,-120.9952392578125,37.732780456542969
91086532,2019,2019-09-30,9465,2019-09-23,1425,020609,,1,2,9,5000,0,3,5,,2,010,"STATE ROUTE 33","ALMOND AVENUE",0.00,,Y,A,-,Y,,,33,,,,,,,Y,4,0,1,2,A,-,09,21801,A,N,D,C,A,A,H,-,A,D,0,,,,,Y,,D,22,0,0,1,0,0,0,0,0,0,"- ","- ",37.453338623046875,-121.11506652832031,STANISLAUS,UNINCORPORATED,-121.11509704589844,37.453323364257812
91086660,2019,2019-09-30,9465,2019-09-27,0720,015398,,5,1,9,5000,0,1,3,,2,041,"SR-99 S/B","7TH ST.",210.00,S,N,A,-,Y,,,99,,,,,,S,Y,4,0,1,2,A,-,03,22350,,N,C,C,A,A,H,-,A,D,0,,,,,Y,,A,01,0,0,1,0,0,0,0,0,0,"- ","- ",37.616710662841797,-120.98593902587891,STANISLAUS,UNINCORPORATED,-120.98594665527344,37.616668701171875
91088685,2019,2019-10-02,9465,2019-09-25,1535,018825,,3,2,6,5002,0,1,3,,2,011,"SR-99 NORTHBOUND","BECKWITH ROAD",1280.00,N,N,A,-,Y,,,99,,,,,,N,N,4,0,1,2,A,-,07,21658,A,N,B,C,A,A,H,-,A,D,0,,,,Y,Y,,A,07,0,0,1,0,0,0,0,0,0,"- ","- ",37.686149597167969,-121.05628967285156,STANISLAUS,MODESTO,-121.05631256103516,37.686119079589844
91089738,2019,2019-10-03,9465,2019-09-27,1208,017558,,5,1,9,5000,0,3,5,,2,020,"STATE ROUTE 4","MILTON ROAD",0.00,,Y,A,-,N,,,4,,,,,,,Y,4,0,1,2,A,-,09,21802,A,N,D,C,A,A,H,-,A,A,0,,,,,Y,,D,22,0,0,1,0,0,0,0,0,0,"- ","- ",37.944751739501953,-120.84375762939453,STANISLAUS,UNINCORPORATED,-120.84375762939453,37.94476318359375
91092610,2019,2019-10-08,9465,2019-09-24,1620,020914,,2,2,9,5000,0,3,5,,2,040,"KEYES ROAD","CENTRAL AVENUE",800.00,W,N,A,-,N,,,,,,,,,,Y,3,0,1,4,A,-,03,22350,,F,C,C,A,A,H,-,A,D,0,,,,,Y,,D,22,0,1,0,0,0,0,0,0,0,"- ","- ",37.551319122314453,-120.95979309082031,STANISLAUS,UNINCORPORATED,-120.95983123779297,37.551296234130859
91092617,2019,2019-10-08,9465,2019-09-27,0949,021770,,5,1,9,5000,0,1,1,,2,055,"I-5 S/B","PETE MILLER ROAD",1900.00,N,N,A,-,Y,,,5,,,,,,S,N,3,0,1,2,A,-,07,21658,A,F,B,C,A,A,H,-,A,D,0,,,,Y,Y,,G,25,0,1,0,0,0,0,0,0,0,"- ","- ",37.265129089355469,-121.09391021728516,STANISLAUS,UNINCORPORATED,-121.09394073486328,37.265121459960938
91093625,2019,2019-10-09,9465,2019-09-28,0443,021511,,6,3,9,5000,0,3,5,,2,050,"STUHR ROAD","BELL ROAD",670.00,E,N,A,-,N,,,,,,,,,,Y,2,0,1,1,A,-,08,22107,,N,F,A,A,A,H,-,D,D,0,,,,,Y,,A,01,1,0,0,0,0,0,0,0,0,"- ","- ",37.330471038818359,-121.09976196289062,STANISLAUS,UNINCORPORATED,-121.10166931152344,37.329807281494141
91095113,2019,2019-10-10,9465,2019-10-03,2145,020374,,4,2,9,5000,0,3,5,,2,010,"DALE ROAD","PIRRONE ROAD",320.00,S,N,A,-,N,,,,,,,,,,Y,4,0,1,1,A,-,08,22107,,N,E,I,A,A,H,-,D,A,0,,,,,Y,,D,22,0,0,1,0,0,0,0,0,0,"- ","- ",37.717620849609375,-121.05027770996094,STANISLAUS,UNINCORPORATED,-121.05024719238281,37.717632293701172
91096507,2019,2019-10-14,9465,2019-10-07,1620,021337,,1,2,9,5000,0,2,4,,2,044,"CARPENTER ROAD","MONTE VISTA AVENUE",0.00,,Y,A,-,N,,,,,,,,,,Y,4,0,1,2,A,-,09,21802,A,N,D,C,A,A,H,-,A,A,0,,,,,Y,,A,01,0,0,1,0,0,0,0,0,0,"- ","- ",37.522441864013672,-121.03085327148438,STANISLAUS,UNINCORPORATED,-121.03080749511719,37.522411346435547
91096734,2019,2019-10-14,9465,2019-10-10,0650,021136,,4,1,5,5007,0,1,3,,2,041,"SR-99 NORTHBOUND","TAYLOR ROAD",1530.00,S,N,A,-,Y,,,99,,,,,,N,N,4,0,1,2,A,-,03,22350,,N,C,C,A,A,H,-,A,D,0,,,,,Y,,D,22,0,0,1,0,0,0,0,0,0,"- ","- ",37.533119201660156,-120.8902587890625,STANISLAUS,TURLOCK,-120.89028167724609,37.533115386962891
91097111,2019,2019-10-14,9465,2019-10-12,1125,018844,,6,1,9,5000,0,1,3,,2,015,"STATE ROUTE 219 (KIERNAN AVENUE)","SR-99 (S/B) TO SR-219 (BROADWAY AVENUE)",0.00,,Y,A,-,Y,,,219,,,,,,,Y,4,0,1,2,A,-,12,21453,A,N,D,C,A,A,H,-,A,A,0,,,,,Y,,A,01,0,0,1,0,0,0,0,0,0,"- ","- ",37.708660125732422,-121.08155059814453,STANISLAUS,UNINCORPORATED,-121.08151245117188,37.708602905273438
91099747,2019,2019-10-17,9465,2019-10-09,1712,018274,,3,2,3,5006,0,2,4,,2,026,"CLARIBEL ROAD","ROSELLE AVENUE",190.00,W,N,A,-,N,,,,,,,,,,Y,4,0,2,2,A,-,03,22350,,N,C,C,A,A,H,-,A,A,0,,,,,Y,,A,07,0,0,2,0,0,0,0,0,0,"- ","- ",37.710960388183594,-120.94078826904297,STANISLAUS,RIVERBANK,-120.94073486328125,37.710941314697266
91100792,2019,2019-10-18,9465,2019-10-09,1030,018998,,3,1,9,5000,0,3,5,,2,010,"KEYES ROAD","JESSUP ROAD",70.00,W,N,A,-,N,,,,,,,,,,N,4,0,1,2,A,-,03,22350,,N,C,C,A,A,H,-,A,D,0,,,,Y,Y,,D,22,0,0,1,0,0,0,0,0,0,"- ","- ",37.550910949707031,-120.91924285888672,STANISLAUS,UNINCORPORATED,-120.91950225830078,37.550991058349609
9110133,2020,2020-11-02,5006,2020-05-09,1645,503115,RPD,6,5,3,5006,0,0,0,,0,RP1,"OAKDALE RD","PROUTY LN",0.00,,Y,A,-,N,,,,,,,,,,N,4,0,1,2,A,-,09,21804,,N,B,C,A,A,H,-,A,D,0,,,,,Y,,A,01,0,0,1,0,0,0,0,0,0,"- ","- ",,,STANISLAUS,RIVERBANK,-120.95858764648438,37.727779388427734
91103204,2019,2019-10-22,9465,2019-10-14,1245,021062,,1,1,9,5000,0,3,5,,2,010,"STATE ROUTE 108","ST FRANCIS AVENUE",865.00,E,N,A,-,Y,,,108,,,,,,,Y,3,0,2,2,A,-,09,21801,A,N,D,C,A,A,H,-,A,D,0,,,,,Y,,A,08,0,2,0,0,0,0,0,0,0,"- ","- ",37.724159240722656,-120.99517059326172,STANISLAUS,UNINCORPORATED,-120.99520111083984,37.724159240722656
91105191,2019,2019-10-24,9465,2019-10-14,1545,021770,,1,2,9,5000,0,3,5,,2,010,"BECKWITH ROAD","NORTH DAKOTA AVE.",860.00,E,N,A,-,N,,,,,,,,,,N,4,0,1,2,A,-,09,21801,A,N,D,C,A,A,H,-,A,D,0,,,,,Y,,A,01,0,0,1,0,0,0,0,0,0,"- ","- ",37.681770324707031,-121.06507873535156,STANISLAUS,UNINCORPORATED,-121.06516265869141,37.681785583496094
91106708,2019,2019-10-25,9465,2019-10-13,2030,020985,,7,2,9,5000,0,2,4,,2,026,"CLARIBEL ROAD","ALBERS ROAD",3700.00,E,N,A,-,N,,,,,,,,,,Y,3,0,1,1,C,-,18,,,N,H,H,A,A,H,-,D,D,0,,,,,Y,,-,"- ",0,1,0,0,0,0,0,0,0,"- ","- ",37.711078643798828,-120.83442687988281,STANISLAUS,UNINCORPORATED,-120.83554840087891,37.711074829101562
91108677,2019,2019-12-06,9465,2019-10-19,2000,021368,,6,2,9,5000,0,1,3,,2,012,SR-132,"N GATES ROAD",5280.00,W,N,B,-,Y,,,132,,,,,,,Y,3,0,1,2,A,-,03,22350,,N,C,E,A,A,H,-,D,D,0,,,,,Y,,A,01,0,1,0,0,0,0,0,0,0,"- ","- ",37.637840270996094,-121.17852783203125,STANISLAUS,UNINCORPORATED,-121.17852783203125,37.637844085693359
91109840,2019,2019-10-30,9465,2019-10-20,0442,021226,,7,3,9,5000,0,1,3,,2,041,"STATE ROUTE 99 (SOUTHBOUND)","FAITH HOME ROAD",2640.00,N,N,A,-,Y,,,99,,,,,,,Y,2,0,1,1,A,-,01,23152,A,N,E,I,A,A,H,-,C,D,0,,,,,Y,Y,A,01,1,0,0,0,0,0,0,0,0,"- ","- ",37.565238952636719,-120.927001953125,STANISLAUS,UNINCORPORATED,-120.92699432373047,37.56524658203125
91115912,2019,2019-11-07,9465,2019-10-29,1650,020609,,2,2,9,5000,0,3,5,,2,040,"CROWS LANDING ROAD","WINMOORE WAY",20.00,S,N,A,-,N,,,,,,,,,,Y,4,0,2,2,A,-,03,22350,,N,C,C,A,A,H,-,A,A,0,,,,,Y,,D,22,0,0,2,0,0,0,0,0,0,"- ","- ",37.605781555175781,-120.99343109130859,STANISLAUS,UNINCORPORATED,-120.99356079101562,37.605274200439453
91115967,2019,2019-11-07,9465,2019-10-28,0740,018259,,1,1,9,5000,0,1,3,,2,052,SR-132,"RIVER ROAD",0.00,,Y,A,-,Y,,,132,,,,,,,Y,4,0,1,2,A,-,12,21453,A,N,D,C,A,A,H,-,A,A,0,,,,,Y,,A,01,0,0,1,0,0,0,0,0,0,"- ","- ",37.639690399169922,-121.24774932861328,STANISLAUS,UNINCORPORATED,-121.24774932861328,37.639682769775391
91118365,2019,2019-11-12,9465,2019-11-03,1525,021066,,7,2,9,5000,0,1,3,,2,041,"SR-99 (N/B)","CROWS LANDING ROAD",1500.00,S,N,A,-,Y,,,99,,,,,,,N,4,0,1,2,A,-,04,21703,,N,C,C,A,A,H,-,A,D,0,,,,,Y,,A,01,0,0,1,0,0,0,0,0,0,"- ","- ",37.617240905761719,-120.98879241943359,STANISLAUS,UNINCORPORATED,-120.98879241943359,37.617244720458984
91118874,2019,2019-11-13,9465,2019-11-03,1400,020985,,7,2,9,5000,0,1,3,,2,013,"STATE ROUTE 108","BANGS AVENUE",20.00,N,N,A,-,Y,,,108,,,,,,,Y,4,0,1,2,A,-,03,22350,,N,C,C,A,A,H,-,A,A,0,,,,,Y,,D,22,0,0,1,0,0,0,0,0,0,"- ","- ",37.703701019287109,-120.99471282958984,STANISLAUS,UNINCORPORATED,-120.99467468261719,37.703701019287109
9112246,2020,2020-09-11,5002,2020-06-08,1217,11262,187,1,5,6,5002,0,0,0,,0,061,"TULLY RD","GRANGER AV",0.00,,Y,A,-,N,,,,,,,,,,N,4,0,3,2,A,-,09,21806,A,N,D,C,A,A,H,-,A,A,0,,,,,Y,,-,,0,0,3,0,0,0,0,0,0,"- ","- ",,,STANISLAUS,MODESTO,-121.01220703125,37.667621612548828
91122644,2019,2019-11-18,9465,2019-11-04,1610,021407,,1,2,9,5000,0,3,5,,2,030,"SERVICE ROAD","MOORE RD",0.00,,Y,A,-,N,,,,,,,,,,N,2,0,1,2,A,-,09,21802,A,N,D,C,A,A,H,-,A,A,0,,,Y,,Y,,A,01,1,0,0,0,0,0,0,0,1,"- ","- ",37.5802001953125,-120.93620300292969,STANISLAUS,UNINCORPORATED,-120.93608999999999,37.580269999999999
91122689,2019,2019-11-18,9465,2019-11-06,1138,019517,,3,1,6,5002,0,1,3,,2,011,"SR-99 SB","TUOLUMNE BLVD",180.00,N,N,A,-,Y,,,99,,,,,,S,Y,4,0,3,2,A,-,07,21658,A,N,B,C,A,A,H,-,A,D,0,,,,,Y,,A,01,0,0,3,0,0,0,0,0,0,"- ","- ",37.627109527587891,-120.99697875976562,STANISLAUS,MODESTO,-120.99697875976562,37.627109527587891
9112464,2020,2020-08-19,5002,2020-06-05,1627,11797,M1387,5,5,6,5002,0,0,0,,0,041,"I ST","14TH ST",0.00,,Y,A,-,N,,,,,,,,,,Y,4,0,3,2,A,-,12,21453,A,N,D,C,A,A,H,-,A,A,0,,,,,Y,,-,,0,0,3,0,0,0,0,0,0,"- ","- ",,,STANISLAUS,MODESTO,-120.99539947509766,37.642429351806641
9112469,2020,2020-08-19,5002,2020-06-06,2044,11875,468,6,5,6,5002,0,0,0,,0,042,"OREGON DR","OREGON DR  1510",63.00,S,N,A,-,N,,,,,,,,,,N,3,0,1,2,C,-,18,,,M,G,B,E,A,H,-,D,D,0,Y,,,,Y,,-,"- ",0,1,0,0,1,0,0,0,0,"- ","- ",,,STANISLAUS,MODESTO,,
9112473,2020,2020-10-21,5002,2020-06-09,1808,11765,054,2,5,6,5002,0,0,0,,0,083,"STANDIFORD AV","RT 108",200.00,W,N,A,-,Y,STA,10,108,-,-,26.060,I,6,W,Y,3,0,1,2,A,-,01,23152,A,N,A,C,A,A,H,-,A,D,0,,,,,Y,Y,-,,0,1,0,0,0,0,0,0,0,"- ","- ",,,STANISLAUS,MODESTO,-120.99430084228516,37.688911437988281
9112474,2020,2020-08-19,5002,2020-06-10,0957,11413,264,3,5,6,5002,0,0,0,,0,081,"BODEM ST","CEDAR AV",150.00,N,N,A,-,N,,,,,,,,,,Y,3,0,1,1,A,-,08,22107,,N,E,I,A,A,H,-,A,A,0,,,,,Y,,-,,0,1,0,0,0,0,0,0,0,"- ","- ",,,STANISLAUS,MODESTO,-120.98543548583984,37.649513244628906
9112547,2020,2020-11-12,5002,2020-05-25,0205,15129,M389,1,5,6,5002,0,0,0,,0,041,"H ST","15TH ST",0.00,,N,A,-,N,,,,,,,,,,Y,3,0,1,2,A,-,12,22450,A,N,-,C,A,A,H,-,C,A,0,,,,,Y,,A,,0,1,0,0,0,0,0,0,0,"- ","- ",,,STANISLAUS,MODESTO,-120.99320220947266,37.642181396484375
91125507,2019,2019-11-21,9465,2019-11-15,2254,020457,,5,3,6,5002,0,1,3,,2,011,"STATE ROUTE 99 (SOUTHBOUND)","CARPENTER ROAD",581.00,N,N,A,-,Y,,,99,,,,,,,Y,4,0,1,2,A,-,07,21658,A,N,B,C,A,A,H,-,D,D,0,,,,Y,Y,,G,27,0,0,1,0,0,0,0,0,0,"- ","- ",37.666709899902344,-121.03366851806641,STANISLAUS,MODESTO,-121.03353118896484,37.667011260986328
91128907,2019,2019-11-25,9465,2019-11-13,2125,016440,,3,2,9,5000,0,2,4,,2,026,"CLARIBEL ROAD","TERMINAL AVENUE",7.00,W,N,A,-,N,,,,,,,,,,Y,3,0,1,2,A,-,09,21801,A,N,D,C,A,A,H,-,C,A,0,,,,,Y,,D,22,0,1,0,0,0,0,0,0,0,"- ","- ",37.710910797119141,-120.9293212890625,STANISLAUS,UNINCORPORATED,-120.92938232421875,37.710899353027344
91130179,2019,2019-11-26,9465,2019-11-22,1043,018222,,5,1,9,5000,0,3,5,,2,020,"MILTON ROAD","STATE ROUTE 4",6180.00,S,N,A,-,N,,,,,,,,,,Y,3,0,2,1,A,-,08,22107,,N,F,A,A,A,H,-,A,D,0,,,Y,,Y,,C,02,0,2,0,0,0,0,0,0,2,"- ","- ",37.927921295166016,-120.84487915039062,STANISLAUS,UNINCORPORATED,-120.84468841552734,37.928077697753906
91133493,2019,2019-12-02,9465,2019-11-20,1800,020833,,3,2,6,5002,0,1,3,,2,011,"STATE ROUTE 99 (NORTHBOUND)","BECKWITH ROAD",1500.00,N,N,A,-,Y,,,99,,,,,,,N,4,0,1,2,A,-,03,22350,,N,C,C,A,A,H,-,D,D,0,,,,,Y,,D,22,0,0,1,0,0,0,0,0,0,"- ","- ",37.689498901367188,-121.06060028076172,STANISLAUS,MODESTO,-121.06068420410156,37.689403533935547
91136040,2019,2019-12-04,9465,2019-09-23,2115,021368,,1,2,9,5000,0,1,3,,2,041,"SR-99 (NB) FROM KEYES ROAD","E. KEYES ROAD",1300.00,N,N,A,-,Y,,,99,,,,R,,,Y,1,1,0,2,A,-,11,21956,A,N,G,B,E,A,H,-,D,D,0,Y,,,,Y,,N,60,0,0,0,1,0,0,0,0,0,"- ","- ",37.550308227539062,-120.90891265869141,STANISLAUS,UNINCORPORATED,-120.90891265869141,37.550308227539062
91136463,2019,2019-12-05,9465,2019-11-09,1120,019730,,6,1,9,5000,0,3,5,,2,030,"MAUD AVENUE","7TH STREET",100.00,W,N,A,-,N,,,,,,,,,,N,3,0,1,2,A,-,21,22106,,N,G,B,E,A,H,-,A,D,0,Y,,,,Y,,A,08,0,1,0,0,1,0,0,0,0,"- ","- ",37.552478790283203,-120.91111755371094,STANISLAUS,UNINCORPORATED,-120.91099548339844,37.552536010742188
91136514,2019,2019-12-05,9465,2019-11-27,1445,021239,,3,2,9,5000,0,3,5,,2,040,"SPOKANE STREET","AMADOR AVENUE",0.00,,Y,B,-,N,,,,,,,,,,Y,3,0,1,1,A,-,03,22350,,N,F,A,A,A,H,-,A,A,0,,,Y,,Y,,C,02,0,1,0,0,0,0,0,0,1,"- ","- ",37.607711791992188,-120.99662780761719,STANISLAUS,UNINCORPORATED,-120.99658966064453,37.607700347900391
91136520,2019,2019-12-05,9465,2019-11-29,0001,021636,,5,3,9,5000,0,1,3,,2,012,"STATE ROUTE 132 (MAZE BLVD)","GRIMES AVENUE",700.00,W,N,A,-,Y,,,132,,,,,,,Y,4,0,1,1,A,-,08,22107,,N,E,I,A,A,H,-,D,D,0,,,,,Y,,A,01,0,0,1,0,0,0,0,0,0,"- ","- ",37.638469696044922,-121.04689788818359,STANISLAUS,UNINCORPORATED,-121.04689788818359,37.638492584228516
9113697,2020,2020-08-24,5007,2020-06-07,2133,5767,5007,7,5,5,5007,0,0,0,,0,004,"DALARNA WY","DUQUESNE WY",111.00,E,N,A,-,N,,,,,,,,,,N,4,0,1,3,A,-,08,22107,,N,G,E,-,-,H,-,C,D,0,Y,,,,Y,,A,07,0,0,1,0,1,0,0,0,0,"- ","- ",,,STANISLAUS,TURLOCK,-120.86576843261719,37.518943786621094
91137391,2019,2020-02-12,9465,2019-12-04,1730,020885,,3,2,6,5002,0,3,5,,2,030,"ROHDE RD","E. REDWOOD RD",0.00,,Y,B,C,N,,,,,,,,,,Y,3,0,2,2,A,-,01,23153,A,N,D,C,A,B,H,-,C,D,0,,,,Y,Y,Y,A,01,0,1,1,0,0,0,0,0,0,"- ","- ",37.572841644287109,-120.93486785888672,STANISLAUS,MODESTO,-120.93479000000001,37.572749999999999
91137871,2019,2019-12-06,9465,2019-10-30,1630,019376,,3,2,9,5000,0,3,5,,2,010,"STATE ROUTE 219 (KIERNAN AVENUE)","STATE ROUTE 99",100.00,W,N,A,-,Y,,,219,,,,,,,Y,4,0,1,2,A,-,01,23152,A,N,D,C,A,A,H,-,A,A,0,,,,Y,Y,Y,A,07,0,0,1,0,0,0,0,0,0,"- ","- ",37.708461761474609,-121.08151245117188,STANISLAUS,UNINCORPORATED,-121.08152008056641,37.708599090576172
91137935,2019,2019-12-06,9465,2019-11-20,1940,020833,,3,2,6,5002,0,1,3,,2,011,"STATE ROUTE 99 S/B FROM 5TH STREET","G STREET",300.00,S,N,A,-,Y,,,99,,,,R,,S,Y,4,0,1,2,A,-,03,22350,,N,C,C,A,A,H,-,D,D,0,,,,,Y,,A,01,0,0,1,0,0,0,0,0,0,"- ","- ",37.633499145507812,-121.00029754638672,STANISLAUS,MODESTO,-121.00029754638672,37.633499145507812
91138919,2019,2019-12-10,9465,2019-11-29,1702,019376,,5,2,9,5000,0,3,5,,2,010,"LADD ROAD","AMERICAN AVENUE",983.00,W,N,B,C,N,,,,,,,,,,Y,2,0,2,2,A,-,05,21650,,N,A,C,A,B,H,-,D,D,0,,,,,Y,Y,D,22,1,0,1,0,0,0,0,0,0,"- ","- ",37.733131408691406,-121.04238128662109,STANISLAUS,UNINCORPORATED,-121.04473114013672,37.733020782470703
91139704,2019,2019-12-10,9465,2019-12-03,0749,017966,,2,1,9,5000,0,3,5,,2,010,"SOUTH CARPENTER ROAD","PARADISE ROAD",528.00,S,N,B,-,N,,,,,,,,,,Y,4,0,1,2,A,-,08,22107,,N,D,C,A,B,H,-,A,D,0,,,,,Y,,A,01,0,0,1,0,0,0,0,0,0,"- ","- ",37.615489959716797,-121.03037261962891,STANISLAUS,UNINCORPORATED,-121.03037261962891,37.615028381347656
91140752,2019,2020-01-09,9465,2019-12-05,0655,019730,,4,1,9,5000,0,3,5,,2,030,"MONTE VISTA AVENUE","LESTER ROAD",330.00,W,N,B,-,N,,,,,,,,,,Y,3,0,1,1,A,-,08,22107,,N,E,I,A,B,H,-,B,D,0,,,,,Y,,A,01,0,1,0,0,0,0,0,0,0,"- ","- ",37.521598815917969,-120.80445861816406,STANISLAUS,UNINCORPORATED,-120.80438995361328,37.521694183349609
91142438,2019,2019-12-12,9465,2019-11-16,1745,021022,,6,2,9,5000,0,1,3,,2,013,SR-108,"SAINT FRANCIS AVENUE",2112.00,W,N,A,-,Y,,,108,,,,,,,N,4,0,1,2,A,-,14,21201,D,N,B,G,A,A,H,-,D,D,0,,Y,,,Y,Y,L,04,0,0,1,0,0,0,1,0,0,"- ","- ",37.726188659667969,-120.99513244628906,STANISLAUS,UNINCORPORATED,-120.99514007568359,37.726188659667969
91142687,2019,2019-12-13,9465,2019-10-11,2020,020575,,5,2,9,5000,0,3,5,,2,040,"SERVICE ROAD","COLLINS ROAD",125.00,W,N,A,-,N,,,,,,,,,,N,2,0,1,2,A,-,03,22350,,F,C,G,A,A,H,-,D,D,0,,Y,,,Y,,-,99,1,0,0,0,0,0,1,0,0,"- ","- ",37.5802001953125,-120.95089721679688,STANISLAUS,UNINCORPORATED,,
91144625,2019,2019-12-16,9465,2019-12-07,0940,018259,,6,1,9,5000,0,1,3,,2,052,SR-132,"RIVER ROAD",5280.00,E,N,B,-,Y,,,132,,,,,,,N,4,0,1,2,A,-,03,22350,,M,C,C,A,B,H,-,A,D,0,,,,,Y,,D,22,0,0,1,0,0,0,0,0,0,"- ","- ",37.641220092773438,-121.22947692871094,STANISLAUS,UNINCORPORATED,-121.22947692871094,37.641204833984375
91145935,2019,2019-12-18,9465,2019-12-08,1833,021511,,7,2,9,5000,0,3,5,,2,030,"B STREET","3RD STREET",420.00,N,N,A,B,N,,,,,,,,,,N,3,0,1,2,A,-,11,21954,A,N,G,B,D,B,H,-,D,D,0,Y,,,,Y,,N,60,0,1,0,0,1,0,0,0,0,"- ","- ",37.643398284912109,-120.90709686279297,STANISLAUS,UNINCORPORATED,-120.90714263916016,37.643352508544922
91146442,2019,2019-12-18,9465,2019-12-12,0645,020833,,4,1,9,5000,0,3,5,,2,040,"HATCH ROAD","CROWS LANDING ROAD",55.00,W,N,A,-,N,,,,,,,,,,N,4,0,2,3,A,-,01,23152,A,N,C,C,A,A,H,-,A,D,0,,,,,Y,Y,D,22,0,0,2,0,0,0,0,0,0,"- ","- ",37.609401702880859,-120.99379730224609,STANISLAUS,UNINCORPORATED,-120.99385070800781,37.609466552734375
9114703,2020,2020-08-13,5005,2020-05-11,1914,S02447,PPD,1,5,3,5005,0,0,0,,0,3Y11,"CALVINSON PKWY","AMERICAN EAGLE AV",0.00,,Y,A,-,N,,,,,,,,,,Y,3,0,1,1,A,-,07,21658,A,M,E,I,A,A,H,-,A,D,0,,,,,Y,Y,A,01,0,1,0,0,0,0,0,0,0,"- ","- ",,,STANISLAUS,PATTERSON,-121.151123046875,37.460399627685547