CASE_ID,ACCIDENT_YEAR,PROC_DATE,JURIS,COLLISION_DATE,COLLISION_TIME,OFFICER_ID,REPORTING_DISTRICT,DAY_OF_WEEK,CHP_SHIFT,POPULATION,CNTY_CITY_LOC,SPECIAL_COND,BEAT_TYPE,CHP_BEAT_TYPE,CITY_DIVISION_LAPD,CHP_BEAT_CLASS,BEAT_NUMBER,PRIMARY_RD,SECONDARY_RD,DISTANCE,DIRECTION,INTERSECTION,WEATHER_1,WEATHER_2,STATE_HWY_IND,CALTRANS_COUNTY,CALTRANS_DISTRICT,STATE_ROUTE,ROUTE_SUFFIX,POSTMILE_PREFIX,POSTMILE,LOCATION_TYPE,RAMP_INTERSECTION,SIDE_OF_HWY,TOW_AWAY,COLLISION_SEVERITY,NUMBER_KILLED,NUMBER_INJURED,PARTY_COUNT,PRIMARY_COLL_FACTOR,PCF_CODE_OF_VIOL,PCF_VIOL_CATEGORY,PCF_VIOLATION,PCF_VIOL_SUBSECTION,HIT_AND_RUN,TYPE_OF_COLLISION,MVIW,PED_ACTION,ROAD_SURFACE,ROAD_COND_1,ROAD_COND_2,LIGHTING,CONTROL_DEVICE,CHP_ROAD_TYPE,PEDESTRIAN_ACCIDENT,BICYCLE_ACCIDENT,MOTORCYCLE_ACCIDENT,TRUCK_ACCIDENT,NOT_PRIVATE_PROPERTY,ALCOHOL_INVOLVED,STWD_VEHTYPE_AT_FAULT,CHP_VEHTYPE_AT_FAULT,COUNT_SEVERE_INJ,COUNT_VISIBLE_INJ,COUNT_COMPLAINT_PAIN,COUNT_PED_KILLED,COUNT_PED_INJURED,COUNT_BICYCLIST_KILLED,COUNT_BICYCLIST_INJURED,COUNT_MC_KILLED,COUNT_MC_INJURED,PRIMARY_RAMP,SECONDARY_RAMP,LATITUDE,LONGITUDE,COUNTY,CITY,POINT_X,POINT_Y
9126068,2020,2020-09-10,5007,2020-06-23,1742,5794,,2,5,5,5007,0,0,0,,0,002,"SOUTH GOLDEN STATE BL","EAST AV",0.00,,Y,A,-,N,,,,,,,,,,Y,4,0,1,2,D,-,00,,,N,D,C,A,A,H,-,A,A,0,,,,,Y,,-,"- ",0,0,1,0,0,0,0,0,0,"- ","- ",,,STANISLAUS,TURLOCK,-120.84371185302734,37.492641448974609
9126069,2020,2020-09-10,5007,2020-06-23,1124,5749,,2,5,5,5007,0,0,0,,0,004,"COUNTRYSIDE DR","SHETLAND WY",558.00,S,N,A,-,N,,,,,,,,,,Y,4,0,1,2,A,-,09,21801,A,N,A,C,A,A,H,-,A,D,0,,,,,Y,,A,01,0,0,1,0,0,0,0,0,0,"- ","- ",,,STANISLAUS,TURLOCK,-120.87647247314453,37.509414672851562
91262679,2020,2020-07-03,9465,2020-06-26,1253,018324,,5,1,9,5000,0,2,4,,2,058,"E. LAS PALMAS AVENUE","ELM AVENUE",57.00,E,N,A,-,N,,,,,,,,,,N,4,0,1,2,A,-,01,23152,A,M,C,C,A,A,H,-,A,D,0,,,,,Y,Y,D,22,0,0,1,0,0,0,0,0,0,"- ","- ",37.487098693847656,-121.09635925292969,STANISLAUS,UNINCORPORATED,-121.09664916992188,37.4869384765625
91262687,2020,2020-07-03,9465,2020-06-27,0755,018324,,6,1,6,5002,0,1,3,,2,011,"SR-99 S/B","I STREET",25.00,S,N,A,-,Y,,,99,,,,,,S,Y,3,0,1,2,A,-,07,21658,A,N,B,C,A,A,H,-,A,D,0,,,,,Y,,A,01,0,1,0,0,0,0,0,0,0,"- ","- ",37.635978698730469,-121.00308990478516,STANISLAUS,MODESTO,-121.00313568115234,37.635921478271484
91263033,2020,2020-07-03,9465,2020-06-26,1025,018998,,5,1,9,5000,0,3,5,,2,040,"GRAYSON ROAD","CARPENTER ROAD",240.00,W,N,A,-,N,,,,,,,,,,Y,4,0,1,1,A,-,08,22107,,N,E,I,A,A,H,-,A,D,0,,,,,Y,,A,07,0,0,1,0,0,0,0,0,0,"- ","- ",37.566028594970703,-121.03111267089844,STANISLAUS,UNINCORPORATED,-121.03099822998047,37.565940856933594
91264557,2020,2020-07-07,9465,2020-07-03,0445,020457,,5,3,9,5000,0,1,3,,2,012,"STATE ROUTE 132","ROSEMORE AVENUE",185.00,E,N,A,-,N,,,132,,,,,,,Y,4,0,1,1,A,-,08,22107,,N,E,I,A,A,H,-,D,D,0,,,,,Y,,A,01,0,0,1,0,0,0,0,0,0,"- ","- ",37.638530731201172,-121.03846740722656,STANISLAUS,UNINCORPORATED,-121.03846740722656,37.638603210449219
91264939,2020,2020-07-08,9465,2020-07-05,0125,021062,,7,3,9,5000,0,1,1,,2,056,"INTERSTATE 5","FINK ROAD",3168.00,S,N,A,-,Y,,,5,,,,,,,Y,2,0,1,1,A,-,08,22107,,N,F,A,A,A,H,-,D,D,0,,,,,Y,,A,01,1,0,0,0,0,0,0,0,0,"- ","- ",37.388999938964844,-121.13188171386719,STANISLAUS,UNINCORPORATED,-121.13207244873047,37.388866424560547
91265615,2020,2020-07-08,9465,2020-06-26,1200,017966,,5,1,9,5000,0,3,5,,2,010,"HAMMETT ROAD","BACON ROAD",300.00,S,N,A,-,N,,,,,,,,,,Y,4,0,2,1,A,-,08,22107,,N,E,I,A,A,H,-,A,D,0,,,,,Y,,A,01,0,0,2,0,0,0,0,0,0,"- ","- ",37.69580078125,-121.10469818115234,STANISLAUS,UNINCORPORATED,-121.10469818115234,37.695446014404297
91268426,2020,2020-07-14,9465,2020-07-04,1905,021337,,6,2,9,5000,0,3,5,,2,020,"MILTON ROAD","DUNTON ROAD",4752.00,N,N,A,-,N,,,,,,,,,,Y,4,0,1,1,A,-,08,22107,,N,E,I,A,A,H,-,A,D,0,,,,,Y,,A,01,0,0,1,0,0,0,0,0,0,"- ","- ",37.927459716796875,-120.844970703125,STANISLAUS,UNINCORPORATED,-120.84428405761719,37.928359985351562
91270080,2020,2020-07-17,9465,2020-07-10,0238,019982,,5,3,9,5000,0,1,3,,2,011,"STATE ROUTE 99 (SOUTHBOUND)","TUOLUMNE BLVD",409.00,N,N,A,-,Y,,,,,,,,,,Y,4,0,1,2,A,-,07,21658,A,N,B,C,A,A,H,-,D,D,0,,,,Y,Y,,A,07,0,0,1,0,0,0,0,0,0,"- ","- ",37.628570556640625,-120.99733734130859,STANISLAUS,UNINCORPORATED,-120.99729919433594,37.628574371337891
91270086,2020,2020-07-17,9465,2020-07-10,2310,021770,,5,3,9,5000,0,3,5,,2,030,"LESTER ROAD","ZEERING ROAD",940.00,N,N,A,-,N,,,,,,,,,,Y,3,0,1,1,A,-,03,22350,,N,E,I,A,A,H,-,D,D,0,,,,,Y,,A,01,0,1,0,0,0,0,0,0,0,"- ","- ",37.531478881835938,-120.80299377441406,STANISLAUS,UNINCORPORATED,-120.80301666259766,37.530750274658203
91270553,2020,2020-07-17,9465,2020-07-13,0530,019730,,1,3,9,5000,0,3,5,,2,030,"KEYES ROAD","DOWNIE ROAD",845.00,W,N,A,-,N,,,,,,,,,,Y,4,0,1,1,A,-,08,22107,,N,E,I,A,A,H,-,B,D,0,,,,,Y,,A,01,0,0,1,0,0,0,0,0,0,"- ","- ",37.551181793212891,-120.77680969238281,STANISLAUS,UNINCORPORATED,-120.77667236328125,37.551151275634766
91270813,2020,2020-07-20,9465,2020-06-28,0815,019155,,7,1,9,5000,0,1,1,,2,055,"INTERSTATE 5","DEL PUERTO CANYON ROAD",2640.00,N,N,A,-,Y,,,5,,,,,,,Y,3,0,1,2,A,-,07,21658,A,F,F,A,A,A,H,-,A,D,0,,,Y,,Y,,A,01,0,1,0,0,0,0,0,0,1,"- ","- ",37.476390838623047,-121.19291687011719,STANISLAUS,UNINCORPORATED,-121.19291687011719,37.476394653320312
91271157,2020,2020-07-20,9465,2020-07-11,0620,021235,,6,1,9,5000,0,3,5,,2,050,"COX ROAD","CONDIT AVENUE",3300.00,N,N,A,-,N,,,,,,,,,,N,4,0,1,1,A,-,08,22107,,N,F,A,A,A,H,-,A,D,0,,,,,Y,,A,01,0,0,1,0,0,0,0,0,0,"- ","- ",37.540000915527344,-121.14923858642578,STANISLAUS,UNINCORPORATED,-121.14928436279297,37.539947509765625
91271640,2020,2020-07-21,9465,2020-07-10,0935,019730,,5,1,9,5000,0,3,5,,2,030,"SERVICE ROAD","ESMAR ROAD",845.00,E,N,A,-,N,,,,,,,,,,N,2,0,1,2,A,-,08,22107,,F,G,B,F,A,H,-,A,D,0,Y,,,,Y,,D,22,1,0,0,0,1,0,0,0,0,"- ","- ",37.580230712890625,-120.926513671875,STANISLAUS,UNINCORPORATED,-120.926626,37.580286000000001
91272390,2020,2020-07-22,9465,2020-07-14,0805,021136,,2,1,9,5000,0,3,5,,2,030,SR-132,"FRAZINE ROAD",35.00,W,N,A,-,N,,,132,,,,,,,Y,4,0,1,3,A,-,03,22350,,N,C,C,A,A,H,-,A,D,0,,,,,Y,,A,07,0,0,1,0,0,0,0,0,0,"- ","- ",37.638309478759766,-120.91161346435547,STANISLAUS,UNINCORPORATED,-120.91160583496094,37.638240814208984
91272694,2020,2020-07-22,9465,2020-07-16,1330,021022,,4,1,5,5007,0,1,3,,2,041,"SR-99 SOUTHBOUND","LINWOOD AVENUE",1056.00,N,N,A,-,Y,,,99,,,,,,S,Y,3,0,1,1,A,-,08,22107,,N,F,A,A,A,H,-,A,D,0,,,,,Y,,A,01,0,1,0,0,0,0,0,0,0,"- ","- ",37.479038238525391,-120.86119842529297,STANISLAUS,TURLOCK,-120.86114501953125,37.479110717773438
91273081,2020,2020-07-23,9465,2020-07-19,2222,020914,,7,3,9,5000,0,2,4,,2,043,"WEST MAIN STREET","CROWS LANDING ROAD",1056.00,E,N,A,-,N,,,,,,,,,,Y,3,0,1,1,A,-,01,23152,A,N,E,I,A,A,H,-,C,D,0,,,,,Y,Y,A,01,0,1,0,0,0,0,0,0,0,"- ","- ",37.492988586425781,-120.99001312255859,STANISLAUS,UNINCORPORATED,-120.99092102050781,37.492969512939453
91275281,2020,2020-07-28,9465,2020-07-19,1815,019713,,7,2,9,5000,0,1,1,,2,055,"INTERSTATE 5 (SOUTHBOUND)","KHALSA ROAD",1170.00,N,N,A,-,Y,,,5,,,,,,,Y,3,0,4,1,A,-,08,22107,,N,F,A,A,A,H,-,A,D,0,,,,,Y,,A,07,0,2,2,0,0,0,0,0,0,"- ","- ",37.567821502685547,-121.30403900146484,STANISLAUS,UNINCORPORATED,-121.30400085449219,37.567874908447266
91275403,2020,2020-07-28,9465,2020-07-13,1540,020885,,1,2,9,5000,0,3,5,,2,010,"SALIDA BOULEVARD N/B","HOPE LN",0.00,,Y,A,-,N,,,,,,,,,,N,4,0,1,2,A,-,09,21802,A,N,D,C,A,A,H,-,A,D,0,,,,,Y,,-,99,0,0,1,0,0,0,0,0,0,"- ","- ",37.703571319580078,-121.07797241210938,STANISLAUS,UNINCORPORATED,-121.07805633544922,37.703460693359375
91276206,2020,2020-07-29,9465,2020-07-24,1020,018998,,5,1,9,5000,0,3,5,,2,030,"GRIFFIN ROAD","KEYES ROAD",0.00,,Y,A,-,N,,,,,,,,,,N,4,0,1,2,A,-,09,21802,A,N,D,C,A,A,H,-,A,D,0,,,,Y,Y,,A,01,0,0,1,0,0,0,0,0,0,"- ","- ",37.551158905029297,-120.85623168945312,STANISLAUS,UNINCORPORATED,-120.85623168945312,37.551170349121094
91276327,2020,2020-07-29,9465,2020-07-24,1815,020985,,5,2,9,5000,0,1,3,,2,012,"STATE ROUTE 132","BUTLER ROAD",2150.00,W,N,A,-,Y,,,132,,,,,,,Y,3,0,4,1,A,-,08,22107,,N,E,I,A,A,H,-,A,D,0,,,,,Y,,A,01,0,1,3,0,0,0,0,0,0,"- ","- ",37.637840270996094,-121.14540100097656,STANISLAUS,UNINCORPORATED,-121.14540100097656,37.637821197509766
91276742,2020,2020-07-30,9465,2020-07-20,0530,017966,,1,3,9,5000,0,1,3,,2,013,SR-108,"MCHENRY AVENUE",166.00,E,N,A,-,Y,,,108,,,,,,,Y,4,0,2,2,A,-,03,22350,,N,A,C,A,A,H,-,B,D,0,,,,,Y,,D,22,0,0,2,0,0,0,0,0,0,"- ","- ",37.731410980224609,-120.99491882324219,STANISLAUS,UNINCORPORATED,-120.99497985839844,37.731456756591797
91278700,2020,2020-07-31,9465,2020-07-22,1240,017966,,3,1,9,5000,0,3,5,,2,010,"SISK ROAD",SR-219,20.00,S,N,A,-,N,,,,,,,,,,N,4,0,1,2,A,-,03,22350,,N,C,C,A,A,H,-,A,D,0,,,,,Y,,D,22,0,0,1,0,0,0,0,0,0,"- ","- ",37.710910797119141,-121.07759094238281,STANISLAUS,UNINCORPORATED,,
91278822,2020,2020-07-31,9465,2020-07-22,1128,018059,,3,1,9,5000,0,1,3,,2,028,"STATE ROUTE 4","MILTON ROAD",528.00,E,N,A,-,Y,,,4,,,,,,,Y,4,0,1,2,A,-,03,22350,,N,C,C,A,A,H,-,A,D,0,,,,,Y,,A,01,0,0,1,0,0,0,0,0,0,"- ","- ",37.944789886474609,-120.84184265136719,STANISLAUS,UNINCORPORATED,-120.84184265136719,37.94476318359375
91280104,2020,2020-08-04,9465,2020-07-23,2225,021770,,4,3,5,5007,0,1,3,,2,041,"SR-99 S/B","W. LINWOOD AVE.",535.00,N,N,A,-,Y,,,99,,,,,,S,Y,2,0,2,3,A,-,01,23152,A,N,B,C,A,A,H,-,D,D,0,,,,,Y,Y,A,01,1,1,0,0,0,0,0,0,0,"- ","- ",37.479198455810547,-120.861328125,STANISLAUS,TURLOCK,-120.86131286621094,37.479228973388672
91281719,2020,2020-08-06,9465,2020-08-05,0923,018222,,3,1,9,5000,0,1,3,,2,011,"STATE ROUTE 99 (S/B) FROM TUOLUMNE ROAD","TUOLUMNE BLVD",268.00,N,N,A,-,Y,,,,,,,,,,Y,4,0,1,2,A,-,03,22350,,N,C,C,A,A,H,-,A,D,0,,,,,Y,,A,01,0,0,1,0,0,0,0,0,0,"- ","- ",37.628520965576172,-120.99736785888672,STANISLAUS,UNINCORPORATED,-120.99721527099609,37.628192901611328
9128305,2020,2020-12-01,5002,2020-07-07,1847,13286,M237,2,5,6,5002,0,0,0,,0,081,"RT 108-MCHENRY AV","MORRIS AV",0.00,,Y,A,-,Y,STA,10,108,-,-,23.440,I,5,E,Y,3,0,1,1,A,-,08,22107,,N,E,I,A,A,H,-,A,A,0,,,,,Y,,-,,0,1,0,0,0,0,0,0,0,"- ","- ",,,STANISLAUS,MODESTO,-120.99387359619141,37.650970458984375
9128313,2020,2020-12-01,5002,2020-07-01,1541,10096,M376,3,5,6,5002,0,0,0,,0,033,"RT 132","N JEFFERSON ST",0.00,,Y,A,-,Y,STA,10,132,-,-,14.580,I,5,W,Y,3,0,2,2,A,-,09,21802,A,N,-,C,A,A,H,-,A,A,0,,,,,Y,,-,,0,2,0,0,0,0,0,0,0,"- ","- ",,,STANISLAUS,MODESTO,-121.00946044921875,37.638629913330078
91283291,2020,2020-08-10,9465,2020-07-29,0930,017966,,3,1,9,5000,0,1,3,,2,015,SR-219,"SISK ROAD",500.00,E,N,A,-,Y,,,219,,,,,,,Y,4,0,1,2,A,-,03,22350,,N,C,C,A,A,H,-,A,D,0,,,,,Y,,A,08,0,0,1,0,0,0,0,0,0,"- ","- ",37.711109161376953,-121.07578277587891,STANISLAUS,UNINCORPORATED,-121.07577514648438,37.710926055908203
91284352,2020,2020-08-11,9465,2020-08-05,1310,018222,,3,1,9,5000,0,3,5,,2,030,"RIVER ROAD","BYSTRUM ROAD",5.00,E,N,A,-,N,,,,,,,,,,Y,2,0,2,2,A,-,09,21801,A,N,A,C,A,A,H,-,A,D,0,,,,,Y,,A,07,1,0,1,0,0,0,0,0,0,"- ","- ",37.626068115234375,-120.98441314697266,STANISLAUS,UNINCORPORATED,-120.98444366455078,37.626079559326172
91284818,2020,2020-08-12,9465,2020-08-07,1735,020985,,5,2,9,5000,0,1,3,,2,045,"STATE ROUTE 165","MERCED COUNTY LINE",30.00,N,N,A,-,Y,,,165,,,,,,,Y,3,0,1,2,A,-,03,22350,,N,C,C,A,A,H,-,A,D,0,,,,,Y,Y,A,01,0,1,0,0,0,0,0,0,0,"- ","- ",37.452991485595703,-120.84908294677734,STANISLAUS,UNINCORPORATED,-120.84907531738281,37.452991485595703
91284980,2020,2020-08-12,9465,2020-08-09,0040,021062,,7,3,9,5000,0,3,5,,2,010,"EMERALD AVENUE","WOODLAND AVENUE",96.00,S,N,A,-,N,,,,,,,,,,Y,3,0,2,1,A,-,01,23152,A,N,F,A,A,A,H,-,D,D,0,,,,,Y,Y,A,01,0,2,0,0,0,0,0,0,0,"- ","- ",37.652950286865234,-121.02593994140625,STANISLAUS,UNINCORPORATED,-121.02719879150391,37.653221130371094
91286872,2020,2020-08-17,9465,2020-08-08,1700,021066,,6,2,9,5000,0,2,4,,2,034,"GEER ROAD","SERVICE ROAD",25.00,S,N,A,-,N,,,,,,,,,,Y,4,0,2,2,A,-,03,22350,,N,C,C,A,A,H,-,A,A,0,,,,,Y,,A,01,0,0,2,0,0,0,0,0,0,"- ","- ",37.579921722412109,-120.84707641601562,STANISLAUS,UNINCORPORATED,-120.84710699999999,37.580108000000003
9128747,2020,2020-09-26,5002,2020-07-03,2357,13106,M136,5,5,6,5002,0,0,0,,0,073,"FLOYD AV","VERA CRUZ DR",43.00,E,N,A,-,N,,,,,,,,,,Y,3,0,2,2,A,-,01,23152,A,N,E,I,A,A,H,-,C,D,0,,,,,Y,Y,A,01,0,1,1,0,0,0,0,0,0,"- ","- ",,,STANISLAUS,MODESTO,-120.97393035888672,37.67803955078125
9128886,2020,2020-09-12,5002,2020-06-26,1700,11857,384,5,5,6,5002,0,0,0,,0,041,"9TH ST","M ST",0.00,,Y,A,-,N,,,,,,,,,,Y,2,0,1,2,A,-,09,21802,,N,D,C,A,A,H,-,A,A,0,,,Y,,Y,,A,,1,0,0,0,0,0,0,0,1,"- ","- ",,,STANISLAUS,MODESTO,-121.00469970703125,37.642650604248047
91289158,2020,2020-08-19,9465,2020-06-20,1255,019376,,6,1,9,5000,0,1,3,,2,021,"STATE ROUTE 120","VALLEY HOME ROAD",0.00,,Y,A,-,Y,,,120,,,,,,,Y,3,0,1,2,A,-,12,22450,A,F,D,C,A,A,H,-,A,A,0,,,,,Y,,-,99,0,1,0,0,0,0,0,0,0,"- ","- ",37.790050506591797,-120.86607360839844,STANISLAUS,UNINCORPORATED,-120.8660888671875,37.790012359619141
91289323,2020,2020-08-20,9465,2020-06-22,0158,021062,,1,3,9,5000,0,1,3,,2,045,"STATE ROUTE 165 (LANDER AVENUE)","GREENWAY AVENUE",0.00,,Y,A,-,Y,,,165,,,,,,,Y,1,1,1,2,A,-,09,21801,A,F,A,C,A,A,H,-,C,D,0,,,Y,,Y,Y,A,01,0,1,0,0,0,0,0,1,0,"- ","- ",37.467300415039062,-120.84906768798828,STANISLAUS,UNINCORPORATED,-120.84905242919922,37.467300415039062
9128933,2020,2020-10-01,5002,2020-07-10,1236,11744,054,5,5,6,5002,0,0,0,,0,083,"STANDIFORD AV","RT 108",595.00,W,N,A,-,N,,,,,,,,,,Y,3,0,2,2,A,-,21,22106,,N,D,C,A,A,H,-,A,D,0,,,,,Y,,-,,0,1,1,0,0,0,0,0,0,"- ","- ",,,STANISLAUS,MODESTO,,
91289339,2020,2020-08-20,9465,2020-08-15,2020,020912,,6,2,9,5000,0,1,3,,2,023,SR-108,"MESA DRIVE",15.00,W,N,A,-,Y,,,108,,,,,,,Y,4,0,1,1,A,-,08,22107,,N,E,I,A,A,H,-,D,D,0,,,,,Y,,D,22,0,0,1,0,0,0,0,0,0,"- ","- ",37.739570617675781,-120.91890716552734,STANISLAUS,UNINCORPORATED,-120.91893768310547,37.739585876464844
9128940,2020,2020-09-29,5002,2020-07-07,1646,11765,048,2,5,6,5002,0,0,0,,0,083,"WEST UNION AV","COLUMBINE DR",0.00,,Y,A,-,N,,,,,,,,,,N,3,0,2,2,A,-,03,22350,,N,C,C,A,A,H,-,A,A,0,,,,,Y,,-,,0,2,0,0,0,0,0,0,0,"- ","- ",,,STANISLAUS,MODESTO,-120.99983215332031,37.693229675292969
91291830,2020,2020-08-25,9465,2020-08-13,0150,021136,,4,3,9,5000,0,3,5,,2,030,"SONORA AVENUE","SOUTH 9TH STREET",503.00,W,N,A,-,N,,,,,,,,,,Y,4,0,1,1,A,-,01,23152,A,M,A,I,A,A,H,-,C,D,0,,,,,Y,Y,A,07,0,0,1,0,0,0,0,0,0,"- ","- ",37.620601654052734,-120.98741912841797,STANISLAUS,UNINCORPORATED,-120.98726654052734,37.620540618896484
91291955,2020,2020-08-25,9465,2020-08-17,1720,020833,,1,2,9,5000,0,1,3,,2,012,"STATE ROUTE 132","HART ROAD",400.00,W,N,A,-,Y,,,132,,,,,,,N,4,0,1,2,A,-,03,22350,,M,C,C,A,A,H,-,A,D,0,,,,,Y,,-,99,0,0,1,0,0,0,0,0,0,"- ","- ",37.637901306152344,-121.12419891357422,STANISLAUS,UNINCORPORATED,-121.12419891357422,37.637897491455078
91292039,2020,2020-08-25,9465,2020-08-19,1300,018623,,3,1,9,5000,0,1,3,,2,012,"STATE ROUTE 132","HART ROAD",0.00,,Y,F,-,Y,,,132,,,,,,,Y,3,0,2,2,A,-,09,21801,A,N,A,C,A,A,H,-,A,A,0,,,,,Y,,A,01,0,1,1,0,0,0,0,0,0,"- ","- ",37.638160705566406,-121.12200927734375,STANISLAUS,UNINCORPORATED,-121.12200927734375,37.637912750244141
91292359,2020,2020-08-25,9465,2020-08-14,1740,020609,,5,2,6,5002,0,1,3,,2,011,"STATE ROUTE 99 (SOUTHBOUND)","K STREET",200.00,S,N,A,-,Y,,,99,,,,,,,Y,3,0,1,2,A,-,03,22350,,N,C,C,A,A,H,-,A,D,0,,,,,Y,,A,01,0,1,0,0,0,0,0,0,0,"- ","- ",37.637550354003906,-121.00505065917969,STANISLAUS,MODESTO,-121.00506591796875,37.637535095214844
91296615,2020,2020-09-01,9465,2020-08-20,1820,020912,,4,2,9,5000,0,1,1,,2,056,"INTERSTATE 5 SOUTHBOUND","STUHR ROAD",10032.00,S,N,F,-,Y,,,5,,,,,,S,Y,4,0,4,2,C,-,18,,,N,F,A,A,A,H,-,A,D,0,,,,Y,Y,,-,"- ",0,0,4,0,0,0,0,0,0,"- ","- ",37.29840087890625,-121.1025390625,STANISLAUS,UNINCORPORATED,-121.10248565673828,37.298416137695312
91297112,2020,2020-09-01,9465,2020-08-27,1150,018324,,4,1,6,5002,0,1,3,,2,041,"SR-99 N/B","CROWS LANDING ROAD",1056.00,S,N,A,-,Y,,,99,,,,,,N,N,4,0,1,2,A,-,04,21703,,N,C,C,A,A,H,-,A,D,0,,,,Y,Y,,G,25,0,0,1,0,0,0,0,0,0,"- ","- ",37.617130279541016,-120.98786926269531,STANISLAUS,MODESTO,-120.98786926269531,37.617134094238281
91297136,2020,2020-09-01,9465,2020-08-27,1835,020985,,4,2,9,5000,0,1,3,,2,012,"STATE ROUTE 132","FAUST ROAD",905.00,E,N,A,-,Y,,,132,,,,,,,Y,4,0,1,2,A,-,03,22350,,N,C,C,A,A,H,-,A,D,0,,,,Y,Y,,A,01,0,0,1,0,0,0,0,0,0,"- ","- ",37.637809753417969,-121.1326904296875,STANISLAUS,UNINCORPORATED,-121.1326904296875,37.637847900390625
9129809,2020,2020-10-07,5002,2020-07-17,0946,10478,M102,5,5,6,5002,0,0,0,,0,073,"COFFEE RD","RUMBLE RD",50.00,S,N,A,-,N,,,,,,,,,,N,4,0,1,2,-,-,"- ",,,F,C,C,A,A,D,-,A,A,0,,,,,Y,,A,01,0,0,1,0,0,0,0,0,0,"- ","- ",,,STANISLAUS,MODESTO,-120.97598266601562,37.681541442871094
9129811,2020,2020-10-07,5002,2020-07-18,1823,13067,M247,6,5,6,5002,0,0,0,,0,081,"VIRGINIA AV","WRIGHT ST",165.00,S,N,A,-,N,,,,,,,,,,Y,4,0,2,3,A,-,01,23152,A,N,B,E,A,A,H,-,A,D,0,,,,,Y,,A,01,0,0,2,0,0,0,0,0,0,"- ","- ",,,STANISLAUS,MODESTO,-121.00281524658203,37.648048400878906
91298190,2020,2020-09-03,9465,2020-08-23,0900,019376,,7,1,9,5000,0,1,3,,2,041,"STATE ROUTE 99 (SOUTHBOUND)","TAYLOR ROAD",225.00,N,N,A,-,Y,,,99,,,,,,,Y,4,0,1,1,A,-,08,22107,,N,F,A,A,A,H,-,A,D,0,,,,,Y,,D,22,0,0,1,0,0,0,0,0,0,"- ","- ",37.537590026855469,-120.89308166503906,STANISLAUS,UNINCORPORATED,-120.89298248291016,37.537673950195312
9129851,2020,2020-11-05,5002,2020-07-21,1542,11531,,2,5,6,5002,0,0,0,,0,MP62,"BRIGGSMORE AV","CARVER RD",0.00,,Y,A,-,N,,,,,,,,,,Y,2,0,2,2,A,-,12,21453,A,N,D,C,A,A,H,-,A,A,0,,,,,Y,,D,22,1,0,1,0,0,0,0,0,0,"- ","- ",,,STANISLAUS,MODESTO,-121.02214050292969,37.671489715576172
91299179,2020,2020-09-04,9465,2020-09-03,1727,018274,,4,2,9,5000,0,1,3,,2,011,"STATE ROUTE 99 (SOUTHBOUND)","WOODLAND AVENUE",1056.00,N,N,A,-,Y,,,99,,,,,,,N,4,0,1,2,A,-,03,22350,,N,C,C,A,A,H,-,A,D,0,,,,,Y,,A,01,0,0,1,0,0,0,0,0,0,"- ","- ",37.657859802246094,-121.02606201171875,STANISLAUS,UNINCORPORATED,-121.02610015869141,37.657859802246094
91302734,2020,2020-09-11,9465,2020-09-03,1650,020885,,4,2,6,5002,0,1,3,,2,041,"SR-99 S/B","TOULUMNE BLVD",1056.00,S,N,A,-,Y,,,99,,,,,,S,Y,4,0,1,3,A,-,03,22350,,N,C,C,A,A,H,-,A,D,0,,,,,Y,,A,01,0,0,1,0,0,0,0,0,0,"- ","- ",37.6243896484375,-120.99632263183594,STANISLAUS,MODESTO,-120.99636077880859,37.624382019042969
91302831,2020,2020-09-11,9465,2020-08-20,2345,021136,,4,3,9,5000,0,3,5,,2,010,"CARPENTER ROAD","KANSAS AVENUE",500.00,S,N,B,-,N,,,,,,,,,,Y,4,0,1,1,A,-,01,23152,A,N,E,I,A,A,H,-,C,D,0,,,,,Y,Y,A,01,0,0,1,0,0,0,0,0,0,"- ","- ",37.644969940185547,-121.03034973144531,STANISLAUS,UNINCORPORATED,-121.03026580810547,37.644618988037109
91302965,2020,2020-09-11,9465,2020-09-10,0555,018259,,4,3,9,5000,0,3,5,,2,050,"RIVER ROAD","HILLS FERRY ROAD",0.00,,Y,A,-,N,,,,,,,,,,N,4,0,1,2,A,-,09,21802,A,N,D,C,A,A,H,-,D,A,0,,,,,Y,,A,01,0,0,1,0,0,0,0,0,0,"- ","- ",37.345909118652344,-120.97827911376953,STANISLAUS,UNINCORPORATED,-120.97805023193359,37.346298217773438
91304136,2020,2020-09-14,9465,2020-09-02,2244,021235,,3,3,9,5000,0,3,5,,2,040,"WASHINGTON STREET","IDAHO ROAD",65.00,N,N,A,-,N,,,,,,,,,,Y,2,0,1,2,A,-,09,21804,A,N,F,A,A,A,H,-,D,D,0,,,Y,,Y,,A,01,1,0,0,0,0,0,0,0,1,"- ","- ",37.454608917236328,-120.90360260009766,STANISLAUS,UNINCORPORATED,-120.90361022949219,37.45458984375