CASE_ID,ACCIDENT_YEAR,PROC_DATE,JURIS,COLLISION_DATE,COLLISION_TIME,OFFICER_ID,REPORTING_DISTRICT,DAY_OF_WEEK,CHP_SHIFT,POPULATION,CNTY_CITY_LOC,SPECIAL_COND,BEAT_TYPE,CHP_BEAT_TYPE,CITY_DIVISION_LAPD,CHP_BEAT_CLASS,BEAT_NUMBER,PRIMARY_RD,SECONDARY_RD,DISTANCE,DIRECTION,INTERSECTION,WEATHER_1,WEATHER_2,STATE_HWY_IND,CALTRANS_COUNTY,CALTRANS_DISTRICT,STATE_ROUTE,ROUTE_SUFFIX,POSTMILE_PREFIX,POSTMILE,LOCATION_TYPE,RAMP_INTERSECTION,SIDE_OF_HWY,TOW_AWAY,COLLISION_SEVERITY,NUMBER_KILLED,NUMBER_INJURED,PARTY_COUNT,PRIMARY_COLL_FACTOR,PCF_CODE_OF_VIOL,PCF_VIOL_CATEGORY,PCF_VIOLATION,PCF_VIOL_SUBSECTION,HIT_AND_RUN,TYPE_OF_COLLISION,MVIW,PED_ACTION,ROAD_SURFACE,ROAD_COND_1,ROAD_COND_2,LIGHTING,CONTROL_DEVICE,CHP_ROAD_TYPE,PEDESTRIAN_ACCIDENT,BICYCLE_ACCIDENT,MOTORCYCLE_ACCIDENT,TRUCK_ACCIDENT,NOT_PRIVATE_PROPERTY,ALCOHOL_INVOLVED,STWD_VEHTYPE_AT_FAULT,CHP_VEHTYPE_AT_FAULT,COUNT_SEVERE_INJ,COUNT_VISIBLE_INJ,COUNT_COMPLAINT_PAIN,COUNT_PED_KILLED,COUNT_PED_INJURED,COUNT_BICYCLIST_KILLED,COUNT_BICYCLIST_INJURED,COUNT_MC_KILLED,COUNT_MC_INJURED,PRIMARY_RAMP,SECONDARY_RAMP,LATITUDE,LONGITUDE,COUNTY,CITY,POINT_X,POINT_Y
91997119,2023,2023-02-17,9465,2023-02-14,1535,019713,,2,2,9,5000,0,1,3,,2,011,"STATE ROUTE 99","WOODLAND AVENUE OVERCROSSING",900.00,S,N,A,-,Y,STA,,99," ",R,17.343,H,,R,N,4,0,1,3,A,-,03,22350,,N,C,C,A,C,H,-,A,D,0,,,,,Y,,A,01,0,0,1,0,0,0,0,0,0,"- ","- ",37.651329040527344,-121.02291870117188,STANISLAUS,UNINCORPORATED,-121.02275085449219,37.651454925537109
9199746,2020,2021-01-26,5007,2020-10-25,1733,5800,TPD,7,5,5,5007,0,0,0,,0,PD3,"NORTH SODERQUIST RD","LAMBERT RD",10.00,S,N,A,-,N,,,,,,,,,,Y,2,0,1,2,A,-,09,21801,A,N,A,C,A,A,H,-,A,D,0,,,Y,,Y,,A,01,1,0,0,0,0,0,0,0,1,"- ","- ",,,STANISLAUS,TURLOCK,-120.86226654052734,37.499504089355469
92001599,2023,2023-02-23,9465,2023-02-11,1520,021226,,6,2,9,5000,0,3,5,,2,040,"SERVICE ROAD","JENNINGS ROAD",1584.00,E,N,A,-,N,,,,,,,,,,Y,4,0,1,2,A,-,03,22350,,N,C,C,A,A,H,-,B,D,0,,,,,Y,,A,01,0,0,1,0,0,0,0,0,0,"- ","- ",37.580509185791016,-121.06157684326172,STANISLAUS,UNINCORPORATED,-121.06112670898438,37.580516815185547
92002544,2023,2023-02-24,9465,2023-02-23,"835 ",019155,,4,1,9,5000,0,3,5,,2,030,"MCCLURE ROAD","LECKRON ROAD",1584.00,N,N,A,-,N,,,,,,,,,,N,4,0,1,2,A,-,05,21460,,N,D,C,A,A,H,-,A,D,0,,,,,Y,,D,22,0,0,1,0,0,0,0,0,0,"- ","- ",37.634048461914062,-120.92984771728516,STANISLAUS,UNINCORPORATED,-120.92985534667969,37.633480072021484
92004387,2022,2023-02-27,9465,2022-12-24,0055,021239,,6,3,9,5000,0,1,3,,2,041,"STATE ROUTE 99 SOUTHBOUND","KEYES ROAD",1584.00,N,N,E,-,Y,STA,,99,,R,8.196,H,,L,Y,1,1,0,1,A,-,08,22107,,N,E,J,A,A,H,-,C,D,0,,,,,Y,Y,A,07,0,0,0,0,0,0,0,0,0,"- ","- ",37.551300048828125,-120.91117095947266,STANISLAUS,UNINCORPORATED,-120.91105651855469,37.551395416259766
92005084,2023,2023-02-28,9465,2023-02-17,2002,020985,,5,2,9,5000,0,1,3,,1,031,"STATE ROUTE 132","ALBERS ROAD",0.00,,Y,A,-,Y,STA,,132," "," ",23.137,H,,R,Y,2,0,3,3,A,-,01,23152,A,N,D,2,A,A,H,-,C,A,0,,,,,Y,Y,A,01,1,1,1,0,0,0,0,0,0,"- ","- ",37.638679504394531,-120.84781646728516,STANISLAUS,UNINCORPORATED,-120.84781646728516,37.638729095458984
92011318,2023,2023-03-07,9465,2023-03-01,"730 ",018363,,3,1,9,5000,0,1,3,,2,011,"STATE ROUTE 99 (NORTHBOUND)","BROADWAY AVENUE",1584.00,S,N,A,-,Y,STA,,99," ",R,22.109,H,,R,Y,4,0,1,3,A,-,03,22350,,N,C,C,A,A,H,-,A,D,0,,,,Y,Y,,A,01,0,0,1,0,0,0,0,0,0,"- ","- ",37.704208374023438,-121.07544708251953,STANISLAUS,UNINCORPORATED,-121.07540893554688,37.704242706298828
92011677,2023,2023-03-16,9465,2023-02-23,1230,019517,,4,1,9,5000,0,3,5,,2,040,"GRAYSON ROAD","CROWS LANDING ROAD",1080.00,E,N,B,-,N,,,,,,,,,,Y,3,0,1,2,A,-,05,21460,A,N,A,C,A,A,H,-,A,D,0,,,,,Y,,D,22,0,1,0,0,0,0,0,0,0,"- ","- ",37.565830230712891,-120.98995208740234,STANISLAUS,UNINCORPORATED,-120.99365997314453,37.565849304199219
92011771,2023,2023-03-07,9465,2023-02-28,"630 ",018363,,2,1,9,5000,0,3,5,,2,010,"CALIFORNIA AVENUE","STONE AVENUE",2604.00,E,N,B,-,N,,,,,,,,,,Y,3,0,1,1,A,-,08,22107,,N,E,8,A,B,F,-,D,D,0,,,,,Y,,A,08,0,1,0,0,0,0,0,0,0,"- ","- ",37.623710632324219,-121.07646942138672,STANISLAUS,UNINCORPORATED,-121.07647705078125,37.623664855957031
92011834,2023,2023-03-07,9465,2023-03-01,"855 ",018623,,3,1,9,5000,0,1,3,,2,041,"STATE ROUTE 99 (NORTHBOUND)","WHITMORE AVENUE",2730.00,S,N,A,-,Y,STA,,99," ",R,11.382,H,,R,N,3,0,3,3,A,-,03,22350,,N,C,C,A,A,H,-,A,D,0,,,,,Y,,A,01,0,1,2,0,0,0,0,0,0,"- ","- ",37.588939666748047,-120.95381927490234,STANISLAUS,UNINCORPORATED,-120.95378112792969,37.588966369628906
92011849,2023,2023-03-07,9465,2023-03-01,"740 ",018623,,3,1,9,5000,0,3,5,,2,010,"PARADISE ROAD","VICTORIA DRIVE",0.00,,Y,A,-,N,,,,,,,,,,N,4,0,1,2,A,-,09,21801,A,N,D,C,A,A,H,-,A,D,0,,,,,Y,,A,07,0,0,1,0,0,0,0,0,0,"- ","- ",37.616668701171875,-121.02967834472656,STANISLAUS,UNINCORPORATED,-121.02964782714844,37.616596221923828
92012524,2023,2023-03-08,9465,2023-03-04,1535,021226,,6,2,9,5000,0,3,5,,2,050,"FINK ROAD","DAVIS ROAD",2640.00,W,N,B,-,N,,,,,,,,,,N,3,0,1,1,A,-,01,23152,A,N,E,I,A,A,H,-,A,D,0,,,,,Y,Y,A,07,0,1,0,0,0,0,0,0,0,"- ","- ",37.395011901855469,-121.12999725341797,STANISLAUS,UNINCORPORATED,-121.12924957275391,37.394771575927734
92014596,2023,2023-03-10,9465,2023-02-24,2250,021770,,5,3,9,5000,0,1,1,,2,055,"I-5 S/B","INGRAM CREEK ROAD",9445.00,S,N,A,-,Y,STA,,5," "," ",21.205,H,,L,Y,3,0,1,1,A,-,01,23152,A,N,F,A,A,B,H,-,D,D,0,,,,,Y,Y,A,01,0,1,0,0,0,0,0,0,0,"- ","- ",37.521270751953125,-121.24508666992188,STANISLAUS,UNINCORPORATED,-121.24507141113281,37.521282196044922
92017768,2023,2023-03-14,9465,2023-02-07,2020,019182,,2,2,9,5000,0,1,3,,2,015,"STATE ROUTE 219 (SR-219)                     (KIER","CARVER ROAD",370.00,E,N,A,-,N,,,,,,,,,,N,1,1,0,2,A,-,11,21956,A,N,G,B,E,A,H,-,D,D,0,Y,,,,Y,,N,60,0,0,0,1,0,0,0,0,0,"- ","- ",37.711048126220703,-121.02123260498047,STANISLAUS,UNINCORPORATED,-121.02122497558594,37.711227416992188
92018286,2023,2023-03-15,9465,2023-03-04,"15  ",021783,,6,3,9,5000,0,1,3,,2,011,"STATE ROUTE 99 (NORTHBOUND)","HAMMETT ROAD",900.00,S,N,A,-,Y,STA,,99," ",R,24.096,H,,R,Y,2,0,4,3,A,-,01,23152,A,F,D,C,A,A,H,-,C,D,0,,,,,Y,Y,A,07,1,3,0,0,0,0,0,0,0,"- ","- ",37.7239990234375,-121.10138702392578,STANISLAUS,UNINCORPORATED,-121.10138702392578,37.724002838134766
92020851,2023,2023-03-17,9465,2023-03-11,1408,020475,,6,2,9,5000,0,1,3,,2,011,"SR-99 NORTHBOUND",SR-219,2460.00,S,N,B,-,Y,STA,,99," ",R,22.080,H,,R,N,3,0,1,2,A,-,03,22350,,N,C,C,A,A,H,-,A,D,0,,,,,Y,,A,07,0,1,0,0,0,0,0,0,0,"- ","- ",37.703899383544922,-121.07508850097656,STANISLAUS,UNINCORPORATED,-121.07505035400391,37.703929901123047
92021138,2023,2023-03-17,9465,2023-03-14,1200,023200,,2,1,9,5000,0,1,3,,2,011,"STATE ROUTE 99","PELANDALE AVENUE",1190.00,N,N,B,G,Y,STA,,99," ",R,21.934,H,,R,N,4,0,1,2,A,-,07,21658,A,N,B,C,A,B,H,-,A,D,0,,,,Y,Y,,G,25,0,0,1,0,0,0,0,0,0,"- ","- ",37.702178955078125,-121.07351684570312,STANISLAUS,UNINCORPORATED,-121.07327270507812,37.702350616455078
92024857,2023,2023-03-22,9465,2023-03-04,1942,020475,,6,2,9,5000,0,3,5,,2,010,"TOOMES RD","MAXIMILLIAN DRIVE",83.00,N,N,B,-,N,,,,,,,,,,Y,3,0,1,1,B,-,22,,,N,E,I,A,A,H,-,C,D,0,,,,,Y,,A,01,0,1,0,0,0,0,0,0,0,"- ","- ",37.707260131835938,-121.09571838378906,STANISLAUS,UNINCORPORATED,-121.09577178955078,37.707256317138672
92026918,2023,2023-03-23,9465,2023-03-16,1535,020457,,4,2,9,5000,0,1,3,,2,041,"STATE ROUTE 99 (NORTHBOUND)","S. 7TH STREET",410.00,N,N,A,-,Y,STA,,99," ",R,14.157,H,,R,Y,3,0,1,2,A,-,03,22350,,N,C,C,A,A,H,-,A,D,0,,,,,Y,,A,01,0,1,0,0,0,0,0,0,0,"- ","- ",37.617168426513672,-120.98841857910156,STANISLAUS,UNINCORPORATED,-120.98841094970703,37.617198944091797
92029043,2023,2023-03-27,9465,2023-03-12,"855 ",019152,,7,1,9,5000,0,1,3,,2,041,"STATE ROUTE 99","FULKERTH RD.",225.00,S,N,B,-,Y,STA,,99," ",R,4.496,H,,R,Y,3,0,1,1,A,-,01,23152,A,M,E,I,A,B,H,-,A,D,0,,,,,Y,Y,A,01,0,1,0,0,0,0,0,0,0,"- ","- ",37.506538391113281,-120.87715148925781,STANISLAUS,UNINCORPORATED,-120.87724304199219,37.506507873535156
92029120,2023,2023-03-27,9465,2023-03-18,"650 ",018363,,6,1,9,5000,0,3,5,,2,050,"HOWARD ROAD","FRANK COX ROAD",0.00,,Y,B,-,N,,,,,,,,,,Y,4,0,3,1,A,-,08,22107,,N,E,J,A,A,H,-,B,A,0,,,,,Y,,A,07,0,0,3,0,0,0,0,0,0,"- ","- ",37.536708831787109,-121.20437622070312,STANISLAUS,UNINCORPORATED,-121.20453643798828,37.536685943603516
92034586,2023,2023-03-31,9465,2023-03-27,"820 ",023200,,1,1,9,5000,0,1,3,,2,041,"STATE ROUTE 99 (NORTHBOUND)","PINE STREET",900.00,S,N,A,-,Y,STA,,99," ",R,11.130,H,,R,N,4,0,1,2,A,-,03,22350,,N,C,C,A,A,H,-,A,D,0,,,,,Y,,A,01,0,0,1,0,0,0,0,0,0,"- ","- ",37.586250305175781,-120.95068359375,STANISLAUS,UNINCORPORATED,-120.95072937011719,37.586215972900391
92035901,2023,2023-04-03,9465,2023-03-28,2355,021062,,2,3,6,5002,0,1,3,,2,011,"STATE ROUTE 99 (SOUTHBOUND)","SIERRA DRIVE",330.00,N,N,B,-,Y,STA,,99," ",R,15.451,H,,R,Y,4,0,1,2,A,-,07,21658,A,N,B,C,A,B,H,-,C,D,0,,,,,Y,,A,01,0,0,1,0,0,0,0,0,0,"- ","- ",37.632011413574219,-120.99868011474609,STANISLAUS,MODESTO,-120.99845886230469,37.632125854492188
92037909,2023,2023-04-05,9465,2023-03-28,1625,019713,,2,2,9,5000,0,1,3,,2,041,"STATE ROUTE 99","9TH STREET UNDERCROSSING",30.00,N,N,B,C,Y,STA,,99," ",R,13.926,H,,R,N,4,0,7,2,A,-,03,22350,,N,C,C,A,B,H,-,A,D,0,,,,,Y,,A,01,0,0,7,0,0,0,0,0,0,"- ","- ",37.616420745849609,-120.98428344726562,STANISLAUS,UNINCORPORATED,-120.98419952392578,37.616622924804688
92039623,2023,2023-04-07,9465,2023-03-30,"338 ",020833,,4,3,6,5002,0,1,3,,2,041,"STATE ROUTE 99 (NORTHBOUND) TO CROWS LANDING ROAD","CROWS LANDING ROAD",750.00,S,N,B,-,Y,,,,,,,,,,N,4,0,1,1,A,-,01,23152,A,N,E,I,A,B,H,-,D,D,0,,,,,Y,Y,A,07,0,0,1,0,0,0,0,0,0,"- ","- ",37.618389129638672,-120.99221038818359,STANISLAUS,MODESTO,-120.99221038818359,37.618389129638672
92042247,2023,2023-04-11,9465,2023-03-16,"610 ",017966,,4,1,9,5000,0,1,3,,2,012,"STATE ROUTE 132","FAUST ROAD",2640.00,W,N,B,-,Y,STA,,132," "," ",7.136,H,,R,N,4,0,1,3,A,-,09,21801,A,M,A,C,A,A,H,-,D,D,0,,,,,Y,,-,99,0,0,1,0,0,0,0,0,0,"- ","- ",37.637809753417969,-121.14456176757812,STANISLAUS,UNINCORPORATED,-121.14456176757812,37.637821197509766
92046925,2023,2023-04-17,9465,2023-04-09,"455 ",021337,,7,3,9,5000,0,3,5,,2,050,"HOWARD ROAD","FRANK COX ROAD",0.00,,Y,A,-,N,,,,,,,,,,Y,3,0,2,1,A,-,08,22107,,N,E,I,A,A,H,-,D,D,0,,,,,Y,,A,01,0,2,0,0,0,0,0,0,0,"- ","- ",37.536708831787109,-121.20446014404297,STANISLAUS,UNINCORPORATED,-121.20453643798828,37.536685943603516
92047022,2023,2023-04-17,9465,2023-04-11,2020,019713,,2,2,9,5000,0,3,5,,2,040,"BLAKER ROAD","SERVICE ROAD",1000.00,S,N,A,-,N,,,,,,,,,,N,4,0,1,1,A,-,08,22107,,N,E,J,A,A,H,-,D,D,0,,,,,Y,,A,07,0,0,1,0,0,0,0,0,0,"- ","- ",37.579208374023438,-120.96613311767578,STANISLAUS,UNINCORPORATED,-120.96613311767578,37.577594757080078
92048831,2023,2023-04-19,9465,2023-04-12,1605,019155,,3,2,9,5000,0,1,3,,2,041,"STATE ROUTE 99 (SOUTHBOUND)","HATCH ROAD",1320.00,S,N,A,-,Y,STA,,99," ",R,12.944,H,,R,Y,3,0,1,1,A,-,08,22107,,N,F,I,A,A,H,-,A,D,0,,,,,Y,,D,22,0,1,0,0,0,0,0,0,0,"- ","- ",37.605609893798828,-120.97296905517578,STANISLAUS,UNINCORPORATED,-120.97284698486328,37.605697631835938
92050632,2023,2023-04-21,9465,2023-04-14,1600,022049,,5,2,9,5000,0,3,5,,2,040,"WEST MAIN STREET","CARPENTER ROAD",1055.00,W,N,A,-,N,,,,,,,,,,N,4,0,1,2,A,-,03,22350,,N,C,C,A,A,H,-,A,D,0,,,,,Y,,A,01,0,0,1,0,0,0,0,0,0,"- ","- ",37.493289947509766,-121.03462219238281,STANISLAUS,UNINCORPORATED,-121.03451538085938,37.493293762207031
92050695,2023,2023-04-21,9465,2023-04-15,"940 ",018363,,6,1,9,5000,0,1,3,,2,015,"STATE ROUTE 219","STRATOS WAY",305.00,W,N,A,-,Y,STA,,219," "," ",4.506,H,,R,Y,4,0,2,1,A,-,08,22107,,N,E,I,A,A,H,-,A,D,0,,,,,Y,,A,01,0,0,2,0,0,0,0,0,0,"- ","- ",37.710960388183594,-121.00141906738281,STANISLAUS,UNINCORPORATED,-121.00141906738281,37.711074829101562
92051167,2023,2023-04-24,9465,2023-04-14,1520,023200,,5,2,9,5000,0,1,3,,2,013,"SR-108 (MCHENRY AVENUE)","SAINT FRANCIS AVENUE",571.00,N,N,A,-,Y,STA,,108," "," ",28.466,H,,R,Y,3,0,2,3,A,-,03,22350,,N,C,C,A,A,H,-,A,D,0,,,,,Y,,A,07,0,2,0,0,0,0,0,0,0,"- ","- ",37.723670959472656,-120.99510955810547,STANISLAUS,UNINCORPORATED,-120.99514770507812,37.723670959472656
92051169,2023,2023-04-24,9465,2023-04-17,1800,019182,,1,2,6,5002,0,1,3,,2,011,"SR-99 SB","L"" ST""",750.00,N,N,A,-,Y,STA,,99," ",R,16.264,H,,L,Y,4,0,1,2,A,-,04,21703,,N,C,C,A,A,H,-,A,D,0,,,,,Y,,A,01,0,0,1,0,0,0,0,0,0,"- ","- ",37.640670776367188,-121.00877380371094,STANISLAUS,MODESTO,-121.0087890625,37.640659332275391
92052719,2023,2023-04-25,9465,2023-04-20,1335,018222,,4,1,9,5000,0,1,3,,2,013,"STATE ROUTE 108","AUTO CENTER COURT",0.00,,Y,A,-,Y,STA,,108," "," ",26.956,H,,R,Y,4,0,1,2,A,-,08,22101,D,N,B,C,A,A,H,-,A,D,0,,,,,Y,,A,01,0,0,1,0,0,0,0,0,0,"- ","- ",37.701889038085938,-120.99462127685547,STANISLAUS,UNINCORPORATED,-120.99449920654297,37.701892852783203
92052883,2023,2023-04-25,9465,2023-04-12,1630,020885,,3,2,9,5000,0,3,5,,2,040,"S. CARPENTER RD","FULKERTH ROAD",0.00,,Y,A,-,N,,,,,,,,,,N,2,0,1,2,A,-,09,21802,A,F,F,A,A,A,H,-,A,A,0,,,Y,,Y,Y,-,99,1,0,0,0,0,0,0,0,1,"- ","- ",37.507759094238281,-121.03086853027344,STANISLAUS,UNINCORPORATED,-121.03087615966797,37.507797241210938
92053544,2023,2023-04-26,9465,2023-04-23,2140,021337,,7,2,9,5000,0,3,5,,2,030,"HATCH ROAD","TULLY ROAD",20.00,E,N,A,-,N,,,,,,,,,,N,4,0,1,2,A,-,01,23152,A,N,C,C,A,A,H,-,D,D,0,,,,,Y,Y,A,07,0,0,1,0,0,0,0,0,0,"- ","- ",37.609329223632812,-120.87001037597656,STANISLAUS,UNINCORPORATED,-120.87007141113281,37.609279632568359
92053766,2023,2023-04-26,9465,2023-04-19,"930 ",015761,,3,1,9,5000,0,3,5,,2,020,"OAKDALE-WATERFORD HIGHWAY","RICE ROAD",1373.00,N,N,A,-,N,,,,,,,,,,Y,4,0,2,2,A,-,08,22107,,N,B,C,A,A,H,-,A,D,0,,,,Y,Y,,D,22,0,0,2,0,0,0,0,0,0,"- ","- ",37.699798583984375,-120.81555938720703,STANISLAUS,UNINCORPORATED,-120.81569671630859,37.699966430664062
92053804,2023,2023-04-26,9465,2023-04-17,1310,017966,,1,1,9,5000,0,3,5,,2,010,"CARPENTER ROAD","WOODLAND AVENUE",436.00,N,N,A,-,N,,,,,,,,,,Y,3,0,2,2,A,-,03,22350,,N,C,C,A,A,H,-,A,D,0,,,,,Y,,A,01,0,1,1,0,0,0,0,0,0,"- ","- ",37.654411315917969,-121.03111267089844,STANISLAUS,UNINCORPORATED,-121.03107452392578,37.654407501220703
92056537,2023,2023-04-28,9465,2023-04-19,2120,020475,,3,2,9,5000,0,1,3,,1,032,"SR-132 EASTBOUND","CRABTREE ROAD",110.00,E,N,A,-,Y,STA,,132," "," ",36.605,H,,R,Y,4,0,1,1,A,-,08,22107,,N,E,I,A,A,H,-,D,D,0,,,,,Y,Y,A,01,0,0,1,0,0,0,0,0,0,"- ","- ",37.644668579101562,-120.61277008056641,STANISLAUS,UNINCORPORATED,-120.61275482177734,37.644638061523438
92056539,2023,2023-04-28,9465,2023-04-19,1655,022049,,3,2,9,5000,0,1,3,,1,031,SR-132,"B STREET",170.00,E,N,A,-,N,,,,,,,,,,N,4,0,1,2,A,-,09,21804,A,N,D,C,A,A,H,-,A,D,0,,,,,Y,,D,22,0,0,1,0,0,0,0,0,0,"- ","- ",37.638229370117188,-120.90643310546875,STANISLAUS,UNINCORPORATED,-120.90643310546875,37.638256072998047
92056558,2023,2023-04-28,9465,2023-04-26,2225,021022,,3,3,9,5000,0,1,3,,2,011,"SR-99 SOUTHBOUND","PELANDALE AVENUE",1056.00,N,N,A,-,Y,STA,,99," ",R,22.096,H,,L,N,4,0,1,1,A,-,08,22107,,M,E,I,A,A,H,-,D,D,0,,,,,Y,,A,01,0,0,1,0,0,0,0,0,0,"- ","- ",37.703948974609375,-121.07547760009766,STANISLAUS,UNINCORPORATED,-121.07546234130859,37.703960418701172
92057020,2023,2023-04-28,9465,2023-04-26,1455,023200,,3,2,9,5000,0,3,5,,2,030,"RIVER ROAD","S 9TH STREET",36.00,E,N,A,-,N,,,,,,,,,,N,4,0,1,2,A,-,21,22106,,N,C,C,A,A,H,-,A,A,0,,,,,Y,,A,07,0,0,1,0,0,0,0,0,0,"- ","- ",37.626201629638672,-120.98680114746094,STANISLAUS,UNINCORPORATED,-120.98694610595703,37.626194000244141
92058921,2023,2023-05-02,9465,2023-04-25,1240,018363,,2,1,9,5000,0,3,5,,2,030,"RIVERSIDE DRIVE","NATHAN AVENUE",0.00,,Y,A,-,N,,,,,,,,,,Y,4,0,3,2,A,-,09,21802,A,N,D,C,A,A,H,-,A,A,0,,,,,Y,,A,07,0,0,3,0,0,0,0,0,0,"- ","- ",37.630859375,-120.94795989990234,STANISLAUS,UNINCORPORATED,-120.94797515869141,37.630855560302734
92060998,2023,2023-05-04,9465,2023-04-22,1950,019413,,6,2,9,5000,0,2,4,,2,016,"CLARIBEL ROAD","ALBERS ROAD",1954.00,E,N,A,-,N,,,,,,,,,,Y,4,0,1,1,A,-,08,22107,,N,E,I,A,A,H,-,D,D,0,,,,,Y,,A,01,0,0,1,0,0,0,0,0,0,"- ","- ",37.711101531982422,-120.84153747558594,STANISLAUS,UNINCORPORATED,-120.84158325195312,37.711067199707031
92061121,2023,2023-05-04,9465,2023-05-03,1250,018955,,3,1,9,5000,0,1,3,,2,045,"STATE ROUTE 165","GREENWAY AVENUE",900.00,N,N,B,-,Y,STA,,165," "," ",1.165,H,,R,Y,3,0,1,1,A,-,08,22107,,N,E,I,A,A,H,-,A,D,0,,,,,Y,,A,07,0,1,0,0,0,0,0,0,0,"- ","- ",37.469791412353516,-120.84899139404297,STANISLAUS,UNINCORPORATED,-120.84901428222656,37.469791412353516
92064569,2023,2023-05-09,9465,2023-05-06,1340,018623,,6,1,9,5000,0,3,5,,2,040,"CARPENTER ROAD","KEYES ROAD",0.00,,Y,B,C,N,,,,,,,,,,N,4,0,1,2,A,-,12,22450,A,N,D,C,A,B,H,-,A,A,0,,,,,Y,,A,01,0,0,1,0,0,0,0,0,0,"- ","- ",37.551460266113281,-121.03028106689453,STANISLAUS,UNINCORPORATED,-121.03022003173828,37.551448822021484
92064589,2023,2023-05-09,9465,2023-05-03,"741 ",018274,,3,1,9,5000,0,3,5,,2,030,"HICKMAN ROAD","EAST AVENUE",3168.00,N,N,B,-,N,,,,,,,,,,Y,4,0,1,2,A,-,09,21804,A,N,D,C,A,A,H,-,A,D,0,,,,Y,Y,,G,25,0,0,1,0,0,0,0,0,0,"- ","- ",37.501659393310547,-120.75769805908203,STANISLAUS,UNINCORPORATED,-120.75775146484375,37.500938415527344
92066040,2023,2023-05-10,9465,2023-05-09,1102,018274,,2,1,9,5000,0,1,3,,2,041,"STATE ROUTE 99 (NORTHBOUND)","HATCH ROAD",1795.00,N,N,B,-,Y,STA,,99," ",R,13.607,H,,R,Y,4,0,2,2,A,-,03,22350,,N,C,C,A,A,H,-,A,D,0,,,,,Y,,D,22,0,0,2,0,0,0,0,0,0,"- ","- ",37.613510131835938,-120.98001098632812,STANISLAUS,UNINCORPORATED,-120.98000335693359,37.613513946533203
92066768,2023,2023-05-11,9465,2023-05-10,1445,020985,,3,2,9,5000,0,3,5,,2,030,"RIVERSIDE DRIVE","STATE ROUTE 132",64.00,S,N,A,-,N,,,,,,,,,,Y,3,0,1,2,A,-,08,22107,,N,A,C,A,A,H,-,A,D,0,,,,Y,Y,,D,22,0,1,0,0,0,0,0,0,0,"- ","- ",37.637889862060547,-120.94806671142578,STANISLAUS,UNINCORPORATED,-120.94808197021484,37.638141632080078
92067612,2023,2023-05-12,9465,2023-04-30,1140,018259,,7,1,9,5000,0,3,5,,2,050,"STUHR ROAD","BELL ROAD",4752.00,E,N,B,-,N,,,,,,,,,,Y,4,0,1,1,A,-,03,22350,,N,E,I,A,A,H,-,A,D,0,,,,,Y,,A,01,0,0,1,0,0,0,0,0,0,"- ","- ",37.333431243896484,-121.08799743652344,STANISLAUS,UNINCORPORATED,-121.08834838867188,37.33331298828125
92069739,2023,2023-05-16,9465,2023-05-05,"610 ",018457,,5,1,4,5001,0,1,3,,2,041,"STATE ROUTE 99 (SOUTHBOUND)","STATE ROUTE 99 SB FROM EL CAMINO AVE",45.00,N,N,B,-,Y,STA,,99," ",R,11.568,H,,R,Y,3,0,1,2,A,-,07,21658,A,N,B,C,A,A,H,-,A,D,0,,,,Y,Y,,A,01,0,1,0,0,0,0,0,0,0,"- ","- ",37.590930938720703,-120.95613861083984,STANISLAUS,CERES,-120.95596313476562,37.591053009033203
9207162,2020,2021-03-05,5001,2020-12-26,0145,821,C104,6,5,4,5001,0,0,0,,0,004,"MORGAN RD","HACKETT RD",0.00,,Y,B,-,N,,,,,,,,,,Y,3,0,1,2,A,-,09,21801,A,N,A,C,A,B,H,-,C,A,0,,,,,Y,,A,01,0,1,0,0,0,0,0,0,0,"- ","- ",37.587600708007812,-120.97525787353516,STANISLAUS,CERES,-120.97528839111328,37.587619781494141
92072318,2023,2023-05-18,9465,2023-04-29,"220 ",020475,,6,3,9,5000,0,3,5,,2,010,"COFFEE ROAD","CLARIBEL ROAD",980.00,S,N,A,-,N,,,,,,,,,,Y,4,0,1,2,A,-,14,25803,A,N,C,C,A,A,H,-,D,D,0,,,,,Y,,M,46,0,0,1,0,0,0,0,0,0,"- ","- ",37.708221435546875,-120.97653961181641,STANISLAUS,UNINCORPORATED,-120.9765625,37.708290100097656