CASE_ID,ACCIDENT_YEAR,PROC_DATE,JURIS,COLLISION_DATE,COLLISION_TIME,OFFICER_ID,REPORTING_DISTRICT,DAY_OF_WEEK,CHP_SHIFT,POPULATION,CNTY_CITY_LOC,SPECIAL_COND,BEAT_TYPE,CHP_BEAT_TYPE,CITY_DIVISION_LAPD,CHP_BEAT_CLASS,BEAT_NUMBER,PRIMARY_RD,SECONDARY_RD,DISTANCE,DIRECTION,INTERSECTION,WEATHER_1,WEATHER_2,STATE_HWY_IND,CALTRANS_COUNTY,CALTRANS_DISTRICT,STATE_ROUTE,ROUTE_SUFFIX,POSTMILE_PREFIX,POSTMILE,LOCATION_TYPE,RAMP_INTERSECTION,SIDE_OF_HWY,TOW_AWAY,COLLISION_SEVERITY,NUMBER_KILLED,NUMBER_INJURED,PARTY_COUNT,PRIMARY_COLL_FACTOR,PCF_CODE_OF_VIOL,PCF_VIOL_CATEGORY,PCF_VIOLATION,PCF_VIOL_SUBSECTION,HIT_AND_RUN,TYPE_OF_COLLISION,MVIW,PED_ACTION,ROAD_SURFACE,ROAD_COND_1,ROAD_COND_2,LIGHTING,CONTROL_DEVICE,CHP_ROAD_TYPE,PEDESTRIAN_ACCIDENT,BICYCLE_ACCIDENT,MOTORCYCLE_ACCIDENT,TRUCK_ACCIDENT,NOT_PRIVATE_PROPERTY,ALCOHOL_INVOLVED,STWD_VEHTYPE_AT_FAULT,CHP_VEHTYPE_AT_FAULT,COUNT_SEVERE_INJ,COUNT_VISIBLE_INJ,COUNT_COMPLAINT_PAIN,COUNT_PED_KILLED,COUNT_PED_INJURED,COUNT_BICYCLIST_KILLED,COUNT_BICYCLIST_INJURED,COUNT_MC_KILLED,COUNT_MC_INJURED,PRIMARY_RAMP,SECONDARY_RAMP,LATITUDE,LONGITUDE,COUNTY,CITY,POINT_X,POINT_Y
92073908,2023,2023-05-22,9465,2023-05-15,"825 ",018955,,1,1,6,5002,0,1,3,,2,011,"STATE ROUTE 99 (NORTHBOUND)","BECKWITH ROAD",2030.00,S,N,A,-,Y,STA,,99," ",R,19.827,H,,R,Y,4,0,1,2,A,-,04,21703,,N,C,C,A,A,H,-,A,D,0,,,,,Y,,A,01,0,0,1,0,0,0,0,0,0,"- ","- ",37.679168701171875,-121.04850006103516,STANISLAUS,MODESTO,-121.04844665527344,37.679210662841797
92077118,2023,2023-05-25,9465,2023-05-20,1455,020985,,6,2,9,5000,0,3,5,,2,030,"WHITMORE AVENUE","SERVICE ROAD",40.00,W,N,A,-,N,,,,,,,,,,Y,4,0,1,2,A,-,08,22100,B,N,A,C,A,A,H,-,A,D,0,,,,,Y,,D,22,0,0,1,0,0,0,0,0,0,"- ","- ",37.594699859619141,-120.84748840332031,STANISLAUS,UNINCORPORATED,,
92077531,2023,2023-05-25,9465,2023-05-19,1238,018274,,5,1,9,5000,0,1,3,,2,011,"STATE ROUTE 99 (SOUTHBOUND)","N. 9TH STREET",60.00,N,N,A,-,Y,STA,,99," ",R,18.014,H,,R,N,4,0,3,2,C,-,18,,,N,B,C,A,A,D,-,A,D,0,,,,,Y,,-,"- ",0,0,3,0,0,0,0,0,0,"- ","- ",37.660301208496094,-121.02609252929688,STANISLAUS,UNINCORPORATED,-121.02590179443359,37.660305023193359
92079115,2023,2023-05-26,9465,2023-05-24,1450,020985,,3,2,9,5000,0,1,3,,1,032,"STATE ROUTE 132","CRABTREE ROAD",2880.00,E,N,A,-,Y,STA,,132," "," ",37.205,H,,R,Y,4,0,1,1,A,-,08,22107,,N,E,I,A,A,H,-,A,D,0,,,,,Y,,A,01,0,0,1,0,0,0,0,0,0,"- ","- ",37.643028259277344,-120.60327911376953,STANISLAUS,UNINCORPORATED,-120.60330963134766,37.64300537109375
92079329,2023,2023-05-26,9465,2023-05-25,"650 ",018259,,4,1,9,5000,0,3,5,,2,030,"S. 7TH STREET","RIVER ROAD",0.00,,Y,A,-,N,,,,,,,,,,Y,4,0,2,2,A,-,08,22107,,N,D,C,A,A,H,-,A,D,0,,,,,Y,,A,08,0,0,2,0,0,0,0,0,0,"- ","- ",37.625518798828125,-120.99337768554688,STANISLAUS,UNINCORPORATED,-120.99313354492188,37.626014709472656
92081408,2023,2023-06-08,9465,2023-05-26,1525,021022,,5,2,9,5000,0,3,5,,2,030,"SOUTH 9TH STREET","HOSMER AVENUE",0.00,,Y,A,-,N,,,,,,,,,,N,3,0,1,2,A,-,09,21801,A,N,D,C,A,A,H,-,A,D,0,,,,,Y,,D,22,0,1,0,0,0,0,0,0,0,"- ","- ",37.622890472412109,-120.98612976074219,STANISLAUS,UNINCORPORATED,-120.98610687255859,37.622817993164062
92083652,2023,2023-06-01,9465,2023-05-29,1335,019713,,1,1,9,5000,0,1,3,,2,053,"STATE ROUTE 33","MARSHALL ROAD",0.00,,Y,A,-,Y,STA,,33," "," ",10.232,H,,R,N,3,0,3,2,A,-,12,22450,A,N,D,C,A,A,H,-,A,A,0,,,,,Y,,A,01,0,1,2,0,0,0,0,0,0,"- ","- ",37.435199737548828,-121.10199737548828,STANISLAUS,UNINCORPORATED,-121.10200500488281,37.435199737548828
92084330,2023,2023-06-02,9465,2023-05-31,1535,019730,,3,2,9,5000,0,3,5,,2,020,"KEMPER ROAD","BENTLEY ROAD",0.00,,Y,A,-,N,,,,,,,,,,N,4,0,1,2,A,-,09,21802,A,N,D,C,A,A,H,-,A,A,0,,,,,Y,,A,01,0,0,1,0,0,0,0,0,0,"- ","- ",37.69287109375,-120.8665771484375,STANISLAUS,UNINCORPORATED,-120.86659240722656,37.692863464355469
92086400,2023,2023-06-05,9465,2023-05-23,1745,022049,,2,2,9,5000,0,3,5,,2,030,"MOORE ROAD","SERVICE ROAD",0.00,,Y,A,-,N,,,,,,,,,,N,4,0,1,2,A,-,09,21802,A,N,D,C,A,A,H,-,A,D,0,,,,,Y,,A,01,0,0,1,0,0,0,0,0,0,"- ","- ",37.580249786376953,-120.93625640869141,STANISLAUS,UNINCORPORATED,-120.93608856201172,37.580272674560547
92086717,2023,2023-10-18,9465,2023-03-12,2249,021239,,7,3,9,5000,0,3,5,,2,040,"KEYES ROAD","FAITH HOME ROAD",1250.00,E,N,B,-,N,,,,,,,,,,Y,2,0,1,1,A,-,08,22107,,N,E,8,A,A,H,-,C,D,0,,,,,Y,,A,01,1,0,0,0,0,0,0,0,0,"- ","- ",37.549339294433594,-120.91641235351562,STANISLAUS,UNINCORPORATED,-120.91666412353516,37.549568176269531
92089916,2023,2023-06-09,9465,2023-05-30,1252,018955,,2,1,9,5000,0,1,3,,2,013,"STATE ROUTE 108","SKITTONE ROAD",83.00,E,N,A,-,Y,STA,,108," "," ",29.524,H,,R,Y,3,0,1,2,A,-,01,23152,A,N,B,C,A,A,H,-,A,D,0,,,,,Y,Y,A,01,0,1,0,0,0,0,0,0,0,"- ","- ",37.732761383056641,-120.98458099365234,STANISLAUS,UNINCORPORATED,-120.98458099365234,37.732772827148438
92090025,2023,2023-06-09,9465,2023-06-07,1018,018259,,3,1,9,5000,0,2,4,,2,034,"GEER ROAD","GRAYSON ROAD",0.00,,Y,B,-,N,,,,,,,,,,N,3,0,2,3,A,-,09,21801,A,N,D,C,A,A,H,-,A,A,0,,,,,Y,,A,01,0,2,0,0,0,0,0,0,0,"- ","- ",37.565658569335938,-120.84703826904297,STANISLAUS,UNINCORPORATED,-120.84701538085938,37.565666198730469
92091111,2023,2023-06-12,9465,2023-06-05,2215,020475,,1,3,6,5002,0,3,5,,2,030,"RIVER RD","S. 9TH STREET",345.00,W,N,B,-,N,,,,,,,,,,N,4,0,1,1,A,-,01,23152,A,M,E,I,A,A,H,-,D,D,0,,,,,Y,Y,A,01,0,0,1,0,0,0,0,0,0,"- ","- ",37.626491546630859,-120.98854827880859,STANISLAUS,MODESTO,-120.98825836181641,37.626209259033203
92091318,2023,2023-06-12,9465,2023-05-22,2200,021636,,1,3,9,5000,0,3,5,,2,050,"LOQUAT AVE","ELM AVENUE",1848.00,W,N,A,-,N,,,,,,,,,,N,3,0,1,2,A,-,17,22517,,M,E,J,A,A,H,-,D,D,0,,,Y,,Y,,-,99,0,1,0,0,0,0,0,0,1,"- ","- ",37.529731750488281,-121.13108062744141,STANISLAUS,UNINCORPORATED,-121.13418579101562,37.5283203125
92092829,2023,2023-06-13,9465,2023-06-12,1105,018178,,1,1,9,5000,0,3,5,,2,040,"HATCH ROAD","HERNDON AVENUE",550.00,W,N,A,-,N,,,,,,,,,,N,4,0,2,3,A,-,03,22350,,N,C,C,A,A,H,-,A,A,0,,,,,Y,,A,08,0,0,2,0,0,0,0,0,0,"- ","- ",37.609340667724609,-120.97647857666016,STANISLAUS,UNINCORPORATED,-120.97611999511719,37.609279632568359
92093295,2023,2023-06-14,9465,2023-06-12,"520 ",020642,,1,3,9,5000,0,1,3,,2,011,"STATE ROUTE 99 (NORTHBOUND)","STATE ROUTE 219 (KIERNAN AVENUE)",1320.00,S,N,A,-,Y,STA,,99," ",R,22.226,H,,R,Y,4,0,1,3,A,-,04,21703,,M,C,C,A,A,H,-,B,D,0,,,,,Y,,A,01,0,0,1,0,0,0,0,0,0,"- ","- ",37.705490112304688,-121.07688140869141,STANISLAUS,UNINCORPORATED,-121.07685089111328,37.705513000488281
92093810,2023,2023-06-14,9465,2023-06-13,1400,020457,,2,2,9,5000,0,1,3,,2,041,"STATE ROUTE 99 (SOUTHBOUND)","W. MAIN STREET",1214.00,N,N,A,-,Y,STA,,99," ",R,3.701,H,,R,N,3,0,2,2,A,-,07,21658,A,N,B,C,A,A,H,-,A,D,0,,,,Y,Y,,G,25,0,2,0,0,0,0,0,0,0,"- ","- ",37.495811462402344,-120.87190246582031,STANISLAUS,UNINCORPORATED,-120.87158966064453,37.495914459228516
92095492,2023,2023-06-16,9465,2023-06-08,"650 ",018259,,4,1,9,5000,0,3,5,,2,030,"MITCHELL ROAD","RIVERSIDE DRIVE",150.00,S,N,A,-,N,,,,,,,,,,Y,4,0,1,2,A,-,03,22350,,N,C,A,A,A,H,-,A,D,0,,,,,Y,,D,22,0,0,1,0,0,0,0,0,0,"- ","- ",37.625251770019531,-120.94735717773438,STANISLAUS,UNINCORPORATED,-120.94772338867188,37.625423431396484
92097178,2023,2023-06-19,9465,2023-06-14,2032,020012,,3,2,9,5000,0,1,3,,2,011,"SR-99 (S/B)","KANSAS AVENUE",118.00,S,N,B,-,Y,STA,,99," ",R,16.690,H,,R,Y,4,0,4,3,A,-,03,22350,,N,C,C,A,A,H,-,B,D,0,,,,,Y,,A,01,0,0,4,0,0,0,0,0,0,"- ","- ",37.644489288330078,-121.01467132568359,STANISLAUS,UNINCORPORATED,-121.01451110839844,37.644645690917969
92097606,2023,2023-06-20,9465,2023-06-16,1320,017249,,5,1,9,5000,0,3,5,,2,050,"VILLA MANUCHA ROAD","AZEVEDO ROAD",2640.00,S,N,A,-,N,,,,,,,,,,Y,3,0,1,1,A,-,08,22107,,N,F,A,A,A,H,-,A,D,0,,,,,Y,,A,01,0,1,0,0,0,0,0,0,0,"- ","- ",37.363838195800781,-121.02577972412109,STANISLAUS,UNINCORPORATED,-121.0257568359375,37.363807678222656
92097719,2023,2023-06-20,9465,2023-06-18,1435,021066,,7,2,9,5000,0,3,5,,2,010,"HART ROAD",SR-132,2100.00,S,N,A,-,N,,,,,,,,,,Y,2,0,2,2,A,-,09,21801,A,N,B,C,A,A,H,-,A,D,0,,,,,Y,,A,01,1,1,0,0,0,0,0,0,0,"- ","- ",37.632099151611328,-121.12213134765625,STANISLAUS,UNINCORPORATED,-121.12214660644531,37.637889862060547
92098197,2023,2023-06-20,9465,2023-06-10,1252,018955,,6,1,9,5000,0,3,5,,2,010,"CARPENTER ROAD","PARADISE ROAD",260.00,N,N,B,-,N,,,,,,,,,,Y,2,0,3,2,A,-,03,22350,,N,C,C,A,A,H,-,A,D,0,,,Y,,Y,,C,02,1,0,2,0,0,0,0,0,1,"- ","- ",37.617481231689453,-121.03045654296875,STANISLAUS,UNINCORPORATED,-121.03038787841797,37.617195129394531
92100103,2023,2023-06-22,9465,2023-06-11,1635,020885,,7,2,5,5007,0,1,3,,2,041,"SR-99 SOUTHBOUND","TAYLOR ROAD",371.00,N,N,A,-,Y,STA,,99," ",R,6.904,H,,L,Y,4,0,1,3,A,-,08,22107,,N,B,2,A,A,H,-,A,D,0,,,,,Y,,A,01,0,0,1,0,0,0,0,0,0,"- ","- ",37.538688659667969,-120.8939208984375,STANISLAUS,TURLOCK,-120.89391326904297,37.5386962890625
9210102,2020,2021-01-09,5006,2020-10-30,0642,S02582,RPD,5,5,3,5006,0,0,0,,0,RPI,"SQUIRE WELLS WY","DONNER TRAIL",0.00,,Y,A,-,N,,,,,,,,,,Y,4,0,1,1,A,-,01,23152,A,M,E,I,A,A,H,-,C,A,0,,,,,Y,,A,01,0,0,1,0,0,0,0,0,0,"- ","- ",,,STANISLAUS,RIVERBANK,-120.95143127441406,37.716220855712891
9210103,2020,2021-01-09,5006,2020-10-22,1114,S987,MODES,4,5,3,5006,0,0,0,,0,,"PATTERSON RD","ROSELLE AV",168.00,W,N,A,-,N,,,,,,,,,,N,4,0,4,2,A,-,09,21804,A,N,D,C,A,A,H,-,A,A,0,,,,,Y,,A,01,0,0,4,0,0,0,0,0,0,"- ","- ",,,STANISLAUS,RIVERBANK,-120.9410400390625,37.732719421386719
92103946,2023,2023-06-28,9465,2023-06-26,1500,019182,,1,2,9,5000,0,3,5,,2,030,"RIVER RD","S. 9TH STREET",21.00,E,N,A,-,N,,,,,,,,,,N,4,0,2,2,A,-,21,22106,,N,C,C,A,A,H,-,A,D,0,,,,,Y,,A,01,0,0,2,0,0,0,0,0,0,"- ","- ",37.626239776611328,-120.98690032958984,STANISLAUS,UNINCORPORATED,-120.98699951171875,37.626197814941406
92104219,2023,2023-06-28,9465,2023-06-27,1715,019564,,2,2,6,5002,0,1,3,,2,011,"STATE ROUTE 99 (SOUTHBOUND)","KANSAS AVENUE",1300.00,N,N,A,-,Y,STA,,99," ",R,17.095,H,,R,Y,4,0,1,3,A,-,03,22350,,N,C,C,A,A,H,-,A,D,0,,,,,Y,,A,07,0,0,1,0,0,0,0,0,0,"- ","- ",37.648681640625,-121.01985168457031,STANISLAUS,MODESTO,-121.0196533203125,37.648826599121094
92109724,2023,2023-07-05,9465,2023-06-30,1502,020457,,5,2,9,5000,0,3,5,,2,010,"PARADISE ROAD","BAKER ROAD",165.00,W,N,A,-,N,,,,,,,,,,Y,3,0,1,1,A,-,08,22107,,N,E,I,A,A,H,-,A,D,0,,,,,Y,,A,07,0,1,0,0,0,0,0,0,0,"- ","- ",37.608970642089844,-121.09461212158203,STANISLAUS,UNINCORPORATED,-121.09455871582031,37.608993530273438
92110545,2023,2023-07-06,9465,2023-06-28,"120 ",021239,,3,3,9,5000,0,3,5,,2,020,"SR-4 EASTBOUND","DUNTON ROAD",5280.00,E,N,A,-,N,,,,,,,,,,Y,3,0,1,1,A,-,08,22107,,N,F,A,A,A,H,-,D,D,0,,,,,Y,,A,07,0,1,0,0,0,0,0,0,0,"- ","- ",37.937351226806641,-120.78965759277344,STANISLAUS,UNINCORPORATED,-120.78965759277344,37.937313079833984
9211114,2020,2021-02-10,5001,2020-12-30,1602,747,D003,3,5,4,5001,0,0,0,,0,005,"EAST WHITMORE AV","MITCHELL RD",116.00,W,N,A,-,N,,,,,,,,,,Y,4,0,1,2,A,-,08,22107,,N,B,C,A,A,H,-,A,A,0,,,,Y,Y,,A,01,0,0,1,0,0,0,0,0,0,"- ","- ",37.594730377197266,-120.93868255615234,STANISLAUS,CERES,-120.93910217285156,37.594749450683594
92111679,2023,2023-07-07,9465,2023-07-01,1050,018363,,6,1,9,5000,0,1,1,,2,055,"INTERSTATE 5 (SOUTHBOUND)","HOWARD ROAD",5808.00,N,N,A,-,Y,STA,,5," "," ",24.169,H,,L,Y,4,0,1,2,A,-,03,22350,,N,C,C,A,A,H,-,A,D,0,,,,,Y,,D,22,0,0,1,0,0,0,0,0,0,"- ","- ",37.551708221435547,-121.28311157226562,STANISLAUS,UNINCORPORATED,-121.2830810546875,37.551734924316406
92111689,2023,2023-07-07,9465,2023-06-24,2042,019413,,6,2,9,5000,0,1,3,,2,023,SR-108,"DILLWOOD ROAD",0.00,,Y,A,-,Y,STA,,120," "," ",8.199,H,,R,Y,4,0,3,2,A,-,09,21801,A,N,D,C,A,A,H,-,B,D,0,,,,,Y,,D,22,0,0,3,0,0,0,0,0,0,"- ","- ",37.7764892578125,-120.79338073730469,STANISLAUS,UNINCORPORATED,-120.79338073730469,37.776454925537109
9211192,2021,2021-03-23,5002,2021-01-09,2357,755,B201,6,5,6,5002,0,0,0,,0,003,"EAST HATCH RD","MOFFETT RD",793.00,E,N,A,-,N,,,,,,,,,,Y,3,0,1,1,-,-,"- ",,,N,E,I,A,A,H,-,C,D,0,,,,,Y,,-,"- ",0,1,0,0,0,0,0,0,0,"- ","- ",37.609291076660156,-120.94790649414062,STANISLAUS,MODESTO,-120.94517517089844,37.609291076660156
92112071,2023,2023-07-07,9465,2023-06-23,1958,020885,,5,2,6,5002,0,1,3,,2,011,"SR-99 SOUTHBOUND","WOODLAND AVE",739.00,S,N,A,-,Y,STA,,99," ",R,17.358,H,,L,Y,3,0,2,1,A,-,01,23152,A,M,F,A,A,A,H,-,A,D,0,,,,,Y,Y,A,01,0,2,0,0,0,0,0,0,0,"- ","- ",37.651561737060547,-121.02326965332031,STANISLAUS,MODESTO,-121.02321624755859,37.651599884033203
92112079,2023,2023-07-07,9465,2023-06-30,1800,020885,,5,2,4,5001,0,1,3,,2,041,"SR-99 NORTHBOUND","SERVICE ROAD",1267.00,N,N,A,-,Y,STA,,99," ",R,10.817,H,,R,Y,2,0,5,1,A,-,08,22107,,N,F,A,A,A,H,-,A,D,0,,,,,Y,,A,07,1,3,1,0,0,0,0,0,0,"- ","- ",37.582870483398438,-120.94683837890625,STANISLAUS,CERES,-120.94687652587891,37.582839965820312
92113732,2023,2023-07-11,9465,2023-07-03,1927,021066,,1,2,9,5000,0,3,5,,2,040,"FULKERTH ROAD","PRAIRIE FLOWER ROAD",0.00,,Y,A,-,N,,,,,,,,,,Y,4,0,1,2,A,-,09,21801,A,N,D,C,A,A,H,-,A,D,0,,,,,Y,,A,01,0,0,1,0,0,0,0,0,0,"- ","- ",37.507190704345703,-120.930908203125,STANISLAUS,UNINCORPORATED,-120.93093872070312,37.507221221923828
9211397,2020,2021-02-09,5007,2020-11-30,1355,5694,TPD,1,5,5,5007,0,0,0,,0,PD5,"GOLDEN STATE BL","GEER RD",20.00,N,N,A,-,N,,,,,,,,,,Y,4,0,1,2,A,-,03,22350,,N,C,C,A,A,H,-,A,A,0,,,,,Y,,D,22,0,0,1,0,0,0,0,0,0,"- ","- ",37.498779296875,-120.84905242919922,STANISLAUS,TURLOCK,-120.84909820556641,37.498802185058594
9211425,2020,2021-01-27,5007,2020-10-18,1823,5787,TPD,7,5,5,5007,0,0,0,,0,PD3,"WEST MAIN ST","W MAIN ST 700",0.00,,N,A,-,N,,,,,,,,,,N,4,0,1,2,B,-,22,,,F,C,C,A,A,H,-,A,D,0,,,,,Y,,A,01,0,0,1,0,0,0,0,0,0,"- ","- ",37.492530822753906,-120.85707855224609,STANISLAUS,TURLOCK,-120.857063,37.492725999999998
92115072,2023,2023-07-12,9465,2023-07-11,"925 ",018623,,2,1,9,5000,0,1,3,,2,028,"STATE ROUTE 4","DUNTON ROAD",422.00,W,N,A,-,Y,STA,,4," "," ",6.008,H,,R,N,3,0,1,1,A,-,08,22107,,N,E,I,A,A,H,-,A,D,0,,,,,Y,,A,07,0,1,0,0,0,0,0,0,0,"- ","- ",37.941020965576172,-120.81803894042969,STANISLAUS,UNINCORPORATED,-120.81805419921875,37.941001892089844
9211565,2020,2021-02-04,5007,2020-11-21,1246,5797,TPD,6,5,5,5007,0,0,0,,0,PD2,"LANDER AV","BERNELL AV",0.00,,Y,A,-,N,,,,,,,,,,Y,1,1,1,2,A,-,03,22350,A,N,H,A,A,A,H,-,A,A,0,,,Y,,Y,,C,02,0,0,1,0,0,0,0,1,0,"- ","- ",37.483020782470703,-120.8486328125,STANISLAUS,TURLOCK,-120.84896850585938,37.483551025390625
92116800,2023,2023-07-14,9465,2023-07-12,"535 ",018178,,3,3,9,5000,0,2,4,,2,042,"CROWS LANDING ROAD","GRAYSON ROAD",0.00,,Y,A,-,N,,,,,,,,,,N,4,0,1,2,A,-,12,21453,A,N,D,C,A,A,H,-,A,A,0,,,,Y,Y,,A,07,0,0,1,0,0,0,0,0,0,"- ","- ",37.565860748291016,-120.99372100830078,STANISLAUS,UNINCORPORATED,-120.99365997314453,37.565845489501953
9211769,2020,2021-03-25,5007,2020-11-30,1721,5778,TPD,1,5,5,5007,0,0,0,,0,PD5,"NORTH GOLDEN STATE BL","ALMOND AV",190.00,N,N,A,-,N,,,,,,,,,,N,1,1,0,2,A,-,11,21950,B,N,G,B,D,A,H,-,C,D,0,Y,,,,Y,Y,N,60,0,0,0,1,0,0,0,0,0,"- ","- ",37.504070281982422,-120.85414886474609,STANISLAUS,TURLOCK,-120.85475921630859,37.503807067871094
92118331,2023,2023-07-17,9465,2023-07-07,1857,020885,,5,2,9,5000,0,3,5,,2,030,"GEER RD","JANTZEN RD",0.00,,Y,A,-,N,,,,,,,,,,Y,4,0,3,3,A,-,09,21801,A,N,D,C,A,A,H,-,A,A,0,,,,,Y,,D,22,0,0,3,0,0,0,0,0,0,"- ","- ",37.626121520996094,-120.8477783203125,STANISLAUS,UNINCORPORATED,-120.8477783203125,37.626129150390625
92121605,2023,2023-07-20,9465,2023-07-10,1413,020885,,1,2,5,5007,0,1,3,,2,041,"SR-99 SOUTHBOUND","TAYLOR RD",383.00,N,N,A,-,Y,STA,,99," ",R,6.844,H,,L,N,4,0,1,1,A,-,08,22107,,N,E,I,A,A,H,-,A,D,0,,,,,Y,,A,01,0,0,1,0,0,0,0,0,0,"- ","- ",37.538089752197266,-120.89311981201172,STANISLAUS,TURLOCK,-120.89325714111328,37.538009643554688
92125441,2023,2023-08-09,9465,2023-07-22,1335,021022,,6,1,9,5000,0,3,5,,2,030,"COGSWELL ROAD","HICKMAN ROAD",0.00,,Y,A,-,N,,,,,,,,,,N,4,0,1,2,A,-,12,22450,A,N,D,C,A,A,H,-,A,D,0,,,,,Y,,A,01,0,0,1,0,0,0,0,0,0,"- ","- ",37.609279632568359,-120.75552368164062,STANISLAUS,UNINCORPORATED,-120.75550842285156,37.609272003173828
92125554,2023,2023-07-25,9465,2023-07-25,"755 ",018623,,2,1,9,5000,0,3,5,,2,010,"BEVERLY DRIVE","VERNON AVENUE",0.00,,Y,A,-,N,,,,,,,,,,N,4,0,3,2,A,-,09,21802,A,N,D,C,A,A,H,-,A,A,0,,,,,Y,,A,01,0,0,3,0,0,0,0,0,0,"- ","- ",37.621639251708984,-121.02803802490234,STANISLAUS,UNINCORPORATED,-121.02803802490234,37.621612548828125
92127506,2023,2023-07-27,9465,2023-07-16,1245,019155,,7,1,9,5000,0,1,3,,2,041,"N/B SR-99 TO CROWS LANDING RD","STATE ROUTE 99",150.00,E,N,A,-,Y,,,,,,,,,,N,4,0,2,2,A,-,09,21802,A,N,D,C,A,A,H,-,A,D,0,,,,,Y,,A,01,0,0,2,0,0,0,0,0,0,"- ","- ",37.619819641113281,-120.99362945556641,STANISLAUS,UNINCORPORATED,-120.99362945556641,37.619819641113281
92130511,2023,2023-07-28,9465,2023-07-22,"20  ",021226,,6,3,9,5000,0,1,3,,2,013,"STATE ROUTE 108","STATE ROUTE 219",41.00,S,N,A,-,Y,STA,,108," "," ",27.596,H,,R,Y,3,0,3,2,A,-,01,23152,A,N,C,C,A,A,H,-,C,A,0,,,,,Y,Y,A,01,0,1,2,0,0,0,0,0,0,"- ","- ",37.710811614990234,-120.994873046875,STANISLAUS,UNINCORPORATED,-120.99481201171875,37.710811614990234
92130549,2023,2023-07-28,9465,2023-07-27,1755,019730,,4,2,9,5000,0,3,5,,2,020,"MILNES ROAD","CHURCH STREET",15.00,E,N,A,-,N,,,,,,,,,,N,4,0,2,2,A,-,03,22350,,N,C,C,A,A,H,-,A,A,0,,,,,Y,,A,01,0,0,2,0,0,0,0,0,0,"- ","- ",37.681819915771484,-120.89830017089844,STANISLAUS,UNINCORPORATED,-120.89846038818359,37.681800842285156
92133979,2023,2023-08-02,9465,2023-07-31,1647,021066,,1,2,9,5000,0,1,3,,2,015,SR-219,"STODDARD ROAD",510.00,E,N,A,-,Y,STA,,219," "," ",0.951,H,,R,N,4,0,1,2,A,-,03,22350,,N,C,C,A,A,A,H,A,A,0,,,,,Y,,A,07,0,0,1,0,0,0,0,0,0,"- ","- ",37.711299896240234,-121.06656646728516,STANISLAUS,UNINCORPORATED,-121.06656646728516,37.711074829101562
92134456,2023,2023-08-02,9465,2023-07-26,1048,018178,,3,1,5,5007,0,1,3,,2,041,"SR-99 NORTHBOUND","TAYLOR ROAD",1675.00,S,N,A,-,Y,,,,,,,,,,Y,3,0,2,1,A,-,08,22107,,N,F,A,A,A,H,-,A,D,0,,,,,Y,,A,01,0,2,0,0,0,0,0,0,0,"- ","- ",37.530540466308594,-120.88931274414062,STANISLAUS,TURLOCK,-120.88966369628906,37.530441284179688
92135251,2023,2023-08-03,9465,2023-07-27,2215,022049,,4,3,9,5000,0,3,5,,2,030,"PAYNE AVENUE","HATCH ROAD",0.00,,Y,A,-,N,,,,,,,,,,N,4,0,1,3,A,-,08,22107,,N,E,I,A,A,H,-,C,A,0,,,,,Y,,A,01,0,0,1,0,0,0,0,0,0,"- ","- ",37.609401702880859,-120.95491790771484,STANISLAUS,UNINCORPORATED,-120.95482635498047,37.609264373779297
92135269,2023,2023-08-03,9465,2023-08-02,"555 ",018222,,3,3,9,5000,0,1,3,,2,011,"STATE ROUTE 99 (NORTHBOUND)","HAMMETT ROAD",1700.00,S,N,A,-,Y,STA,,99," ",R,23.998,H,,R,N,4,0,2,2,A,-,07,21658,A,N,B,2,A,A,H,-,A,D,0,,,,,Y,,-,"- ",0,0,2,0,0,0,0,0,0,"- ","- ",37.722808837890625,-121.10044097900391,STANISLAUS,UNINCORPORATED,-121.10044097900391,37.722808837890625
92135271,2023,2023-08-03,9465,2023-08-02,"250 ",021062,,3,3,6,5002,0,1,3,,2,011,"STATE ROUTE 99 (NORTHBOUND)","WOODLAND AVENUE",350.00,S,N,A,-,Y,STA,,99," ",R,17.364,H,,R,Y,4,0,1,2,A,-,07,21658,A,M,B,C,A,A,H,-,D,A,0,,,,,Y,,D,22,0,0,1,0,0,0,0,0,0,"- ","- ",37.651668548583984,-121.02301788330078,STANISLAUS,MODESTO,-121.02301788330078,37.651676177978516
92136465,2023,2023-08-04,9465,2023-07-27,1600,020885,,4,2,9,5000,0,3,5,,2,030,"E. MONTE VISTA AVENUE","N. QUINCY ROAD",0.00,,Y,A,-,N,,,,,,,,,,Y,4,0,1,2,C,-,18,,,N,A,C,A,A,H,-,A,A,0,,,,,Y,,-,"- ",0,0,1,0,0,0,0,0,0,"- ","- ",37.521800994873047,-120.82144927978516,STANISLAUS,UNINCORPORATED,-120.82140350341797,37.521736145019531