CASE_ID,ACCIDENT_YEAR,PROC_DATE,JURIS,COLLISION_DATE,COLLISION_TIME,OFFICER_ID,REPORTING_DISTRICT,DAY_OF_WEEK,CHP_SHIFT,POPULATION,CNTY_CITY_LOC,SPECIAL_COND,BEAT_TYPE,CHP_BEAT_TYPE,CITY_DIVISION_LAPD,CHP_BEAT_CLASS,BEAT_NUMBER,PRIMARY_RD,SECONDARY_RD,DISTANCE,DIRECTION,INTERSECTION,WEATHER_1,WEATHER_2,STATE_HWY_IND,CALTRANS_COUNTY,CALTRANS_DISTRICT,STATE_ROUTE,ROUTE_SUFFIX,POSTMILE_PREFIX,POSTMILE,LOCATION_TYPE,RAMP_INTERSECTION,SIDE_OF_HWY,TOW_AWAY,COLLISION_SEVERITY,NUMBER_KILLED,NUMBER_INJURED,PARTY_COUNT,PRIMARY_COLL_FACTOR,PCF_CODE_OF_VIOL,PCF_VIOL_CATEGORY,PCF_VIOLATION,PCF_VIOL_SUBSECTION,HIT_AND_RUN,TYPE_OF_COLLISION,MVIW,PED_ACTION,ROAD_SURFACE,ROAD_COND_1,ROAD_COND_2,LIGHTING,CONTROL_DEVICE,CHP_ROAD_TYPE,PEDESTRIAN_ACCIDENT,BICYCLE_ACCIDENT,MOTORCYCLE_ACCIDENT,TRUCK_ACCIDENT,NOT_PRIVATE_PROPERTY,ALCOHOL_INVOLVED,STWD_VEHTYPE_AT_FAULT,CHP_VEHTYPE_AT_FAULT,COUNT_SEVERE_INJ,COUNT_VISIBLE_INJ,COUNT_COMPLAINT_PAIN,COUNT_PED_KILLED,COUNT_PED_INJURED,COUNT_BICYCLIST_KILLED,COUNT_BICYCLIST_INJURED,COUNT_MC_KILLED,COUNT_MC_INJURED,PRIMARY_RAMP,SECONDARY_RAMP,LATITUDE,LONGITUDE,COUNTY,CITY,POINT_X,POINT_Y
9717941,2024,2024-08-15,5007,2024-06-15,1711,5819,TPD,6,5,5,5007,0,0,0,,0,PD3,"NORTH TULLY RD","FULKERTH RD",0.00,,N,A,-,N,,,,,,,,,,Y,4,0,1,3,A,-,09,21804,A,N,D,C,A,A,H,-,A,D,0,,,,,Y,,A,01,0,0,1,0,0,0,0,0,0,"- ","- ",37.510009765625,-120.86946868896484,STANISLAUS,TURLOCK,-120.87176513671875,37.507228851318359
9717977,2024,2024-08-19,5007,2024-07-19,1224,5755,TPD,5,5,5,5007,0,0,0,,0,PD5,"WEST HAWKEYE AV","GEER RD",241.00,W,N,A,-,N,,,,,,,,,,Y,4,0,1,2,A,-,09,21804,A,N,D,C,A,A,H,-,A,D,0,,,,,Y,,A,07,0,0,1,0,0,0,0,0,0,"- ","- ",37.507289886474609,-120.84886169433594,STANISLAUS,TURLOCK,-120.84980010986328,37.507289886474609
9717981,2024,2024-08-19,5007,2024-07-15,1908,5793,TPD,1,5,5,5007,0,0,0,,0,PD1,"CROWELL RD","WEST MONTE VISTA AV",75.00,S,N,A,-,N,,,,,,,,,,N,4,0,1,2,A,-,05,21460,A,M,D,C,A,A,H,-,A,D,0,,,,,Y,,A,01,0,0,1,0,0,0,0,0,0,"- ","- ",37.521888732910156,-120.86264801025391,STANISLAUS,TURLOCK,-120.86264801025391,37.521694183349609
9719618,2024,2024-08-06,5007,2024-06-25,1727,5819,TPD,2,5,5,5007,0,0,0,,0,PD2,"E OLIVE AVE","NORTH CENTER ST",0.00,,Y,A,-,N,,,,,,,,,,Y,3,0,1,2,A,-,12,21453,A,N,D,C,A,A,H,-,A,A,0,,,,,Y,,A,01,0,1,0,0,0,0,0,0,0,"- ","- ",37.496040344238281,-120.84599304199219,STANISLAUS,TURLOCK,-120.84598541259766,37.496051788330078
9719926,2024,2024-08-27,5007,2024-07-11,1304,5800,TPD,4,5,5,5007,0,0,0,,0,PD5,"GEER RD","TWENTIETH CENTURY BL",131.00,N,N,A,-,N,,,,,,,,,,Y,4,0,1,1,A,-,08,22107,,N,A,I,A,A,H,-,A,D,0,,,,,Y,,A,01,0,0,1,0,0,0,0,0,0,"- ","- ",37.506179809570312,-120.8480224609375,STANISLAUS,TURLOCK,-120.84896850585938,37.506378173828125
9720250,2024,2024-08-21,5003,2024-08-01,1753,N201,RDNM,4,5,2,5003,0,0,0,,0,NPD,"N ST","KERN ST",181.00,N,N,A,-,N,,,,,,,,,,N,4,0,3,2,A,-,09,21801,A,N,H,C,A,A,H,-,A,D,0,,,,,Y,,A,01,0,0,3,0,0,0,0,0,0,"- ","- ",37.318019866943359,-121.02239990234375,STANISLAUS,NEWMAN,-121.02224731445312,37.317943572998047
9724822,2024,2024-09-20,5003,2024-07-17,1844,N322,RDNM,3,5,2,5003,0,0,0,,0,NPD,"HWY 33","SHERMAN PKWY",6.00,E,N,A,-,Y,STA,10,33,-,-,1.570,H,-,N,Y,2,0,2,2,A,-,01,23152,A,N,A,C,A,A,H,-,A,D,0,,,,,Y,Y,A,01,2,0,0,0,0,0,0,0,0,"- ","- ",37.327121734619141,-121.02510833740234,STANISLAUS,NEWMAN,-121.0247802734375,37.326160430908203
9725616,2024,2024-08-28,5007,2024-06-28,1121,5696,TPD,5,5,5,5007,0,0,0,,0,PD1,"GEER RD","REGIS ST",6.00,N,N,A,-,N,,,,,,,,,,N,3,0,1,3,A,-,03,22350,,N,D,C,A,A,H,-,A,A,0,,,Y,,Y,,C,03,0,1,0,0,0,0,0,0,1,"- ","- ",37.5194091796875,-120.84883880615234,STANISLAUS,TURLOCK,-120.84896850585938,37.519405364990234
9726046,2024,2024-09-05,5007,2024-08-07,2039,5791,TPD,3,5,5,5007,0,0,0,,0,PD5,"CLIFFORD AV","FLOWER ST",340.00,S,N,A,-,N,,,,,,,,,,Y,4,0,1,4,A,-,01,23152,,N,C,E,A,A,H,-,C,D,0,,,,,Y,Y,A,01,0,0,1,0,0,0,0,0,0,"- ","- ",37.494918823242188,-120.85906219482422,STANISLAUS,TURLOCK,-120.85930633544922,37.494747161865234
9727177,2024,2024-12-16,5007,2024-11-29,1857,5755,TPD,5,5,5,5007,0,0,0,,0,PD2,"A ST",BROADWAY,29.00,E,N,A,-,N,,,,,,,,,,N,4,0,1,2,A,-,03,22350,,M,C,C,A,A,H,-,C,A,0,,,,,Y,,-,99,0,0,1,0,0,0,0,0,0,"- ","- ",37.492088317871094,-120.84645843505859,STANISLAUS,TURLOCK,-120.84639739990234,37.492172241210938
9728549,2024,2024-08-29,5007,2024-08-05,1428,5783,TPD,1,5,5,5007,0,0,0,,0,PD1,"GEER RD","PEDRAS RD",0.00,,Y,A,-,N,,,,,,,,,,Y,4,0,1,2,A,-,04,21703,,N,C,C,A,A,H,-,A,A,0,,,,,Y,,A,01,0,0,1,0,0,0,0,0,0,"- ","- ",37.510898590087891,-120.84799957275391,STANISLAUS,TURLOCK,-120.84898376464844,37.510894775390625
9729536,2024,2024-09-10,5007,2024-08-21,1331,5783,TPD,3,5,5,5007,0,0,0,,0,PD4,"GEER RD","TAYLOR RD",0.00,,Y,A,-,N,,,,,,,,,,Y,3,0,1,2,A,-,01,23152,A,N,D,C,A,A,H,-,A,A,0,,,,,Y,Y,A,01,0,1,0,0,0,0,0,0,0,"- ","- ",37.536731719970703,-120.8480224609375,STANISLAUS,TURLOCK,-120.84799957275391,37.536731719970703
9729614,2024,2024-09-23,5007,2024-08-17,"428 ",5800,TPD,6,5,5,5007,0,0,0,,0,PD2,"S BERKELEY AV","BACKUS LN",208.00,N,N,A,-,N,,,,,,,,,,Y,3,0,1,4,A,-,01,23152,A,N,C,E,A,A,H,-,D,D,0,,,,,Y,Y,A,01,0,1,0,0,0,0,0,0,0,"- ","- ",37.487541198730469,-120.83107757568359,STANISLAUS,TURLOCK,-120.8306884765625,37.487422943115234
9730981,2024,2024-10-09,5004,2024-08-15,1422,385,RD36,4,5,3,5004,0,0,0,,0,031,"W G ST","DAVITT AV",0.00,,Y,A,-,N,,,,,,,,,,N,3,0,2,2,A,-,04,21703,,N,C,C,A,A,H,-,A,D,0,,,,,Y,,A,01,0,2,0,0,0,0,0,0,0,"- ","- ",37.763580322265625,-120.85072326660156,STANISLAUS,OAKDALE,-120.85073852539062,37.763584136962891
9736250,2024,2024-10-02,5007,2024-09-03,"703 ",5814,TPD,2,5,5,5007,0,0,0,,0,PD5,"WEST HAWKEYE AV","GEER RD",10.00,W,N,A,-,N,,,,,,,,,,N,4,0,1,2,A,-,08,22107,,M,B,C,A,A,H,-,A,A,0,,,,,Y,,D,22,0,0,1,0,0,0,0,0,0,"- ","- ",37.507289886474609,-120.84899139404297,STANISLAUS,TURLOCK,-120.84900665283203,37.507301330566406
9737511,2024,2024-10-01,5007,2024-09-03,1213,5814,TPD,2,5,5,5007,0,0,0,,0,PD5,"GEER RD","HAWKEYE AV",335.00,S,N,A,-,N,,,,,,,,,,Y,3,0,2,2,A,-,08,22107,,N,B,C,A,A,H,-,A,D,0,,,,,Y,,A,01,0,1,1,0,0,0,0,0,0,"- ","- ",37.506179809570312,-120.8480224609375,STANISLAUS,TURLOCK,-120.84896850585938,37.506378173828125
9739807,2024,2024-10-08,5007,2024-09-13,"718 ",5790,TPD,5,5,5,5007,0,0,0,,0,PD1,"W SPRINGER DR","GEER RD",18.00,W,N,A,-,N,,,,,,,,,,N,3,0,1,2,A,-,08,22107,,N,C,G,A,A,H,-,A,A,0,,Y,,,Y,,D,22,0,1,0,0,0,0,1,0,0,"- ","- ",37.532951354980469,-120.84905242919922,STANISLAUS,TURLOCK,-120.84910583496094,37.532939910888672
9739921,2024,2024-10-07,5003,2024-09-29,1525,N201,,7,5,2,5003,0,0,0,,0,,"MARAPOLE CT","CINNAMON TEAL WY",66.00,S,N,A,-,N,,,,,,,,,,N,3,0,1,2,A,-,09,21804,A,N,D,G,A,A,H,-,A,D,0,,Y,,,Y,,L,04,0,1,0,0,0,0,1,0,0,"- ","- ",,,STANISLAUS,NEWMAN,-121.00773620605469,37.32000732421875
9740005,2024,2024-10-07,5007,2024-09-09,"832 ",5792,TPD,1,5,5,5007,0,0,0,,0,PD4,"MOUNTAIN VIEW RD","W CHRISTOFFERSEN PKWY",215.00,N,N,A,-,N,,,,,,,,,,N,4,0,1,2,A,-,21,22106,,N,C,C,A,A,H,-,A,A,0,,,,,Y,,A,01,0,0,1,0,0,0,0,0,0,"- ","- ",37.528251647949219,-120.88038635253906,STANISLAUS,TURLOCK,-120.88062286376953,37.529541015625
9744477,2024,2024-10-21,5007,2024-09-30,1245,5783,TPD,1,5,5,5007,0,0,0,,0,PD4,"WEST MONTE VISTA AV","NORTH WALNUT RD",0.00,,Y,A,-,N,,,,,,,,,,Y,3,0,3,2,A,-,12,21453,A,N,D,C,A,A,H,-,A,A,0,,,,,Y,,A,01,0,3,0,0,0,0,0,0,0,"- ","- ",37.521858215332031,-120.86724090576172,STANISLAUS,TURLOCK,-120.86725616455078,37.521865844726562
9747036,2024,2024-12-30,5003,2024-10-13,2016,N323,RDNM,7,5,2,5003,0,0,0,,0,NPD,"RT 33","JENSEN RD",9.00,E,N,A,-,Y,STA,10,33,-,-,1.640,I,5,S,Y,3,0,1,2,A,-,01,23152,A,N,D,C,A,A,H,-,D,D,0,,,,,Y,Y,-,,0,1,0,0,0,0,0,0,0,"- ","- ",37.327121734619141,-121.02510833740234,STANISLAUS,NEWMAN,-121.025146484375,37.327129364013672
9751503,2024,2025-02-25,5007,2024-10-26,2001,5810,,6,5,5,5007,0,0,0,,0,,"TWENTIETH CENTURY BL","GEER RD",1663.00,E,N,A,-,N,,,,,,,,,,N,1,1,0,2,A,-,11,21954,A,N,G,B,D,A,G,-,C,D,0,Y,,,,Y,,N,60,0,0,0,1,0,0,0,0,0,"- ","- ",,,STANISLAUS,TURLOCK,-120.84882354736328,37.506019592285156
9751570,2024,2024-11-07,5007,2024-09-28,"14  ",5791,TPD,6,5,5,5007,0,0,0,,0,PD2,"MAIN ST","THOR ST",50.00,E,N,A,-,N,,,,,,,,,,Y,3,0,1,2,A,-,01,23152,,N,B,E,A,A,H,-,C,A,0,,,,,Y,Y,D,22,0,1,0,0,0,0,0,0,0,"- ","- ",37.496250152587891,-120.84339904785156,STANISLAUS,TURLOCK,-120.84407806396484,37.496040344238281
9751573,2024,2024-11-06,5007,2024-09-13,2256,7012,TPD,5,5,5,5007,0,0,0,,0,PD3,"FULKERTH RD","DIANNE DR",47.00,S,N,A,-,N,,,,,,,,,,Y,4,0,1,2,A,-,17,21451,A,N,D,C,A,A,H,-,C,A,0,,,,,Y,,A,01,0,0,1,0,0,0,0,0,0,"- ","- ",37.507240295410156,-120.88085174560547,STANISLAUS,TURLOCK,-120.88136291503906,37.507251739501953
9753245,2024,2024-12-06,5004,2024-10-25,1438,364,RD37,5,5,3,5004,0,0,0,,0,031,"F ST","5TH AV",0.00,,Y,A,-,Y,STA,10,120,-,-,5.270,I,5,W,N,3,0,1,2,A,-,10,21950,A,N,A,C,A,A,H,-,A,D,0,,Y,,,Y,,A,01,0,1,0,0,0,0,1,0,0,"- ","- ",,,STANISLAUS,OAKDALE,-120.84437561035156,37.767772674560547
9753766,2024,2024-11-19,5007,2024-10-31,1629,7073,TPD,4,5,5,5007,0,0,0,,0,PD1,"HEDSTROM RD","JAMES LN",0.00,,Y,A,-,N,,,,,,,,,,Y,3,0,2,4,A,-,09,21802,,N,D,C,A,A,H,-,A,D,0,,,,,Y,,A,01,0,2,0,0,0,0,0,0,0,"- ","- ",37.520000457763672,-120.84494781494141,STANISLAUS,TURLOCK,-120.844970703125,37.520027160644531
9754216,2024,2024-11-22,5007,2024-11-02,1504,5783,TPD,6,5,5,5007,0,0,0,,0,PD5,"WEST MAIN ST","FARR ST",24.00,W,N,A,-,N,,,,,,,,,,N,4,0,1,2,A,-,09,21801,A,N,D,G,A,A,H,-,A,D,0,,Y,,,Y,,L,04,0,0,1,0,0,0,1,0,0,"- ","- ",37.492530822753906,-120.85707855224609,STANISLAUS,TURLOCK,-120.85695648193359,37.492729187011719
9754218,2024,2024-11-22,5007,2024-11-05,1743,5818,TPD,2,5,5,5007,0,0,0,,0,PD3,"LANDER AV","W GLENWOOD",125.00,S,N,A,-,N,,,,,,,,,,N,4,0,2,2,A,-,03,22350,A,N,C,C,A,A,H,-,C,D,0,,,,,Y,,A,01,0,0,2,0,0,0,0,0,0,"- ","- ",37.472911834716797,-120.84944152832031,STANISLAUS,TURLOCK,-120.84902954101562,37.471775054931641
9754603,2024,2024-11-27,5007,2024-06-23,"320 ",5769,TPD,7,5,5,5007,0,0,0,,0,PD5,"WEST HAWKEYE AV","DONNELLY PARK DR",155.00,E,N,A,-,N,,,,,,,,,,Y,3,0,2,2,A,-,11,21954,A,N,G,B,E,A,H,-,C,D,0,Y,,,,Y,,N,60,0,2,0,0,1,0,0,0,0,"- ","- ",37.507278442382812,-120.85310363769531,STANISLAUS,TURLOCK,-120.85257720947266,37.507289886474609
9757102,2024,2024-12-04,5007,2024-10-29,1737,7073,,2,5,5,5007,0,0,0,,0,001,"MINNESOTA AV","GEER RD",0.00,,Y,A,-,N,,,,,,,,,,N,4,0,2,3,A,-,10,21950,A,N,G,B,B,A,H,-,A,A,0,Y,,,,Y,,A,08,0,0,2,0,2,0,0,0,0,"- ","- ",37.515998840332031,-120.84799957275391,STANISLAUS,TURLOCK,-120.84896850585938,37.516399383544922
9757425,2024,2024-12-04,5001,2024-04-17,"810 ",818,D202,3,5,4,5001,0,0,0,,0,005,"SERVICE RD","EL CAMINO",25.00,W,N,A,-,N,,,,,,,,,,N,3,0,1,2,A,-,09,21802,A,N,B,C,A,A,H,-,A,A,0,,,,,Y,,A,07,0,1,0,0,0,0,0,0,0,"- ","- ",37.580268859863281,-120.95686340332031,STANISLAUS,CERES,-120.9427490234375,37.580238342285156
9757542,2024,2024-12-03,5008,2024-07-13,2027,029938,,6,5,2,5008,0,0,0,,0,,"F ST","BONNIE BRAE AV",0.00,,Y,A,-,N,,,,,,,,,,Y,3,0,1,1,A,-,01,23152,A,N,E,I,A,A,H,-,A,D,0,,,,,Y,Y,D,22,0,1,0,0,0,0,0,0,0,"- ","- ",,,STANISLAUS,WATERFORD,,
9759023,2024,2024-12-24,5007,2024-11-13,1033,5823,TPD,3,5,5,5007,0,0,0,,0,PD3,"WEST MAIN ST","NORTH WALNUT RD",0.00,,Y,A,-,N,,,,,,,,,,N,3,0,2,2,A,-,00,21451,,N,D,C,A,A,H,-,A,A,0,,,,,Y,,A,01,0,2,0,0,0,0,0,0,0,"- ","- ",37.492729187011719,-120.87172698974609,STANISLAUS,TURLOCK,-120.87180328369141,37.492729187011719
9763954,2025,2025-01-21,5007,2025-01-04,1455,5765,TPD,6,5,5,5007,0,0,0,,0,PD5,"NORTH GOLDEN STATE BL","WEST CANAL DR",218.00,S,N,A,-,N,,,,,,,,,,N,4,0,1,2,A,-,07,21658,A,N,D,C,A,A,H,-,A,D,0,,,,,Y,,A,01,0,0,1,0,0,0,0,0,0,"- ","- ",37.500080108642578,-120.85009002685547,STANISLAUS,TURLOCK,-120.85031890869141,37.499923706054688
9766337,2025,2025-03-20,5007,2025-02-22,"934 ",,TPD,6,5,5,5007,0,0,0,,0,PD5,"HAWKEYE AV","DELS LN",37.00,E,N,A,-,N,,,,,,,,,,N,3,0,1,3,A,-,01,23152,A,F,C,C,A,A,H,-,A,A,0,,,,,Y,Y,D,22,0,1,0,0,0,0,0,0,0,"- ","- ",37.506999969482422,-120.85800170898438,STANISLAUS,TURLOCK,-120.85797119140625,37.507366180419922
9766344,2025,2025-03-06,5007,2025-02-07,1344,5764,TPD,5,5,5,5007,0,0,0,,0,PD2,"NORTH GOLDEN STATE BL","EAST OLIVE AV",0.00,,Y,A,-,N,,,,,,,,,,Y,3,0,1,3,A,-,12,21453,A,N,D,C,A,A,H,-,A,A,0,,,,,Y,,A,01,0,1,0,0,0,0,0,0,0,"- ","- ",37.495410919189453,-120.84686279296875,STANISLAUS,TURLOCK,-120.84686279296875,37.495403289794922
9766479,2025,2025-03-04,5007,2025-02-10,1527,5755,TPD,1,5,5,5007,0,0,0,,0,PD1,"FOSBERG RD","EAST MONTE VISTA AV",193.00,N,N,A,-,N,,,,,,,,,,Y,4,0,1,2,A,-,08,22107,,N,C,E,A,A,H,-,A,D,0,,,,,Y,,A,01,0,0,1,0,0,0,0,0,0,"- ","- ",37.521930694580078,-120.84432220458984,STANISLAUS,TURLOCK,-120.84433746337891,37.522449493408203
9766480,2025,2025-03-04,5007,2025-02-12,"914 ",5818,TPD,3,5,5,5007,0,0,0,,0,PD5,"GEER RD","WAYSIDE DR",0.00,,Y,A,-,N,,,,,,,,,,N,3,0,1,2,A,-,08,22107,,N,D,G,A,A,H,-,A,D,0,,Y,,,Y,,A,07,0,1,0,0,0,0,1,0,0,"- ","- ",37.504238128662109,-120.84884643554688,STANISLAUS,TURLOCK,-120.84896087646484,37.504276275634766
9766811,2025,2025-04-09,5007,2025-03-19,2328,5810,,3,5,5,5007,0,0,0,,0,001,"TORNELL AV","COLORADO AV",13.00,W,N,A,-,N,,,,,,,,,,Y,4,0,1,1,A,-,01,23152,A,M,E,I,A,A,H,-,C,A,0,,,,,Y,Y,A,01,0,0,1,0,0,0,0,0,0,"- ","- ",,,STANISLAUS,TURLOCK,-120.83531188964844,37.517601013183594
9769921,2024,2025-01-23,5007,2024-12-31,"856 ",6973,TPD,2,5,5,5007,0,0,0,,0,PD5,"DENAIR AV","STARR AV",280.00,N,N,B,-,N,,,,,,,,,,N,2,0,1,2,A,-,09,21804,A,N,D,C,A,A,H,-,A,D,0,,,,,Y,,A,01,1,0,0,0,0,0,0,0,0,"- ","- ",,,STANISLAUS,TURLOCK,-120.84358978271484,37.503177642822266
9770290,2024,2025-01-06,5007,2024-12-14,1747,GALLEGOS,TPD,6,5,5,5007,0,0,0,,0,PD2,"PECAN WY","5TH ST",140.00,E,N,A,-,N,,,,,,,,,,Y,3,0,1,2,A,-,01,23153,A,N,C,E,A,A,H,-,C,D,0,,,,,Y,Y,A,01,0,1,0,0,0,0,0,0,0,"- ","- ",37.475498199462891,-120.83518981933594,STANISLAUS,TURLOCK,-120.83526611328125,37.475269317626953
9770345,2024,2024-12-31,5007,2024-12-08,1647,5807,TPD,7,5,5,5007,0,0,0,,0,PD6,"MONTE VISTA AV","TEGNER RD",153.00,W,N,A,-,N,,,,,,,,,,Y,3,0,1,2,A,-,09,21804,A,N,D,C,A,A,H,-,A,D,0,,,,,Y,,A,07,0,1,0,0,0,0,0,0,0,"- ","- ",37.521919250488281,-120.88852691650391,STANISLAUS,TURLOCK,-120.88899993896484,37.521881103515625
9770346,2024,2024-12-31,5007,2024-12-17,1150,5813,TPD,2,5,5,5007,0,0,0,,0,PD5,"SODERQUIST RD","FLOWER ST",175.00,S,N,B,-,N,,,,,,,,,,N,3,0,1,2,A,-,01,23152,A,N,B,C,A,A,H,-,A,D,0,,,Y,,Y,Y,A,01,0,1,0,0,0,0,0,0,1,"- ","- ",37.495780944824219,-120.86244964599609,STANISLAUS,TURLOCK,-120.86226654052734,37.495170593261719
9772313,2024,2025-01-14,5007,2024-12-25,2340,5828,TPD,3,5,5,5007,0,0,0,,0,PD4,"TEGNER RD","SANDSTONE ST",256.00,N,N,A,-,N,,,,,,,,,,Y,3,0,1,1,A,-,08,22107,,N,E,I,A,A,H,-,C,D,0,,,,,Y,,A,01,0,1,0,0,0,0,0,0,0,"- ","- ",37.530990600585938,-120.88510894775391,STANISLAUS,TURLOCK,-120.88509368896484,37.531711578369141
9772314,2024,2025-01-29,5007,2024-12-27,"740 ",5701,TPD,5,5,5,5007,0,0,0,,0,PD3,"GOLDEN STATE BL","FULKERTH RD",0.00,,Y,B,-,N,,,,,,,,,,N,3,0,1,2,A,-,12,21453,A,N,D,G,A,B,H,-,A,A,0,,Y,,,Y,,L,04,0,1,0,0,0,0,1,0,0,"- ","- ",,,STANISLAUS,TURLOCK,-120.86131286621094,37.507419586181641
9776128,2025,2025-02-04,5007,2025-01-10,1644,5826,TPD,5,5,5,5007,0,0,0,,0,PD1,"TAYLOR RD","BERKELEY AV",27.00,E,N,A,-,N,,,,,,,,,,N,3,0,1,2,A,-,09,21801,,N,D,C,A,A,H,-,A,D,0,,,Y,,Y,,C,02,0,1,0,0,0,0,0,0,1,"- ","- ",37.536609649658203,-120.82877349853516,STANISLAUS,TURLOCK,-120.8302001953125,37.536571502685547
9777346,2025,2025-02-28,5007,2025-01-15,1719,5801,TPD,3,5,5,5007,0,0,0,,0,PD4,"N GOLDEN STATE BLVD","WEST TUOLUMNE RD",0.00,,Y,A,-,N,,,,,,,,,,Y,3,0,2,2,A,-,12,21453,,N,D,C,A,A,H,-,C,A,0,,,,,Y,,A,01,0,2,0,0,0,0,0,0,0,"- ","- ",37.751461029052734,-120.86946868896484,STANISLAUS,TURLOCK,-120.86918640136719,37.514690399169922
9781664,2025,2025-04-09,5004,2025-01-11,1706,389,RD38,6,5,3,5004,0,0,0,,0,041,"EAST F ST","EAST ST",0.00,,Y,A,-,N,,,,,,,,,,N,2,0,1,2,A,-,10,21950,,N,G,B,A,A,H,-,A,D,0,,Y,,,Y,,D,83,1,0,0,0,0,0,1,0,0,"- ","- ",37.768421173095703,-120.8411865234375,STANISLAUS,OAKDALE,-120.841552734375,37.768699645996094
9782569,2025,2025-02-21,5007,2025-01-21,1627,5810,TPD,2,5,5,5007,0,0,0,,0,PD2,"LANDER AV","HIGH ST",6.00,E,N,A,-,N,,,,,,,,,,N,4,0,1,2,A,-,12,21453,,F,D,C,A,A,H,-,A,A,0,,,,,Y,,A,07,0,0,1,0,0,0,0,0,0,"- ","- ",37.490268707275391,-120.84899139404297,STANISLAUS,TURLOCK,-120.84911346435547,37.490478515625
9782570,2025,2025-02-21,5007,2025-01-24,1742,5797,TPD,5,5,5,5007,0,0,0,,0,PD6,"COUNTRYSIDE DR","TUOLUMNE RD",0.00,,Y,A,-,N,,,,,,,,,,N,4,0,1,2,A,-,03,22350,,N,C,C,A,A,H,-,C,A,0,,,,,Y,,A,01,0,0,1,0,0,0,0,0,0,"- ","- ",37.514560699462891,-120.8779296875,STANISLAUS,TURLOCK,-120.87801361083984,37.514556884765625
9782572,2025,2025-02-21,5007,2025-01-12,1605,5801,TPD,7,5,5,5007,0,0,0,,0,PD5,"EAST CANAL DR","GEER RD",0.00,,Y,A,-,N,,,,,,,,,,N,4,0,1,2,A,-,12,21453,,N,D,G,A,A,H,-,A,A,0,,Y,,,Y,,L,04,0,0,1,0,0,0,1,0,0,"- ","- ",37.500358581542969,-120.84889221191406,STANISLAUS,TURLOCK,-120.84880828857422,37.500354766845703
9782727,2025,2025-02-20,5007,2025-01-04,1136,5821,TPD,6,5,5,5007,0,0,0,,0,PD5,"WEST CANAL DR","GEER RD",6.00,S,N,A,-,N,,,,,,,,,,N,4,0,1,2,D,-,00,,,N,C,C,A,A,H,-,A,D,0,,,,,Y,,-,"- ",0,0,1,0,0,0,0,0,0,"- ","- ",37.500759124755859,-120.85047149658203,STANISLAUS,TURLOCK,-120.84893798828125,37.500350952148438
9786197,2024,2025-05-06,5004,2024-10-11,1317,383,RD26,5,5,3,5004,0,0,0,,0,022,"1300 W F ST","S OAK AV",0.00,,Y,A,-,Y,,,,,,,,,,N,2,0,1,1,D,-,00,,,N,H,A,A,A,H,-,A,A,0,,Y,,,Y,,-,"- ",1,0,0,0,0,0,1,0,0,"- ","- ",37.760639190673828,-120.86244201660156,STANISLAUS,OAKDALE,-120.86188507080078,37.760364532470703
9787625,2025,2025-05-16,5004,2025-04-19,1923,385,RD56,6,5,3,5004,0,0,0,,0,021,"WEST F ST","S WILLOWOOD DR",0.00,,Y,A,-,Y,STA,10,108,-,-,36.787,I,5,W,Y,3,0,2,2,A,-,12,21453,,N,D,C,A,A,H,-,A,A,0,,,,,Y,,A,01,0,2,0,0,0,0,0,0,0,"- ","- ",37.756881713867188,-120.87026214599609,STANISLAUS,OAKDALE,-120.87030792236328,37.756946563720703
9791732,2025,2025-03-10,5007,2025-01-31,1813,5732,TPD,5,5,5,5007,0,0,0,,0,PD1,"HAWKEYE AV","JOHNSON AV",0.00,,Y,C,-,N,,,,,,,,,,N,4,0,1,2,A,-,03,22350,,N,C,C,A,B,H,-,C,A,0,,,,,Y,,A,01,0,0,1,0,0,0,0,0,0,"- ","- ",37.506999969482422,-120.82599639892578,STANISLAUS,TURLOCK,-120.82611083984375,37.507240295410156
9792274,2025,2025-04-03,5007,2025-03-01,1902,5798,TPD,6,5,5,5007,0,0,0,,0,PD2,"EAST AV","ALPHA RD",0.00,,Y,A,-,N,,,,,,,,,,Y,3,0,1,3,A,-,01,23152,A,N,D,E,A,A,H,-,C,A,0,,,,,Y,Y,D,22,0,1,0,0,0,0,0,0,0,"- ","- ",37.492458343505859,-120.83782958984375,STANISLAUS,TURLOCK,-120.83758544921875,37.49267578125
9792418,2025,2025-04-04,5007,2025-03-02,2138,5765,TPD,7,5,5,5007,0,0,0,,0,PD4,"MONTE VISTA AV","GOLDEN STATE BL",27.00,E,N,A,-,N,,,,,,,,,,Y,3,0,1,2,A,-,08,22107,,N,E,I,A,A,H,-,C,A,0,,,,,Y,,A,01,0,1,0,0,0,0,0,0,0,"- ","- ",37.521800994873047,-120.87758636474609,STANISLAUS,TURLOCK,-120.87723541259766,37.521869659423828
9792424,2025,2025-04-04,5007,2025-03-01,1928,5694,TPD,6,5,5,5007,0,0,0,,0,PD1,"QUINCY RD",CASTLEVIEW,150.00,S,N,A,-,N,,,,,,,,,,Y,3,0,1,2,A,-,01,23152,A,N,B,E,A,A,H,-,C,D,0,,,,,Y,Y,A,01,0,1,0,0,0,0,0,0,0,"- ","- ",37.512241363525391,-120.82144927978516,STANISLAUS,TURLOCK,-120.82144927978516,37.511829376220703