CASE_ID,ACCIDENT_YEAR,PROC_DATE,JURIS,COLLISION_DATE,COLLISION_TIME,OFFICER_ID,REPORTING_DISTRICT,DAY_OF_WEEK,CHP_SHIFT,POPULATION,CNTY_CITY_LOC,SPECIAL_COND,BEAT_TYPE,CHP_BEAT_TYPE,CITY_DIVISION_LAPD,CHP_BEAT_CLASS,BEAT_NUMBER,PRIMARY_RD,SECONDARY_RD,DISTANCE,DIRECTION,INTERSECTION,WEATHER_1,WEATHER_2,STATE_HWY_IND,CALTRANS_COUNTY,CALTRANS_DISTRICT,STATE_ROUTE,ROUTE_SUFFIX,POSTMILE_PREFIX,POSTMILE,LOCATION_TYPE,RAMP_INTERSECTION,SIDE_OF_HWY,TOW_AWAY,COLLISION_SEVERITY,NUMBER_KILLED,NUMBER_INJURED,PARTY_COUNT,PRIMARY_COLL_FACTOR,PCF_CODE_OF_VIOL,PCF_VIOL_CATEGORY,PCF_VIOLATION,PCF_VIOL_SUBSECTION,HIT_AND_RUN,TYPE_OF_COLLISION,MVIW,PED_ACTION,ROAD_SURFACE,ROAD_COND_1,ROAD_COND_2,LIGHTING,CONTROL_DEVICE,CHP_ROAD_TYPE,PEDESTRIAN_ACCIDENT,BICYCLE_ACCIDENT,MOTORCYCLE_ACCIDENT,TRUCK_ACCIDENT,NOT_PRIVATE_PROPERTY,ALCOHOL_INVOLVED,STWD_VEHTYPE_AT_FAULT,CHP_VEHTYPE_AT_FAULT,COUNT_SEVERE_INJ,COUNT_VISIBLE_INJ,COUNT_COMPLAINT_PAIN,COUNT_PED_KILLED,COUNT_PED_INJURED,COUNT_BICYCLIST_KILLED,COUNT_BICYCLIST_INJURED,COUNT_MC_KILLED,COUNT_MC_INJURED,PRIMARY_RAMP,SECONDARY_RAMP,LATITUDE,LONGITUDE,COUNTY,CITY,POINT_X,POINT_Y
8100995,2016,2016-08-16,5002,2016-08-05,1852,11428,515,5,5,6,5002,0,0,0,,0,031,"HATCH RD","DALLAS ST",350.00,W,N,A,-,N,,,,,,,,,,Y,3,0,2,3,A,-,04,21703,,N,C,C,A,A,H,-,A,D,0,,,,,Y,,D,,0,1,1,0,0,0,0,0,0,"- ","- ",,,STANISLAUS,MODESTO,-121.00265314000001,37.60890878
8101031,2016,2016-08-16,5002,2016-08-05,2012,11789,M99,5,5,6,5002,0,0,0,,0,072,"OAKDALE RD","LANCEY DR",0.00,,Y,A,-,N,,,,,,,,,,Y,4,0,1,2,A,-,12,21453,A,N,D,C,A,A,H,-,A,A,0,,,,,Y,,A,,0,0,1,0,0,0,0,0,0,"- ","- ",,,STANISLAUS,MODESTO,-120.95764996,37.669429989999998
8102296,2016,2016-08-11,5006,2016-07-18,1502,5987,MODES,1,5,3,5006,0,0,0,,0,,"OAKDALE RD","COLONY MANOR DR",0.00,,Y,A,-,N,,,,,,,,,,N,3,0,1,2,A,-,05,21650,,N,D,G,A,A,H,-,A,A,0,,Y,,,Y,,L,04,0,1,0,0,0,0,1,0,0,"- ","- ",,,STANISLAUS,RIVERBANK,-120.95862,37.730809950000001
8109508,2016,2017-03-03,5002,2016-08-02,1419,10384,180,2,5,6,5002,0,0,0,,0,061,"RT 99","NORTH CARPENTER RD",15.00,N,N,A,-,Y,STA,10,99,-,M,18.672,R,4,S,N,4,0,1,2,A,-,03,22350,,N,C,C,A,A,H,-,A,A,0,,,,,Y,,A,,0,0,1,0,0,0,0,0,0,SF,"- ",,,STANISLAUS,MODESTO,-121.03361285,37.66704507
8111991,2016,2016-09-01,5002,2016-08-16,1607,11510,857,2,5,6,5002,0,0,0,,0,081,"COLDWELL AV","TULLY RD",25.00,W,N,A,-,N,,,,,,,,,,N,4,0,1,2,A,-,08,22107,,M,D,C,A,A,H,-,A,A,0,,,,,Y,,A,,0,0,1,0,0,0,0,0,0,"- ","- ",,,STANISLAUS,MODESTO,-121.01212635,37.653199819999998
8112325,2016,2017-03-03,5002,2016-08-12,1703,11797,257,5,5,6,5002,0,0,0,,0,081,"MCHENRY AV","W FAIRMONT AV",0.00,,Y,A,-,Y,STA,10,108,-,-,23.890,I,5,W,N,3,0,1,2,A,-,10,21950,A,N,G,B,B,A,H,-,A,D,0,Y,,,,Y,,A,,0,1,0,0,1,0,0,0,0,"- ","- ",,,STANISLAUS,MODESTO,-120.99385315000001,37.657389690000002
8112465,2016,2016-09-01,5002,2016-08-12,1224,11758,003,5,5,6,5002,0,0,0,,0,063,"PELANDALE AV","CHAPMAN RD",0.00,,Y,A,-,N,,,,,,,,,,Y,3,0,3,2,A,-,09,21453,,N,D,C,A,A,H,-,A,A,0,,,,,Y,,A,,0,2,1,0,0,0,0,0,0,"- ","- ",,,STANISLAUS,MODESTO,-121.06364000000001,37.700219939999997
8112483,2016,2016-09-01,5002,2016-08-21,1417,11794,M039,7,5,6,5002,0,0,0,,0,062,"TULLY RD","BOWEN AV",0.00,,Y,A,-,N,,,,,,,,,,Y,4,0,1,1,A,-,08,22107,,N,E,I,A,A,H,-,A,A,0,,,,,Y,,A,,0,0,1,0,0,0,0,0,0,"- ","- ",,,STANISLAUS,MODESTO,-121.01230999000001,37.674859949999998
8112487,2016,2016-09-01,5002,2016-08-23,2124,11776,013,2,5,6,5002,0,0,0,,0,063,"STANDIFORD AV","PRESCOTT RD",0.00,,Y,A,-,N,,,,,,,,,,Y,4,0,2,2,A,-,12,21453,A,N,F,C,A,A,H,-,C,A,0,,,,,Y,,A,,0,0,2,0,0,0,0,0,0,"- ","- ",,,STANISLAUS,MODESTO,-121.03155988,37.689689899999998
8112491,2016,2016-09-01,5002,2016-08-23,0825,11861,558,2,5,6,5002,0,0,0,,0,031,"WEST HATCH RD","USTICK RD",0.00,,Y,A,-,N,,,,,,,,,,N,4,0,1,2,A,-,03,22350,,F,C,C,A,A,H,-,A,A,0,,,,,Y,,A,,0,0,1,0,0,0,0,0,0,"- ","- ",,,STANISLAUS,MODESTO,-121.01176998,37.606419940000002
8112495,2016,2016-09-01,5002,2016-08-23,1205,11789,M146,2,5,6,5002,0,0,0,,0,072,"BRIGGSMORE AV","COFFEE RD",0.00,,Y,A,-,N,,,,,,,,,,Y,4,0,1,2,A,-,09,21453,C,N,D,C,A,A,H,-,A,A,0,,,,,Y,,E,,0,0,1,0,0,0,0,0,0,"- ","- ",,,STANISLAUS,MODESTO,-120.97570991000001,37.667149999999999
8112527,2016,2016-09-01,5002,2016-08-24,1025,11861,078,3,5,6,5002,0,0,0,,0,062,"MOUNT VERNON DR","DEBONAIRE DR",0.00,,Y,A,-,N,,,,,,,,,,N,3,0,2,2,A,-,08,22100,A,N,D,C,A,A,H,-,A,D,0,,,,,Y,,A,,0,1,1,0,0,0,0,0,0,"- ","- ",,,STANISLAUS,MODESTO,-121.02608994000001,37.67623992
8113046,2016,2016-09-08,5001,2016-08-21,2031,821,S6,7,5,4,5001,0,0,0,,0,004,"KINSER RD","CAMERON PARK DR",208.00,E,N,A,-,N,,,,,,,,,,Y,3,0,1,2,A,-,08,22107,,M,C,E,A,A,H,-,C,D,0,,,,,Y,,A,01,0,1,0,0,0,0,0,0,0,"- ","- ",37.591430000000003,-120.97179,STANISLAUS,CERES,-120.97181215000001,37.591200000000001
8115742,2016,2016-09-02,5007,2016-07-21,0227,5760,,4,5,5,5007,0,0,0,,0,004,"MONTE VISTA AV","GOLDEN STATE BL",0.00,,Y,A,-,N,,,,,,,,,,N,4,0,1,2,A,-,08,22107,,M,B,C,A,A,H,-,C,A,0,,,,,Y,Y,-,"- ",0,0,1,0,0,0,0,0,0,"- ","- ",,,STANISLAUS,TURLOCK,-120.87753987000001,37.521729909999998
8120114,2016,2017-02-18,5002,2016-09-02,2103,13018,MPD,5,5,6,5002,0,0,0,,0,043,"YOSEMITE BL","MCCLURE RD",0.00,,Y,A,-,Y,STA,10,132,-,-,18.640,H,-,E,Y,4,0,4,2,A,-,08,22107,,N,A,C,A,A,H,-,C,A,0,,,,,Y,,A,,0,0,4,0,0,0,0,0,0,"- ","- ",,,STANISLAUS,MODESTO,-120.92991407,37.638238180000002
8127122,2016,2016-09-22,5002,2016-09-10,1959,11661,156,6,5,6,5002,0,0,0,,0,073,"KODIAK DR","LA FORCE",97.00,S,N,A,-,N,,,,,,,,,,Y,3,0,1,1,A,-,03,22350,,N,E,I,A,A,H,-,C,A,0,,,,,Y,,D,,0,1,0,0,0,0,0,0,0,"- ","- ",,,STANISLAUS,MODESTO,-120.95496387999999,37.683153670000003
8127218,2016,2016-09-23,5002,2016-08-30,1559,11862,158,2,5,6,5002,0,0,0,,0,072,OAKDALE,"MANOR OAK",5.00,N,N,A,-,N,,,,,,,,,,Y,4,0,2,2,A,-,03,22350,,N,C,C,A,A,H,-,A,A,0,,,,,Y,,A,,0,0,2,0,0,0,0,0,0,"- ","- ",,,STANISLAUS,MODESTO,-120.9577204,37.674493730000002
8127352,2016,2016-09-22,5002,2016-07-15,2500,11821,801,5,5,6,5002,0,0,0,,0,063,"BRADEN AV","BRADEN AV  2801",0.00,,N,A,-,N,,,,,,,,,,N,4,0,1,2,A,-,08,22107,,N,C,E,A,A,H,-,B,D,0,,,,,Y,,A,,0,0,1,0,0,0,0,0,0,"- ","- ",,,STANISLAUS,MODESTO,-121.046634,37.688063
8128348,2016,2016-09-27,5007,2016-08-30,0752,5608,,2,5,5,5007,0,0,0,,0,005,"N HIGHLANDS AV","EAST HAWKEYE AV",0.00,,Y,A,-,N,,,,,,,,,,N,3,0,1,2,A,-,09,21802,A,N,D,G,A,A,H,-,A,A,0,,Y,,,Y,,A,07,0,1,0,0,0,0,1,0,0,"- ","- ",,,STANISLAUS,TURLOCK,-120.84177988,37.507309929999998
8128561,2016,2016-09-29,5001,2016-09-12,1056,818,D202,1,5,4,5001,0,0,0,,0,005,"ROSE AV","ROEDING RD",0.00,,Y,A,-,N,,,,,,,,,,N,4,0,1,2,A,-,10,21950,A,N,G,B,B,A,H,-,A,A,0,Y,,,,Y,,D,22,0,0,1,0,1,0,0,0,0,"- ","- ",37.587479999999999,-120.94284,STANISLAUS,CERES,-120.94284992999999,37.587469939999998
8129671,2016,2016-09-26,5007,2016-08-03,1743,6912,5007,3,5,5,5007,0,0,0,,0,002,"LANDER AV","GLENWOOD AV",43.00,N,N,A,-,N,,,,,,,,,,Y,4,0,1,2,A,-,07,21658,A,N,C,C,A,A,H,-,A,A,0,,,,,Y,,D,22,0,0,1,0,0,0,0,0,0,"- ","- ",,,STANISLAUS,TURLOCK,-120.84902,37.475678080000002
81303213,2020,2020-09-11,5002,2020-09-03,1634,13281,M123,4,5,6,5002,0,0,0,,0,MP72,"BRIGGSMORE AVE","ROSE AVE",844.00,W,N,A,-,N,,,,,,,,,,Y,4,0,1,2,A,-,08,22107,,N,E,I,A,A,H,-,A,D,0,,,,,Y,,A,08,0,0,1,0,0,0,0,0,0,"- ","- ",,,STANISLAUS,MODESTO,-120.96957397460938,37.667449951171875
81303222,2020,2020-09-11,5002,2020-09-05,1523,11712,516,6,5,6,5002,0,0,0,,0,MP31,"CROWS LANDING RD","KENDEE RD",0.00,,Y,A,-,Y,,,,,,,,,,Y,2,0,2,2,A,-,08,22107,,N,D,C,A,A,H,-,A,A,0,,,,,Y,,A,01,1,0,1,0,0,0,0,0,0,"- ","- ",,,STANISLAUS,MODESTO,-120.99368286132812,37.612571716308594
81313225,2020,2020-09-28,5002,2020-09-17,1234,13196,M224,4,5,6,5002,0,0,0,,0,MP81,"ROSEBURG AVE","MC HENRY AVE",0.00,,Y,A,-,Y,,,,,,,,,,Y,4,0,2,2,A,-,12,21453,A,N,-,C,A,A,H,-,A,A,0,,,,,Y,,D,22,0,0,2,0,0,0,0,0,0,"- ","- ",,,STANISLAUS,MODESTO,-120.99385833740234,37.660060882568359
81314560,2020,2020-09-30,5002,2020-09-10,1947,13257,,4,5,6,5002,0,0,0,,0,MP81,"ORANGEBURG AVE","SUNRISE AVE",0.00,,Y,A,-,N,,,,,,,,,,Y,4,0,2,2,A,-,17,21451,A,N,D,C,A,A,H,-,C,A,0,,,,,Y,,A,07,0,0,2,0,0,0,0,0,0,"- ","- ",,,STANISLAUS,MODESTO,-120.98481750488281,37.663619995117188
81316157,2020,2020-10-02,5002,2020-09-25,1443,11712,RD516,5,5,6,5002,0,0,0,,0,MP31,"BOULDER AVE","EL PASO AVE",0.00,,Y,A,-,N,,,,,,,,,,Y,3,0,2,2,A,-,12,22450,A,F,D,C,A,A,H,-,A,A,0,,,,,Y,,A,01,0,2,0,0,0,0,0,0,0,"- ","- ",,,STANISLAUS,MODESTO,-120.98622131347656,37.614078521728516
81318880,2020,2020-10-07,5002,2020-09-23,1822,11754,M314,3,5,6,5002,0,0,0,,0,MP43,"EL VISTA AVE","EDGEBROOK DR (S)",0.00,,Y,A,-,N,,,,,,,,,,Y,4,0,1,2,A,-,09,21802,A,N,D,C,A,A,H,-,A,A,0,,,,,Y,,A,07,0,0,1,0,0,0,0,0,0,"- ","- ",,,STANISLAUS,MODESTO,-120.95732879638672,37.650428771972656
81318896,2020,2020-10-07,5002,2020-09-29,1122,10228,MO60,2,5,6,5002,0,0,0,,0,MP82,"MC HENRY AVE","LEVELAND LANE",0.00,,Y,A,-,Y,,,,,,,,,,Y,4,0,1,2,A,-,12,21453,A,N,D,C,A,A,H,-,-,D,0,,,,,Y,,A,08,0,0,1,0,0,0,0,0,0,"- ","- ",,,STANISLAUS,MODESTO,-120.99416351318359,37.679088592529297
81318901,2020,2020-10-07,5002,2020-09-30,0544,11675,410,3,5,6,5002,0,0,0,,0,MP41,"6TH ST","G ST",0.00,,Y,-,-,N,,,,,,,,,,Y,4,0,2,2,A,-,12,21453,A,N,D,C,A,A,H,-,C,A,0,,,,Y,Y,,-,"- ",0,0,2,0,0,0,0,0,0,"- ","- ",,,STANISLAUS,MODESTO,-121.00070190429688,37.634719848632812
81318902,2020,2020-10-07,5002,2020-09-30,0755,11248,M416,3,5,6,5002,0,0,0,,0,MP41,"8TH ST","I ST",0.00,,Y,A,-,N,,,,,,,,,,Y,4,0,1,2,A,-,09,21802,A,N,D,C,A,A,H,-,A,D,0,,,,,Y,,A,07,0,0,1,0,0,0,0,0,0,"- ","- ",,,STANISLAUS,MODESTO,-121.00105285644531,37.638111114501953
81318907,2020,2020-10-07,5002,2020-10-01,1323,13344,,4,5,6,5002,0,0,0,,0,MP82,"COFFEE RD","ATHENS AVE",264.00,N,N,A,-,N,,,,,,,,,,Y,3,0,2,2,A,-,09,21801,A,N,D,C,A,A,H,-,A,D,0,,,,,Y,,A,01,0,1,1,0,0,0,0,0,0,"- ","- ",,,STANISLAUS,MODESTO,-120.97576141357422,37.67474365234375
81318915,2020,2020-10-07,5002,2020-10-05,1516,13095,M385,1,5,6,5002,0,0,0,,0,MP41,"14TH ST","K ST",0.00,,Y,A,-,N,,,,,,,,,,Y,4,0,1,2,A,-,12,21453,A,N,D,C,A,A,H,-,A,A,0,,,,,Y,,A,01,0,0,1,0,0,0,0,0,0,"- ","- ",,,STANISLAUS,MODESTO,-120.99765777587891,37.64434814453125
81318916,2020,2020-10-07,5002,2020-10-05,1702,11754,M319,1,5,6,5002,0,0,0,,0,MP43,"EL VISTA AVE","YOSEMITE BLVD",0.00,,Y,A,-,Y,,,,,,,,,,Y,3,0,1,2,A,-,12,21457,A,N,D,C,A,A,H,-,A,A,0,,,,,Y,,A,07,0,1,0,0,0,0,0,0,0,"- ","- ",,,STANISLAUS,MODESTO,-120.95720672607422,37.638168334960938
81323232,2020,2020-10-14,5002,2020-10-04,1154,13303,,7,5,6,5002,0,0,0,,0,MP83,"MC HENRY AVE","STANDIFORD AVE",55.00,S,N,A,-,Y,,,,,,,,,,N,2,0,1,2,A,-,12,21453,A,N,D,G,A,A,H,-,A,A,0,,Y,,,Y,,L,04,1,0,0,0,0,0,1,0,0,"- ","- ",,,STANISLAUS,MODESTO,-120.99430847167969,37.688949584960938
81323247,2020,2020-10-14,5002,2020-10-07,1300,13287,,3,5,6,5002,0,0,0,,0,MP62,"CHRYSLER DR","PRESCOTT RD",0.00,,Y,A,-,N,,,,,,,,,,Y,4,0,1,2,A,-,12,21453,A,N,D,C,A,A,H,-,A,A,0,,,,,Y,,A,07,0,0,1,0,0,0,0,0,0,"- ","- ",,,STANISLAUS,MODESTO,-121.0313720703125,37.678291320800781
81323259,2020,2020-10-14,5002,2020-10-11,2238,13194,M455,7,5,6,5002,0,0,0,,0,MP42,"YOSEMITE BLVD","SANTA CRUZ AVE (W)",42.00,W,N,A,-,Y,,,,,,,,,,Y,4,0,2,2,A,-,03,22350,,N,C,C,A,A,H,-,C,A,0,,,,,Y,,A,07,0,0,2,0,0,0,0,0,0,"- ","- ",,,STANISLAUS,MODESTO,-120.9749755859375,37.638191223144531
81323263,2020,2020-10-14,5002,2020-10-12,1600,13287,RD01,1,5,6,5002,0,0,0,,0,MP63,"SISK RD","VINTAGE FAIR",260.00,N,N,A,-,N,,,,,,,,,,Y,4,0,1,2,A,-,08,22107,,N,B,C,A,A,H,-,A,D,0,,,,,Y,,E,22,0,0,1,0,0,0,0,0,0,"- ","- ",,,STANISLAUS,MODESTO,,
8132604,2016,2016-10-18,5007,2016-09-15,1317,5517,,4,5,5,5007,0,0,0,,0,005,"NORTH GOLDEN STATE BL","FULKERTH RD",0.00,,Y,A,-,N,,,,,,,,,,N,4,0,1,2,A,-,05,21202,A,N,D,G,A,A,H,-,A,A,0,,Y,,,Y,,L,,0,0,1,0,0,0,1,0,0,"- ","- ",,,STANISLAUS,TURLOCK,-120.861127,37.507330000000003
8132845,2016,2016-10-14,5007,2016-09-02,0149,5740,TURLO,5,5,5,5007,0,0,0,,0,002,"NORTH OLIVE","GOLDEN STATE BL",0.00,,Y,A,-,N,,,,,,,,,,Y,4,0,1,2,A,-,03,22350,,F,C,C,A,A,H,-,C,A,0,,,,,Y,,A,01,0,0,1,0,0,0,0,0,0,"- ","- ",,,STANISLAUS,TURLOCK,-120.84686000000001,37.495399949999999
8132932,2016,2016-10-26,5007,2016-09-27,1351,5764,,2,5,5,5007,0,0,0,,0,004,"GOLDEN STATE BL","TAYLOR RD",0.00,,Y,A,-,N,,,,,,,,,,Y,3,0,3,3,A,-,12,21453,A,N,D,C,A,A,H,-,A,A,0,,,,,Y,,A,01,0,1,2,0,0,0,0,0,0,"- ","- ",,,STANISLAUS,TURLOCK,-120.88982996999999,37.536909950000002
8133020,2016,2016-10-27,5001,2016-10-12,0810,796,C011,3,5,4,5001,0,0,0,,0,004,"CENTRAL AV","RAILROAD AV",4.00,W,N,A,-,N,,,,,,,,,,Y,4,0,1,2,A,-,03,22350,,N,A,C,A,A,H,-,A,A,0,,,,,Y,,D,72,0,0,1,0,0,0,0,0,0,"- ","- ",37.590710000000001,-120.95689,STANISLAUS,CERES,-120.95690999999999,37.590719999999997
81337467,2020,2020-11-03,5002,2020-10-20,0340,11675,M419,2,5,6,5002,0,0,0,,0,MP41,"6TH ST","H ST",0.00,,Y,A,-,N,,,,,,,,,,Y,3,0,2,2,A,-,12,21453,A,N,D,C,A,A,H,-,C,A,0,,,,,Y,,A,07,0,1,1,0,0,0,0,0,0,"- ","- ",,,STANISLAUS,MODESTO,-121.00183868408203,37.635658264160156
81338737,2020,2020-11-04,5002,2020-10-20,1718,13344,,2,5,6,5002,0,0,0,,0,MP42,"MILLER AVE","SEVERIN AVE",0.00,,Y,A,-,N,,,,,,,,,,Y,4,0,2,2,A,-,09,21802,A,N,D,C,A,A,H,-,A,A,0,,,,,Y,,A,01,0,0,2,0,0,0,0,0,0,"- ","- ",,,STANISLAUS,MODESTO,-120.9697265625,37.640090942382812
81362505,2020,2020-12-10,5002,2020-07-19,1658,11267,,7,5,6,5002,0,0,0,,0,062,"SISK RD","PLAZA PARKWAY",0.00,,Y,A,-,N,,,,,,,,,,Y,1,1,4,2,A,-,01,23152,F,F,D,C,A,A,A,-,A,A,0,,,,,Y,,A,07,2,0,2,0,0,0,0,0,0,"- ","- ",,,STANISLAUS,MODESTO,-121.03832244873047,37.671108245849609
81362517,2020,2020-12-10,5002,2020-10-10,1902,13300,RD01,6,5,6,5002,0,0,0,,0,MP61,"TULLY RD","STODDARD AVE",70.00,N,N,A,-,N,,,,,,,,,,Y,3,0,2,2,A,-,05,21650,,N,A,C,A,A,H,-,B,D,0,,,,,Y,Y,A,01,0,1,1,0,0,0,0,0,0,"- ","- ",,,STANISLAUS,MODESTO,-121.01200103759766,37.649730682373047
81362531,2020,2020-12-10,5002,2020-10-14,1348,11262,,3,5,6,5002,0,0,0,,0,MP72,"COFFEE RD","ENSENADA DR",3.00,S,N,A,-,N,,,,,,,,,,Y,3,0,3,3,A,-,03,22350,,N,C,C,A,A,H,-,A,D,0,,,,,Y,,A,01,0,1,2,0,0,0,0,0,0,"- ","- ",,,STANISLAUS,MODESTO,-120.97577667236328,37.675750732421875
81362549,2020,2020-12-10,5002,2020-10-17,1302,13201,,6,5,6,5002,0,0,0,,0,,"DOWNEY AVE","I ST",0.00,,Y,-,-,N,,,,,,,,,,Y,3,0,1,2,A,-,08,22100,B,N,B,C,A,A,H,-,A,D,0,,,Y,,Y,,C,02,0,1,0,0,0,0,0,0,1,"- ","- ",,,STANISLAUS,MODESTO,-120.99137878417969,37.645511627197266
81362551,2020,2020-12-10,5002,2020-10-17,1702,13096,,6,5,6,5002,0,0,0,,0,MP83,"MC HENRY AVE","CORALWOOD RD",0.00,,Y,A,-,Y,,,,,,,,,,Y,3,0,2,4,A,-,09,21801,A,N,D,C,A,A,H,-,A,D,0,,,,,Y,,A,01,0,1,1,0,0,0,0,0,0,"- ","- ",,,STANISLAUS,MODESTO,-120.99440002441406,37.695499420166016
81362604,2020,2020-12-10,5002,2020-11-01,0022,13133,M477,7,5,6,5002,0,0,0,,0,MP42,"FINCH RD","MITCHELL RD",150.00,E,N,A,-,N,,,,,,,,,,N,3,0,2,2,A,-,08,22102,,N,D,C,A,A,H,-,C,A,0,,,,,Y,,A,01,0,1,1,0,0,0,0,0,0,"- ","- ",,,STANISLAUS,MODESTO,-120.94362640380859,37.623653411865234
81362629,2020,2020-12-10,5002,2020-11-05,0938,11621,M416,4,5,6,5002,0,0,0,,0,MP41,"I ST","7TH ST",0.00,,Y,A,-,N,,,,,,,,,,Y,4,0,1,3,A,-,12,21453,A,N,D,C,A,A,H,-,A,A,0,,,,,Y,,A,01,0,0,1,0,0,0,0,0,0,"- ","- ",,,STANISLAUS,MODESTO,-121.00199890136719,37.637401580810547
81362641,2020,2020-12-10,5002,2020-11-06,1211,13110,M416,5,5,6,5002,0,0,0,,0,MP41,"7TH ST","K ST",0.00,,Y,A,-,N,,,,,,,,,,Y,4,0,1,2,A,-,08,22100,A,N,B,C,A,A,H,-,A,A,0,,,,,Y,,A,01,0,0,1,0,0,0,0,0,0,"- ","- ",,,STANISLAUS,MODESTO,-121.00430297851562,37.639350891113281
81362645,2020,2020-12-10,5002,2020-11-06,1652,13257,,5,5,6,5002,0,0,0,,0,MP83,"TULLY RD","RUMBLE RD",0.00,,Y,A,-,N,,,,,,,,,,N,4,0,1,2,A,-,12,21453,A,N,D,G,A,A,H,-,A,A,0,,Y,,,Y,,L,04,0,0,1,0,0,0,1,0,0,"- ","- ",,,STANISLAUS,MODESTO,-121.01239013671875,37.682071685791016
81362695,2020,2020-12-10,5002,2020-11-15,0454,13106,M537,7,5,6,5002,0,0,0,,0,MP63,"PELANDALE AVE","SALIDA BLVD",0.00,,Y,E,-,N,,,,,,,,,,Y,2,0,2,1,A,-,03,22350,,N,E,I,A,A,H,-,C,A,0,,,,,Y,,A,01,1,1,0,0,0,0,0,0,0,"- ","- ",,,STANISLAUS,MODESTO,-121.07196807861328,37.698539733886719
81362703,2020,2020-12-10,5002,2020-11-16,1759,11793,M110,1,5,6,5002,0,0,0,,0,MP82,"NORWEGIAN AVE","CODDING DR",0.00,,Y,A,-,N,,,,,,,,,,N,4,0,1,2,A,-,09,21801,A,N,D,C,A,A,H,-,C,D,0,,,,,Y,,A,01,0,0,1,0,0,0,0,0,0,"- ","- ",,,STANISLAUS,MODESTO,-120.98990631103516,37.671138763427734
81362714,2020,2020-12-10,5002,2020-11-18,1429,10478,M714,3,5,6,5002,0,0,0,,0,MP32,"5TH ST","H ST",0.00,,Y,A,B,Y,,,,,,,,,,N,4,0,1,2,A,-,08,22100,B,F,B,C,A,A,H,-,A,A,0,,,,Y,Y,,A,01,0,0,1,0,0,0,0,0,0,"- ","- ",,,STANISLAUS,MODESTO,-121.00273132324219,37.634979248046875
81362789,2020,2020-12-10,5002,2020-12-06,1117,13336,M264,7,5,6,5002,0,0,0,,0,MP81,"BODEM ST","CEDAR AVE",220.00,S,N,A,-,N,,,,,,,,,,Y,3,0,1,2,A,-,08,22107,,N,C,E,A,A,H,-,A,D,0,,,,,Y,,A,01,0,1,0,0,0,0,0,0,0,"- ","- ",,,STANISLAUS,MODESTO,-120.98542022705078,37.648494720458984
81363977,2020,2020-12-11,5002,2020-10-30,1900,13257,,5,5,6,5002,0,0,0,,0,MP42,"YOSEMITE BLVD","CAMELLIA WAY",0.00,,Y,A,-,Y,,,,,,,,,,Y,4,0,3,2,A,-,08,22107,,N,D,C,A,A,H,-,C,D,0,,,,,Y,,A,01,0,0,3,0,0,0,0,0,0,"- ","- ",,,STANISLAUS,MODESTO,-120.97084808349609,37.638191223144531
8136708,2016,2016-11-23,5002,2016-09-24,2241,11209,M99,6,5,6,5002,0,0,0,,0,032,"SUTTER AV","ROUSE AV",21.00,N,N,A,-,N,,,,,,,,,,Y,3,0,1,2,A,-,12,22450,A,F,C,C,A,A,H,-,C,A,0,,,,,Y,Y,A,,0,1,0,0,0,0,0,0,0,"- ","- ",,,STANISLAUS,MODESTO,-121.01176,37.620627669999998
81368927,2020,2020-12-17,5002,2020-12-02,1444,11209,M120,3,5,6,5002,0,0,0,,0,MP82,"BRIGGSMORE AVE","GARDENIA RD",131.00,W,N,A,-,N,,,,,,,,,,N,4,0,1,5,A,-,03,22350,,F,C,C,A,A,H,-,A,A,0,,,,,Y,Y,A,01,0,0,1,0,0,0,0,0,0,"- ","- ",,,STANISLAUS,MODESTO,-120.98792266845703,37.669029235839844
81368933,2020,2020-12-17,5002,2020-12-11,0650,13252,,5,5,6,5002,0,0,0,,0,,"KEARNEY AVE","ROSEBURG AVE",0.00,,Y,A,-,N,,,,,,,,,,N,4,0,1,2,A,-,12,22450,A,N,H,G,A,A,H,-,B,A,0,,Y,,,Y,,-,"- ",0,0,1,0,0,0,1,0,0,"- ","- ",,,STANISLAUS,MODESTO,-121.01669311523438,37.66046142578125
81368942,2020,2020-12-17,5002,2020-12-13,1937,11754,M410,7,5,6,5002,0,0,0,,0,MP41,"H ST","9TH ST",0.00,,Y,C,-,N,,,,,,,,,,Y,3,0,1,2,A,-,12,21453,A,N,D,C,A,B,H,-,C,A,0,,,,Y,Y,,A,07,0,1,0,0,0,0,0,0,0,"- ","- ",,,STANISLAUS,MODESTO,-120.99899291992188,37.637809753417969
81368944,2020,2020-12-17,5002,2020-12-14,1555,10043,M101,1,5,6,5002,0,0,0,,0,073,"SYLVAN AVE","HASHEM DR",0.00,,Y,A,-,N,,,,,,,,,,N,3,0,1,2,A,-,09,21801,A,N,D,G,A,A,H,-,A,A,0,,Y,,,Y,,A,07,0,1,0,0,0,0,1,0,0,"- ","- ",,,STANISLAUS,MODESTO,-120.96026611328125,37.688968658447266
81374452,2020,2020-12-24,5002,2020-12-18,0926,11531,,5,5,6,5002,0,0,0,,0,MP63,"PELANDALE AVE","CARVER RD",20.00,W,N,A,-,N,,,,,,,,,,Y,4,0,1,1,A,-,08,22107,,N,E,I,A,A,H,-,A,D,0,,,,,Y,,A,08,0,0,1,0,0,0,0,0,0,"- ","- ",,,STANISLAUS,MODESTO,-121.02268981933594,37.700462341308594
81376503,2020,2020-12-29,5002,2020-10-28,1355,11209,M026,3,5,6,5002,0,0,0,,0,MP83,"COLONIAL DR","CHARTER LN",6.00,S,N,A,-,N,,,,,,,,,,N,2,0,1,1,A,-,08,22107,,N,E,I,A,A,H,-,A,D,0,,,Y,,Y,,C,03,1,0,0,0,0,0,0,0,1,"- ","- ",,,STANISLAUS,MODESTO,-121.009033203125,37.690952301025391
81377528,2020,2020-12-30,5002,2020-12-23,1248,11248,M389,3,5,6,5002,0,0,0,,0,MP41,"I ST","15TH ST",0.00,,Y,A,-,N,,,,,,,,,,N,4,0,1,2,A,-,09,21802,A,N,D,C,A,A,H,-,A,A,0,,,,,Y,,A,01,0,0,1,0,0,0,0,0,0,"- ","- ",,,STANISLAUS,MODESTO,-120.99445343017578,37.643161773681641
81379086,2020,2021-01-01,5002,2020-12-17,1740,11697,,4,5,6,5002,0,0,0,,0,MP33,"H ST","2ND ST",0.00,,Y,A,-,N,,,,,,,,,,N,4,0,1,2,A,-,10,21950,A,N,G,B,B,A,H,-,C,D,0,Y,,,,Y,Y,A,01,0,0,1,0,1,0,0,0,0,"- ","- ",,,STANISLAUS,MODESTO,-121.00556945800781,37.632820129394531