CASE_ID,ACCIDENT_YEAR,PROC_DATE,JURIS,COLLISION_DATE,COLLISION_TIME,OFFICER_ID,REPORTING_DISTRICT,DAY_OF_WEEK,CHP_SHIFT,POPULATION,CNTY_CITY_LOC,SPECIAL_COND,BEAT_TYPE,CHP_BEAT_TYPE,CITY_DIVISION_LAPD,CHP_BEAT_CLASS,BEAT_NUMBER,PRIMARY_RD,SECONDARY_RD,DISTANCE,DIRECTION,INTERSECTION,WEATHER_1,WEATHER_2,STATE_HWY_IND,CALTRANS_COUNTY,CALTRANS_DISTRICT,STATE_ROUTE,ROUTE_SUFFIX,POSTMILE_PREFIX,POSTMILE,LOCATION_TYPE,RAMP_INTERSECTION,SIDE_OF_HWY,TOW_AWAY,COLLISION_SEVERITY,NUMBER_KILLED,NUMBER_INJURED,PARTY_COUNT,PRIMARY_COLL_FACTOR,PCF_CODE_OF_VIOL,PCF_VIOL_CATEGORY,PCF_VIOLATION,PCF_VIOL_SUBSECTION,HIT_AND_RUN,TYPE_OF_COLLISION,MVIW,PED_ACTION,ROAD_SURFACE,ROAD_COND_1,ROAD_COND_2,LIGHTING,CONTROL_DEVICE,CHP_ROAD_TYPE,PEDESTRIAN_ACCIDENT,BICYCLE_ACCIDENT,MOTORCYCLE_ACCIDENT,TRUCK_ACCIDENT,NOT_PRIVATE_PROPERTY,ALCOHOL_INVOLVED,STWD_VEHTYPE_AT_FAULT,CHP_VEHTYPE_AT_FAULT,COUNT_SEVERE_INJ,COUNT_VISIBLE_INJ,COUNT_COMPLAINT_PAIN,COUNT_PED_KILLED,COUNT_PED_INJURED,COUNT_BICYCLIST_KILLED,COUNT_BICYCLIST_INJURED,COUNT_MC_KILLED,COUNT_MC_INJURED,PRIMARY_RAMP,SECONDARY_RAMP,LATITUDE,LONGITUDE,COUNTY,CITY,POINT_X,POINT_Y
81380466,2020,2021-01-05,5002,2020-12-25,0300,13222,M537,5,5,6,5002,0,0,0,,0,MP63,"S/B 99 OFF RAMP TO SALIDA BLVD","SALIDA BLVD",0.00,,Y,A,-,Y,,,,,,,,,,Y,4,0,1,2,A,-,06,21755,A,F,C,C,A,A,H,-,C,A,0,,,,,Y,,-,99,0,0,1,0,0,0,0,0,0,"- ","- ",,,STANISLAUS,MODESTO,,
81380471,2021,2021-01-05,5002,2021-01-02,1104,13118,M176,6,5,6,5002,0,0,0,,0,MP61,"ORANGEBURG AVE","GRAPE AVE",0.00,,Y,A,-,N,,,,,,,,,,Y,4,0,1,2,A,-,09,21801,A,N,D,C,A,A,H,-,A,D,0,,,,,Y,,A,01,0,0,1,0,0,0,0,0,0,"- ","- ",,,STANISLAUS,MODESTO,-121.02322387695312,37.664173126220703
81381460,2020,2021-01-06,5002,2020-12-17,1814,11740,M390,4,5,6,5002,0,0,0,,0,MP41,"H ST","16TH ST",8.00,N,N,A,-,N,,,,,,,,,,N,4,0,3,2,A,-,12,22450,A,N,D,C,A,A,H,-,C,A,0,,,,,Y,,A,01,0,0,3,0,0,0,0,0,0,"- ","- ",,,STANISLAUS,MODESTO,-120.99224090576172,37.642906188964844
81387896,2021,2021-01-15,5002,2021-01-06,1614,11621,M320,3,5,6,5002,0,0,0,,0,MP43,"YOSEMITE BLVD","RIVERSIDE DR",60.00,E,N,A,-,Y,,,,,,,,,,N,4,0,1,2,A,-,07,21658,A,N,C,C,A,A,H,-,A,A,0,,,,,Y,,A,07,0,0,1,0,0,0,0,0,0,"- ","- ",,,STANISLAUS,MODESTO,-120.9478759765625,37.638137817382812
81391068,2020,2021-01-20,5002,2020-12-14,1413,11046,,1,5,6,5002,0,0,0,,0,MP41,"KANSAS AVE","MADISON ST",20.00,W,N,A,-,N,,,,,,,,,,Y,4,0,1,1,A,-,03,22350,,N,E,I,A,A,H,-,A,D,0,,,Y,,Y,,C,02,0,0,1,0,0,0,0,0,1,"- ","- ",,,STANISLAUS,MODESTO,,
81391074,2020,2021-01-20,5002,2020-12-31,1518,11712,"RD 28",4,5,6,5002,0,0,0,,0,MP71,"WYLIE DR","ORCHID AVE",0.00,,Y,A,-,N,,,,,,,,,,Y,3,0,3,2,A,-,09,21803,A,N,D,C,A,A,H,-,A,D,0,,,,,Y,,A,01,0,1,2,0,0,0,0,0,0,"- ","- ",,,STANISLAUS,MODESTO,-120.96743011474609,37.658119201660156
81391085,2021,2021-01-20,5002,2021-01-15,0604,13157,M013,5,5,6,5002,0,0,0,,0,MP63,"STANDIFORD AVE","PRESCOTT RD",0.00,,Y,E,-,N,,,,,,,,,,Y,3,0,1,2,A,-,12,21453,A,N,D,C,A,A,H,-,C,A,0,,,,,Y,,D,22,0,1,0,0,0,0,0,0,0,"- ","- ",,,STANISLAUS,MODESTO,-121.03156280517578,37.689685821533203
81392428,2021,2021-01-22,5002,2021-01-17,1557,13300,RD03,7,5,6,5002,0,0,0,,0,MP33,"MAZE BLVD","MARTIN LUTHER KING DR",0.00,,Y,A,-,Y,,,,,,,,,,Y,3,0,2,2,A,-,17,21451,A,N,D,C,A,A,H,-,A,A,0,,,,,Y,,A,07,0,1,1,0,0,0,0,0,0,"- ","- ",,,STANISLAUS,MODESTO,-121.0118408203125,37.638656616210938
81400271,2021,2021-02-02,5002,2021-01-26,1454,11262,,2,5,6,5002,0,0,0,,0,MP72,"BRIGGSMORE AVE","COFFEE RD",684.00,E,N,A,-,N,,,,,,,,,,N,3,0,1,2,A,-,07,21658,A,F,B,C,A,A,H,-,A,D,0,,,,,Y,,D,72,0,1,0,0,0,0,0,0,0,"- ","- ",,,STANISLAUS,MODESTO,-120.97336578369141,37.667011260986328
81400282,2021,2021-02-02,5002,2021-01-29,1456,13095,M151,5,5,6,5002,0,0,0,,0,MP73,"CLAUS RD","FLOYD AVE",0.00,,Y,A,-,N,,,,,,,,,,Y,2,0,2,2,A,-,09,21802,A,N,D,C,A,A,H,-,A,A,0,,,,,Y,,A,07,1,0,1,0,0,0,0,0,0,"- ","- ",,,STANISLAUS,MODESTO,-120.92144012451172,37.678138732910156
81401267,2021,2021-02-03,5002,2021-01-26,1545,11621,M179,2,5,6,5002,0,0,0,,0,MP62,"CARVER RD","GOLDENWOOD DR",0.00,,Y,B,-,N,,,,,,,,,,N,4,0,1,2,A,-,05,21460,A,N,B,C,A,A,H,-,A,D,0,,,,,Y,,A,07,0,0,1,0,0,0,0,0,0,"- ","- ",,,STANISLAUS,MODESTO,-121.02205657958984,37.667366027832031
81401275,2021,2021-02-03,5002,2021-01-30,1821,13096,,6,5,6,5002,0,0,0,,0,MP32,"TUOLUMNE BLVD","S HWY 99 (OFFRAMP)",0.00,,Y,A,-,Y,,,,,,,,,,N,3,0,1,2,A,-,12,22450,A,N,D,C,A,A,H,-,C,D,0,,,,,Y,,A,01,0,1,0,0,0,0,0,0,0,"- ","- ",,,STANISLAUS,MODESTO,-120.99704742431641,37.627468109130859
81401279,2021,2021-02-03,5002,2021-02-01,1428,11793,M151,1,5,6,5002,0,0,0,,0,MP73,"CLAUS RD","SANTA FE AVE",320.00,S,N,A,-,N,,,,,,,,,,Y,3,0,3,2,A,-,05,21651,A,N,A,C,A,A,H,-,A,D,0,,,,,Y,,A,01,0,1,2,0,0,0,0,0,0,"- ","- ",37.69232177734375,-120.92150115966797,STANISLAUS,MODESTO,-120.92156219482422,37.691360473632812
81402154,2021,2021-02-04,5002,2021-01-20,1630,13028,,3,5,6,5002,0,0,0,,0,MP63,"EICHER AVE","CONANT AVE",525.00,E,N,A,-,N,,,,,,,,,,Y,3,0,1,2,A,-,01,23152,A,N,C,E,A,A,H,-,B,D,0,,,,,Y,Y,A,01,0,1,0,0,0,0,0,0,0,"- ","- ",,,STANISLAUS,MODESTO,-121.03861999511719,37.675437927246094
81406469,2021,2021-02-11,5002,2021-02-05,1520,11531,,5,5,6,5002,0,0,0,,0,MP83,"STATE ROUTE 108 (MCHENRY AV)","WARREN WY",0.00,,Y,A,-,Y,,,,,,,,,,N,3,0,1,2,A,-,11,21950,B,N,G,B,B,A,H,-,A,A,0,Y,,,,Y,Y,N,60,0,1,0,0,1,0,0,0,0,"- ","- ",,,STANISLAUS,MODESTO,-120.99433898925781,37.691173553466797
81409585,2021,2021-02-17,5002,2021-02-13,1823,13039,M013,6,5,6,5002,0,0,0,,0,MP63,"STANDIFORD AVE","SHAWNEE DR",170.00,W,N,A,-,N,,,,,,,,,,Y,3,0,1,1,C,-,18,,,N,E,I,A,A,H,-,C,D,0,,,,,Y,,-,"- ",0,1,0,0,0,0,0,0,0,"- ","- ",37.689491271972656,-121.02658843994141,STANISLAUS,MODESTO,-121.02717590332031,37.689521789550781
81409588,2021,2021-02-17,5002,2021-02-14,2204,11697,,7,5,6,5002,0,0,0,,0,MP43,"COLFAX AVE","ADA ST",80.00,S,N,A,-,N,,,,,,,,,,N,2,0,1,1,A,-,08,22107,,N,E,J,A,A,H,-,C,D,0,,,Y,,Y,,C,03,1,0,0,0,0,0,0,0,1,"- ","- ",,,STANISLAUS,MODESTO,-120.95503997802734,37.64691162109375
81409589,2021,2021-02-17,5002,2021-02-15,1201,10152,,1,5,6,5002,0,0,0,,0,MP82,"ORANGEBURG AVE","COLLEGE AVE",0.00,,Y,B,-,N,,,,,,,,,,Y,3,0,3,5,A,-,12,21453,A,N,D,C,A,A,H,-,A,A,0,,,,,Y,,A,01,0,1,2,0,0,0,0,0,0,"- ","- ",37.663921356201172,-121.00753021240234,STANISLAUS,MODESTO,-121.00760650634766,37.663936614990234
81410514,2021,2021-02-18,5002,2021-02-01,2343,13116,M151,1,5,6,5002,0,0,0,,0,MP73,"SYLVAN AVE","MILLBROOK AVE",0.00,,Y,A,-,N,,,,,,,,,,Y,3,0,1,1,A,-,08,22107,,N,E,I,A,A,H,-,C,D,0,,,Y,,Y,,C,02,0,1,0,0,0,0,0,0,1,"- ","- ",,,STANISLAUS,MODESTO,-120.93533325195312,37.688911437988281
81410515,2021,2021-02-18,5002,2021-02-04,1722,11023,,4,5,6,5002,0,0,0,,0,MP41,"17TH ST","I ST",0.00,,Y,A,-,N,,,,,,,,,,N,3,0,1,2,A,-,10,21950,A,N,G,B,B,A,H,-,A,A,0,Y,,,,Y,,A,01,0,1,0,0,1,0,0,0,0,"- ","- ",,,STANISLAUS,MODESTO,-120.99252319335938,37.644596099853516
8141341,2016,2016-10-11,5007,2016-09-02,1253,5505,TURLO,5,5,5,5007,0,0,0,,0,002,"ALPHA RD",COTTONWOOD,181.00,N,N,A,-,N,,,,,,,,,,N,3,0,1,2,A,-,09,21801,A,N,B,C,A,A,H,-,A,D,0,,,Y,,Y,,A,01,0,1,0,0,0,0,0,0,1,"- ","- ",,,STANISLAUS,TURLOCK,-120.83455637,37.490030109999999
8141617,2016,2016-10-12,5007,2016-08-31,1151,5724,,3,5,5,5007,0,0,0,,0,005,"BEECH ST","WEST MAIN ST",0.00,,Y,A,-,N,,,,,,,,,,N,3,0,1,2,A,-,10,21950,A,N,G,B,B,A,H,-,A,D,0,Y,,,,Y,Y,A,07,0,1,0,0,1,0,0,0,0,"- ","- ",,,STANISLAUS,TURLOCK,-120.85396996999999,37.492739960000002
81416620,2021,2021-02-26,5002,2021-02-17,1746,11621,M271,3,5,6,5002,0,0,0,,0,MP81,"COFFEE RD","MORRIS AVE",0.00,,Y,A,-,N,,,,,,,,,,Y,4,0,1,2,A,-,09,21802,A,N,D,C,A,A,H,-,A,A,0,,,,,Y,,A,01,0,0,1,0,0,0,0,0,0,"- ","- ",37.650699615478516,-120.97599792480469,STANISLAUS,MODESTO,-120.97556304931641,37.650871276855469
81416621,2021,2021-02-26,5002,2021-02-23,0035,13300,RD01,2,5,6,5002,0,0,0,,0,MP63,"PELANDALE AVE","CARVER RD",552.00,W,N,A,-,N,,,,,,,,,,Y,4,0,1,1,A,-,08,22107,,N,E,I,A,A,H,-,D,D,0,,,,,Y,,A,01,0,0,1,0,0,0,0,0,0,"- ","- ",37.700408935546875,-121.02256011962891,STANISLAUS,MODESTO,-121.02452850341797,37.700355529785156
81416627,2021,2021-02-26,5002,2021-02-21,0923,13006,M537,7,5,6,5002,0,0,0,,0,MP63,"SISK RD","TARGET CENTER",0.00,,Y,A,-,N,,,,,,,,,,Y,4,0,2,2,A,-,09,21801,A,N,D,C,A,A,H,-,A,A,0,,,,,Y,,D,23,0,0,2,0,0,0,0,0,0,"- ","- ",37.694091796875,-121.06566619873047,STANISLAUS,MODESTO,-121.06542205810547,37.693889617919922
81420323,2021,2021-03-04,5002,2021-02-14,0611,13157,,7,5,6,5002,0,0,0,,0,,"PELANDALE AVE","PRESCOTT RD",0.00,,Y,A,-,N,,,,,,,,,,Y,4,0,1,2,A,-,12,21453,A,N,D,C,A,A,H,-,B,A,0,,,,,Y,,-,"- ",0,0,1,0,0,0,0,0,0,"- ","- ",37.700641632080078,-121.03167724609375,STANISLAUS,MODESTO,-121.03176879882812,37.700458526611328
81422998,2021,2021-03-09,5002,2021-02-26,0742,13196,M237,5,5,6,5002,0,0,0,,0,MP81,"MC HENRY AVE","MORRIS AVE",80.00,N,N,A,-,Y,,,,,,,,,,N,3,0,1,2,A,-,00,21952,C,F,G,B,F,A,H,-,A,D,0,Y,,,,Y,Y,A,01,0,1,0,0,1,0,0,0,0,"- ","- ",37.651008605957031,-120.99379730224609,STANISLAUS,MODESTO,-120.99378204345703,37.651199340820312
81423862,2021,2021-03-10,5002,2021-02-28,1212,13232,M276,7,5,6,5002,0,0,0,,0,MP83,"BRIGHTON AVE","KRUGER DR",276.00,W,N,A,-,N,,,,,,,,,,N,4,0,2,5,A,-,08,22107,,N,C,E,F,A,H,-,A,D,0,Y,,,,Y,,A,01,0,0,2,0,2,0,0,0,0,"- ","- ",37.660308837890625,-120.97306060791016,STANISLAUS,MODESTO,-120.97403717041016,37.660552978515625
81428786,2021,2021-03-17,5002,2021-03-10,1604,13039,M387,3,5,6,5002,0,0,0,,0,MP41,"I ST","12TH ST",0.00,,Y,A,B,N,,,,,,,,,,Y,4,0,2,2,A,-,12,21453,A,N,D,C,A,B,H,-,A,A,0,,,,,Y,,A,01,0,0,2,0,0,0,0,0,0,"- ","- ",37.640968322753906,-120.99723052978516,STANISLAUS,MODESTO,-120.99730682373047,37.640979766845703
81430604,2021,2021-03-19,5002,2021-03-15,2230,13068,,1,5,6,5002,0,0,0,,0,MP41,"H ST","7TH ST",10.00,,N,A,-,N,,,,,,,,,,Y,4,0,1,2,A,-,01,23152,A,N,C,C,A,A,H,-,C,D,0,,,,,Y,Y,A,01,0,0,1,0,0,0,0,0,0,"- ","- ",37.636341094970703,-121.00138092041016,STANISLAUS,MODESTO,-121.00083160400391,37.636432647705078
8143454,2016,2016-11-01,5002,2016-10-19,1954,10507,377,3,5,6,5002,0,0,0,,0,033,"SPRUCE ST","JEFFERSON ST",0.00,,Y,A,-,N,,,,,,,,,,Y,4,0,1,2,A,-,12,22450,A,N,D,D,A,A,H,-,C,D,0,,,,,Y,,A,,0,0,1,0,0,0,0,0,0,"- ","- ",,,STANISLAUS,MODESTO,-121.00891,37.634469940000002
81438948,2021,2021-03-30,5002,2021-02-26,1410,13315,RD01,5,5,6,5002,0,0,0,,0,MP72,"BRIGGSMORE AVE","ROSE AVE",0.00,,Y,A,-,N,,,,,,,,,,Y,4,0,1,2,A,-,09,21800,A,N,D,C,A,A,H,-,A,A,0,,,,,Y,,D,22,0,0,1,0,0,0,0,0,0,"- ","- ",37.666698455810547,-120.96697998046875,STANISLAUS,MODESTO,-120.96665954589844,37.666915893554688
81439897,2021,2021-03-31,5002,2021-03-03,2126,13286,M158,3,5,6,5002,0,0,0,,0,MP72,"MERLE AVE","WALNUT TREE DR",0.00,,Y,A,-,N,,,,,,,,,,N,3,0,1,2,A,-,11,21950,B,N,G,B,B,A,H,-,C,D,0,Y,,,,Y,Y,N,60,0,1,0,0,1,0,0,0,0,"- ","- ",37.670871734619141,-120.95240020751953,STANISLAUS,MODESTO,-120.95246124267578,37.670795440673828
81439911,2021,2021-03-31,5002,2021-03-07,2330,11529,M088,7,5,6,5002,0,0,0,,0,MP62,"MOUNT VERNON DR","HEMMINGER WAY",10.00,W,N,A,-,N,,,,,,,,,,Y,3,0,1,3,A,-,05,21752,D,N,D,C,A,A,H,-,C,D,0,,,Y,,Y,,C,02,0,1,0,0,0,0,0,0,1,"- ","- ",37.677101135253906,-121.01641082763672,STANISLAUS,MODESTO,-121.01644134521484,37.677070617675781
81439934,2021,2021-03-31,5002,2021-03-19,1439,11606,M005,5,5,6,5002,0,0,0,,0,MP81,"HAHN DR","STANDIFORD AVE",0.00,,Y,B,-,N,,,,,,,,,,N,3,0,1,2,A,-,10,21950,A,N,G,B,B,A,H,-,A,A,0,Y,,,,Y,,A,01,0,1,0,0,1,0,0,0,0,"- ","- ",37.685691833496094,-121.04543304443359,STANISLAUS,MODESTO,-121.04522705078125,37.685447692871094
81450817,2021,2021-04-15,5002,2021-03-26,2245,13232,M499,5,5,6,5002,0,0,0,,0,MP32,"ROSELAWN AVE","SOUTH AVE",0.00,,Y,A,-,N,,,,,,,,,,N,4,0,1,2,A,-,09,21802,A,N,D,C,A,A,H,-,C,A,0,,,,,Y,,A,01,0,0,1,0,0,0,0,0,0,"- ","- ",37.624210357666016,-121.00492858886719,STANISLAUS,MODESTO,-121.00491333007812,37.624294281005859
81450831,2021,2021-04-15,5002,2021-04-01,2055,11813,386,4,5,6,5002,0,0,0,,0,MP41,"9TH ST","L ST",0.00,,Y,A,-,Y,,,132,,,,,,,Y,3,0,2,2,A,-,09,21801,A,N,D,C,A,A,H,-,C,A,0,,,,,Y,,A,07,0,1,1,0,0,0,0,0,0,"- ","- ",37.641628265380859,-121.00408172607422,STANISLAUS,MODESTO,-121.00392913818359,37.641426086425781
81450845,2021,2021-04-15,5002,2021-04-04,0844,13126,,7,5,6,5002,0,0,0,,0,MP41,"G ST","11TH ST",0.00,,Y,A,-,N,,,,,,,,,,N,4,0,1,2,A,-,08,22107,,N,B,C,A,A,H,-,A,A,0,,,,,Y,,A,01,0,0,1,0,0,0,0,0,0,"- ","- ",37.638309478759766,-120.99590301513672,STANISLAUS,MODESTO,-120.99591827392578,37.638324737548828
81451620,2021,2021-04-16,5002,2021-04-12,1022,13343,M260,1,5,6,5002,0,0,0,,0,MP81,"DOWNEY AVE","JOHNSON ST",166.00,E,N,A,-,N,,,,,,,,,,Y,4,0,1,2,A,-,09,21801,A,N,B,C,A,A,H,-,A,D,0,,,Y,,Y,,A,01,0,0,1,0,0,0,0,0,1,"- ","- ",37.645500183105469,-120.99136352539062,STANISLAUS,MODESTO,-120.99080657958984,37.645500183105469
81462841,2021,2021-04-30,5002,2021-03-26,1845,13303,M065,5,5,6,5002,0,0,0,,0,MP82,"MC HENRY AVE","BRIGGSMORE AVE",0.00,,Y,A,-,N,,,,,,,,,,Y,4,0,4,4,A,-,12,21453,A,N,D,C,A,A,H,-,A,A,0,,,,,Y,,A,01,0,0,4,0,0,0,0,0,0,"- ","- ",37.670448303222656,-120.99411010742188,STANISLAUS,MODESTO,-120.9940185546875,37.670570373535156
81462868,2021,2021-04-30,5002,2021-04-13,1940,13303,M215,2,5,6,5002,0,0,0,,0,MP82,"MC HENRY AVE","ORANGEBURG AVE",0.00,,Y,A,-,N,,,,,,,,,,N,4,0,1,2,A,-,07,21658,A,N,B,C,A,A,H,-,B,A,0,,,,,Y,,A,01,0,0,1,0,0,0,0,0,0,"- ","- ",,,STANISLAUS,MODESTO,-120.99392700195312,37.663684844970703
81462877,2021,2021-04-30,5002,2021-04-15,0850,11531,,4,5,6,5002,0,0,0,,0,,"PELANDALE AVE","CARVER RD",0.00,,Y,A,-,N,,,,,,,,,,Y,4,0,2,2,A,-,09,21453,C,N,D,C,A,A,H,-,A,A,0,,,,,Y,,A,01,0,0,2,0,0,0,0,0,0,"- ","- ",37.700408935546875,-121.02256011962891,STANISLAUS,MODESTO,-121.02262115478516,37.700332641601562
81462893,2021,2021-04-30,5002,2021-04-26,1634,11765,,1,5,6,5002,0,0,0,,0,MP81,"HELEN AVE","MC HENRY AVE",0.00,,Y,A,-,Y,,,,,,,,,,N,4,0,1,2,A,-,05,21202,A,N,D,G,A,A,H,-,A,D,0,,Y,,,Y,,L,04,0,0,1,0,0,0,1,0,0,"- ","- ",37.65447998046875,-120.99423980712891,STANISLAUS,MODESTO,-120.99378967285156,37.654594421386719
81462897,2021,2021-04-30,5002,2021-04-27,1735,11754,M510,2,5,6,5002,0,0,0,,0,MP41,"7TH ST","RIVER RD",150.00,N,N,A,-,N,,,,,,,,,,N,4,0,2,3,A,-,03,22350,,N,C,C,A,A,A,-,A,A,0,,,,,Y,,A,01,0,0,2,0,0,0,0,0,0,"- ","- ",37.626029968261719,-120.99352264404297,STANISLAUS,MODESTO,-120.99313354492188,37.626014709472656
81463673,2021,2021-05-03,5002,2021-04-16,0858,11621,,5,5,6,5002,0,0,0,,0,MP61,"GLENWOOD DR","GLENWOOD CT",57.00,E,N,A,-,N,,,,,,,,,,Y,3,0,2,2,C,-,18,,,N,C,E,A,A,H,-,A,D,0,,,,,Y,,-,"- ",0,2,0,0,0,0,0,0,0,"- ","- ",37.666629791259766,-121.01545715332031,STANISLAUS,MODESTO,-121.01496124267578,37.666652679443359
81472116,2021,2021-05-13,5002,2021-05-05,2100,13244,254,3,5,6,5002,0,0,0,,0,MP82,"BRIGGSMORE AVE","SUNRISE AVE",0.00,,Y,A,-,N,,,,,,,,,,Y,4,0,1,2,A,-,08,22107,,N,B,C,A,A,H,-,C,A,0,,,,,Y,,A,01,0,0,1,0,0,0,0,0,0,"- ","- ",37.668190002441406,-120.96672821044922,STANISLAUS,MODESTO,-120.98487854003906,37.668617248535156
81474074,2021,2021-05-17,5002,2021-04-22,1537,11606,,4,5,6,5002,0,0,0,,0,MP83,"STANDIFORD AVE","TULLY RD",0.00,,Y,A,-,N,,,,,,,,,,Y,4,0,2,3,A,-,08,22107,,F,A,C,A,A,H,-,A,A,0,,,,,Y,,A,01,0,0,2,0,0,0,0,0,0,"- ","- ",37.689319610595703,-121.01268005371094,STANISLAUS,MODESTO,-121.01251220703125,37.689327239990234
81476155,2021,2021-05-19,5002,2021-03-23,2200,13068,,2,5,6,5002,0,0,0,,0,MP41,"8TH ST","I ST",0.00,W,Y,A,-,N,,,,,,,,,,N,4,0,1,2,D,-,00,,,N,A,G,A,A,H,-,C,D,0,,Y,,,Y,,-,"- ",0,0,1,0,0,0,1,0,0,"- ","- ",37.638130187988281,-121.00103759765625,STANISLAUS,MODESTO,-121.00104522705078,37.638107299804688
81477436,2021,2021-05-20,5002,2021-04-29,1149,11789,M024,4,5,6,5002,0,0,0,,0,MP62,"PRESCOTT RD","JANNA AVE",0.00,,Y,A,-,N,,,,,,,,,,N,3,0,1,2,A,-,12,22450,A,N,D,G,A,A,H,-,A,A,0,,Y,,,Y,,A,01,0,1,0,0,0,0,1,0,0,"- ","- ",37.680198669433594,-121.03147888183594,STANISLAUS,MODESTO,-121.03140258789062,37.680202484130859
81477481,2021,2021-05-20,5002,2021-05-04,1922,13075,M426,2,5,6,5002,0,0,0,,0,MP32,"SIERRA DR","SUNSET BLVD",39.00,E,N,A,-,N,,,,,,,,,,N,4,0,1,2,A,-,12,22450,A,N,D,G,A,A,H,-,A,A,0,,Y,,,Y,,L,04,0,0,1,0,0,0,1,0,0,"- ","- ",37.631111145019531,-121.00266265869141,STANISLAUS,MODESTO,-121.00251007080078,37.631126403808594
81477494,2021,2021-05-20,5002,2021-05-07,1029,13252,M269,5,5,6,5002,0,0,0,,0,MP71,"ORANGEBURG AVE","COFFEE RD",87.00,E,N,A,-,N,,,,,,,,,,N,4,0,1,3,A,-,04,21703,,F,C,C,A,A,H,-,A,A,0,,,,,Y,,A,07,0,0,1,0,0,0,0,0,0,"- ","- ",37.663520812988281,-120.95757293701172,STANISLAUS,MODESTO,-120.97537994384766,37.663547515869141
81477503,2021,2021-05-20,5002,2021-05-08,1205,13252,M110,6,5,6,5002,0,0,0,,0,MP82,"MC HENRY AVE","SHEILA CT",245.00,S,N,A,-,Y,,,,,,,,,,N,3,0,1,2,A,-,05,21202,A,N,D,G,A,A,H,-,A,D,0,,Y,,,Y,,L,04,0,1,0,0,0,0,1,0,0,"- ","- ",37.676860809326172,-120.99414825439453,STANISLAUS,MODESTO,-120.99411010742188,37.676177978515625
81487146,2021,2021-06-02,5002,2021-05-07,0821,11808,M516,5,5,6,5002,0,0,0,,0,MP31,"CROWS LANDING RD","SCHOOL AVE",0.00,,Y,A,-,N,,,,,,,,,,Y,4,0,1,2,A,-,12,21453,A,N,D,C,A,A,H,-,A,A,0,,,,,Y,,-,"- ",0,0,1,0,0,0,0,0,0,"- ","- ",37.612140655517578,-120.99379730224609,STANISLAUS,MODESTO,-120.99367523193359,37.612171173095703
81495613,2021,2021-06-14,5002,2021-06-07,1253,13138,M013,1,5,6,5002,0,0,0,,0,MP63,"CHEYENNE WAY","ROTTERDAM AVE",10.00,W,N,A,-,N,,,,,,,,,,Y,3,0,4,2,A,-,12,22450,A,F,D,C,A,A,H,-,A,A,0,,,,,Y,,A,01,0,1,3,0,0,0,0,0,0,"- ","- ",37.693450927734375,-121.03102111816406,STANISLAUS,MODESTO,-121.03110504150391,37.693450927734375
81500877,2021,2021-06-21,5002,2021-05-17,1411,13341,,1,5,6,5002,0,0,0,,0,MP41,"F ST","9TH ST",0.00,,Y,A,-,N,,,,,,,,,,N,3,0,1,2,A,-,05,21650,1,N,H,G,A,A,H,-,A,A,0,,Y,,,Y,,L,04,0,1,0,0,0,0,1,0,0,"- ","- ",37.635898590087891,-120.99664306640625,STANISLAUS,MODESTO,-120.99671173095703,37.635913848876953
81500885,2021,2021-06-21,5002,2021-05-25,1744,13323,RD01,2,5,6,5002,0,0,0,,0,MP73,"FLOYD AVE","MILLBROOK AVE",0.00,,Y,A,-,N,,,,,,,,,,Y,3,0,2,2,A,-,12,21453,A,N,D,C,A,A,H,-,A,A,0,,,,,Y,,A,01,0,1,1,0,0,0,0,0,0,"- ","- ",37.678089141845703,-120.93189239501953,STANISLAUS,MODESTO,-120.93190765380859,37.678085327148438
81500908,2021,2021-06-21,5002,2021-06-01,1221,13110,M430,2,5,6,5002,0,0,0,,0,MP32,"TUOLUMNE BLVD","MADERA AVE",0.00,,Y,-,-,N,,,,,,,,,,Y,4,0,1,2,A,-,07,21658,A,N,B,C,A,A,H,-,A,D,0,,,,,Y,,A,01,0,0,1,0,0,0,0,0,0,"- ","- ",37.627780914306641,-121.00013732910156,STANISLAUS,MODESTO,-121.00006866455078,37.627792358398438
81500923,2021,2021-06-21,5002,2021-06-04,1334,13096,,5,5,6,5002,0,0,0,,0,MP42,"ROBLE AVE","OAKSHIRE AVE",0.00,,Y,A,-,N,,,,,,,,,,Y,4,0,2,2,A,-,09,21802,A,N,D,C,A,A,H,-,A,A,0,,,,,Y,,A,01,0,0,2,0,0,0,0,0,0,"- ","- ",37.643569946289062,-120.95851135253906,STANISLAUS,MODESTO,-120.95845031738281,37.643581390380859
81500926,2021,2021-06-21,5002,2021-06-04,1845,13053,M009,5,5,6,5002,0,0,0,,0,MP63,"PRESCOTT RD","SNYDER AVE",5.00,N,N,A,-,N,,,,,,,,,,N,3,0,1,2,A,-,09,21803,A,N,D,G,A,A,H,-,A,A,0,,Y,,,Y,,A,08,0,1,0,0,0,0,1,0,0,"- ","- ",37.696910858154297,-121.03163146972656,STANISLAUS,MODESTO,-121.03169250488281,37.696922302246094
81504826,2021,2021-06-24,5002,2021-05-31,1657,13110,M567,1,5,6,5002,0,0,0,,0,MP31,"WHITMORE AVE","GUTHERIE ST",10.00,E,N,A,-,N,,,,,,,,,,N,4,0,2,2,A,-,03,22350,,N,C,D,A,A,H,-,A,D,0,,,,,Y,,D,22,0,0,2,0,0,0,0,0,0,"- ","- ",37.59490966796875,-121.00595855712891,STANISLAUS,MODESTO,-121.00509643554688,37.594970703125