CASE_ID,ACCIDENT_YEAR,PROC_DATE,JURIS,COLLISION_DATE,COLLISION_TIME,OFFICER_ID,REPORTING_DISTRICT,DAY_OF_WEEK,CHP_SHIFT,POPULATION,CNTY_CITY_LOC,SPECIAL_COND,BEAT_TYPE,CHP_BEAT_TYPE,CITY_DIVISION_LAPD,CHP_BEAT_CLASS,BEAT_NUMBER,PRIMARY_RD,SECONDARY_RD,DISTANCE,DIRECTION,INTERSECTION,WEATHER_1,WEATHER_2,STATE_HWY_IND,CALTRANS_COUNTY,CALTRANS_DISTRICT,STATE_ROUTE,ROUTE_SUFFIX,POSTMILE_PREFIX,POSTMILE,LOCATION_TYPE,RAMP_INTERSECTION,SIDE_OF_HWY,TOW_AWAY,COLLISION_SEVERITY,NUMBER_KILLED,NUMBER_INJURED,PARTY_COUNT,PRIMARY_COLL_FACTOR,PCF_CODE_OF_VIOL,PCF_VIOL_CATEGORY,PCF_VIOLATION,PCF_VIOL_SUBSECTION,HIT_AND_RUN,TYPE_OF_COLLISION,MVIW,PED_ACTION,ROAD_SURFACE,ROAD_COND_1,ROAD_COND_2,LIGHTING,CONTROL_DEVICE,CHP_ROAD_TYPE,PEDESTRIAN_ACCIDENT,BICYCLE_ACCIDENT,MOTORCYCLE_ACCIDENT,TRUCK_ACCIDENT,NOT_PRIVATE_PROPERTY,ALCOHOL_INVOLVED,STWD_VEHTYPE_AT_FAULT,CHP_VEHTYPE_AT_FAULT,COUNT_SEVERE_INJ,COUNT_VISIBLE_INJ,COUNT_COMPLAINT_PAIN,COUNT_PED_KILLED,COUNT_PED_INJURED,COUNT_BICYCLIST_KILLED,COUNT_BICYCLIST_INJURED,COUNT_MC_KILLED,COUNT_MC_INJURED,PRIMARY_RAMP,SECONDARY_RAMP,LATITUDE,LONGITUDE,COUNTY,CITY,POINT_X,POINT_Y
84859407,2025,2025-09-25,5002,2025-09-18,"834 ",13225,,4,5,6,5002,0,0,0,,0,081,"ORANGEBURG AVE","BRONSON AVE",48.00,W,N,A,-,N,,,,,,,,,,N,4,0,1,2,A,-,08,22107,,N,B,C,A,A,H,-,A,D,0,,,,,Y,,A,07,0,0,1,0,0,0,0,0,0,"- ","- ",37.663829803466797,-121.0057373046875,STANISLAUS,MODESTO,-121.00553894042969,37.663913726806641
84860732,2025,2025-09-26,5001,2025-09-23,1308,755,,2,5,4,5001,0,0,0,,0,004,"ROCKEFELLER DR","SANDPOINT DR",102.00,N,N,A,-,N,,,,,,,,,,Y,4,0,1,3,A,-,03,22350,,N,D,C,A,A,H,-,A,D,0,,,,,Y,,D,22,0,0,1,0,0,0,0,0,0,"- ","- ",,,STANISLAUS,CERES,-120.97032928466797,37.596000671386719
8486243,2017,2018-07-09,5002,2017-09-30,1705,13025,215,6,5,6,5002,0,0,0,,0,082,"MCHENRY AV",BRIGGSMORE,0.00,,Y,A,-,Y,STA,10,108,-,-,24.800,H,-,W,N,3,0,1,2,A,-,03,22350,,N,C,C,A,A,H,-,A,A,0,,,,,Y,,A,01,0,1,0,0,0,0,0,0,0,"- ","- ",,,STANISLAUS,MODESTO,-120.99402325,37.670366530000003
84869371,2025,2025-10-06,5002,2025-09-02,"823 ",11053,,2,5,6,5002,0,0,0,,0,073,"SYLVAN AVE","HASHEM DR",14.00,E,N,B,-,N,,,,,,,,,,N,2,0,1,1,A,-,03,22350,,N,E,I,A,B,H,-,A,D,0,,,Y,,Y,,C,03,1,0,0,0,0,0,0,0,1,"- ","- ",37.688961029052734,-120.96028900146484,STANISLAUS,MODESTO,-120.96022033691406,37.688968658447266
84869378,2025,2025-10-02,5002,2025-09-11,"723 ",13506,,4,5,6,5002,0,0,0,,0,063,"PELANDALE AVE","DALE RD",629.00,W,N,A,-,N,,,,,,,,,,Y,4,0,1,1,A,-,08,22107,,N,E,I,A,A,H,-,A,D,0,,,,,Y,,A,01,0,0,1,0,0,0,0,0,0,"- ","- ",37.700408935546875,-121.05010986328125,STANISLAUS,MODESTO,-121.05223083496094,37.70025634765625
84877436,2025,2025-10-08,5002,2025-09-08,1347,11331,,1,5,6,5002,0,0,0,,0,083,"TULLY RD","MORADA DR",0.00,,Y,A,-,N,,,,,,,,,,Y,4,0,2,2,A,-,04,21703,,N,C,C,A,A,H,-,A,D,0,,,,,Y,,A,07,0,0,2,0,0,0,0,0,0,"- ","- ",37.684051513671875,-121.01264190673828,STANISLAUS,MODESTO,-121.01242828369141,37.684089660644531
84877483,2025,2025-10-08,5002,2025-09-30,1228,11331,,2,5,6,5002,0,0,0,,0,082,"MC HENRY AVE","GRANGER AVE",101.00,N,N,B,-,Y,,,,,,,,,,N,4,0,1,2,A,-,08,22107,,N,B,G,A,A,H,-,A,D,0,,Y,,,Y,,A,08,0,0,1,0,0,0,1,0,0,"- ","- ",,,STANISLAUS,MODESTO,-120.99398803710938,37.667587280273438
84877492,2025,2025-10-08,5002,2025-10-02,1145,13380,,4,5,6,5002,0,0,0,,0,083,"STANDIFORD AVE","COLONIAL DR",8.00,E,N,C,-,N,,,,,,,,,,N,3,0,1,2,A,-,10,21950,A,N,G,B,B,B,H,-,A,A,0,Y,,,,Y,,A,01,0,1,0,0,1,0,0,0,0,"- ","- ",37.689250946044922,-121.00907897949219,STANISLAUS,MODESTO,-121.00888061523438,37.689308166503906
84882359,2025,2025-10-13,5002,2025-09-10,1442,13624,,3,5,6,5002,0,0,0,,0,071,"COFFEE RD","CELESTE DR",0.00,,Y,A,-,N,,,,,,,,,,N,3,0,2,3,A,-,09,21801,A,N,D,C,A,A,H,-,A,D,0,,,,,Y,,A,01,0,1,1,0,0,0,0,0,0,"- ","- ",37.671810150146484,-120.95757293701172,STANISLAUS,MODESTO,-120.97573089599609,37.671848297119141
84882361,2025,2025-10-20,5002,2025-09-26,1710,13423,,5,5,6,5002,0,0,0,,0,031,"CARPENTER RD","HATCH RD",212.00,N,N,A,-,Y,,,,,,,,,,N,4,0,2,2,A,-,03,22350,,F,C,C,A,A,H,-,A,D,0,,,,,Y,,D,22,0,0,2,0,0,0,0,0,0,"- ","- ",37.607341766357422,-121.03060913085938,STANISLAUS,MODESTO,-121.03045654296875,37.607921600341797
84892898,2025,2025-10-20,5002,2025-09-18,1651,13253,,4,5,6,5002,0,0,0,,0,041,"SR 132 (YOSEMITE BLVD)","GROVELAND ST",135.00,W,N,A,-,N,,,,,,,,,,Y,4,0,1,2,A,-,08,22107,,N,D,C,A,A,H,-,A,A,0,,,,,Y,,A,07,0,0,1,0,0,0,0,0,0,"- ","- ",37.637279510498047,-120.98709106445312,STANISLAUS,MODESTO,-120.98759460449219,37.6373291015625
84892919,2025,2025-10-20,5002,2025-09-30,1355,13343,,2,5,6,5002,0,0,0,,0,073,"MC GERRY ST","COLIN LN",8.00,S,N,B,-,N,,,,,,,,,,Y,4,0,1,1,A,-,08,22107,,N,E,J,A,A,H,-,A,A,0,,,,,Y,,A,01,0,0,1,0,0,0,0,0,0,"- ","- ",37.684299468994141,-120.96743774414062,STANISLAUS,MODESTO,-120.96717071533203,37.6842041015625
84892945,2025,2025-10-20,5002,2025-10-13,1137,13506,,1,5,6,5002,0,0,0,,0,041,"5TH ST","H ST",0.00,,Y,A,-,N,,,,,,,,,,N,4,0,1,2,A,-,08,22107,,N,D,C,A,A,H,-,A,A,0,,,,,Y,,A,01,0,0,1,0,0,0,0,0,0,"- ","- ",37.634910583496094,-121.00328826904297,STANISLAUS,MODESTO,-121.00273132324219,37.634975433349609
84895095,2025,2025-10-21,5001,2025-10-05,1950,960,,7,5,4,5001,0,0,0,,0,003,"HATCH RD","MITCHELL RD",580.00,W,N,A,-,N,,,,,,,,,,N,4,0,1,2,A,-,09,21804,A,N,D,C,A,A,H,-,C,D,0,,,,,Y,,A,01,0,0,1,0,0,0,0,0,0,"- ","- ",,,STANISLAUS,CERES,-120.94075012207031,37.60931396484375
8489570,2017,2018-07-05,5002,2017-10-21,1117,13102,M106,6,5,6,5002,0,0,0,,0,082,"RT 108","RUMBLE RD",90.00,S,N,A,-,Y,STA,10,108,-,-,25.540,H,-,E,N,4,0,1,2,A,-,03,22350,,N,C,C,A,A,H,-,A,A,0,,,,,Y,,A,,0,0,1,0,0,0,0,0,0,"- ","- ",,,STANISLAUS,MODESTO,-120.99428272,37.681258409999998
84906942,2025,2025-10-29,5002,2025-09-06,1954,13292,,6,5,6,5002,0,0,0,,0,041,"I ST","16TH ST",38.00,W,N,A,-,N,,,,,,,,,,Y,4,0,1,2,A,-,12,21453,A,N,D,C,A,A,H,-,C,A,0,,,,,Y,,A,07,0,0,1,0,0,0,0,0,0,"- ","- ",37.643848419189453,-120.99342346191406,STANISLAUS,MODESTO,-120.99358367919922,37.643772125244141
84906958,2025,2025-11-20,5002,2025-10-07,"856 ",13572,,2,5,6,5002,0,0,0,,0,031,"HATCH RD","USTICK RD",100.00,N,N,A,-,N,,,,,,,,,,N,4,0,1,2,A,-,04,21703,,N,C,C,A,A,H,-,A,A,0,,,,,Y,,A,01,0,0,1,0,0,0,0,0,0,"- ","- ",37.606449127197266,-121.01190948486328,STANISLAUS,MODESTO,-121.01145172119141,37.606529235839844
8490992,2017,2017-11-21,5004,2017-09-27,1135,104,RD50,3,5,3,5004,0,0,0,,0,00E,"SOUTH YOSEMITE AV","S YOSEMITE AV 500",0.00,,N,A,-,N,,,,,,,,,,N,4,0,1,2,A,-,03,22350,,N,C,C,A,A,H,-,A,D,0,,,,,Y,,A,01,0,0,1,0,0,0,0,0,0,"- ","- ",37.761890000000001,-120.84292000000001,STANISLAUS,OAKDALE,,
84912594,2025,2025-11-05,5006,2025-10-17,2017,S04631,,5,5,3,5006,0,0,0,,0,RPD,"PATTERSON RD","HOWARD AVE",250.00,W,N,A,-,Y,STA,,108," "," ",31.657,H,,R,N,3,0,7,2,A,-,08,22107,,N,A,C,A,A,H,-,C,D,0,,,,,Y,,A,01,0,7,0,0,0,0,0,0,0,"- ","- ",37.732879638671875,-120.94724273681641,STANISLAUS,RIVERBANK,-120.94723510742188,37.732673645019531
84914339,2025,2025-11-06,5006,2025-10-23,1710,S04631,,4,5,3,5006,0,0,0,,0,RPD,"1ST ST (RIVERBANK)","RIVERSIDE DR",570.00,N,N,A,-,N,,,,,,,,,,N,4,0,2,2,A,-,03,22350,,N,C,C,A,A,H,-,A,D,0,,,,,Y,Y,A,01,0,0,2,0,0,0,0,0,0,"- ","- ",37.740020751953125,-120.93881988525391,STANISLAUS,RIVERBANK,-120.93902587890625,37.741443634033203
8491699,2017,2018-01-09,5002,2017-11-07,1905,13137,M214,2,5,6,5002,0,0,0,,0,082,"WEST ORANGEBURG AV","SHERWOOD AV",289.00,E,N,A,-,N,,,,,,,,,,Y,4,0,1,2,A,-,06,21750,,N,B,C,A,A,H,-,C,D,0,,,,,Y,,A,,0,0,1,0,0,0,0,0,0,"- ","- ",,,STANISLAUS,MODESTO,-120.99758183,37.663753849999999
8491735,2017,2017-12-06,5002,2017-11-06,0908,11110,179,1,5,6,5002,0,0,0,,0,061,"CARVER RD","WEST ORANGEBURG AV",0.00,,Y,A,-,N,,,,,,,,,,Y,4,0,2,2,A,-,12,21453,A,N,D,C,A,A,H,-,A,A,0,,,,,Y,,A,,0,0,2,0,0,0,0,0,0,"- ","- ",,,STANISLAUS,MODESTO,-121.02201991,37.664179920000002
84924136,2025,2025-11-12,5001,2025-11-05,1720,755,,3,5,4,5001,0,0,0,,0,003,"HATCH RD","EASTGATE BLVD",295.00,W,N,A,-,N,,,,,,,,,,Y,3,0,3,2,A,-,05,21651,A,N,A,C,A,A,H,-,D,D,0,,,,,Y,,A,01,0,2,1,0,0,0,0,0,0,"- ","- ",,,STANISLAUS,CERES,,
84930372,2025,2025-11-14,5002,2025-10-19,1856,13444,,7,5,6,5002,0,0,0,,0,081,"ROSEBURG AVE","AMHERST AVE",126.00,E,N,A,-,N,,,,,,,,,,N,3,0,1,1,A,-,03,22350,,N,F,A,A,A,H,-,C,D,0,,Y,,,Y,,L,04,0,1,0,0,0,0,1,0,0,"- ","- ",37.660331726074219,-121.00865173339844,STANISLAUS,MODESTO,-121.00830841064453,37.660373687744141
84930389,2025,2025-11-14,5002,2025-10-28,1726,13409,,2,5,6,5002,0,0,0,,0,063,"PELANDALE AVE","DALE RD",0.00,,Y,A,-,N,,,,,,,,,,N,4,0,1,3,A,-,03,22350,,N,C,C,A,A,H,-,A,A,0,,,,,Y,,A,01,0,0,1,0,0,0,0,0,0,"- ","- ",37.700408935546875,-121.05010986328125,STANISLAUS,MODESTO,-121.05005645751953,37.700290679931641
8493270,2017,2018-07-09,5002,2017-09-08,2219,11861,334,5,5,6,5002,0,0,0,,0,043,"YOSEMITE BL","RIVERSIDE DR",140.00,W,N,A,-,Y,STA,10,132,-,-,17.610,H,-,E,Y,2,0,1,2,A,-,03,22350,,N,C,C,A,A,H,-,C,A,0,,,,,Y,,A,01,1,0,0,0,0,0,0,0,0,"- ","- ",,,STANISLAUS,MODESTO,-120.94879297999999,37.638169920000003
8493283,2017,2018-07-05,5006,2017-10-25,0831,S987,MODES,3,5,3,5006,0,0,0,,0,,"RT 108","PATTERSON RD",207.00,N,N,A,-,Y,STA,10,108,-,-,31.820,H,-,W,Y,4,0,1,2,A,-,09,21801,A,N,D,C,A,A,H,-,A,A,0,,,,,Y,,A,01,0,0,1,0,0,0,0,0,0,"- ","- ",,,STANISLAUS,RIVERBANK,-120.94539014999999,37.732873380000001
8493287,2017,2018-07-05,5002,2017-10-30,2144,11310,410,1,5,6,5002,0,0,0,,0,041,"RT 132","G ST",0.00,,Y,A,-,Y,STA,10,132,-,L,15.440,I,5,E,Y,3,0,1,2,A,-,12,21453,A,N,D,C,A,A,H,-,C,A,0,,,,,Y,,A,,0,1,0,0,0,0,0,0,0,"- ","- ",,,STANISLAUS,MODESTO,-120.9981781,37.637211399999998
84937130,2025,2025-11-19,5002,2025-11-06,1106,13506,,4,5,6,5002,0,0,0,,0,041,"SR108 (L ST)","6TH ST",2.00,E,N,A,-,Y,STA,,132," "," ",14.773,H,,R,N,4,0,1,2,A,-,10,21950,A,N,G,B,B,A,H,-,A,A,0,Y,,,,Y,,A,01,0,0,1,0,1,0,0,0,0,"- ","- ",37.639610290527344,-121.00637817382812,STANISLAUS,MODESTO,-121.00636291503906,37.639595031738281
84938966,2025,2025-11-20,5002,2025-08-25,"815 ",13657,,1,5,6,5002,0,0,0,,0,062,"RUMBLE RD","PEMBROKE DR",0.00,,Y,A,-,N,,,,,,,,,,N,4,0,2,2,A,-,00,22450,B,N,D,C,A,A,H,-,A,D,0,,,,,Y,,A,01,0,0,2,0,0,0,0,0,0,"- ","- ",37.681919097900391,-121.02642822265625,STANISLAUS,MODESTO,-121.02645111083984,37.681831359863281
84940640,2025,2025-12-01,5001,2025-11-18,1354,821,,2,5,4,5001,0,0,0,,0,001,"CENTRAL AVE","HERNDON WAY (N)",51.00,E,N,A,-,N,,,,,,,,,,N,3,0,1,1,A,-,03,22350,,N,E,I,A,A,H,-,A,A,0,,,,,Y,,A,01,0,1,0,0,0,0,0,0,0,"- ","- ",,,STANISLAUS,CERES,-120.95732116699219,37.595844268798828
84943784,2025,2025-11-24,5005,2025-10-20,1728,S04157,,1,5,3,5005,0,0,0,,0,PPD,"SPERRY AVE","BALDWIN RD",30.00,E,N,A,-,N,,,,,,,,,,N,4,0,1,2,A,-,03,22350,,N,C,C,A,A,H,-,A,A,0,,,,,Y,,A,01,0,0,1,0,0,0,0,0,0,"- ","- ",37.463821411132812,-121.16065979003906,STANISLAUS,PATTERSON,-121.15921020507812,37.464401245117188
84946135,2025,2025-11-25,5005,2025-11-08,"33  ",S04842,,6,5,3,5005,0,0,0,,0,PPD,"35 S THIRD ST, PATTERSON","S EL CIRCULO AVE",222.00,N,N,A,-,N,,,,,,,,,,Y,2,0,1,2,A,-,21,22106,,F,G,B,D,A,H,-,C,D,0,Y,,,,Y,Y,A,01,1,0,0,0,1,0,0,0,0,"- ","- ",37.470611572265625,-121.12960815429688,STANISLAUS,PATTERSON,-121.12950897216797,37.470550537109375
84950009,2025,2025-11-27,5002,2025-10-27,1404,13444,,1,5,6,5002,0,0,0,,0,082,"SR108 (MCHENRY AVE)","GRANGER AVE",18.00,N,N,A,-,Y,STA,,108," "," ",24.560,H,,R,N,4,0,2,2,A,-,03,22350,,N,C,C,A,A,H,-,A,A,0,,,,,Y,,A,07,0,0,2,0,0,0,0,0,0,"- ","- ",37.667308807373047,-120.99408721923828,STANISLAUS,MODESTO,-120.99395751953125,37.667308807373047
84950018,2025,2025-12-01,5002,2025-11-05,"907 ",13396,,3,5,6,5002,0,0,0,,0,073,"SYLVAN AVE","COFFEE RD",48.00,E,N,C,-,N,,,,,,,,,,Y,4,0,2,3,A,-,08,22107,,N,B,C,A,B,H,-,A,A,0,,,,,Y,,A,01,0,0,2,0,0,0,0,0,0,"- ","- ",37.688690185546875,-120.97622680664062,STANISLAUS,MODESTO,-120.97592163085938,37.688899993896484
84950266,2025,2025-11-28,5006,2025-10-04,1307,S04815,,6,5,3,5006,0,0,0,,0,,"PATTERSON RD","HOWARD AVE",20.00,W,N,A,-,Y,STA,,108," "," ",31.657,H,,R,Y,4,0,1,2,A,-,09,21804,A,N,D,G,A,A,H,-,A,D,0,,Y,,,Y,,D,22,0,0,1,0,0,0,1,0,0,"- ","- ",37.732879638671875,-120.94724273681641,STANISLAUS,RIVERBANK,-120.94723510742188,37.732673645019531
84955561,2025,2025-12-03,5002,2025-11-08,"738 ",13706,,6,5,6,5002,0,0,0,,0,041,"SR 132 (9TH ST)","H ST",0.00,,Y,A,-,Y,STA,,132," ",L,15.341,H,,R,Y,4,0,3,2,A,-,12,21453,A,N,D,C,A,A,H,-,A,A,0,,,,,Y,,D,22,0,0,3,0,0,0,0,0,0,"- ","- ",37.637840270996094,-120.99896240234375,STANISLAUS,MODESTO,-120.99901580810547,37.637794494628906
84955576,2025,2025-12-03,5002,2025-11-12,1446,13645,,3,5,6,5002,0,0,0,,0,071,"ORANGEBURG AVE","PALMDALE DR",50.00,W,N,A,-,N,,,,,,,,,,Y,3,0,1,1,A,-,12,22450,A,N,E,I,A,A,H,-,A,A,0,,,,,Y,,A,01,0,1,0,0,0,0,0,0,0,"- ","- ",37.663639068603516,-120.92735290527344,STANISLAUS,MODESTO,-120.92751312255859,37.663619995117188
84967386,2025,2025-12-11,5002,2025-03-14,1728,13482,,5,5,6,5002,0,0,0,,0,031,"MORGAN RD","NELSON WAY",124.00,S,N,C,-,N,,,,,,,,,,Y,1,1,1,2,A,-,03,22350,,N,D,C,A,B,H,-,A,D,0,,,,Y,Y,,A,01,0,0,1,0,0,0,0,0,0,"- ","- ",37.604988098144531,-120.97554016113281,STANISLAUS,MODESTO,-120.97537994384766,37.604721069335938
84969021,2025,2025-12-12,5006,2025-11-17,"704 ",S02582,,1,5,3,5006,0,0,0,,0,RPD,"ATCHISON ST","3RD ST (RIVERBANK)",0.00,,Y,C,-,Y,,,,,,,,,,N,4,0,1,2,A,-,10,21950,A,N,G,B,B,B,H,-,C,A,0,Y,,,,Y,,A,01,0,0,1,0,1,0,0,0,0,"- ","- ",,,STANISLAUS,RIVERBANK,-120.93575286865234,37.737964630126953
84981000,2025,2025-12-22,5006,2025-11-25,1635,S03177,,2,5,3,5006,0,0,0,,0,RPD,"ATCHISON ST","3RD ST (RIVERBANK)",180.00,E,N,B,-,Y,,,,,,,,,,N,4,0,1,2,A,-,03,22350,,N,C,C,A,A,H,-,A,D,0,,,,,Y,,D,22,0,0,1,0,0,0,0,0,0,"- ","- ",,,STANISLAUS,RIVERBANK,-120.93512725830078,37.737960815429688
8499099,2017,2017-11-22,5002,2017-10-29,0405,11680,154,7,5,6,5002,0,0,0,,0,072,"E BRIGGSMORE","OAKDALE RD",1584.00,E,N,A,-,N,,,,,,,,,,Y,3,0,1,1,A,-,01,23152,A,N,E,I,A,A,H,-,C,D,0,,,,,Y,Y,A,,0,1,0,0,0,0,0,0,0,"- ","- ",,,STANISLAUS,MODESTO,-120.95217173,37.667617399999997
84991250,2025,2026-02-09,5002,2025-11-21,1753,13601,,5,5,6,5002,0,0,0,,0,033,"CARPENTER RD","HOUSER LN",317.00,S,N,A,-,N,,,,,,,,,,N,3,0,3,3,A,-,03,22350,,N,C,C,A,A,H,-,B,D,0,,,,,Y,,D,22,0,3,0,0,0,0,0,0,0,"- ","- ",37.627700805664062,-121.03050231933594,STANISLAUS,MODESTO,-121.03046417236328,37.626869201660156
84993344,2025,2025-12-31,5002,2025-12-18,"150 ",13572,,4,5,6,5002,0,0,0,,0,062,"GOLDEN GATE DR","ASCOT DR",0.00,,Y,A,-,N,,,,,,,,,,N,2,0,1,1,A,-,17,21712,A,N,H,A,A,A,H,-,C,D,0,,,,,Y,Y,A,01,1,0,0,0,0,0,0,0,0,"- ","- ",37.674671173095703,-121.01927947998047,STANISLAUS,MODESTO,-121.01926422119141,37.67462158203125
84995160,2025,2026-01-19,5002,2025-11-01,1001,13579,,6,5,6,5002,0,0,0,,0,081,"COLDWELL AVE","TULLY RD",520.00,E,N,A,-,N,,,,,,,,,,Y,4,0,1,4,A,-,05,21460,A,N,D,C,A,A,H,-,E,D,0,,,,,Y,,-,"- ",0,0,1,0,0,0,0,0,0,"- ","- ",37.653171539306641,-121.01203155517578,STANISLAUS,MODESTO,-121.01024627685547,37.653167724609375
8499821,2017,2018-01-19,5001,2017-10-12,0805,521,S6,4,5,4,5001,0,0,0,,0,004,"KINSER RD","CAMERON PARK DR",180.00,E,N,A,-,N,,,,,,,,,,N,3,0,1,2,A,-,21,22106,,N,D,G,A,A,H,-,A,D,0,,Y,,,Y,Y,A,01,0,1,0,0,0,0,1,0,0,"- ","- ",37.5914,-120.96722,STANISLAUS,CERES,-120.97190879,37.591200000000001
84998229,2025,2026-01-05,5002,2025-12-22,1221,13541,,1,5,6,5002,0,0,0,,0,072,"COFFEE RD","BRIGGSMORE AVE",384.00,N,N,A,-,N,,,,,,,,,,N,4,0,1,2,A,-,09,21804,A,N,D,C,A,A,H,-,A,D,0,,,,,Y,,A,07,0,0,1,0,0,0,0,0,0,"- ","- ",37.667110443115234,-120.95755767822266,STANISLAUS,MODESTO,-120.97570037841797,37.668205261230469
85002142,2025,2026-01-07,5002,2025-12-02,1248,13609,,2,5,6,5002,0,0,0,,0,062,"SISK RD","BRIGGSMORE AVE",300.00,N,N,A,-,N,,,,,,,,,,Y,4,0,1,2,A,-,09,21804,A,N,D,D,A,A,H,-,A,A,0,,,,,Y,,A,07,0,0,1,0,0,0,0,0,0,"- ","- ",37.667831420898438,-121.03170013427734,STANISLAUS,MODESTO,-121.03137969970703,37.667789459228516
85002143,2025,2026-01-07,5002,2025-12-02,1458,10588,,2,5,6,5002,0,0,0,,0,072,"OAKDALE RD","LANCEY DR",215.00,S,N,B,-,N,,,,,,,,,,Y,4,0,1,2,A,-,09,21801,A,N,D,C,A,A,H,-,A,D,0,,,,,Y,,A,07,0,0,1,0,0,0,0,0,0,"- ","- ",37.669479370117188,-120.95758056640625,STANISLAUS,MODESTO,-120.95763397216797,37.668838500976562
8500247,2017,2017-12-11,5002,2017-11-22,0801,10228,M134,3,5,6,5002,0,0,0,,0,073,"SYLVAN AV","FOREST GLENN DR",0.00,,Y,A,-,N,,,,,,,,,,Y,4,0,1,2,A,-,03,22350,,N,C,C,A,A,H,-,A,D,0,,,,,Y,,A,,0,0,1,0,0,0,0,0,0,"- ","- ",,,STANISLAUS,MODESTO,-120.97170996,37.688889969999998
8500259,2017,2017-12-11,5002,2017-11-24,1331,11144,334,5,5,6,5002,0,0,0,,0,043,"NORTH RIVERSIDE DR","HADDON AV",150.00,S,N,A,-,N,,,,,,,,,,N,3,0,1,2,A,-,08,22107,,N,A,J,A,A,H,-,A,A,0,,,,,Y,,M,,0,1,0,0,0,0,0,0,0,"- ","- ",,,STANISLAUS,MODESTO,-120.94808071,37.641318140000003
8500272,2017,2017-12-08,5002,2017-11-16,1501,10228,M158,4,5,6,5002,0,0,0,,0,072,"FLOYD AV","OAKDALE RD",320.00,W,N,C,-,N,,,,,,,,,,N,4,0,1,2,A,-,09,21804,A,N,D,C,A,B,G,-,A,D,0,,,,,Y,,A,,0,0,1,0,0,0,0,0,0,"- ","- ",,,STANISLAUS,MODESTO,-120.95886566,37.678080000000001
8500304,2017,2017-12-08,5002,2017-11-16,1432,11144,415,4,5,6,5002,0,0,0,,0,041,"I ST","9TH ST",100.00,W,N,B,C,N,,,,,,,,,,N,4,0,1,2,A,-,03,22350,,N,C,C,A,B,H,-,A,A,0,,,,,Y,,A,,0,0,1,0,0,0,0,0,0,"- ","- ",,,STANISLAUS,MODESTO,-121.0004266,37.638587739999998
85010668,2025,2026-01-13,5002,2025-12-06,"630 ",13299,,6,5,6,5002,0,0,0,,0,,"BRIGGSMORE AVE","COLLEGE AVE",614.00,E,N,A,-,N,,,,,,,,,,Y,3,0,1,1,A,-,01,23152,A,N,E,I,A,A,H,-,C,A,0,,,,,Y,Y,A,01,0,1,0,0,0,0,0,0,0,"- ","- ",37.670318603515625,-121.00800323486328,STANISLAUS,MODESTO,-121.00556182861328,37.67047119140625
85012860,2025,2026-01-14,5002,2025-12-24,1016,13671,,3,5,6,5002,0,0,0,,0,041,"9TH ST","K ST",0.00,,Y,C,-,N,,,,,,,,,,N,4,0,1,2,A,-,12,21453,A,N,D,C,A,B,H,-,A,A,0,,,,,Y,,A,01,0,0,1,0,0,0,0,0,0,"- ","- ",37.640758514404297,-121.00241088867188,STANISLAUS,MODESTO,-121.00244903564453,37.640708923339844
85014690,2025,2026-01-15,5002,2025-11-25,1533,13343,,2,5,6,5002,0,0,0,,0,073,"SYLVAN AVE","HASHEM DR",9.00,W,N,B,-,N,,,,,,,,,,Y,3,0,2,2,A,-,09,21802,A,N,D,C,A,A,H,-,A,A,0,,,,,Y,,A,07,0,2,0,0,0,0,0,0,0,"- ","- ",37.688961029052734,-120.96028900146484,STANISLAUS,MODESTO,-120.96030426025391,37.688968658447266
85014717,2025,2026-01-15,5002,2025-12-09,2031,13443,,2,5,6,5002,0,0,0,,0,033,"WILMA DR","RICARDO WAY",62.00,N,N,A,-,N,,,,,,,,,,Y,3,0,1,3,A,-,01,23152,A,N,C,E,A,A,H,-,C,D,0,,,,,Y,Y,A,07,0,1,0,0,0,0,0,0,0,"- ","- ",37.629020690917969,-121.02919006347656,STANISLAUS,MODESTO,-121.02859497070312,37.629161834716797
85018518,2025,2026-01-19,5002,2025-12-15,"818 ",11248,,1,5,6,5002,0,0,0,,0,072,"CLAUS RD","MERLE AVE",0.00,,Y,B,E,N,,,,,,,,,,Y,4,0,2,2,A,-,09,21802,A,N,A,C,A,A,H,-,A,D,0,,,,,Y,,A,01,0,0,2,0,0,0,0,0,0,"- ","- ",37.670921325683594,-120.92131805419922,STANISLAUS,MODESTO,-120.92134857177734,37.670932769775391
85018522,2025,2026-01-26,5002,2025-12-15,1201,13042,,1,5,6,5002,0,0,0,,0,041,"H ST","19TH ST",63.00,E,N,A,-,N,,,,,,,,,,Y,3,0,1,2,A,-,05,21651,A,N,A,C,A,A,H,-,A,A,0,,,,,Y,,A,01,0,1,0,0,0,0,0,0,0,"- ","- ",37.645038604736328,-120.98946380615234,STANISLAUS,MODESTO,-120.9892578125,37.6451416015625
85019383,2025,2026-01-20,5001,2025-12-25,1320,922,,4,5,4,5001,0,0,0,,0,003,"FOWLER RD","MITCHELL RD",135.00,E,N,A,-,N,,,,,,,,,,N,4,0,1,2,A,-,12,22450,A,N,D,D,A,A,H,-,A,A,0,,,,,Y,,A,01,0,0,1,0,0,0,0,0,0,"- ","- ",,,STANISLAUS,CERES,-120.93825531005859,37.602020263671875