CASE_ID,ACCIDENT_YEAR,PROC_DATE,JURIS,COLLISION_DATE,COLLISION_TIME,OFFICER_ID,REPORTING_DISTRICT,DAY_OF_WEEK,CHP_SHIFT,POPULATION,CNTY_CITY_LOC,SPECIAL_COND,BEAT_TYPE,CHP_BEAT_TYPE,CITY_DIVISION_LAPD,CHP_BEAT_CLASS,BEAT_NUMBER,PRIMARY_RD,SECONDARY_RD,DISTANCE,DIRECTION,INTERSECTION,WEATHER_1,WEATHER_2,STATE_HWY_IND,CALTRANS_COUNTY,CALTRANS_DISTRICT,STATE_ROUTE,ROUTE_SUFFIX,POSTMILE_PREFIX,POSTMILE,LOCATION_TYPE,RAMP_INTERSECTION,SIDE_OF_HWY,TOW_AWAY,COLLISION_SEVERITY,NUMBER_KILLED,NUMBER_INJURED,PARTY_COUNT,PRIMARY_COLL_FACTOR,PCF_CODE_OF_VIOL,PCF_VIOL_CATEGORY,PCF_VIOLATION,PCF_VIOL_SUBSECTION,HIT_AND_RUN,TYPE_OF_COLLISION,MVIW,PED_ACTION,ROAD_SURFACE,ROAD_COND_1,ROAD_COND_2,LIGHTING,CONTROL_DEVICE,CHP_ROAD_TYPE,PEDESTRIAN_ACCIDENT,BICYCLE_ACCIDENT,MOTORCYCLE_ACCIDENT,TRUCK_ACCIDENT,NOT_PRIVATE_PROPERTY,ALCOHOL_INVOLVED,STWD_VEHTYPE_AT_FAULT,CHP_VEHTYPE_AT_FAULT,COUNT_SEVERE_INJ,COUNT_VISIBLE_INJ,COUNT_COMPLAINT_PAIN,COUNT_PED_KILLED,COUNT_PED_INJURED,COUNT_BICYCLIST_KILLED,COUNT_BICYCLIST_INJURED,COUNT_MC_KILLED,COUNT_MC_INJURED,PRIMARY_RAMP,SECONDARY_RAMP,LATITUDE,LONGITUDE,COUNTY,CITY,POINT_X,POINT_Y
85019699,2025,2026-01-20,5002,2025-12-18,"820 ",13060,,4,5,6,5002,0,0,0,,0,061,"TULLY RD","ORANGEBURG AVE",198.00,S,N,B,-,N,,,,,,,,,,Y,3,0,5,2,A,-,09,21804,A,N,D,C,A,A,H,-,A,D,0,,,,,Y,,A,01,0,4,1,0,0,0,0,0,0,"- ","- ",37.664028167724609,-121.01209259033203,STANISLAUS,MODESTO,-121.01219177246094,37.663505554199219
85019708,2025,2026-01-20,5002,2025-12-19,"309 ",13647,,5,5,6,5002,0,0,0,,0,033,"BRIGGSMORE AVE","CARPENTER RD",24.00,E,N,A,-,N,,,,,,,,,,Y,4,0,1,2,A,-,12,21453,A,N,D,C,A,A,H,-,C,A,0,,,,,Y,,-,"- ",0,0,1,0,0,0,0,0,0,"- ","- ",37.666660308837891,-121.03135681152344,STANISLAUS,MODESTO,-121.03137969970703,37.667789459228516
85021874,2025,2026-01-26,5002,2025-12-22,1724,13364,,1,5,6,5002,0,0,0,,0,081,"SR 108 (MCHENRY AVE)","NEEDHAM ST",198.00,N,N,A,-,Y,STA,,108," ",R,23.075,H,,R,Y,4,0,1,2,A,-,03,22350,,F,C,C,A,A,H,-,C,D,0,,,,,Y,,A,01,0,0,1,0,0,0,0,0,0,"- ","- ",37.645591735839844,-120.99369812011719,STANISLAUS,MODESTO,-120.99372100830078,37.645618438720703
85021875,2025,2026-01-21,5002,2025-12-22,2132,13481,,1,5,6,5002,0,0,0,,0,073,"OAKDALE RD","POST OFFICE DR",522.00,N,N,A,-,N,,,,,,,,,,Y,3,0,3,2,A,-,09,21801,A,N,D,C,A,A,H,-,C,A,0,,,,,Y,,A,01,0,1,2,0,0,0,0,0,0,"- ","- ",37.686878204345703,-120.95812225341797,STANISLAUS,MODESTO,-120.95797729492188,37.688583374023438
85021880,2025,2026-01-21,5002,2025-12-24,1700,13490,,3,5,6,5002,0,0,0,,0,062,"PRESCOTT RD","RUMBLE RD",13.00,N,N,A,-,N,,,,,,,,,,N,3,0,1,2,A,-,05,21202,A,F,B,G,A,A,H,-,A,A,0,,Y,,,Y,Y,L,04,0,1,0,0,0,0,1,0,0,"- ","- ",37.681919097900391,-121.03150177001953,STANISLAUS,MODESTO,-121.03144836425781,37.681934356689453
8503298,2017,2017-12-05,5001,2017-11-09,1925,458,B102,4,5,4,5001,0,0,0,,0,003,"MITCHELL RD","FOWLER RD",374.00,N,N,A,-,N,,,,,,,,,,N,3,0,1,2,A,-,03,22350,,N,C,C,A,A,H,-,C,D,0,,,,,Y,,A,01,0,1,0,0,0,0,0,0,0,"- ","- ",37.602969999999999,-120.93944999999999,STANISLAUS,CERES,-120.93872426999999,37.603037069999999
85034936,2025,2026-02-02,5002,2025-11-06,2047,13641,,4,5,6,5002,0,0,0,,0,042,"SR132 (YOSEMITE BLVD)","S SANTA CRUZ AVE",46.00,W,N,A,-,Y,,,,,,,,,,N,1,1,0,2,A,-,11,21954,A,N,G,B,D,A,H,-,C,A,0,Y,,,,Y,,N,60,0,0,0,1,0,0,0,0,0,"- ","- ",,,STANISLAUS,MODESTO,-120.97499084472656,37.638191223144531
8504541,2018,2018-08-09,5002,2018-01-31,0658,11144,610,3,5,6,5002,0,0,0,,0,043,"RT 132","LINCOLN AV",0.00,,Y,E,-,Y,STA,10,132,-,-,18.150,I,5,W,N,4,0,1,2,A,-,05,21650,1,N,D,G,A,A,H,-,B,A,0,,Y,,,Y,,L,,0,0,1,0,0,0,1,0,0,"- ","- ",,,STANISLAUS,MODESTO,-120.93890380859375,37.638172149658203
8506204,2017,2017-12-29,5002,2017-11-21,1808,11413,39B,2,5,6,5002,0,0,0,,0,041,"G ST","17TH ST",17.00,E,N,A,-,N,,,,,,,,,,N,2,0,1,2,A,-,10,21950,A,N,G,B,-,A,H,-,C,A,0,Y,,,,Y,Y,A,01,1,0,0,0,1,0,0,0,0,"- ","- ",,,STANISLAUS,MODESTO,-120.99014742999999,37.64266215
8506347,2017,2018-07-05,5002,2017-11-19,0133,11789,460,7,5,6,5002,0,0,0,,0,041,"LA LOMA ST","RT 132",0.00,,Y,A,-,Y,STA,10,132,-,-,16.323,I,5,W,N,4,0,1,2,A,-,11,21954,A,F,G,-,D,-,H,-,C,A,0,Y,,,,Y,,N,,0,0,1,0,1,0,0,0,0,"- ","- ",,,STANISLAUS,MODESTO,-120.97198406,37.638199960000001
8506485,2017,2018-07-05,5002,2017-11-21,1907,13040,M254,2,5,6,5002,0,0,0,,0,082,"RT 108","EAST BRIGGSMORE AV",0.00,,Y,A,-,Y,STA,10,108,-,-,24.830,H,-,W,Y,4,0,1,2,A,-,01,23152,A,N,C,C,A,A,H,-,C,A,0,,,,,Y,Y,A,,0,0,1,0,0,0,0,0,0,"- ","- ",,,STANISLAUS,MODESTO,-120.99403091000001,37.67080387
8508082,2017,2018-07-05,5002,2017-11-29,1417,13060,256,3,5,6,5002,0,0,0,,0,081,"RT 108","PALM AV",18.00,S,N,A,-,Y,STA,10,108,-,-,23.990,I,5,E,N,4,0,2,2,A,-,03,22350,,F,C,C,A,A,H,-,A,A,0,,,,,Y,,A,,0,0,2,0,0,0,0,0,0,"- ","- ",,,STANISLAUS,MODESTO,-120.99396435,37.658814079999999
8508097,2017,2018-07-05,5002,2017-11-30,2243,11136,M359,4,5,6,5002,0,0,0,,0,033,"RT 132","S CARPENTER RD",0.00,,Y,A,-,Y,STA,10,132,-,-,13.420,I,5,W,Y,4,0,2,2,A,-,12,21453,A,N,D,C,A,A,H,-,C,A,0,,,,,Y,,D,,0,0,2,0,0,0,0,0,0,"- ","- ",,,STANISLAUS,MODESTO,-121.03041227999999,37.638688979999998
8508127,2017,2018-07-05,5007,2017-11-20,1904,5760,,1,5,5,5007,0,0,0,,0,003,"FULKERTH RD","RT 99",0.00,,Y,A,-,Y,STA,10,99,-,R,4.744,R,4,S,N,4,0,1,2,A,-,12,21453,A,N,D,C,A,A,H,-,C,A,0,,,,,Y,,A,01,0,0,1,0,0,0,0,0,0,"- ","- ",,,STANISLAUS,TURLOCK,-120.87931893,37.509839120000002
8508899,2017,2017-12-19,5002,2017-11-26,1548,11267,334,7,5,6,5002,0,0,0,,0,043,"NORTH RIVERSIDE DR","HADDON AV",0.00,,Y,B,-,N,,,,,,,,,,N,4,0,2,2,A,-,12,22450,A,N,D,C,A,B,H,-,B,A,0,,,,,Y,,A,,0,0,2,0,0,0,0,0,0,"- ","- ",,,STANISLAUS,MODESTO,-120.94808999,37.641729929999997
8511027,2017,2017-12-20,5007,2017-11-30,1110,5697,,4,5,5,5007,0,0,0,,0,005,"GEER RD","ALMOND AV",0.00,,Y,A,-,N,,,,,,,,,,,4,0,1,2,A,-,09,21802,A,N,D,C,A,A,H,-,A,A,0,,,,,Y,,A,07,0,0,1,0,0,0,0,0,0,"- ","- ",,,STANISLAUS,TURLOCK,-120.84895996,37.50339992
8517019,2017,2018-07-05,5007,2017-11-27,1753,5760,,1,5,5,5007,0,0,0,,0,002,"LANDER AV","RT 99",0.00,,Y,A,-,Y,STA,10,99,-,R,1.841,R,4,S,Y,4,0,2,2,A,-,00,21453,,N,-,C,A,A,H,-,-,A,0,,,,,Y,,D,22,0,0,2,0,0,0,0,0,0,"- ","- ",,,STANISLAUS,TURLOCK,-120.85235419999999,37.475065729999997
8519481,2017,2018-01-04,5006,2017-12-19,1604,S01666,5006,2,5,3,5006,0,0,0,,0,001,"OAKDALE RD","PROUTY WY",0.00,,Y,A,-,N,,,,,,,,,,N,4,0,2,2,A,-,03,22350,,N,C,C,A,A,H,-,A,D,0,,,,,Y,Y,A,01,0,0,2,0,0,0,0,0,0,"- ","- ",,,STANISLAUS,RIVERBANK,-120.95858995,37.727779900000002
8521099,2017,2018-01-05,5007,2017-12-02,1105,5770,,6,5,5,5007,0,0,0,,0,001,"GEER RD","TUOLUMNE RD",38.00,N,N,A,-,N,,,,,,,,,,N,3,0,1,1,C,-,18,,,N,H,I,A,A,H,-,A,A,0,,Y,,,Y,,-,"- ",0,1,0,0,0,0,1,0,0,"- ","- ",,,STANISLAUS,TURLOCK,-120.84896999999999,37.514724350000002
8521103,2017,2018-01-05,5007,2017-12-02,1918,5743,5007,6,5,5,5007,0,0,0,,0,002,"WEST OLIVE AV","NORTH 1ST ST",0.00,,Y,A,-,N,,,,,,,,,,N,4,0,2,2,A,-,09,21802,A,N,D,C,A,A,H,-,C,D,0,,,,,Y,,A,01,0,0,2,0,0,0,0,0,0,"- ","- ",,,STANISLAUS,TURLOCK,-120.84766996,37.494829899999999
8521162,2017,2018-01-03,5007,2017-11-28,1815,5596,,2,5,5,5007,0,0,0,,0,004,"W CHRISTOPHERSON PKWY","N KILROY RD",0.00,,Y,A,-,N,,,,,,,,,,Y,4,0,4,2,A,-,12,21453,A,N,-,C,A,A,H,-,C,A,0,,,,,Y,,A,07,0,0,4,0,0,0,0,0,0,"- ","- ",,,STANISLAUS,TURLOCK,-120.87611988,37.529139880000002
8523286,2017,2018-01-08,5002,2017-12-06,1903,11845,735,3,5,6,5002,0,0,0,,0,071,"SCENIC RD","ROSE AV",720.00,E,N,A,-,N,,,,,,,,,,Y,4,0,1,3,A,-,04,21703,,N,C,C,A,A,H,-,C,D,0,,,,,Y,,A,,0,0,1,0,0,0,0,0,0,"- ","- ",,,STANISLAUS,MODESTO,-120.96409847,37.65199509
8523295,2017,2018-01-08,5002,2017-12-17,1638,11754,M325,7,5,6,5002,0,0,0,,0,071,"ORANGEBURG AV","SONOMA AV",27.00,W,N,A,-,N,,,,,,,,,,Y,4,0,1,2,A,-,03,22350,,N,C,C,A,A,H,-,B,A,0,,,,,Y,,D,,0,0,1,0,0,0,0,0,0,"- ","- ",,,STANISLAUS,MODESTO,-120.94853327,37.6635609
8523330,2017,2018-01-08,5002,2017-12-08,2123,11795,2,5,5,6,5002,0,0,0,,0,002,"BRIGGSMORE AV","CARVER RD",0.00,,Y,A,-,N,,,,,,,,,,Y,3,0,2,2,A,-,12,21453,A,N,D,C,A,A,H,-,C,A,0,,,,,Y,,A,,0,1,1,0,0,0,0,0,0,"- ","- ",,,STANISLAUS,MODESTO,-121.0221399,37.671489950000002
8523335,2017,2018-01-09,5002,2017-12-19,1514,11236,304,2,5,6,5002,0,0,0,,0,071,"OAKDALE RD","WYLIE DR",158.00,S,N,B,-,N,,,,,,,,,,Y,3,0,3,4,A,-,04,21703,,N,C,C,A,A,H,-,A,D,0,,,,,Y,,A,,0,1,2,0,0,0,0,0,0,"- ","- ",,,STANISLAUS,MODESTO,-120.9575105,37.657686169999998
8523354,2017,2018-01-08,5002,2017-12-12,1441,13012,005,2,5,6,5002,0,0,0,,0,063,"CONANT AV",STANDIFORD,15.00,S,N,A,-,N,,,,,,,,,,Y,4,0,1,2,A,-,01,23152,E,N,C,C,A,A,H,-,A,A,0,,,,,Y,,A,,0,0,1,0,0,0,0,0,0,"- ","- ",,,STANISLAUS,MODESTO,-121.04065,37.685828809999997
8524834,2017,2018-01-05,5002,2017-12-14,0928,11531,,4,5,6,5002,0,0,0,,0,032,"PARADISE RD","WADE AV",300.00,W,N,A,-,N,,,,,,,,,,Y,3,0,1,1,A,-,08,22107,,N,E,I,A,A,H,-,A,D,0,,,,,Y,,A,,0,1,0,0,0,0,0,0,0,"- ","- ",,,STANISLAUS,MODESTO,-121.02168168999999,37.621108739999997
8528753,2017,2018-01-12,5007,2017-12-14,0901,5773,,4,5,5,5007,0,0,0,,0,001,"E MONTE VISTA",OLIVE,0.00,,Y,A,-,N,,,,,,,,,,Y,3,0,1,2,A,-,12,21453,A,N,-,C,A,A,H,-,A,A,0,,,,,Y,,D,22,0,1,0,0,0,0,0,0,0,"- ","- ",,,STANISLAUS,TURLOCK,-120.83987,37.521869989999999
8532296,2018,2018-02-22,5002,2018-01-02,2245,13106,M395,2,5,6,5002,0,0,0,,0,041,"17TH ST","I ST",0.00,,Y,A,-,N,,,,,,,,,,Y,4,0,1,2,A,-,12,21453,A,N,D,C,A,A,H,-,C,A,0,,,,,Y,,A,,0,0,1,0,0,0,0,0,0,"- ","- ",,,STANISLAUS,MODESTO,-120.99252319335938,37.644599914550781
8538644,2018,2018-01-31,5007,2018-01-09,0835,5602,,2,5,5,5007,0,0,0,,0,003,"SOUTH AV","MAE ST",331.00,E,N,C,-,N,,,,,,,,,,Y,4,0,2,2,A,-,08,22107,,N,C,E,A,B,H,-,A,D,0,,,,,Y,,A,01,0,0,2,0,0,0,0,0,0,"- ","- ",,,STANISLAUS,TURLOCK,-120.85935211181641,37.485427856445312
8541720,2018,2018-02-07,5002,2018-01-05,1621,1855,269,5,5,6,5002,0,0,0,,0,081,"EAST ORANGEBURG AV","ALLEN DR",0.00,,Y,B,-,N,,,,,,,,,,Y,4,0,1,2,A,-,03,22350,,N,C,C,A,A,H,-,B,D,0,,,,,Y,,A,,0,0,1,0,0,0,0,0,0,"- ","- ",,,STANISLAUS,MODESTO,-120.97698211669922,37.663558959960938
8541744,2018,2018-02-07,5002,2018-01-09,1731,11046,516,2,5,6,5002,0,0,0,,0,031,"CROWS LANDING RD","CRATER AV",27.00,N,N,C,-,N,,,,,,,,,,Y,3,0,2,2,A,-,03,22350,,N,A,C,A,B,H,-,C,D,0,,,,,Y,,-,,0,2,0,0,0,0,0,0,0,"- ","- ",,,STANISLAUS,MODESTO,-120.99369049072266,37.611312866210938
8543923,2017,2018-06-11,5003,2017-07-24,1551,N270,RDNM,1,5,2,5003,0,0,0,,0,0NM,"N ST","N ST 1400 BLK",0.00,,N,A,-,Y,STA,10,33,-,-,0.710,H,-,S,N,4,0,2,2,A,-,03,22350,,N,C,C,A,A,H,-,A,A,0,,,,,Y,,A,01,0,0,2,0,0,0,0,0,0,"- ","- ",37.314,-121.02110999999999,STANISLAUS,NEWMAN,-121.02069786,37.313950550000001
8545157,2018,2018-02-08,5002,2018-01-24,0712,13093,M097,3,5,6,5002,0,0,0,,0,083,MCHENRY,"UNION AV",0.00,,Y,B,-,N,,,,,,,,,,N,2,0,1,2,A,-,17,21451,A,F,D,G,A,A,H,-,A,A,0,,Y,,,Y,,A,,1,0,0,0,0,0,1,0,0,"- ","- ",,,STANISLAUS,MODESTO,-120.99436950683594,37.693168640136719
8546155,2018,2018-08-09,5002,2018-01-11,0833,13085,M385,4,5,6,5002,0,0,0,,0,MP41,"12TH ST","L ST",0.00,,Y,A,B,Y,STA,10,108,-,R,22.649,I,5,W,Y,3,0,2,2,A,-,09,21453,C,N,D,C,A,A,H,-,A,A,0,,,,,Y,,A,,0,2,0,0,0,0,0,0,0,"- ","- ",,,STANISLAUS,MODESTO,-121.00070953369141,37.643871307373047
8547096,2018,2018-02-14,5001,2018-01-29,1910,771,B003,1,5,4,5001,0,0,0,,0,003,"MITCHELL RD","GARRISON RD",0.00,,Y,A,-,N,,,,,,,,,,N,3,0,1,2,A,-,08,22107,,N,D,C,A,A,H,-,C,D,0,,,,,Y,,A,01,0,1,0,0,0,0,0,0,0,"- ","- ",37.599208831787109,-120.93916320800781,STANISLAUS,CERES,-120.93869781494141,37.598339080810547
8549948,2018,2018-03-06,5002,2018-01-30,1232,11025,419,2,5,6,5002,0,0,0,,0,041,"6TH ST","H ST",0.00,,Y,A,-,N,,,,,,,,,,Y,4,0,1,2,A,-,12,21453,A,N,D,C,A,A,H,-,A,A,0,,,,,Y,,D,,0,0,1,0,0,0,0,0,0,"- ","- ",,,STANISLAUS,MODESTO,-121.00183868408203,37.635658264160156
8551133,2018,2018-02-13,5007,2018-01-16,1707,5760,,2,5,5,5007,0,0,0,,0,003,"WEST AV SOUTH","HIGH ST",0.00,,Y,B,-,N,,,,,,,,,,Y,3,0,1,2,A,-,09,21804,A,N,D,C,A,B,H,-,B,A,0,,,,,Y,,A,01,0,1,0,0,0,0,0,0,0,"- ","- ",,,STANISLAUS,TURLOCK,-120.85804748535156,37.490489959716797
8551947,2018,2018-02-14,5002,2018-02-01,1358,11804,151,4,5,6,5002,0,0,0,,0,073,"FLOYD AV","CLAUS RD",5.00,W,N,A,-,N,,,,,,,,,,Y,4,0,1,2,A,-,03,22350,,N,C,C,A,A,H,-,A,A,0,,,,,Y,,A,,0,0,1,0,0,0,0,0,0,"- ","- ",,,STANISLAUS,MODESTO,-120.92145538330078,37.678249359130859
8551953,2018,2018-02-15,5002,2018-01-25,0811,13093,176,4,5,6,5002,0,0,0,,0,061,"CARVER RD","WEST ORANGEBURG AV",0.00,,Y,A,-,N,,,,,,,,,,N,3,0,2,2,A,-,21,22106,,N,C,C,A,A,H,-,A,A,0,,,,,Y,,E,,0,2,0,0,0,0,0,0,0,"- ","- ",,,STANISLAUS,MODESTO,-121.02201843261719,37.664180755615234
8551957,2018,2018-02-15,5002,2018-01-30,1657,11478,M166,2,5,6,5002,0,0,0,,0,072,"CLAUS RD","EAST BRIGGSMORE AV",0.00,,Y,A,-,N,,,,,,,,,,Y,3,0,2,3,A,-,11,21453,D,F,D,C,A,A,H,-,A,A,0,,,,,Y,,A,,0,1,1,0,0,0,0,0,0,"- ","- ",,,STANISLAUS,MODESTO,-120.92128753662109,37.666900634765625
8551963,2018,2018-02-27,5002,2018-02-03,1218,,429,6,5,6,5002,0,0,0,,0,032,"TUOLUMNE BL","ROSELAWN AV",0.00,,Y,A,-,N,,,,,,,,,,Y,4,0,2,2,A,-,12,21453,A,N,D,C,A,A,H,-,A,A,0,,,,,Y,,-,"- ",0,0,2,0,0,0,0,0,0,"- ","- ",,,STANISLAUS,MODESTO,-121.00492858886719,37.627830505371094
8551971,2018,2018-02-14,5002,2018-02-04,1420,13176,210,7,5,6,5002,0,0,0,,0,071,"SCENIC DR","MCGUIRE DR",3.00,W,N,A,-,N,,,,,,,,,,N,3,0,1,2,A,-,05,21650,1,N,D,G,A,A,H,-,A,A,0,,Y,,,Y,,L,,0,1,0,0,0,0,1,0,0,"- ","- ",,,STANISLAUS,MODESTO,-120.95242309570312,37.652641296386719
8551979,2018,2018-02-14,5002,2018-02-05,1739,13066,,1,5,6,5002,0,0,0,,0,063,PELANDALE,CARVER,0.00,,Y,A,-,N,,,,,,,,,,Y,4,0,3,2,A,-,12,21453,,N,D,C,A,A,H,-,C,A,0,,,,,Y,,A,,0,0,3,0,0,0,0,0,0,"- ","- ",,,STANISLAUS,MODESTO,-121.02262115478516,37.700458526611328
8552294,2018,2018-03-07,5002,2018-02-02,1530,13068,,5,5,6,5002,0,0,0,,0,031,"CROWS LANDING RD","ZEFF RD",0.00,,Y,A,-,N,,,,,,,,,,N,4,0,1,2,A,-,09,21801,A,N,D,C,A,A,H,-,A,D,0,,,,,Y,,-,,0,0,1,0,0,0,0,0,0,"- ","- ",,,STANISLAUS,MODESTO,-120.99362182617188,37.615798950195312
8554379,2018,2018-08-09,5002,2018-02-15,1431,11629,M377,4,5,6,5002,0,0,0,,0,033,"RT 132","MARTIN LUTHER KING",0.00,,N,A,-,Y,STA,10,132,-,-,14.430,H,-,E,Y,4,0,1,3,A,-,03,22350,,N,C,C,A,A,H,-,A,A,0,,,,,Y,,D,,0,0,1,0,0,0,0,0,0,"- ","- ",,,STANISLAUS,MODESTO,-121.01217651367188,37.638664245605469
8556309,2018,2018-03-07,5007,2018-02-11,1953,5697,,7,5,5,5007,0,0,0,,0,005,"NORTH OLIVE AV","EAST HAWKEYE AV",61.00,S,N,A,-,N,,,,,,,,,,Y,4,0,2,2,A,-,08,22107,,N,A,C,A,A,H,-,C,D,0,,,,,Y,,A,01,0,0,2,0,0,0,0,0,0,"- ","- ",,,STANISLAUS,TURLOCK,-120.83985137939453,37.507122039794922
8559195,2018,2018-03-07,5006,2018-02-11,1740,5967,,7,5,3,5006,0,0,0,,0,,"PATTERSON RD","PALMER AV",0.00,,Y,A,-,N,,,,,,,,,,Y,4,0,1,2,A,-,12,22450,A,N,G,G,A,A,H,-,A,A,0,,Y,,,Y,,L,04,0,0,1,0,0,0,1,0,0,"- ","- ",,,STANISLAUS,RIVERBANK,-120.94271850585938,37.732719421386719
8559694,2018,2018-02-26,5002,2018-01-31,2058,13080,M269,3,5,6,5002,0,0,0,,0,071,"BRIGGSMORE AV","COFFEE RD",0.00,,Y,A,-,N,,,,,,,,,,N,4,0,2,3,A,-,10,21950,,N,G,B,B,A,H,-,C,A,0,Y,,,,Y,,-,"- ",0,0,2,0,2,0,0,0,0,"- ","- ",,,STANISLAUS,MODESTO,-120.9757080078125,37.667148590087891
8559712,2018,2018-02-27,5002,2018-02-14,1624,13093,M217,3,5,6,5002,0,0,0,,0,081,"ROSEBURG AV","TULLY RD",0.00,,Y,A,-,N,,,,,,,,,,N,4,0,1,2,A,-,10,21950,A,N,D,B,B,A,H,-,A,A,0,Y,,,,Y,,-,,0,0,1,0,1,0,0,0,0,"- ","- ",,,STANISLAUS,MODESTO,-121.01213836669922,37.660419464111328
8566055,2018,2018-03-05,5001,2018-02-17,2159,610,B204,6,5,4,5001,0,0,0,,0,003,"EAST HATCH RD","MITCHELL RD",0.00,,Y,A,-,N,,,,,,,,,,N,3,0,1,2,A,-,11,21950,B,N,G,B,B,A,H,-,C,A,0,Y,,,,Y,Y,N,60,0,1,0,0,1,0,0,0,0,"- ","- ",37.609298706054688,-120.93863677978516,STANISLAUS,CERES,-120.93875122070312,37.609321594238281
8566059,2018,2018-03-05,5002,2018-02-13,2022,803,A208,2,5,6,5002,0,0,0,,0,001,"RICHLAND AV","HATCH RD",8.00,N,N,A,-,N,,,,,,,,,,Y,3,0,1,2,A,-,01,23152,A,F,C,C,A,A,H,-,C,A,0,,,Y,,Y,,A,01,0,1,0,0,0,0,0,0,1,"- ","- ",37.609310150146484,-120.9661865234375,STANISLAUS,MODESTO,-120.96620178222656,37.609352111816406
8566067,2018,2018-03-05,5001,2018-02-06,2022,771,D001,2,5,4,5001,0,0,0,,0,005,"EAST WHITMORE AV","MOFFETT RD",0.00,,Y,A,-,N,,,,,,,,,,Y,3,0,3,2,A,-,09,21801,A,N,D,C,A,A,H,-,C,A,0,,,,,Y,,A,01,0,1,2,0,0,0,0,0,0,"- ","- ",37.594730377197266,-120.94783782958984,STANISLAUS,CERES,-120.94783020019531,37.594760894775391
8566726,2017,2018-03-12,5007,2017-11-25,1733,5749,,6,5,5,5007,0,0,0,,0,002,"LANDER AV","BERNELL AV",0.00,,Y,A,-,N,,,,,,,,,,Y,2,0,1,2,A,-,10,21950,A,N,G,B,B,A,H,-,C,D,0,Y,,,,Y,,A,01,1,0,0,0,1,0,0,0,0,"- ","- ",,,STANISLAUS,TURLOCK,-120.84896997,37.483549930000002
8569263,2018,2018-03-22,5001,2018-02-28,2228,461,B106,3,5,4,5001,0,0,0,,0,003,"BOOTHE RD","RHONE DR",239.00,N,N,A,-,N,,,,,,,,,,Y,3,0,3,2,A,-,05,21650,,N,A,C,A,A,H,-,C,B,0,,,,,Y,,A,01,0,3,0,0,0,0,0,0,0,"- ","- ",37.609348297119141,-120.93141174316406,STANISLAUS,CERES,-120.931396484375,37.606357574462891
8569709,2018,2018-03-23,5002,2018-02-12,1902,13118,M384,1,5,6,5002,0,0,0,,0,041,"NEEDHAM AV","VIRGINIA AV",0.00,,Y,A,-,N,,,,,,,,,,Y,4,0,2,3,A,-,09,21804,A,N,A,C,A,A,H,-,C,A,0,,,,,Y,,-,,0,0,2,0,0,0,0,0,0,"- ","- ",,,STANISLAUS,MODESTO,-121.00277709960938,37.645858764648438
8569712,2018,2018-03-23,5002,2018-03-02,0803,13106,STANI,5,5,6,5002,0,0,0,,0,071,"SCENIC DR","EL VISTA RD",115.00,E,N,A,-,N,,,,,,,,,,Y,4,0,1,2,A,-,08,22107,,N,D,C,A,B,H,-,A,A,0,,,,Y,Y,,A,,0,0,1,0,0,0,0,0,0,"- ","- ",,,STANISLAUS,MODESTO,-120.95700073242188,37.653125762939453
8571307,2018,2018-03-14,5007,2018-02-17,1949,5736,,6,5,5,5007,0,0,0,,0,003,"NORTH TULLY RD","HOMER WY",154.00,S,N,A,-,N,,,,,,,,,,Y,3,0,1,2,A,-,08,22107,,N,C,E,A,A,H,-,A,D,0,,,,,Y,,A,01,0,1,0,0,0,0,0,0,0,"- ","- ",,,STANISLAUS,TURLOCK,-120.86843109130859,37.493850708007812
8577768,2018,2018-03-27,5007,2018-03-12,0751,5736,,1,5,5,5007,0,0,0,,0,00J,"GEER RD","20TH CENTURY BL",210.00,S,N,A,-,N,,,,,,,,,,N,4,0,2,2,A,-,03,22350,,N,C,C,A,A,H,-,A,A,0,,,,,Y,,A,01,0,0,2,0,0,0,0,0,0,"- ","- ",,,STANISLAUS,TURLOCK,-120.84896850585938,37.505401611328125
8578921,2018,2018-03-30,5002,2018-03-16,2311,13075,180,5,5,6,5002,0,0,0,,0,061,"NORTH CARPENTER RD","N CARPENTER RD 1950",0.00,,Y,A,-,N,,,,,,,,,,Y,4,0,3,2,A,-,12,21453,A,N,D,C,A,A,H,-,C,A,0,,,,,Y,,A,,0,0,3,0,0,0,0,0,0,"- ","- ",,,STANISLAUS,MODESTO,,
8578967,2018,2018-04-04,5002,2018-01-30,2040,11310,468,2,5,6,5002,0,0,0,,0,042,"OREGON DR","KERR AV",70.00,W,N,A,-,N,,,,,,,,,,N,3,0,1,2,A,-,11,21954,A,F,G,B,D,A,H,-,D,D,0,Y,,,,Y,Y,N,60,0,1,0,0,1,0,0,0,0,"- ","- ",,,STANISLAUS,MODESTO,-120.97195434570312,37.631038665771484
8579990,2018,2018-03-27,5007,2018-03-03,0042,5755,,6,5,5,5007,0,0,0,,0,002,"WEST F ST","5TH ST",150.00,E,N,B,-,N,,,,,,,,,,Y,2,0,4,2,A,-,01,23153,A,F,C,E,A,B,H,-,C,D,0,,,,Y,Y,Y,D,22,2,2,0,0,0,0,0,0,0,"- ","- ",,,STANISLAUS,TURLOCK,-120.84381866455078,37.485874176025391
8580009,2018,2018-03-20,5006,2018-01-19,1840,502158,RPD,5,5,3,5006,0,0,0,,0,2B3,"OAKDALE RD","FREDDIE LN",0.00,,Y,A,-,N,,,,,,,,,,Y,4,0,1,2,A,-,01,23152,A,F,C,C,A,A,H,-,C,D,0,,,,,Y,Y,A,01,0,0,1,0,0,0,0,0,0,"- ","- ",,,STANISLAUS,RIVERBANK,-120.95841900000001,37.713129000000002
8581186,2018,2018-04-04,5001,2018-03-13,0657,818,C008,2,5,4,5001,0,0,0,,0,004,"WHITMORE AV","MORGAN RD",361.00,E,N,B,-,N,,,,,,,,,,Y,4,0,1,2,A,-,03,22350,,N,C,C,A,B,D,-,B,A,0,,,,,Y,,A,01,0,0,1,0,0,0,0,0,0,"- ","- ",37.594409942626953,-120.97522735595703,STANISLAUS,CERES,-120.97401428222656,37.594837188720703