CASE_ID,ACCIDENT_YEAR,PROC_DATE,JURIS,COLLISION_DATE,COLLISION_TIME,OFFICER_ID,REPORTING_DISTRICT,DAY_OF_WEEK,CHP_SHIFT,POPULATION,CNTY_CITY_LOC,SPECIAL_COND,BEAT_TYPE,CHP_BEAT_TYPE,CITY_DIVISION_LAPD,CHP_BEAT_CLASS,BEAT_NUMBER,PRIMARY_RD,SECONDARY_RD,DISTANCE,DIRECTION,INTERSECTION,WEATHER_1,WEATHER_2,STATE_HWY_IND,CALTRANS_COUNTY,CALTRANS_DISTRICT,STATE_ROUTE,ROUTE_SUFFIX,POSTMILE_PREFIX,POSTMILE,LOCATION_TYPE,RAMP_INTERSECTION,SIDE_OF_HWY,TOW_AWAY,COLLISION_SEVERITY,NUMBER_KILLED,NUMBER_INJURED,PARTY_COUNT,PRIMARY_COLL_FACTOR,PCF_CODE_OF_VIOL,PCF_VIOL_CATEGORY,PCF_VIOLATION,PCF_VIOL_SUBSECTION,HIT_AND_RUN,TYPE_OF_COLLISION,MVIW,PED_ACTION,ROAD_SURFACE,ROAD_COND_1,ROAD_COND_2,LIGHTING,CONTROL_DEVICE,CHP_ROAD_TYPE,PEDESTRIAN_ACCIDENT,BICYCLE_ACCIDENT,MOTORCYCLE_ACCIDENT,TRUCK_ACCIDENT,NOT_PRIVATE_PROPERTY,ALCOHOL_INVOLVED,STWD_VEHTYPE_AT_FAULT,CHP_VEHTYPE_AT_FAULT,COUNT_SEVERE_INJ,COUNT_VISIBLE_INJ,COUNT_COMPLAINT_PAIN,COUNT_PED_KILLED,COUNT_PED_INJURED,COUNT_BICYCLIST_KILLED,COUNT_BICYCLIST_INJURED,COUNT_MC_KILLED,COUNT_MC_INJURED,PRIMARY_RAMP,SECONDARY_RAMP,LATITUDE,LONGITUDE,COUNTY,CITY,POINT_X,POINT_Y
90364573,2016,2017-01-09,9465,2016-12-28,1510,019713,,3,2,9,5000,0,3,5,,2,030,"MONTE VISTA AVENUE","MONTPELIER ROAD",0.00,,Y,A,-,N,,,,,,,,,,Y,4,0,1,2,A,-,12,22450,A,N,D,C,A,A,H,-,A,A,0,,,,,Y,,A,01,0,0,1,0,0,0,0,0,0,"- ","- ",37.520890000000001,-120.68387,STANISLAUS,UNINCORPORATED,-120.68383995000001,37.520879989999997
90364627,2016,2017-01-09,9465,2016-12-28,1740,019713,,3,2,9,5000,0,3,5,,2,030,"GOLDEN STATE BLVD","KEYES ROAD",70.00,S,N,A,-,N,,,,,,,,,,N,3,0,1,2,A,-,08,22107,,N,B,G,A,A,H,-,C,A,0,,Y,,,Y,,L,04,0,1,0,0,0,0,1,0,0,"- ","- ",37.548479999999998,-120.90179000000001,STANISLAUS,UNINCORPORATED,-120.90175422999999,37.548683130000001
90364704,2016,2017-02-28,9465,2016-12-28,1450,019713,,3,2,9,5000,0,3,5,,2,030,"9TH STREET","RIVER ROAD",200.00,S,N,A,-,N,,,,,,,,,,N,4,0,1,4,A,-,03,22350,,M,C,C,A,A,H,-,A,D,0,,,,,Y,,A,01,0,0,1,0,0,0,0,0,0,"- ","- ",37.625570000000003,-120.98693,STANISLAUS,UNINCORPORATED,-120.9870542,37.626146820000002
90369935,2017,2017-01-16,9465,2017-01-06,0905,018945,,5,1,9,5000,0,3,5,,2,020,"SANTA FE AVENUE","MILNES ROAD",0.00,,Y,A,-,N,,,,,,,,,,Y,3,0,3,2,A,-,12,22450,A,N,D,C,A,A,H,-,A,A,0,,,,,Y,,A,01,0,1,2,0,0,0,0,0,0,"- ","- ",37.528939999999999,-120.81206,STANISLAUS,UNINCORPORATED,-120.91707998,37.681789930000001
90370052,2017,2017-01-16,9465,2017-01-07,0515,020457,,6,3,9,5000,0,1,3,,2,041,"STATE ROUTE 99 (NORTHBOUND)","MITCHELL AVENUE",0.00,,N,B,C,Y,,,99,,,,,,,Y,4,0,1,1,A,-,08,22107,,N,E,I,A,B,H,-,D,D,0,,,,,Y,,A,01,0,0,1,0,0,0,0,0,0,"- ","- ",37.575800000000001,-120.93818,STANISLAUS,UNINCORPORATED,-120.93822663,37.575748580000003
90375313,2017,2017-01-23,9465,2017-01-12,1657,018457,,4,2,9,5000,0,1,3,,2,012,"STATE ROUTE 132","HART ROAD",528.00,W,N,B,-,Y,,,132,,,,,,,Y,4,0,3,2,A,-,08,22107,,N,B,C,A,A,H,-,B,A,0,,,,,Y,,A,01,0,0,3,0,0,0,0,0,0,"- ","- ",37.637929999999997,-121.12573999999999,STANISLAUS,UNINCORPORATED,-121.12573977,37.637889960000003
90378322,2017,2017-01-26,9465,2017-01-17,2130,020587,,2,2,9,5000,0,3,5,,2,020,"RIVER ROAD","LIBERINI AVENUE",307.00,E,N,A,-,N,,,,,,,,,,Y,4,0,1,1,A,-,08,22107,,N,E,I,A,A,H,-,D,D,0,,,,,Y,,A,01,0,0,1,0,0,0,0,0,0,"- ","- ",37.783749999999998,-120.86563,STANISLAUS,UNINCORPORATED,-120.86618778,37.783760020000003
90381160,2017,2017-01-30,9465,2017-01-12,2045,015596,,4,2,9,5000,0,3,5,,2,010,"CARPENTER ROAD","BEVERLY DRIVE",658.00,N,N,A,-,N,,,,,,,,,,Y,3,0,1,1,A,-,01,23152,A,M,E,J,A,A,H,-,A,D,0,,,,,Y,Y,A,01,0,1,0,0,0,0,0,0,0,"- ","- ",37.623530000000002,-121.03033000000001,STANISLAUS,UNINCORPORATED,-121.03044,37.623377060000003
90381377,2017,2017-01-30,9465,2017-01-18,1510,019517,,3,2,9,5000,0,3,5,,2,040,"SERVICE ROAD","CENTRAL AVENUE",2112.00,E,N,B,C,N,,,,,,,,,,Y,4,0,1,2,A,-,03,22350,,N,C,C,A,B,H,-,A,D,0,,,,,Y,,J,48,0,0,1,0,0,0,0,0,0,"- ","- ",37.580309999999997,-120.95305999999999,STANISLAUS,UNINCORPORATED,,
90381497,2017,2017-01-30,9465,2017-01-19,0800,020651,,4,1,6,5002,0,1,3,,2,041,"STATE ROUTE 99 (NORTHBOUND)","TUOLUMNE BLVD",200.00,S,N,A,-,Y,,,99,,,,,,,Y,4,0,1,2,A,-,03,22350,,N,C,C,A,B,H,-,A,D,0,,,,,Y,,A,07,0,0,1,0,0,0,0,0,0,"- ","- ",37.626840000000001,-120.99657999999999,STANISLAUS,MODESTO,-120.99661501,37.626832210000003
90381663,2017,2017-01-30,9465,2017-01-20,0925,018825,,5,1,9,5000,0,1,3,,2,011,"STATE ROUTE 99 (SOUTHBOUND)","HAMMETT ROAD",200.00,S,N,B,C,Y,,,99,,,,,,,Y,4,0,1,1,A,-,08,22107,,N,E,I,A,B,H,-,A,D,0,,,,,Y,,A,01,0,0,1,0,0,0,0,0,0,"- ","- ",37.7254,-121.1028,STANISLAUS,UNINCORPORATED,-121.10288946,37.725301010000003
9038256,2020,2020-03-13,5002,2020-01-11,1455,13207,377,6,5,6,5002,0,0,0,,0,033,"MAPLE ST","S MADISON ST",0.00,,Y,A,-,N,,,,,,,,,,Y,3,0,4,2,A,-,09,21803,A,N,D,C,A,A,H,-,A,A,0,,,,,Y,,-,,0,4,0,0,0,0,0,0,0,"- ","- ",,,STANISLAUS,MODESTO,-121.01038360595703,37.637599945068359
9038494,2020,2020-03-16,5002,2020-01-24,1603,11098,,5,5,6,5002,0,0,0,,0,061,"NORTH 9TH ST","TULLY RD",331.00,N,N,A,-,N,,,,,,,,,,Y,3,0,2,2,A,-,03,22350,,N,C,C,A,A,H,-,A,D,0,,,,,Y,,-,,0,2,0,0,0,0,0,0,0,"- ","- ",,,STANISLAUS,MODESTO,-121.01286315917969,37.648788452148438
9038498,2020,2020-03-16,5002,2020-01-24,1256,11136,M174,5,5,6,5002,0,0,0,,0,061,"NORTH CARPENTER RD","TORRID AV",702.00,S,N,A,-,N,,,,,,,,,,Y,3,0,1,2,A,-,09,21801,A,N,D,C,A,A,H,-,A,D,0,,,,,Y,,-,,0,1,0,0,0,0,0,0,0,"- ","- ",,,STANISLAUS,MODESTO,-121.03046417236328,37.647624969482422
90385081,2017,2017-02-02,9465,2017-01-25,0650,015398,,3,1,9,5000,0,2,4,,2,034,"GEER RD.","TAYLOR RD.",548.00,N,N,A,-,N,,,,,,,,,,Y,3,0,1,2,A,-,05,21460,A,N,B,C,A,A,H,-,A,D,0,,,,,Y,Y,A,01,0,1,0,0,0,0,0,0,0,"- ","- ",37.538110000000003,-120.84729,STANISLAUS,UNINCORPORATED,-120.84724378,37.538101589999997
9038550,2020,2020-03-13,5002,2020-01-14,1705,11252,M409,2,5,6,5002,0,0,0,,0,041,"B ST","BEARD ST",0.00,,Y,A,-,N,,,,,,,,,,N,3,0,3,2,A,-,09,21801,A,N,A,C,A,A,H,-,C,D,0,,,,,Y,,-,,0,2,1,0,0,0,0,0,0,"- ","- ",,,STANISLAUS,MODESTO,-120.99324035644531,37.631221771240234
9038554,2020,2020-03-13,5002,2020-01-15,1730,11252,136,3,5,6,5002,0,0,0,,0,073,"FLOYD AV","KELLER ST",0.00,,Y,A,-,N,,,,,,,,,,Y,3,0,1,3,A,-,09,21801,A,N,D,C,A,A,H,-,B,D,0,,,,,Y,,-,,0,1,0,0,0,0,0,0,0,"- ","- ",,,STANISLAUS,MODESTO,-120.97006225585938,37.678050994873047
90387213,2017,2017-02-07,9465,2017-01-27,1513,018457,,5,2,9,5000,0,1,3,,2,011,"STATE ROUTE 99 (SOUTHBOUND)","WOODLAND AVENUE",1056.00,N,N,A,-,Y,,,99,,,,,,,N,4,0,2,4,A,-,03,22350,,N,C,C,A,A,H,-,A,D,0,,,,,Y,,A,01,0,0,2,0,0,0,0,0,0,"- ","- ",37.657130000000002,-121.02579,STANISLAUS,UNINCORPORATED,-121.02588382,37.657130039999998
90389766,2017,2017-02-09,9465,2017-02-04,1352,018800,,6,1,9,5000,0,1,3,,2,013,"STATE ROUTE 108","CRAWFORD ROAD",0.00,,Y,A,-,Y,,,108,,,,,,,Y,4,0,2,2,A,-,09,21802,A,N,D,C,A,A,H,-,A,A,0,,,,,Y,,A,01,0,0,2,0,0,0,0,0,0,"- ","- ",37.754510000000003,-120.88842,STANISLAUS,UNINCORPORATED,-120.88842055000001,37.754533510000002
9039245,2020,2020-05-27,5001,2020-02-03,1512,839,A008,1,5,4,5001,0,0,0,,0,004,"HI MOR DR","ROCKEFELLER DR",0.00,,Y,A,G,N,,,,,,,,,,N,4,0,2,2,A,-,09,21801,A,N,A,C,A,A,H,-,A,D,0,,,,,Y,,A,01,0,0,2,0,0,0,0,0,0,"- ","- ",37.598461151123047,-120.97035217285156,STANISLAUS,CERES,-120.97035217285156,37.598438262939453
90397461,2016,2017-02-21,9465,2016-11-10,0445,017167,,4,3,9,5000,0,1,3,,1,032,"STATE ROUTE 132 (YOSEMITE BOULEVARD)","LAKE ROAD",9504.00,W,N,A,-,Y,,,132,,,,,,,Y,1,1,0,2,A,-,11,21954,A,N,G,B,E,A,H,-,D,D,0,Y,,,,Y,,N,60,0,0,0,1,0,0,0,0,0,"- ","- ",37.63353,-120.51787,STANISLAUS,UNINCORPORATED,-120.51787054,37.633515760000002
90398958,2017,2017-02-23,9465,2017-02-14,1803,018767,,2,2,9,5000,0,1,3,,2,053,"STATE ROUTE 33","STUHR ROAD",528.00,N,N,A,-,Y,,,33,,,,,,,Y,4,0,1,4,A,-,03,22350,,N,C,C,A,A,H,-,D,D,0,,,,,Y,,A,08,0,0,1,0,0,0,0,0,0,"- ","- ",37.336649999999999,-121.02889999999999,STANISLAUS,UNINCORPORATED,-121.02882756,37.336678200000001
9040256,2020,2020-02-27,5001,2020-01-21,0650,818,D206,2,5,4,5001,0,0,0,,0,005,"MITCHELL RD","DON PEDRO RD",0.00,,Y,A,-,N,,,,,,,,,,Y,3,0,2,2,A,-,12,21453,A,N,A,C,A,A,H,-,C,B,0,,,,,Y,,A,01,0,2,0,0,0,0,0,0,0,"- ","- ",37.583858489990234,-120.93875122070312,STANISLAUS,CERES,-120.93875122070312,37.583820343017578
90406292,2017,2017-03-06,9465,2017-02-24,1655,019517,,5,2,9,5000,0,1,3,,2,052,"STATE ROUTE 132 (MAZE BOULEVARD)","KASSON ROAD",0.00,,Y,A,-,Y,,,132,,,,,,,Y,4,0,2,2,A,-,09,21802,A,N,D,C,A,A,H,-,A,D,0,,,,,Y,,A,01,0,0,2,0,0,0,0,0,0,"- ","- ",37.639749999999999,-121.24824,STANISLAUS,UNINCORPORATED,-121.24823384,37.639652990000002
90406605,2017,2017-03-06,9465,2017-02-27,1217,018274,,1,1,9,5000,0,3,5,,2,020,"OAKDALE-WATERFORD HIGHWAY","ALBERS ROAD",20.00,E,N,A,-,N,,,,,,,,,,Y,4,0,1,2,A,-,03,22350,,N,C,C,A,A,H,-,A,A,0,,,,,Y,,A,01,0,0,1,0,0,0,0,0,0,"- ","- ",37.732840000000003,-120.83911000000001,STANISLAUS,UNINCORPORATED,-120.83953096,37.732776860000001
90408590,2017,2017-03-16,9465,2017-02-20,0725,014658,,1,1,9,5000,0,3,5,,2,020,"MILNES ROAD","ALBERS ROAD",5320.00,E,N,B,C,N,,,,,,,,,,Y,1,2,0,2,A,-,05,21650,,N,A,C,A,B,H,-,B,D,0,,,,,Y,,D,22,0,0,0,0,0,0,0,0,0,"- ","- ",37.682099999999998,-120.8278,STANISLAUS,UNINCORPORATED,-120.82978925,37.682178149999999
90408851,2017,2017-03-09,9465,2017-02-25,1442,019155,,6,2,6,5002,0,1,3,,2,041,"STATE ROUTE 99 (NORTHBOUND)","CROWS LANDING ROAD",10.00,N,N,A,-,Y,,,99,,,,,,,Y,2,0,1,2,A,-,03,22350,,N,C,C,A,A,H,-,A,D,0,,,Y,Y,Y,,C,02,1,0,0,0,0,0,0,0,1,"- ","- ",37.619039999999998,-120.99370999999999,STANISLAUS,MODESTO,-120.99373548,37.619011069999999
90410689,2017,2017-03-13,9465,2017-03-08,0747,015398,,3,1,9,5000,0,1,3,,2,011,"SR-99 S/B","BECKWITH RD.",240.00,N,N,A,-,Y,,,99,,,,,,S,Y,4,0,1,5,A,-,03,22350,,N,C,C,A,A,H,-,A,D,0,,,,,Y,,A,07,0,0,1,0,0,0,0,0,0,"- ","- ",37.684060000000002,-121.0539,STANISLAUS,UNINCORPORATED,-121.05392729,37.684026189999997
90411171,2017,2017-03-13,9465,2017-03-10,1240,018998,,5,1,9,5000,0,3,5,,2,030,"GOLDEN STATE BLVD","TAYLOR ROAD",2561.00,N,N,A,-,N,,,,,,,,,,Y,4,0,1,1,A,-,08,22107,,N,E,I,A,A,H,-,A,D,0,,,,,Y,,A,01,0,0,1,0,0,0,0,0,0,"- ","- ",37.541400000000003,-120.89660000000001,STANISLAUS,UNINCORPORATED,-120.89633035999999,37.541521729999999
90411372,2017,2017-03-13,9465,2017-03-06,1520,020362,,1,2,9,5000,0,3,5,,2,010,"CARPENTER ROAD","PARADISE ROAD",275.00,S,N,A,-,N,,,,,,,,,,N,4,0,2,2,A,-,09,21804,A,N,A,C,A,A,H,-,A,D,0,,,,,Y,,A,01,0,0,2,0,0,0,0,0,0,"- ","- ",37.365639999999999,-121.14926,STANISLAUS,UNINCORPORATED,-121.03037895,37.615724829999998
90412391,2017,2017-03-14,9465,2017-03-08,0820,014658,,3,1,9,5000,0,1,3,,2,041,"STATE ROUTE 99 (NORTHBOUND)","MITCHELL ROAD",500.00,N,N,A,-,Y,,,99,,,,,,,Y,3,0,2,2,A,-,03,22350,,N,C,C,A,A,H,-,A,D,0,,,,,Y,,A,01,0,1,1,0,0,0,0,0,0,"- ","- ",37.577399999999997,-120.9404,STANISLAUS,UNINCORPORATED,-120.94035024,37.577467480000003
9041312,2019,2020-02-10,5003,2019-10-29,1853,N306,RDNMN,2,5,2,5003,0,0,0,,0,NPD,"MAIN ST","MERCED ST",0.00,,Y,A,-,N,,,,,,,,,,Y,3,0,1,2,A,-,12,22450,,N,D,C,A,A,H,-,C,A,0,,,,,Y,,A,01,0,1,0,0,0,0,0,0,0,"- ","- ",,,STANISLAUS,NEWMAN,-121.02194213867188,37.313381195068359
90413630,2017,2017-03-16,9465,2017-03-15,0500,015290,,3,3,9,5000,0,3,5,,2,040,"HATCH ROAD","CARPENTER ROAD",1056.00,E,N,A,-,N,,,,,,,,,,Y,3,0,3,2,A,-,01,23152,A,N,B,E,A,A,H,-,D,D,0,,,,,Y,Y,A,01,0,1,2,0,0,0,0,0,0,"- ","- ",37.606610000000003,-121.02728,STANISLAUS,UNINCORPORATED,-121.02708775000001,37.606454759999998
90415348,2017,2017-03-20,9465,2017-03-10,1705,019517,,5,2,9,5000,0,3,5,,2,050,"LAS PALMAS AVENUE","SYCAMORE AVENUE",265.00,E,N,A,-,N,,,,,,,,,,Y,4,0,1,2,A,-,03,22350,,N,C,C,A,A,H,-,A,D,0,,,,,Y,,D,22,0,0,1,0,0,0,0,0,0,"- ","- ",37.480260000000001,-121.11133,STANISLAUS,UNINCORPORATED,-121.11179961000001,37.479974599999998
90415617,2017,2017-03-20,9465,2017-03-13,0050,018778,,1,3,9,5000,0,3,5,,2,030,"BERKELEY AVENUE","GOLDEN STATE BLVD",25.00,E,N,A,-,N,,,,,,,,,,Y,3,0,1,2,A,-,01,23152,A,N,A,C,A,A,H,-,D,A,0,,,,,Y,Y,A,07,0,1,0,0,0,0,0,0,0,"- ","- ",37.479880000000001,-120.83058,STANISLAUS,UNINCORPORATED,-120.83062700000001,37.479911000000001
90415729,2017,2017-03-20,9465,2017-03-10,2235,020599,,5,3,9,5000,0,2,4,,2,042,"CROWS LANDING ROAD","CLAUSEN ROAD",1056.00,N,N,A,-,N,,,,,,,,,,Y,2,0,1,2,A,-,01,23152,A,N,B,C,A,A,H,-,D,D,0,,,,,Y,Y,D,22,1,0,0,0,0,0,0,0,0,"- ","- ",37.460590000000003,-121.00019,STANISLAUS,UNINCORPORATED,-121.00058317,37.459496080000001
90416860,2017,2017-03-22,9465,2017-03-17,1500,018457,,5,2,6,5002,0,1,3,,2,041,"STATE ROUTE 99 (NORTHBOUND)","N. 9TH STREET",600.00,N,N,A,-,Y,,,99,,,,,,,N,4,0,3,2,A,-,04,21703,,N,C,C,A,A,H,-,A,D,0,,,,,Y,,A,01,0,0,3,0,0,0,0,0,0,"- ","- ",37.617899999999999,-120.98876,STANISLAUS,MODESTO,-120.98883879,37.617251889999999
90417643,2017,2017-03-22,9465,2017-03-20,1045,015098,,1,1,6,5002,0,1,3,,2,011,"STATE ROUTE 99 (SOUTHBOUND)","G STREET",100.00,S,N,B,-,Y,,,99,,,,,,,Y,4,0,3,3,A,-,03,22350,,N,C,C,A,A,H,-,A,D,0,,,,,Y,,A,01,0,0,3,0,0,0,0,0,0,"- ","- ",37.633879999999998,-121.00064,STANISLAUS,MODESTO,-121.00066587000001,37.633849120000001
90418856,2017,2017-03-23,9465,2017-03-20,1927,018292,,1,2,9,5000,0,1,3,,2,041,"SR-99 (S/B) TO TAYLOR ROAD","TAYLOR ROAD",10.00,N,N,C,-,Y,,,99,,,,R,,,Y,4,0,3,2,A,-,03,22350,,N,C,C,A,B,H,-,D,D,0,,,,Y,Y,,G,27,0,0,3,0,0,0,0,0,0,"- ","- ",37.537210000000002,-120.89314,STANISLAUS,UNINCORPORATED,-120.89314,37.537210000000002
90423583,2017,2017-04-26,9465,2017-03-26,1350,019713,,7,1,9,5000,0,3,5,,2,030,"RIVER ROAD","RIVER ROAD (WEST)",183.00,E,N,A,-,N,,,,,,,,,,Y,4,0,1,4,A,-,08,22107,,N,B,E,A,A,H,-,A,D,0,,,,,Y,,D,22,0,0,1,0,0,0,0,0,0,"- ","- ",37.626179999999998,-120.98520000000001,STANISLAUS,UNINCORPORATED,,
90424455,2017,2017-03-30,9465,2017-03-28,2305,015290,,2,3,9,5000,0,3,5,,2,020,"KENNEDY ROAD","STATE ROUTE 108/120",29.00,N,N,A,-,Y,,,,,,,,,,Y,3,0,1,1,A,-,01,23152,A,N,E,I,A,A,H,-,D,A,0,,,,,Y,Y,D,22,0,1,0,0,0,0,0,0,0,"- ","- ",37.808750000000003,-120.66571,STANISLAUS,UNINCORPORATED,,
90426906,2017,2017-04-04,9465,2017-03-27,1209,018382,,1,1,9,5000,0,1,3,,2,041,"STATE ROUTE 99 (SOUTHBOUND)","WHITMORE AVENUE",600.00,S,N,A,-,Y,,,,,,,,,,Y,3,0,2,2,A,-,03,22350,,N,C,C,A,A,H,-,A,D,0,,,,Y,Y,,G,25,0,2,0,0,0,0,0,0,0,"- ","- ",37.59299,-120.95872,STANISLAUS,UNINCORPORATED,-120.95912296,37.593418720000003
90429070,2017,2017-04-06,9465,2017-03-30,2140,020599,,4,2,9,5000,0,1,3,,2,012,"STATE ROUTE 132","RUSHING ROAD",4224.00,W,N,A,-,Y,,,132,,,,,,,Y,4,0,3,2,A,-,01,23152,A,N,A,C,A,A,H,-,D,D,0,,,,,Y,Y,A,07,0,0,3,0,0,0,0,0,0,"- ","- ",37.640210000000003,-120.57276,STANISLAUS,UNINCORPORATED,-120.57275496,37.64025943
90429129,2017,2017-04-06,9465,2017-03-30,2320,017167,,4,3,9,5000,0,1,3,,2,021,"STATE ROUTE 120 (LON DALE RD)","PIONEER AVENUE",0.00,,Y,A,-,Y,,,120,,,,,,,Y,4,0,4,2,A,-,12,22450,A,N,D,C,A,A,H,-,D,A,0,,,,,Y,,A,01,0,0,4,0,0,0,0,0,0,"- ","- ",37.793239999999997,-120.91388000000001,STANISLAUS,UNINCORPORATED,-120.91387846000001,37.79330307
90430641,2017,2017-04-10,9465,2017-04-02,1700,018998,,7,2,5,5007,0,1,3,,2,041,"STATE ROUTE 99","TAYLOR ROAD",200.00,N,N,A,-,Y,,,99,,,,,,,Y,3,0,3,2,A,-,01,23152,A,N,C,C,A,A,C,-,A,D,0,,,,,Y,Y,D,22,0,2,1,0,0,0,0,0,0,"- ","- ",37.537500000000001,-120.89230000000001,STANISLAUS,TURLOCK,-120.89236508,37.537451959999999
90430728,2017,2017-04-10,9465,2017-04-03,1005,018825,,1,1,9,5000,0,1,3,,2,022,SR-108,"BLITZ CREEK",255.00,E,N,A,-,Y,,,,,,,,,,Y,4,0,1,1,A,-,08,22107,,N,E,I,A,A,H,-,A,D,0,,,,,Y,,A,01,0,0,1,0,0,0,0,0,0,"- ","- ",37.793199999999999,-120.7251,STANISLAUS,UNINCORPORATED,,
90431606,2017,2017-04-11,9465,2017-04-06,1530,018457,,4,2,9,5000,0,1,3,,2,041,"STATE ROUTE 99 (NORTHBOUND)","CROWS LANDING ROAD",1056.00,S,N,B,-,Y,,,99,,,,,,,N,4,0,1,4,A,-,03,22350,,N,C,C,A,A,H,-,A,D,0,,,,,Y,,D,22,0,0,1,0,0,0,0,0,0,"- ","- ",37.617379999999997,-120.99030999999999,STANISLAUS,UNINCORPORATED,-120.99029588000001,37.617451320000001
90431913,2017,2017-04-11,9465,2017-04-10,0430,020457,,1,3,9,5000,0,3,5,,2,040,"WASINGTON ROAD","HARDING AVENUE",0.00,,Y,A,-,N,,,,,,,,,,Y,4,0,2,2,A,-,09,21802,A,N,D,C,A,A,H,-,D,A,0,,,,,Y,,A,01,0,0,2,0,0,0,0,0,0,"- ","- ",37.463439999999999,-120.9036,STANISLAUS,UNINCORPORATED,-120.90363992,37.463579920000001
90432668,2017,2017-04-12,9465,2017-04-09,2015,019982,,7,2,6,5002,0,1,3,,2,041,"STATE ROUTE 99 (NORTHBOUND)","CROWS LANDING ROAD",100.00,N,N,A,-,Y,,,99,,,,,,,Y,3,0,3,2,A,-,01,23152,A,N,C,C,A,A,H,-,C,D,0,,,,,Y,Y,A,01,0,1,2,0,0,0,0,0,0,"- ","- ",37.618879999999997,-120.99355,STANISLAUS,MODESTO,-120.99356,37.618866609999998
9043833,2020,2020-06-03,5002,2020-02-05,1425,11317,014,3,5,6,5002,0,0,0,,0,063,"N VENEMAN AV","LONDON CIR",48.00,N,N,A,-,N,,,,,,,,,,Y,4,0,1,2,A,-,01,23152,A,F,D,C,A,A,H,-,A,D,0,,,,,Y,Y,D,,0,0,1,0,0,0,0,0,0,"- ","- ",,,STANISLAUS,MODESTO,-121.03342437744141,37.695610046386719
90438987,2017,2017-04-20,9465,2017-04-12,1540,018457,,3,2,9,5000,0,1,3,,2,015,"STATE ROUTE 219 (WESTBOUND)","STODDARD AVENUE",1000.00,E,N,B,-,Y,,,219,,,,,,,N,3,0,1,2,A,-,08,22107,,F,H,G,A,A,H,-,A,D,0,,Y,,,Y,,-,99,0,1,0,0,0,0,1,0,0,"- ","- ",37.711359999999999,-121.06471000000001,STANISLAUS,UNINCORPORATED,-121.06470706,37.711094559999999
90449808,2017,2017-05-05,9465,2017-05-01,1410,019553,,1,2,9,5000,0,3,5,,2,040,"CROWS LANDING ROAD","WINMOORE WAY",137.00,S,N,A,-,N,,,,,,,,,,Y,4,0,1,3,A,-,03,22350,,N,C,C,A,A,H,-,A,D,0,,,,,Y,,A,01,0,0,1,0,0,0,0,0,0,"- ","- ",37.605020000000003,-120.99372,STANISLAUS,UNINCORPORATED,-120.99354,37.6049541
9044997,2020,2020-10-19,5004,2020-01-19,2017,236,RD37,7,5,3,5004,0,0,0,,0,031,"RT 120","6TH AV",3.00,W,N,A,-,Y,STA,10,120,-,-,5.320,I,5,E,N,2,0,1,2,A,-,06,21951,,N,G,B,B,A,H,-,C,D,0,Y,,,,Y,,-,,1,0,0,0,1,0,0,0,0,"- ","- ",37.767978668212891,-120.84288024902344,STANISLAUS,OAKDALE,-120.84358215332031,37.768119812011719
90451942,2017,2017-05-09,9465,2017-05-04,0715,16320,,4,1,9,5000,0,2,4,,2,042,"CROWS LANDING ROAD","OLIVERO ROAD",0.00,,Y,A,-,N,,,,,,,,,,Y,4,0,1,3,A,-,09,21801,A,N,D,C,A,A,H,-,A,D,0,,,,,Y,,D,22,0,0,1,0,0,0,0,0,0,"- ","- ",37.608280000000001,-120.99189,STANISLAUS,UNINCORPORATED,-120.99357993,37.608170000000001
90452715,2017,2017-05-10,9465,2017-04-23,2155,020575,,7,2,4,5001,0,3,5,,2,040,"LUCAS ROAD","MITCHELL ROAD",447.00,S,N,A,-,N,,,,,,,,,,N,2,0,1,2,A,-,02,22400,A,N,E,J,A,A,H,-,D,D,0,,,,,Y,,M,95,1,0,0,0,0,0,0,0,0,"- ","- ",37.573300000000003,-120.9372,STANISLAUS,CERES,-120.93725628,37.573463879999998
9045521,2020,2020-02-25,5007,2020-01-11,2234,5783,5007,6,5,5,5007,0,0,0,,0,005,"PIONEER AV","WAYSIDE DR",199.00,S,N,A,-,N,,,,,,,,,,N,3,0,1,2,A,-,11,21956,A,N,G,B,E,A,H,-,C,D,0,Y,,,,Y,Y,N,60,0,1,0,0,1,0,0,0,0,"- ","- ",,,STANISLAUS,TURLOCK,-120.83756256103516,37.503555297851562
90456408,2017,2017-05-16,9465,2017-05-05,1820,017787,,5,2,9,5000,0,1,3,,2,013,"STATE ROUTE 108 (PATTERSON ROAD)","LADD ROAD",31.00,E,N,A,-,Y,,,108,,,,,,,Y,2,0,3,2,A,-,01,23152,A,N,A,C,A,A,H,-,A,A,0,,,,,Y,Y,A,07,1,2,0,0,0,0,0,0,0,"- ","- ",37.732750000000003,-120.99301,STANISLAUS,UNINCORPORATED,-120.99300976000001,37.732748639999997
90457817,2017,2017-05-17,9465,2017-05-07,1250,020362,,7,1,9,5000,0,2,4,,2,044,"CARPENTER ROAD","PARADISE ROAD",80.00,N,N,A,-,N,,,,,,,,,,N,4,0,1,2,A,-,21,22106,,N,C,C,A,A,H,-,A,D,0,,,,,Y,,A,01,0,0,1,0,0,0,0,0,0,"- ","- ",37.616799999999998,-121.03045,STANISLAUS,UNINCORPORATED,-121.03039,37.616699699999998