CASE_ID,ACCIDENT_YEAR,PROC_DATE,JURIS,COLLISION_DATE,COLLISION_TIME,OFFICER_ID,REPORTING_DISTRICT,DAY_OF_WEEK,CHP_SHIFT,POPULATION,CNTY_CITY_LOC,SPECIAL_COND,BEAT_TYPE,CHP_BEAT_TYPE,CITY_DIVISION_LAPD,CHP_BEAT_CLASS,BEAT_NUMBER,PRIMARY_RD,SECONDARY_RD,DISTANCE,DIRECTION,INTERSECTION,WEATHER_1,WEATHER_2,STATE_HWY_IND,CALTRANS_COUNTY,CALTRANS_DISTRICT,STATE_ROUTE,ROUTE_SUFFIX,POSTMILE_PREFIX,POSTMILE,LOCATION_TYPE,RAMP_INTERSECTION,SIDE_OF_HWY,TOW_AWAY,COLLISION_SEVERITY,NUMBER_KILLED,NUMBER_INJURED,PARTY_COUNT,PRIMARY_COLL_FACTOR,PCF_CODE_OF_VIOL,PCF_VIOL_CATEGORY,PCF_VIOLATION,PCF_VIOL_SUBSECTION,HIT_AND_RUN,TYPE_OF_COLLISION,MVIW,PED_ACTION,ROAD_SURFACE,ROAD_COND_1,ROAD_COND_2,LIGHTING,CONTROL_DEVICE,CHP_ROAD_TYPE,PEDESTRIAN_ACCIDENT,BICYCLE_ACCIDENT,MOTORCYCLE_ACCIDENT,TRUCK_ACCIDENT,NOT_PRIVATE_PROPERTY,ALCOHOL_INVOLVED,STWD_VEHTYPE_AT_FAULT,CHP_VEHTYPE_AT_FAULT,COUNT_SEVERE_INJ,COUNT_VISIBLE_INJ,COUNT_COMPLAINT_PAIN,COUNT_PED_KILLED,COUNT_PED_INJURED,COUNT_BICYCLIST_KILLED,COUNT_BICYCLIST_INJURED,COUNT_MC_KILLED,COUNT_MC_INJURED,PRIMARY_RAMP,SECONDARY_RAMP,LATITUDE,LONGITUDE,COUNTY,CITY,POINT_X,POINT_Y
91085888,2019,2019-10-03,9465,2019-09-23,1142,017558,,1,1,9,5000,0,3,5,,2,020,"MILNES ROAD","CHURCH STREET",1000.00,W,N,A,-,N,,,,,,,,,,Y,4,0,1,1,A,-,08,22107,,N,E,I,A,A,H,-,A,D,0,,,,,Y,,A,07,0,0,1,0,0,0,0,0,0,"- ","- ",37.681720733642578,-120.90309143066406,STANISLAUS,UNINCORPORATED,-120.90196228027344,37.681766510009766
91085894,2019,2019-09-27,9465,2019-09-22,1855,021066,,7,2,9,5000,0,3,5,,2,020,"CLARIBEL ROAD","LANGWORTH ROAD",0.00,,Y,A,-,N,,,,,,,,,,Y,3,0,2,2,A,-,01,23152,A,N,D,C,A,A,H,-,B,A,0,,,,,Y,Y,A,01,0,1,1,0,0,0,0,0,0,"- ","- ",37.711021423339844,-120.89395141601562,STANISLAUS,UNINCORPORATED,-120.89398193359375,37.711021423339844
91086490,2019,2019-09-30,9465,2019-09-20,1845,021337,,5,2,9,5000,0,2,4,,2,043,"W MAIN AVE","CARPENTER ROAD",0.00,,Y,A,-,N,,,,,,,,,,Y,4,0,1,2,A,-,09,21800,A,N,D,C,A,A,H,-,A,A,0,,,,,Y,,-,"- ",0,0,1,0,0,0,0,0,0,"- ","- ",37.493278503417969,-121.03092956542969,STANISLAUS,UNINCORPORATED,-121.0308837890625,37.493289947509766
91087753,2019,2019-10-01,9465,2019-09-24,1520,018274,,2,2,9,5000,0,1,3,,2,011,"STATE ROUTE 99 (SOUTHBOUND)","CARPENTER ROAD",2640.00,S,N,A,-,Y,,,99,,,,,,,Y,4,0,1,4,A,-,03,22350,,N,C,C,A,A,H,-,A,D,0,,,,,Y,,A,01,0,0,1,0,0,0,0,0,0,"- ","- ",37.659049987792969,-121.02601623535156,STANISLAUS,UNINCORPORATED,-121.02610015869141,37.659049987792969
91088259,2019,2019-10-01,9465,2019-10-01,0622,018222,,2,1,9,5000,0,3,5,,2,010,"MCHENRY AVENUE","LADD ROAD",105.00,S,N,A,-,N,,,,,,,,,,Y,3,0,2,2,A,-,03,22350,,N,C,C,A,A,H,-,D,A,0,,,,,Y,,A,01,0,1,1,0,0,0,0,0,0,"- ","- ",37.732460021972656,-120.9952392578125,STANISLAUS,UNINCORPORATED,-120.9952392578125,37.732490539550781
91089205,2019,2019-10-02,9465,2019-09-30,0710,015398,,1,1,9,5000,0,1,3,,1,031,"SR-132 (YOSEMITE BLVD.)","HOPPER RD.",402.00,W,N,A,-,Y,,,132,,,,,,,Y,4,0,1,2,A,-,09,21804,A,N,D,C,A,A,H,-,B,D,0,,,,,Y,,D,22,0,0,1,0,0,0,0,0,0,"- ","- ",37.638759613037109,-120.830810546875,STANISLAUS,UNINCORPORATED,-120.830810546875,37.638729095458984
91089516,2019,2019-10-03,9465,2019-09-18,0240,019152,,3,3,9,5000,0,1,3,,2,012,"STATE ROUTE 132","GATES RD.",15576.00,W,N,A,-,Y,,,132,,,,,,,Y,4,0,1,1,C,-,18,,,N,E,A,A,A,B,-,D,D,0,,,,,Y,,-,"- ",0,0,1,0,0,0,0,0,0,"- ","- ",37.637901306152344,-121.21282958984375,STANISLAUS,UNINCORPORATED,-121.21278381347656,37.638015747070312
91093676,2019,2019-10-09,9465,2019-09-30,1245,015398,,1,1,9,5000,0,2,4,,2,034,"GEER RD.","FOX RD.",700.00,S,N,A,-,N,,,,,,,,,,Y,4,0,1,3,A,-,03,22350,,N,C,C,A,A,H,-,A,D,0,,,,Y,Y,,F,27,0,0,1,0,0,0,0,0,0,"- ","- ",37.599979400634766,-120.84726715087891,STANISLAUS,UNINCORPORATED,-120.84730529785156,37.599979400634766
91094413,2019,2019-10-10,9465,2019-10-02,1350,021022,,3,1,9,5000,0,3,5,,2,050,"INTERSTATE 5 NORTHBOUND","STUHR ROAD",10560.00,N,N,A,-,Y,,,5,,,,,,N,Y,4,0,1,1,A,-,08,22107,,N,F,A,A,A,H,-,A,D,0,,,,,Y,,D,22,0,0,1,0,0,0,0,0,0,"- ","- ",37.357608795166016,-121.1202392578125,STANISLAUS,UNINCORPORATED,-121.12030029296875,37.357589721679688
91097008,2019,2019-10-14,9465,2019-10-08,0735,020912,,2,1,4,5001,0,1,3,,2,041,"SR-99 N/B","PINE STREET OVER-CROSSING",250.00,S,N,A,-,Y,,,99,,,,,,N,Y,4,0,1,2,A,-,03,22350,,N,C,C,A,A,H,-,A,D,0,,,Y,,Y,,C,02,0,0,1,0,0,0,0,0,1,"- ","- ",37.587421417236328,-120.95220947265625,STANISLAUS,CERES,-120.95216369628906,37.587474822998047
91099528,2019,2020-02-21,9465,2019-10-04,1040,019517,,5,1,9,5000,0,1,3,,2,011,"SR-99 NB","BECKWITH ROAD",4752.00,S,N,A,-,Y,,,99,,,,,,N,Y,3,0,1,3,A,-,17,23114,A,N,C,C,A,A,H,-,A,D,0,,,,Y,Y,,D,22,0,1,0,0,0,0,0,0,0,"- ","- ",37.674739837646484,-121.04302978515625,STANISLAUS,UNINCORPORATED,-121.04308319091797,37.6746826171875
91102597,2019,2019-10-22,9465,2019-10-20,0121,020914,,7,3,9,5000,0,1,3,,1,032,"STATE ROUTE 132","SKYLINE BLVD",3696.00,E,N,A,-,Y,,,132,,,,,,,Y,4,0,1,1,A,-,01,23152,F,N,E,J,A,A,H,-,D,D,0,,,,,Y,,A,01,0,0,1,0,0,0,0,0,0,"- ","- ",37.641109466552734,-120.72737121582031,STANISLAUS,UNINCORPORATED,-120.72736358642578,37.641063690185547
91105313,2019,2019-10-24,9465,2019-10-13,1652,021770,,7,2,9,5000,0,3,5,,2,030,"LUCINDA AVENUE","10TH STREET",25.00,E,N,A,-,N,,,,,,,,,,Y,4,0,1,2,A,-,08,22107,,N,B,E,A,A,H,-,A,A,0,,,,,Y,Y,A,07,0,0,1,0,0,0,0,0,0,"- ","- ",37.558479309082031,-120.91072845458984,STANISLAUS,UNINCORPORATED,-120.91093444824219,37.558540344238281
91106997,2019,2019-10-25,9465,2019-10-23,0815,018844,,3,1,9,5000,0,1,3,,2,041,"SR-99 S/B","ZEFF ROAD",196.00,S,N,A,-,Y,,,99,,,,,,S,Y,4,0,1,2,A,-,04,21703,,N,C,C,A,A,H,-,A,D,0,,,,,Y,,A,01,0,0,1,0,0,0,0,0,0,"- ","- ",37.623661041259766,-120.99624633789062,STANISLAUS,UNINCORPORATED,-120.99620056152344,37.623672485351562
91109198,2019,2019-10-29,9465,2019-10-18,0205,018623,,5,3,6,5002,0,1,3,,2,011,"SR-99 SOUTHBOUND","G STREET",125.00,N,N,A,-,Y,,,99,,,,,,S,Y,3,0,2,2,A,-,01,23152,A,M,C,C,A,A,H,-,A,D,0,,,,,Y,Y,A,01,0,1,1,0,0,0,0,0,0,"- ","- ",37.634700775146484,-121.00138092041016,STANISLAUS,MODESTO,-121.00150299072266,37.634552001953125
91113690,2019,2019-11-05,9465,2019-10-26,1400,021368,,6,2,9,5000,0,3,5,,2,050,"DEL PUERTO CANYON ROAD",I-5,12091.00,W,N,A,-,N,,,,,,,,,,Y,3,0,1,1,A,-,08,22107,,N,F,J,A,A,H,-,A,D,0,,,Y,,Y,,C,02,0,1,0,0,0,0,0,0,1,"- ","- ",37.472278594970703,-121.24050140380859,STANISLAUS,UNINCORPORATED,,
91117336,2019,2019-11-11,9465,2019-10-27,1853,021770,,7,2,9,5000,0,1,1,,2,056,"I-5 N/B","SHIELLS ROAD",8448.00,S,N,A,-,Y,,,5,,,,,,N,Y,4,0,3,3,A,-,07,21658,A,N,B,C,A,A,H,-,B,D,0,,,,,Y,,A,01,0,0,3,0,0,0,0,0,0,"- ","- ",37.280998229980469,-121.09761810302734,STANISLAUS,UNINCORPORATED,-121.09765625,37.280990600585938
91118057,2019,2019-11-12,9465,2019-11-01,1641,020912,,5,2,9,5000,0,1,3,,2,021,SR-120,"26 MILE ROAD",205.00,E,N,A,-,Y,,,120,,,,,,,Y,4,0,1,2,A,-,01,23152,A,N,C,C,A,A,H,-,A,D,0,,,,,Y,Y,A,01,0,0,1,0,0,0,0,0,0,"- ","- ",37.788150787353516,-120.86341857910156,STANISLAUS,UNINCORPORATED,-120.86341094970703,37.788162231445312
91118571,2019,2019-11-12,9465,2019-11-03,1230,021337,,7,1,9,5000,0,3,5,,2,040,"GRAYSON ROAD","VIVIAN ROAD",0.00,,Y,A,-,N,,,,,,,,,,Y,3,0,7,2,A,-,09,21802,A,N,D,C,A,A,H,-,A,D,0,,,,,Y,Y,A,07,0,2,5,0,0,0,0,0,0,"- ","- ",37.656959533691406,-121.04850769042969,STANISLAUS,UNINCORPORATED,-121.0484619140625,37.565959930419922
91119015,2019,2019-11-13,9465,2019-11-04,1524,018274,,1,2,9,5000,0,3,5,,2,050,"LOCUST AVENUE","POMELO AVENUE",0.00,,Y,A,-,N,,,,,,,,,,Y,3,0,2,2,A,-,12,22450,A,N,D,C,A,A,H,-,A,A,0,,,,,Y,,A,01,0,2,0,0,0,0,0,0,0,"- ","- ",37.449050903320312,-121.10620880126953,STANISLAUS,UNINCORPORATED,-121.10623931884766,37.449039459228516
9112326,2020,2020-09-15,5002,2020-06-06,1850,13286,M168,6,5,6,5002,0,0,0,,0,061,"MCDONALD AV","POUST RD",0.00,,Y,A,G,N,,,,,,,,,,Y,3,0,1,1,A,-,03,22350,A,M,E,I,A,A,H,-,A,D,0,,,,,Y,,A,01,0,1,0,0,0,0,0,0,0,"- ","- ",,,STANISLAUS,MODESTO,-121.04490661621094,37.663928985595703
9112403,2020,2020-08-20,5002,2020-06-01,2035,13042,M134,1,5,6,5002,0,0,0,,0,073,"OAKDALE RD","CLARATINA AV",0.00,,Y,A,-,N,,,,,,,,,,Y,3,0,2,2,A,-,09,21801,A,N,A,C,A,A,H,-,B,D,0,,,,,Y,,A,01,0,2,0,0,0,0,0,0,0,"- ","- ",,,STANISLAUS,MODESTO,-120.95816802978516,37.699821472167969
9112465,2020,2020-08-19,5002,2020-06-05,1953,11740,M717,5,5,6,5002,0,0,0,,0,032,"PARADISE RD","SUTTER AV",163.00,W,N,A,-,N,,,,,,,,,,N,3,0,1,2,A,-,11,21954,A,N,G,B,D,A,H,-,A,D,0,Y,,,,Y,,N,60,0,1,0,0,1,0,0,0,0,"- ","- ",,,STANISLAUS,MODESTO,-121.01227569580078,37.627525329589844
9112467,2020,2020-08-19,5002,2020-06-06,1206,11765,99,6,5,6,5002,0,0,0,,0,073,"CLAUS RD","SANTA FE AV",0.00,,Y,A,-,N,,,,,,,,,,Y,3,0,2,2,A,-,03,22350,,N,C,C,A,A,H,-,A,A,0,,,,,Y,,-,,0,2,0,0,0,0,0,0,0,"- ","- ",,,STANISLAUS,MODESTO,-120.92157745361328,37.692241668701172
9112468,2020,2020-08-19,5002,2020-06-07,1029,13252,M024,7,5,6,5002,0,0,0,,0,MP62,"SISK RD","PLAZA PKWY",342.00,S,N,A,-,N,,,,,,,,,,N,3,0,1,2,A,-,09,21804,A,N,D,D,A,A,H,-,A,D,0,,,,,Y,,-,,0,1,0,0,0,0,0,0,0,"- ","- ",,,STANISLAUS,MODESTO,-121.03752136230469,37.670421600341797
91125083,2019,2019-11-20,9465,2019-11-11,1505,020912,,1,2,9,5000,0,1,3,,2,012,SR-132,"DAKOTA AVENUE",0.00,,Y,A,-,Y,,,132,,,,,,,Y,4,0,1,2,A,-,09,21802,A,N,D,C,A,A,H,-,A,A,0,,,,,Y,,A,01,0,0,1,0,0,0,0,0,0,"- ","- ",37.638278961181641,-121.06732177734375,STANISLAUS,UNINCORPORATED,-121.06732177734375,37.638229370117188
9112548,2020,2020-11-06,5002,2020-05-16,1319,13110,M210,6,5,6,5002,0,0,0,,0,071,"EL VISTA","SCENIC DR",84.00,S,N,A,-,N,,,,,,,,,,Y,3,0,4,2,A,-,03,22350,A,N,C,C,A,A,H,-,A,A,0,,,,,Y,,A,,0,4,0,0,0,0,0,0,0,"- ","- ",,,STANISLAUS,MODESTO,-120.95738220214844,37.652839660644531
9112559,2020,2020-12-01,5002,2020-05-20,1708,11621,",180",3,5,6,5002,0,0,0,,0,MP61,"NORTH CARPENTER RD","RT 99",0.00,,Y,A,-,Y,STA,10,99,-,M,18.376,R,4,N,N,2,0,1,2,A,-,09,21453,C,N,D,C,A,A,H,-,A,A,0,,,,,Y,,A,07,1,0,0,0,0,0,0,0,0,"- ",NF,,,STANISLAUS,MODESTO,-121.02938842773438,37.664875030517578
91128929,2019,2019-11-25,9465,2019-11-15,1715,018274,,5,2,9,5000,0,1,3,,2,015,"STATE ROUTE 219 (KIERNAN AVENUE)","STODDARD ROAD",350.00,E,N,B,-,Y,,,219,,,,,,,N,4,0,1,2,A,-,03,22350,,N,C,C,A,A,H,-,D,D,0,,,,,Y,,D,22,0,0,1,0,0,0,0,0,0,"- ","- ",37.711280822753906,-121.06707763671875,STANISLAUS,UNINCORPORATED,-121.06707763671875,37.711067199707031
91129330,2019,2019-11-25,9465,2019-11-20,0645,018222,,3,1,9,5000,0,3,5,,2,050,"BALDWIN ROAD","KEYSTONE PACIFIC PARKWAY",2288.00,N,N,A,-,N,,,,,,,,,,Y,3,0,1,1,A,-,08,22107,,N,E,I,A,A,H,-,D,D,0,,,,,Y,,A,01,0,1,0,0,0,0,0,0,0,"- ","- ",37.482490539550781,-121.15898132324219,STANISLAUS,UNINCORPORATED,-121.15916442871094,37.475292205810547
91129478,2019,2019-11-25,9465,2019-11-22,1740,021066,,5,2,5,5007,0,1,3,,2,041,"SR-99 (N/B)","MONTE VISTA AVENUE",200.00,S,N,A,-,Y,,,99,,,,,,,Y,4,0,1,3,A,-,03,22350,,N,C,C,A,A,H,-,D,D,0,,,,,Y,,A,01,0,0,1,0,0,0,0,0,0,"- ","- ",37.521289825439453,-120.88517761230469,STANISLAUS,TURLOCK,-120.8851318359375,37.521316528320312
91129789,2019,2019-11-26,9465,2019-11-23,0600,018844,,6,1,9,5000,0,3,5,,2,020,"VALLEY HOME ROAD","FREELOVE ROAD",738.00,S,N,A,-,N,,,,,,,,,,Y,3,0,1,2,A,-,21,22106,,F,D,C,A,A,H,-,D,D,0,,,Y,,Y,,C,02,0,1,0,0,0,0,0,0,1,"- ","- ",37.821540832519531,-120.90364074707031,STANISLAUS,UNINCORPORATED,-120.90392303466797,37.821739196777344
91131329,2019,2019-11-27,9465,2019-11-17,1300,020833,,7,1,9,5000,0,3,5,,2,030,"LAKE ROAD","KOOYMAN ST.",1500.00,W,N,A,-,N,,,,,,,,,,Y,2,0,1,1,A,-,03,22350,,N,F,A,A,A,H,-,A,D,0,,,Y,,Y,,C,02,1,0,0,0,0,0,0,0,1,"- ","- ",37.619960784912109,-120.68736267089844,STANISLAUS,UNINCORPORATED,-120.687196,37.620021000000001
91133966,2019,2019-12-03,9465,2019-11-24,0900,019155,,7,1,9,5000,0,1,3,,2,041,"STATE ROUTE 99 (NORTHBOUND)","WEST MAIN ST",1320.00,N,N,A,-,Y,,,,,,,,,,Y,2,0,1,2,A,-,03,22350,,N,C,C,A,A,H,-,A,D,0,,,,,Y,,A,01,1,0,0,0,0,0,0,0,0,"- ","- ",37.495948791503906,-120.87148284912109,STANISLAUS,UNINCORPORATED,-120.87198638916016,37.496059417724609
91138029,2019,2019-12-06,9465,2019-09-18,1735,019376,,3,2,9,5000,0,3,5,,2,010,"S. CARPENTER ROAD","PARADISE ROAD",250.00,N,N,A,-,N,,,,,,,,,,N,3,0,1,2,A,-,03,22350,,N,B,C,A,A,H,-,A,D,0,,Y,,,Y,,-,"- ",0,1,0,0,0,0,1,0,0,"- ","- ",37.617359161376953,-121.03040313720703,STANISLAUS,UNINCORPORATED,-121.03038787841797,37.617168426513672
91138138,2019,2019-12-06,9465,2019-11-27,0945,018059,,3,1,9,5000,0,3,5,,2,020,"MILTON ROAD","DUNTON ROAD",4500.00,N,N,B,C,N,,,,,,,,,,Y,3,0,2,1,A,-,08,22107,,N,F,A,A,B,H,-,A,D,0,,,,,Y,,D,22,0,1,1,0,0,0,0,0,0,"- ","- ",37.928138732910156,-120.84454345703125,STANISLAUS,UNINCORPORATED,-120.84483337402344,37.927848815917969
91144613,2019,2019-12-16,9465,2019-12-06,1707,020985,,5,2,9,5000,0,3,5,,2,010,"CARPENTER ROAD","PARADISE ROAD",100.00,N,N,A,-,N,,,,,,,,,,Y,4,0,1,3,A,-,03,22350,,N,C,C,A,A,H,-,D,D,0,,,,,Y,,A,01,0,0,1,0,0,0,0,0,0,"- ","- ",37.617561340332031,-121.03038787841797,STANISLAUS,UNINCORPORATED,-121.03038787841797,37.616756439208984
91146048,2019,2020-01-13,9465,2019-12-09,1900,020985,,1,2,9,5000,0,2,4,,2,043,"WEST MAIN STREET","JENNINGS ROAD",4224.00,E,N,A,-,N,,,,,,,,,,Y,4,0,1,2,A,-,05,21460,A,N,B,C,A,A,H,-,D,D,0,,,,,Y,,D,22,0,0,1,0,0,0,0,0,0,"- ","- ",37.493259429931641,-121.05320739746094,STANISLAUS,UNINCORPORATED,-121.05322265625,37.493309020996094
91155252,2019,2019-12-30,9465,2019-12-19,1721,018274,,4,2,9,5000,0,3,5,,2,010,"MCHENRY AVENUE","HOGUE ROAD",322.00,S,N,B,-,N,,,,,,,,,,Y,4,0,2,3,A,-,03,22350,,N,C,C,A,A,H,-,D,D,0,,,,,Y,,A,01,0,0,2,0,0,0,0,0,0,"- ","- ",37.747219085693359,-120.99555969238281,STANISLAUS,UNINCORPORATED,-120.99552917480469,37.747276306152344
91155412,2019,2019-12-30,9465,2019-12-23,0110,021783,,1,3,9,5000,0,3,5,,2,040,"GRAYSON ROAD","SHILOH ROAD",203.00,E,N,A,-,N,,,,,,,,,,Y,3,0,1,1,A,-,01,23152,A,N,F,I,A,B,H,-,D,D,0,,,,,Y,Y,A,01,0,1,0,0,0,0,0,0,0,"- ","- ",37.564460754394531,-121.13971710205078,STANISLAUS,UNINCORPORATED,-121.14003753662109,37.564239501953125
91156796,2019,2019-12-31,9465,2019-12-20,0154,021226,,5,3,9,5000,0,3,5,,2,030,"RIVERSIDE DRIVE","MITCHELL ROAD",0.00,,Y,A,-,N,,,,,,,,,,Y,2,0,2,1,A,-,01,23152,A,N,E,I,A,A,H,-,C,D,0,,,,,Y,Y,A,01,1,0,1,0,0,0,0,0,0,"- ","- ",37.625370025634766,-120.94776153564453,STANISLAUS,UNINCORPORATED,-120.94815063476562,37.625659942626953
91157617,2019,2020-01-02,9465,2019-12-25,1600,020609,,3,2,9,5000,0,1,3,,2,015,"STATE ROUTE 219 (KIERNAN AVENUE)","COFFEE ROAD",1056.00,W,N,A,-,Y,,,,,,,,,,Y,4,0,1,1,A,-,08,22107,,N,E,J,A,A,H,-,A,D,0,,,,,Y,,A,01,0,0,1,0,0,0,0,0,0,"- ","- ",37.710868835449219,-120.98439025878906,STANISLAUS,UNINCORPORATED,,
91157804,2019,2020-01-02,9465,2019-12-20,0721,017558,,5,1,9,5000,0,3,5,,2,020,"SIERRA ROAD","WREN ROAD",0.00,,Y,A,-,N,,,,,,,,,,Y,2,0,3,2,A,-,09,21802,A,N,D,C,A,A,H,-,A,D,0,,,,,Y,,D,22,1,0,2,0,0,0,0,0,0,"- ","- ",37.761859893798828,-120.80708312988281,STANISLAUS,UNINCORPORATED,-120.80708312988281,37.761878967285156
91161331,2019,2020-01-08,9465,2019-12-28,0210,021783,,6,3,9,5000,0,1,3,,2,053,"STATE ROUTE 33","FOURTH STREET",500.00,N,N,A,-,Y,,,33,,,,,,,Y,3,0,1,1,A,-,01,23152,A,N,F,A,A,A,H,-,C,D,0,,,,,Y,Y,A,01,0,1,0,0,0,0,0,0,0,"- ","- ",37.397171020507812,-121.07479095458984,STANISLAUS,UNINCORPORATED,-121.07484436035156,37.397125244140625
9116372,2020,2020-10-19,5002,2020-06-15,1726,13229,MO13,1,5,6,5002,0,0,0,,0,063,"STANDIFORD AV","SHAWNEE DR",0.00,,Y,A,-,N,,,,,,,,,,Y,3,0,2,2,A,-,12,21453,A,N,D,C,A,A,H,-,A,A,0,,,,,Y,,-,,0,1,1,0,0,0,0,0,0,"- ","- ",,,STANISLAUS,MODESTO,-121.02658843994141,37.689521789550781
91166000,2020,2020-01-15,9465,2020-01-05,2108,018410,,7,2,9,5000,0,1,3,,2,015,"STATE ROUTE 219 (KIERNAN AVENUE)","STODDARD ROAD",35.00,E,N,A,-,Y,,,219,,,,,,,N,3,0,1,1,A,-,08,22107,,N,F,A,A,A,B,-,C,A,0,,,Y,,Y,,C,02,0,1,0,0,0,0,0,0,1,"- ","- ",37.710948944091797,-121.06828308105469,STANISLAUS,UNINCORPORATED,-121.06828308105469,37.711055755615234
91169253,2020,2020-01-21,9465,2020-01-17,0900,019730,,5,1,9,5000,0,1,3,,2,041,"STATE ROUTE 99 (NORTHBOUND)","HATCH ROAD",1056.00,N,N,B,-,Y,,,99,,,,,,,N,4,0,1,2,A,-,03,22350,,N,C,C,A,A,H,-,A,D,0,,,,,Y,,A,01,0,0,1,0,0,0,0,0,0,"- ","- ",37.611858367919922,-120.97892761230469,STANISLAUS,UNINCORPORATED,-120.9788818359375,37.611900329589844
91173236,2020,2020-01-24,9465,2020-01-23,0605,018222,,4,1,9,5000,0,3,5,,2,050,"GAFFERY ROAD","KOSTER ROAD",13.00,E,N,A,-,N,,,,,,,,,,Y,2,0,3,2,A,-,09,21800,B,N,D,C,A,A,H,-,D,D,0,,,,,Y,,D,22,3,0,0,0,0,0,0,0,0,"- ","- ",37.594570159912109,-121.32396697998047,STANISLAUS,UNINCORPORATED,-121.32393646240234,37.594570159912109
91175412,2020,2020-02-10,9465,2020-01-25,2015,021337,,6,2,4,5001,0,1,3,,2,041,"SR-99 N/B","WHITMORE AVENUE",380.00,S,N,B,-,Y,,,99,,,,,,N,Y,2,0,4,2,A,-,01,23152,A,F,B,C,A,A,H,-,C,D,0,,,,,Y,Y,D,22,2,0,2,0,0,0,0,0,0,"- ","- ",37.587718963623047,-120.95182037353516,STANISLAUS,CERES,-120.95208740234375,37.587413787841797
91175750,2020,2020-01-29,9465,2020-01-24,2108,021235,,5,2,9,5000,0,3,5,,2,030,"TIM BELL ROAD","HAZELDEAN ROAD",2300.00,W,N,A,-,N,,,,,,,,,,Y,4,0,1,1,C,-,18,,,N,H,H,A,A,H,-,D,D,0,,,,,Y,,-,"- ",0,0,1,0,0,0,0,0,0,"- ","- ",37.670940399169922,-120.70926666259766,STANISLAUS,UNINCORPORATED,-120.709228515625,37.670917510986328
9117733,2020,2020-09-04,5001,2020-06-24,0854,818,C004,3,5,4,5001,0,0,0,,0,005,"PARK AV","7TH ST",144.00,E,N,A,-,N,,,,,,,,,,Y,3,0,2,2,A,-,08,22107,,N,D,C,A,A,H,-,A,D,0,,,,,Y,,A,01,0,1,1,0,0,0,0,0,0,"- ","- ",37.588600158691406,-120.94982147216797,STANISLAUS,CERES,-120.9493408203125,37.588588714599609
91179559,2020,2020-02-04,9465,2020-01-26,0452,021062,,7,3,9,5000,0,3,5,,2,050,"GRAYSON ROAD","COX AVENUE",2640.00,E,N,C,-,N,,,,,,,,,,Y,2,0,3,3,A,-,01,23152,A,N,B,C,A,B,H,-,D,D,0,,,,,Y,Y,A,01,1,1,1,0,0,0,0,0,0,"- ","- ",37.565330505371094,-121.169921875,STANISLAUS,UNINCORPORATED,-121.17081451416016,37.565189361572266
91182207,2020,2020-02-07,9465,2020-02-05,1805,020609,,3,2,9,5000,0,3,5,,2,010,"PIRRONE ROAD","GATEWAY DRIVE",0.00,,Y,A,-,N,,,,,,,,,,Y,4,0,2,2,A,-,09,21801,A,N,A,C,A,A,H,-,C,D,0,,,,,Y,,A,07,0,0,2,0,0,0,0,0,0,"- ","- ",37.7218017578125,-121.09906005859375,STANISLAUS,UNINCORPORATED,-121.09906768798828,37.7218017578125
91183701,2019,2020-02-10,9465,2019-12-25,0847,018259,,3,1,9,5000,0,2,4,,2,058,"LAS PALMAS AVENUE","CHESTNUT AVENUE",740.00,E,N,B,-,N,,,,,,,,,,Y,1,1,0,1,A,-,01,23152,A,N,E,I,A,B,H,-,A,D,0,,,,,Y,Y,D,22,0,0,0,0,0,0,0,0,0,"- ","- ",37.484210968017578,-121.10238647460938,STANISLAUS,UNINCORPORATED,-121.10250854492188,37.4842529296875
9118809,2020,2020-09-15,5002,2020-06-30,1240,11531,M264,2,5,6,5002,0,0,0,,0,MP81,"SCENIC DR","BODEM ST",591.00,E,N,A,-,N,,,,,,,,,,,3,0,1,1,A,-,"- ",,,N,H,A,A,A,H,-,A,D,0,,Y,,,Y,Y,L,04,0,1,0,0,0,0,1,0,0,"- ","- ",,,STANISLAUS,MODESTO,-120.98341369628906,37.647251129150391
9118817,2020,2020-09-02,5002,2020-06-20,1430,13068,,6,5,6,5002,0,0,0,,0,062,"BRIGGSMORE AV","PRESCOTT RD",0.00,,Y,A,-,N,,,,,,,,,,Y,4,0,1,2,A,-,01,23152,,N,B,C,A,A,H,-,A,A,0,,,,,Y,Y,A,,0,0,1,0,0,0,0,0,0,"- ","- ",,,STANISLAUS,MODESTO,-121.03063201904297,37.669960021972656
91188926,2020,2020-02-19,9465,2020-02-05,0615,017966,,3,1,9,5000,0,3,5,,2,010,"FINNEY ROAD","WASHINGTON STREET",300.00,S,N,B,-,N,,,,,,,,,,Y,4,0,1,2,A,-,08,22107,,N,C,E,A,A,H,-,C,D,0,,,,,Y,,A,01,0,0,1,0,0,0,0,0,0,"- ","- ",37.702789306640625,-121.08663177490234,STANISLAUS,UNINCORPORATED,-121.08662414550781,37.702285766601562