CASE_ID,ACCIDENT_YEAR,PROC_DATE,JURIS,COLLISION_DATE,COLLISION_TIME,OFFICER_ID,REPORTING_DISTRICT,DAY_OF_WEEK,CHP_SHIFT,POPULATION,CNTY_CITY_LOC,SPECIAL_COND,BEAT_TYPE,CHP_BEAT_TYPE,CITY_DIVISION_LAPD,CHP_BEAT_CLASS,BEAT_NUMBER,PRIMARY_RD,SECONDARY_RD,DISTANCE,DIRECTION,INTERSECTION,WEATHER_1,WEATHER_2,STATE_HWY_IND,CALTRANS_COUNTY,CALTRANS_DISTRICT,STATE_ROUTE,ROUTE_SUFFIX,POSTMILE_PREFIX,POSTMILE,LOCATION_TYPE,RAMP_INTERSECTION,SIDE_OF_HWY,TOW_AWAY,COLLISION_SEVERITY,NUMBER_KILLED,NUMBER_INJURED,PARTY_COUNT,PRIMARY_COLL_FACTOR,PCF_CODE_OF_VIOL,PCF_VIOL_CATEGORY,PCF_VIOLATION,PCF_VIOL_SUBSECTION,HIT_AND_RUN,TYPE_OF_COLLISION,MVIW,PED_ACTION,ROAD_SURFACE,ROAD_COND_1,ROAD_COND_2,LIGHTING,CONTROL_DEVICE,CHP_ROAD_TYPE,PEDESTRIAN_ACCIDENT,BICYCLE_ACCIDENT,MOTORCYCLE_ACCIDENT,TRUCK_ACCIDENT,NOT_PRIVATE_PROPERTY,ALCOHOL_INVOLVED,STWD_VEHTYPE_AT_FAULT,CHP_VEHTYPE_AT_FAULT,COUNT_SEVERE_INJ,COUNT_VISIBLE_INJ,COUNT_COMPLAINT_PAIN,COUNT_PED_KILLED,COUNT_PED_INJURED,COUNT_BICYCLIST_KILLED,COUNT_BICYCLIST_INJURED,COUNT_MC_KILLED,COUNT_MC_INJURED,PRIMARY_RAMP,SECONDARY_RAMP,LATITUDE,LONGITUDE,COUNTY,CITY,POINT_X,POINT_Y
91369280,2020,2020-12-17,9465,2020-12-14,1620,020885,,1,2,9,5000,0,1,3,,2,012,"SR-132 E/B","HART RD",2006.00,W,N,A,-,Y,,,132,,,,,,E,Y,4,0,1,2,A,-,03,22350,,N,C,C,A,A,H,-,B,D,0,,,,,Y,,A,01,0,0,1,0,0,0,0,0,0,"- ","- ",37.637828826904297,-121.1292724609375,STANISLAUS,UNINCORPORATED,-121.1292724609375,37.637863159179688
91372270,2020,2020-12-21,9465,2020-12-10,0105,021239,,4,3,9,5000,0,3,5,,2,040,"CARPENTER ROAD","HARDING ROAD",1150.00,S,N,A,-,N,,,,,,,,,,Y,4,0,1,1,A,-,01,23152,F,N,E,I,A,A,H,-,D,D,0,,,,,Y,,A,01,0,0,1,0,0,0,0,0,0,"- ","- ",37.460990905761719,-121.03131103515625,STANISLAUS,UNINCORPORATED,-121.031423,37.461074000000004
91374954,2020,2020-12-24,9465,2020-12-15,0613,018222,,2,1,9,5000,0,3,5,,2,030,"HICKMAN ROAD","KEYES ROAD",7425.00,N,N,E,-,N,,,,,,,,,,Y,2,0,2,2,A,-,09,21801,,N,D,C,A,B,H,-,D,D,0,,,,,Y,,D,22,1,1,0,0,0,0,0,0,0,"- ","- ",37.572040557861328,-120.75562286376953,STANISLAUS,UNINCORPORATED,-120.75554656982422,37.551151275634766
91375607,2020,2020-12-28,9465,2020-12-19,1655,020609,,6,2,9,5000,0,1,3,,2,011,"STATE ROUTE 99 (SOUTHBOUND)","WOODLAND AVENUE",2000.00,N,N,A,-,Y,,,99,,,,,,,Y,4,0,1,2,A,-,03,22350,,N,C,C,A,A,H,-,A,D,0,,,,,Y,,A,01,0,0,1,0,0,0,0,0,0,"- ","- ",37.656879425048828,-121.02590179443359,STANISLAUS,UNINCORPORATED,-121.02588653564453,37.656879425048828
91377722,2020,2020-12-30,9465,2020-12-14,0700,019730,,1,1,9,5000,0,3,5,,2,030,"GOLDEN STATE BLVD","DAUBENBERGER ROAD",0.00,,Y,A,-,N,,,,,,,,,,Y,3,0,1,2,A,-,12,22450,A,F,D,C,A,A,H,-,B,A,0,,,,,Y,,A,01,0,1,0,0,0,0,0,0,0,"- ","- ",37.471450805664062,-120.82118225097656,STANISLAUS,UNINCORPORATED,-120.82112884521484,37.471450805664062
91378143,2020,2020-12-30,9465,2020-12-25,1833,019713,,5,2,9,5000,0,1,1,,2,055,"INTERSTATE 5 (SOUTHBOUND)","KHALSA ROAD UNDERCROSSING",1995.00,N,N,A,-,Y,,,5,,,,,,,Y,3,0,2,2,A,-,03,22350,,N,C,C,A,A,H,-,D,D,0,,,,,Y,,D,22,0,2,0,0,0,0,0,0,0,"- ","- ",37.569419860839844,-121.30596160888672,STANISLAUS,UNINCORPORATED,-121.30598449707031,37.569389343261719
91378555,2020,2020-12-31,9465,2020-12-19,0855,020245,,6,1,9,5000,0,2,4,,2,026,"CLARIBEL ROAD","ROSELLE AVENUE",1848.00,W,N,E,-,N,,,,,,,,,,Y,3,0,1,2,A,-,09,21801,A,N,A,C,A,B,H,-,A,D,0,,,,,Y,,A,01,0,1,0,0,0,0,0,0,0,"- ","- ",37.710559844970703,-120.94660186767578,STANISLAUS,UNINCORPORATED,-120.94640350341797,37.710491180419922
91380791,2020,2021-01-05,9465,2020-12-22,1530,017966,,2,2,9,5000,0,3,5,,2,030,"7TH STREET","ZEFF ROAD",50.00,S,N,A,-,N,,,,,,,,,,Y,4,0,1,2,A,-,04,21703,,N,C,C,A,A,H,-,A,D,0,,,,,Y,,A,01,0,0,1,0,0,0,0,0,0,"- ","- ",37.625858306884766,-120.99343109130859,STANISLAUS,UNINCORPORATED,-120.99346160888672,37.625938415527344
91384348,2021,2021-01-08,9465,2021-01-05,1630,021022,,2,2,9,5000,0,1,3,,1,032,SR-132,"C STREET",0.00,,Y,A,-,Y,,,132,,,,,,,N,4,0,1,1,A,-,03,22350,,N,F,A,A,A,H,-,A,D,0,,,Y,,Y,,C,02,0,0,1,0,0,0,0,0,1,"- ","- ",37.638210296630859,-120.90582275390625,STANISLAUS,UNINCORPORATED,-120.90582275390625,37.638259887695312
91384725,2021,2021-01-11,9465,2021-01-01,0110,021239,,5,3,9,5000,0,3,5,,2,030,"SOUTH 9TH STREET","HOSMER AVENUE",8.00,S,N,A,-,N,,,,,,,,,,Y,4,0,1,1,A,-,01,23152,A,N,E,J,A,A,H,-,C,D,0,,,,,Y,Y,A,01,0,0,1,0,0,0,0,0,0,"- ","- ",37.622711181640625,-120.98612213134766,STANISLAUS,UNINCORPORATED,-120.98610687255859,37.622798919677734
91387346,2021,2021-01-14,9465,2021-01-03,1610,021239,,7,2,9,5000,0,3,5,,2,010,"CARPENTER ROAD","PARADISE ROAD",345.00,S,N,A,-,N,,,,,,,,,,Y,4,0,1,1,C,-,18,,,N,E,J,A,A,H,-,A,D,0,,,,,Y,,-,"- ",0,0,1,0,0,0,0,0,0,"- ","- ",37.615459442138672,-121.03034210205078,STANISLAUS,UNINCORPORATED,-121.03037261962891,37.615531921386719
91388722,2021,2021-01-18,9465,2021-01-10,1730,021239,,7,2,9,5000,0,3,5,,2,030,"SONORA AVENUE","AVON STREET",160.00,E,N,A,-,N,,,,,,,,,,Y,2,0,1,4,A,-,01,23152,A,N,B,C,A,A,H,-,C,D,0,,,,,Y,Y,A,01,1,0,0,0,0,0,0,0,0,"- ","- ",37.620250701904297,-120.97862243652344,STANISLAUS,UNINCORPORATED,-120.97870635986328,37.620246887207031
91389004,2021,2021-01-18,9465,2021-01-05,1234,019517,,2,1,9,5000,0,3,5,,2,040,"PRAIRIE FLOWER ROAD","W. MAIN STREET",0.00,,Y,A,-,N,,,,,,,,,,Y,3,0,3,2,A,-,09,21802,A,N,D,C,A,A,H,-,A,D,0,,,,,Y,,J,48,0,1,2,0,0,0,0,0,0,"- ","- ",37.492660522460938,-120.93093109130859,STANISLAUS,UNINCORPORATED,-120.93099212646484,37.49267578125
91390450,2021,2021-01-19,9465,2021-01-09,1818,020575,,6,2,9,5000,0,3,5,,2,040,"CENTRAL AVENUE","WEST MAIN AVENUE",1056.00,N,N,A,-,N,,,,,,,,,,N,2,0,1,2,A,-,08,22107,,N,G,B,E,A,H,-,D,D,0,Y,,,,Y,Y,D,22,1,0,0,0,1,0,0,0,0,"- ","- ",37.496280670166016,-120.95841979980469,STANISLAUS,UNINCORPORATED,-120.95847320556641,37.495731353759766
91391206,2021,2021-01-20,9465,2021-01-16,0219,021783,,6,3,9,5000,0,1,3,,2,041,"STATE ROUTE 99 (NORTHBOUND)","CROWS LANDING ROAD",350.00,S,N,A,-,Y,,,99,,,,,,,Y,2,0,1,1,A,-,01,23152,A,N,F,A,A,A,H,-,D,D,0,,,,,Y,Y,A,01,1,0,0,0,0,0,0,0,0,"- ","- ",37.618400573730469,-120.99234008789062,STANISLAUS,UNINCORPORATED,-120.99246215820312,37.618167877197266
91391756,2021,2021-01-20,9465,2021-01-19,1550,018457,,2,2,9,5000,0,3,5,,2,030,"MITCHELL ROAD","STATE ROUTE 99",100.00,N,N,A,-,Y,,,,,,,,,,N,4,0,2,2,A,-,03,22350,,N,C,C,A,A,H,-,A,A,0,,,,,Y,,A,07,0,0,2,0,0,0,0,0,0,"- ","- ",37.576610565185547,-120.938720703125,STANISLAUS,UNINCORPORATED,-120.93875122070312,37.575996398925781
91393277,2021,2021-01-25,9465,2021-01-19,1719,018259,,2,2,9,5000,0,1,3,,2,011,"SR-99 SOUTHBOUND","WOODLAND AVENUE",1000.00,N,N,A,-,Y,,,99,,,,,,S,N,4,0,1,2,A,-,03,22350,,N,C,C,A,A,H,-,D,D,0,,,,,Y,,A,01,0,0,1,0,0,0,0,0,0,"- ","- ",37.655658721923828,-121.02600860595703,STANISLAUS,UNINCORPORATED,-121.02604675292969,37.655658721923828
91393636,2021,2021-01-25,9465,2021-01-24,1114,019376,,7,1,9,5000,0,3,5,,2,040,"HATCH ROAD","JIM WAY",10.00,E,N,B,-,N,,,,,,,,,,N,4,0,1,2,A,-,03,22350,,N,C,C,A,A,H,-,A,D,0,,,,,Y,,D,22,0,0,1,0,0,0,0,0,0,"- ","- ",37.609409332275391,-120.98487854003906,STANISLAUS,UNINCORPORATED,-120.98489379882812,37.609413146972656
91395967,2021,2021-01-28,9465,2021-01-18,1225,019730,,1,1,6,5002,0,1,3,,2,011,"STATE ROUTE 99 (SOUTHBOUND)","G STREET",581.00,S,N,A,-,Y,,,99,,,,,,,N,4,0,1,2,A,-,07,21658,A,N,B,C,A,A,H,-,A,D,0,,,,Y,Y,,F,25,0,0,1,0,0,0,0,0,0,"- ","- ",37.633018493652344,-120.99973297119141,STANISLAUS,MODESTO,-120.99971008300781,37.633045196533203
91400645,2021,2021-02-02,9465,2021-01-30,1110,018955,,6,1,9,5000,0,2,4,,2,014,"OAKDALE ROAD","CLARATINA AVENUE",1525.00,N,N,A,-,N,,,,,,,,,,Y,2,0,2,2,A,-,03,22350,,N,C,C,A,A,H,-,A,D,0,,,,,Y,,A,07,1,0,1,0,0,0,0,0,0,"- ","- ",37.704151153564453,-120.95821380615234,STANISLAUS,UNINCORPORATED,-120.95823669433594,37.704006195068359
9140797,2020,2020-09-01,5006,2020-05-18,1706,503494,5006,1,5,3,5006,0,0,0,,0,RD1,"CRAWFORD RD","HOMEWOOD WY",30.00,W,N,A,-,N,,,,,,,,,,N,3,0,1,2,A,-,10,21950,,F,D,G,A,A,H,-,A,A,0,,Y,,,Y,,-,"- ",0,1,0,0,0,0,1,0,0,"- ","- ",,,STANISLAUS,RIVERBANK,-120.949693,37.718223000000002
91408245,2021,2021-02-15,9465,2021-01-31,0240,021770,,7,3,9,5000,0,1,1,,2,055,"I-5 S/B","DEL PUERTO CANYON ROAD",13939.00,N,N,A,-,Y,,,5,,,,,,S,Y,2,0,1,1,A,-,08,22107,,N,F,A,A,A,H,-,D,D,0,,,,,Y,,A,01,1,0,0,0,0,0,0,0,0,"- ","- ",37.493480682373047,-121.21067810058594,STANISLAUS,UNINCORPORATED,-121.21067047119141,37.493492126464844
91408598,2021,2021-02-16,9465,2021-02-02,1725,018767,,2,2,9,5000,0,1,3,,2,023,SR-108,"LANGWORTH ROAD",1000.00,W,N,A,-,Y,,,108,,,,,,,Y,3,0,1,1,A,-,08,22107,,M,E,I,A,B,H,-,D,D,0,,,,,Y,,A,01,0,1,0,0,0,0,0,0,0,"- ","- ",37.752128601074219,-120.90158081054688,STANISLAUS,UNINCORPORATED,-120.90158843994141,37.752143859863281
91412839,2021,2021-02-22,9465,2021-02-17,1600,020245,,3,2,9,5000,0,1,3,,2,011,"STATE ROUTE 99 (NORTHBOUND)","HAMMETT ROAD",1000.00,S,N,A,-,Y,,,99,,,,,,,Y,3,0,1,3,A,-,03,22350,,M,C,C,A,A,H,-,A,D,0,,,,,Y,,-,99,0,1,0,0,0,0,0,0,0,"- ","- ",37.721359252929688,-121.09903717041016,STANISLAUS,UNINCORPORATED,-121.09900665283203,37.721405029296875
91414987,2021,2021-02-25,9465,2021-02-23,0930,019730,,2,1,9,5000,0,2,4,,2,042,"CROWS LANDING ROAD","FULKERTH ROAD",0.00,,Y,A,-,N,,,,,,,,,,Y,4,0,2,2,A,-,12,22450,A,N,A,C,A,A,H,-,A,A,0,,,,,Y,,D,22,0,0,2,0,0,0,0,0,0,"- ","- ",37.507518768310547,-120.99465942382812,STANISLAUS,UNINCORPORATED,-120.99462127685547,37.507526397705078
91420431,2021,2021-03-04,9465,2021-03-02,0920,021062,,2,1,9,5000,0,3,5,,2,030,"BEARD AVENUE","RODNEY AVENUE",15.00,S,N,A,-,N,,,,,,,,,,Y,2,0,1,2,A,-,03,22350,,N,F,A,A,A,H,-,A,A,0,,,Y,,Y,,C,02,1,0,0,0,0,0,0,0,1,"- ","- ",37.636909484863281,-120.94357299804688,STANISLAUS,UNINCORPORATED,-120.94358062744141,37.636970520019531
91427597,2021,2021-03-15,9465,2021-03-05,1220,019376,,5,1,9,5000,0,2,4,,2,042,"CROWS LANDING ROAD","SR-99 (N/B) FROM CROWS LANDING ROAD",0.00,,Y,A,-,N,,,,,,,,,,Y,4,0,1,2,A,-,09,21801,A,N,D,C,A,A,H,-,A,D,0,,,,Y,Y,,F,56,0,0,1,0,0,0,0,0,0,"- ","- ",37.619781494140625,-120.99358367919922,STANISLAUS,UNINCORPORATED,-120.99367523193359,37.551319122314453
91431097,2021,2021-03-19,9465,2021-03-17,1420,020833,,3,2,9,5000,0,2,4,,2,034,"GEER ROAD","KEYES ROAD",500.00,S,N,B,-,N,,,,,,,,,,N,4,0,2,2,A,-,21,22106,,N,C,C,A,A,H,-,A,D,0,,,,,Y,,A,01,0,0,2,0,0,0,0,0,0,"- ","- ",37.549980163574219,-120.84699249267578,STANISLAUS,UNINCORPORATED,-120.84707641601562,37.549808502197266
91431793,2021,2021-03-22,9465,2021-03-11,0828,018259,,4,1,9,5000,0,2,4,,2,044,"CARPENTER ROAD","FULKERTH ROAD",0.00,,Y,B,-,N,,,,,,,,,,Y,4,0,1,2,A,-,05,21752,D,N,D,C,A,B,H,-,A,A,0,,,,,Y,,D,22,0,0,1,0,0,0,0,0,0,"- ","- ",37.507820129394531,-121.03089904785156,STANISLAUS,UNINCORPORATED,-121.03087615966797,37.507797241210938
91436798,2021,2021-03-26,9465,2021-03-24,0550,017966,,3,3,9,5000,0,1,3,,2,011,"SR-99 SOUTHBOUND",SR-219,100.00,S,N,A,B,Y,,,99,,,,,,S,Y,3,0,2,2,A,-,01,23153,A,N,B,C,A,A,H,-,D,D,0,,,,Y,Y,Y,A,07,0,1,1,0,0,0,0,0,0,"- ","- ",37.708568572998047,-121.08070373535156,STANISLAUS,UNINCORPORATED,-121.08070373535156,37.708568572998047
91439219,2021,2021-03-30,9465,2021-03-27,0240,021549,,6,3,9,5000,0,3,5,,2,030,"KEYES ROAD","DOWNIE ROAD",840.00,W,N,A,-,N,,,,,,,,,,Y,2,0,1,1,A,-,01,23152,A,N,E,I,A,A,H,-,D,D,0,,,,,Y,Y,A,01,1,0,0,0,0,0,0,0,0,"- ","- ",37.551189422607422,-120.77668762207031,STANISLAUS,UNINCORPORATED,-120.77664947509766,37.551166534423828
91440853,2021,2021-04-01,9465,2021-03-23,0850,017966,,2,1,9,5000,0,3,5,,2,010,"SR-99 NORTHBOUND","CROWS LANDING ROAD",2640.00,N,N,A,B,Y,,,99,,,,,,N,Y,4,0,2,2,A,-,03,22350,,N,C,C,A,A,H,-,A,D,0,,,,,Y,,A,01,0,0,2,0,0,0,0,0,0,"- ","- ",37.625129699707031,-120.99653625488281,STANISLAUS,UNINCORPORATED,-120.99624633789062,37.625194549560547
91441088,2021,2021-04-01,9465,2021-03-31,0600,017558,,3,1,9,5000,0,1,3,,2,013,"STATE ROUTE 108","SAN JOAQUIN COUNTY LINE",100.00,S,N,A,-,Y,,,,,,,,,,N,4,0,1,2,A,-,05,21202,A,N,E,G,A,A,H,-,D,D,0,,Y,,,Y,,L,04,0,0,1,0,0,0,1,0,0,"- ","- ",37.759941101074219,-120.99571990966797,STANISLAUS,UNINCORPORATED,,
9144161,2020,2020-10-13,5001,2020-08-24,1542,528,C008,1,5,4,5001,0,0,0,,0,004,"WHITMORE AV","MORGAN RD",275.00,W,N,B,-,N,,,,,,,,,,N,4,0,2,2,A,-,09,21804,A,N,D,C,A,A,H,-,A,D,0,,,,,Y,,D,22,0,0,2,0,0,0,0,0,0,"- ","- ",,,STANISLAUS,CERES,-120.97621154785156,37.594844818115234
91444082,2021,2021-04-06,9465,2021-04-01,1540,020885,,4,2,6,5002,0,1,3,,2,011,"SR-99 N/B","CARPENTER RD",634.00,S,N,A,-,Y,,,99,,,,,,N,Y,3,0,1,1,A,-,08,22107,,N,E,I,A,A,H,-,A,D,0,,,,,Y,,A,01,0,1,0,0,0,0,0,0,0,"- ","- ",37.664878845214844,-121.02953338623047,STANISLAUS,MODESTO,-121.02947998046875,37.664943695068359
91447071,2021,2021-04-09,9465,2021-04-03,0610,018259,,6,1,9,5000,0,1,1,,2,055,"INTERSTATE 5 (I-5) S/B","INGRAM CREEK ROAD",10560.00,S,N,B,-,Y,,,5,,,,,,S,N,4,0,1,2,A,-,03,22350,,N,C,C,A,A,H,-,C,D,0,,,,,Y,,A,07,0,0,1,0,0,0,0,0,0,"- ","- ",37.519130706787109,-121.24250793457031,STANISLAUS,UNINCORPORATED,-121.24251556396484,37.519126892089844
91449182,2021,2021-04-13,9465,2021-03-27,1315,018955,,6,1,6,5002,0,1,3,,2,011,"STATE ROUTE 99 (SOUTHBOUND)","K STREET",60.00,S,N,A,-,Y,,,99,,,,,,,Y,3,0,1,2,A,-,03,22350,,N,C,C,A,A,H,-,A,D,0,,,,,Y,,A,01,0,1,0,0,0,0,0,0,0,"- ","- ",37.637981414794922,-121.00566101074219,STANISLAUS,MODESTO,-121.00563049316406,37.638011932373047
91449223,2021,2021-04-13,9465,2021-04-10,0005,021022,,6,3,9,5000,0,1,3,,2,045,"SR-165 (LANDER AVENUE)","GREENWAY AVENUE",0.00,,Y,A,-,Y,,,165,,,,,,,Y,3,0,3,2,A,-,01,23152,A,N,D,C,A,A,H,-,D,A,0,,,,,Y,Y,A,01,0,2,1,0,0,0,0,0,0,"- ","- ",37.467319488525391,-120.84909820556641,STANISLAUS,UNINCORPORATED,-120.84905242919922,37.467319488525391
91449357,2021,2021-04-13,9465,2021-04-05,1540,020885,,1,2,9,5000,0,1,3,,2,011,"SR-99 N/B","BROADWAY AVENUE",739.00,S,N,A,-,Y,,,99,,,,,,N,Y,4,0,1,2,A,-,03,22350,,N,C,C,A,A,H,-,A,D,0,,,,,Y,,A,01,0,0,1,0,0,0,0,0,0,"- ","- ",37.70745849609375,-121.07913208007812,STANISLAUS,UNINCORPORATED,-121.07909393310547,37.707500457763672
91449527,2021,2021-04-13,9465,2021-04-08,1710,020457,,4,2,9,5000,0,1,3,,2,013,"SR-108 (MCHENRY AVENUE)","BANGS AVENUE",420.00,E,N,A,-,Y,,,108,,,,,,,N,4,0,1,2,A,-,03,22350,,N,C,C,A,A,H,-,A,A,0,,,,,Y,,A,01,0,0,1,0,0,0,0,0,0,"- ","- ",37.704730987548828,-120.99485778808594,STANISLAUS,UNINCORPORATED,-120.99480438232422,37.704730987548828
91449956,2021,2021-04-14,9465,2021-04-04,2023,020885,,7,2,9,5000,0,3,5,,2,010,"ROBERSTON RD","CARPENTER RD",40.00,E,N,A,-,N,,,,,,,,,,N,4,0,3,2,A,-,03,22350,,N,C,C,A,A,H,-,C,D,0,,,,,Y,,A,01,0,0,3,0,0,0,0,0,0,"- ","- ",37.613250732421875,-121.03014373779297,STANISLAUS,UNINCORPORATED,-121.0302734375,37.613231658935547
91452038,2021,2021-04-16,9465,2021-04-14,0730,017787,,3,1,9,5000,0,1,3,,2,041,"STATE ROUTE 99 (NORTHBOUND)","FAITH HOME ROAD",8.00,N,N,A,-,Y,,,99,,,,,,,Y,3,0,1,2,A,-,03,22350,,N,C,C,A,A,H,-,A,D,0,,,,,Y,,A,01,0,1,0,0,0,0,0,0,0,"- ","- ",37.559890747070312,-120.92092132568359,STANISLAUS,UNINCORPORATED,-120.92090606689453,37.559909820556641
91454333,2021,2021-04-20,9465,2021-04-13,1425,020885,,2,2,4,5001,0,1,3,,2,041,"SR-99 (S/B) TO S. 9TH ST/HATCH ROAD","HATCH RD",1742.00,N,N,A,-,Y,,,,,,,,,,Y,2,0,1,1,A,-,08,22107,,N,B,I,A,A,H,-,A,D,0,,,,,Y,,A,01,1,0,0,0,0,0,0,0,0,"- ","- ",37.613208770751953,-120.98033905029297,STANISLAUS,CERES,-120.97683715820312,37.609340667724609
91454405,2021,2021-04-20,9465,2021-04-13,1700,020885,,2,2,9,5000,0,1,3,,2,012,"ALTURAS  AVE","SUTTER AVENUE",265.00,E,N,A,-,N,,,,,,,,,,N,3,0,1,2,A,-,03,22350,,N,B,E,A,A,H,-,A,D,0,,,Y,,Y,,C,02,0,1,0,0,0,0,0,0,1,"- ","- ",37.622459411621094,-121.01081085205078,STANISLAUS,UNINCORPORATED,-121.01084136962891,37.622459411621094
9145693,2020,2020-11-06,5002,2020-08-11,1402,13287,,2,5,6,5002,0,0,0,,0,MP31,"USTICK RD","TUDOR CT",15.00,N,N,A,-,N,,,,,,,,,,Y,4,0,1,2,A,-,09,21802,A,N,D,C,A,A,H,-,A,A,0,,,,,Y,,A,01,0,0,1,0,0,0,0,0,0,"- ","- ",,,STANISLAUS,MODESTO,-121.01178741455078,37.603401184082031
91464709,2021,2021-05-03,9465,2021-04-23,1625,020457,,5,2,9,5000,0,1,3,,2,041,"STATE ROUTE 99 (NORTHBOUND)","PINE STREET",100.00,N,N,A,-,Y,,,99,,,,,,,N,4,0,1,3,A,-,03,22350,,N,C,C,A,A,H,-,A,D,0,,,,,Y,,D,22,0,0,1,0,0,0,0,0,0,"- ","- ",37.588050842285156,-120.95305633544922,STANISLAUS,UNINCORPORATED,-120.95306396484375,37.588043212890625
91464902,2021,2021-05-04,9465,2021-04-21,2120,019982,,3,2,9,5000,0,1,3,,2,012,"STATE ROUTE 132","STONE AVENUE",1415.00,W,N,A,-,Y,,,132,,,,,,,Y,4,0,2,2,A,-,03,22350,,N,C,C,A,A,H,-,D,D,0,,,,,Y,,A,07,0,0,2,0,0,0,0,0,0,"- ","- ",37.638118743896484,-121.08982086181641,STANISLAUS,UNINCORPORATED,-121.08982086181641,37.638107299804688
91466443,2020,2021-05-05,9465,2020-12-21,0003,021770,,1,3,5,5007,0,1,3,,2,041,"STATE ROUTE 99 SOUTHBOUND","WEST LINWOOD AVENUE",2698.00,N,N,E,-,Y,,,99,,,,,,S,Y,1,1,0,2,A,-,03,22350,,N,C,C,A,A,H,-,D,D,0,,,,Y,Y,,A,07,0,0,0,0,0,0,0,0,0,"- ","- ",37.484329223632812,-120.86575317382812,STANISLAUS,TURLOCK,-120.86573028564453,37.484340667724609
91467949,2021,2021-05-07,9465,2021-04-27,1711,018274,,2,2,9,5000,0,3,5,,2,010,"NORTHSTAR WAY","BANGS AVENUE",40.00,S,N,A,-,N,,,,,,,,,,Y,4,0,1,1,A,-,08,22107,,N,E,I,A,A,H,-,A,A,0,,,,,Y,Y,A,01,0,0,1,0,0,0,0,0,0,"- ","- ",37.703510284423828,-121.00244140625,STANISLAUS,UNINCORPORATED,-121.00234,37.703541999999999
91471592,2021,2021-05-12,9465,2021-05-08,1610,020457,,6,2,9,5000,0,1,3,,2,011,"STATE ROUTE 99 (SOUTHBOUND)","BECKWITH ROAD",2059.00,N,N,A,-,Y,,,99,,,,,,,Y,3,0,1,1,A,-,08,22107,,N,E,I,A,A,H,-,A,D,0,,,,,Y,,A,01,0,1,0,0,0,0,0,0,0,"- ","- ",37.687801361083984,-121.05922698974609,STANISLAUS,UNINCORPORATED,-121.0592041015625,37.687831878662109
91479662,2021,2021-05-27,9465,2021-05-13,1450,019713,,4,2,9,5000,0,3,5,,2,040,"SEVENTH STREET","PECOS AVENUE",0.00,,Y,A,-,N,,,,,,,,,,Y,4,0,3,2,A,-,09,21801,A,N,D,C,A,A,H,-,A,A,0,,,,,Y,,D,22,0,0,3,0,0,0,0,0,0,"- ","- ",37.616359710693359,-120.98625946044922,STANISLAUS,UNINCORPORATED,-120.98477172851562,37.615131378173828
91481992,2021,2021-05-27,9465,2021-05-16,1525,020457,,7,2,9,5000,0,1,3,,2,023,"STATE ROUTE 108/120","WILLMS ROAD",0.00,,Y,A,-,N,,,120,,,,,,,Y,3,0,1,2,A,-,09,21802,A,N,C,C,A,A,H,-,A,A,0,,,Y,,Y,,C,02,0,1,0,0,0,0,0,0,1,"- ","- ",37.814949035644531,-120.65602111816406,STANISLAUS,UNINCORPORATED,-120.65607452392578,37.815040588378906
91483338,2021,2021-05-27,9465,2021-05-16,0920,018955,,7,1,9,5000,0,1,3,,2,015,SR-219,"SISK ROAD",0.00,,Y,A,-,Y,,,219,,,,,,,Y,2,0,4,2,A,-,12,21453,A,N,D,C,A,A,H,-,A,A,0,,,,,Y,,A,01,1,3,0,0,0,0,0,0,0,"- ","- ",37.711078643798828,-121.07740783691406,STANISLAUS,UNINCORPORATED,-121.07740783691406,37.710899353027344
91487448,2021,2021-06-02,9465,2021-05-20,1125,017966,,4,1,9,5000,0,1,3,,2,012,SR-132,"PARADISE ROAD",7920.00,W,N,A,-,Y,,,132,,,,,,,Y,4,0,1,2,A,-,07,21658,A,M,E,I,A,A,H,-,A,D,0,,,,,Y,,-,99,0,0,1,0,0,0,0,0,0,"- ","- ",37.637798309326172,-121.18663024902344,STANISLAUS,UNINCORPORATED,-121.18662261962891,37.637874603271484
91487836,2021,2021-06-02,9465,2021-05-21,0735,019517,,5,1,6,5002,0,1,3,,2,041,"SR-99 N/B","HATCH ROAD",3696.00,S,N,A,-,Y,,,,,,,,,,Y,4,0,2,2,A,-,03,22350,,N,C,C,A,A,H,-,A,D,0,,,,,Y,,A,01,0,0,2,0,0,0,0,0,0,"- ","- ",37.601711273193359,-120.96820831298828,STANISLAUS,MODESTO,-120.96820831298828,37.601619720458984